{"type":"FeatureCollection","features":[{"type":"Feature","geometry":{"type":"MultiPolygon","coordinates":[[[[-73.987443404472,40.780603182238465],[-73.9874710955462,40.78057222509671],[-73.9875636051393,40.78044328954782],[-73.98765502758435,40.78030411599916],[-73.98776255074594,40.78014857476148],[-73.98784987164306,40.78000670991658],[-73.98804148719461,40.77968854478372],[-73.98813123544028,40.779533084187854],[-73.98820497433839,40.779370232360996],[-73.98827656660323,40.779172223762615],[-73.98834833029457,40.778994054093204],[-73.98839747800437,40.778897862913155],[-73.988446244282,40.77878711505536],[-73.98851777121122,40.77861671387852],[-73.98856026000009,40.77849805172893],[-73.98858898015447,40.778426416025546],[-73.98869934393686,40.778163772019006],[-73.98870653750062,40.77814604093485],[-73.98883674134066,40.77778382118707],[-73.9888970874165,40.77763320360138],[-73.98892789126928,40.777564294725934],[-73.9889772917754,40.77745378351415],[-73.98901262401029,40.777378583237464],[-73.98906978227677,40.777259877250536],[-73.9891151155301,40.77716448412295],[-73.98917647751428,40.77704584511343],[-73.9892618283332,40.77689017244448],[-73.9893252511042,40.77678550033535],[-73.98936507738094,40.776714627273435],[-73.98941312983263,40.776632871480636],[-73.9894935162094,40.77650715068683],[-73.98974940239167,40.77614579578623],[-73.98977271886122,40.77611886562918],[-73.9900643029151,40.776246238401946],[-73.99006544584242,40.77632687489572],[-73.99051630774206,40.77652382305663],[-73.9907974165189,40.77641750641491],[-73.99207788024593,40.774723471653935],[-73.99219804768616,40.77477282830089],[-73.99230203451552,40.77462651531323],[-73.99309871887782,40.773517901879075],[-73.99320889879982,40.773375312896256],[-73.99324632614318,40.77332811163568],[-73.99328517005084,40.77328157591679],[-73.99332525524738,40.77323535633293],[-73.99342839533112,40.773193808555305],[-73.99345740928214,40.77315372161818],[-73.99356490741033,40.773022024618264],[-73.99380421956698,40.77312376484778],[-73.99551262550064,40.77384768535309],[-73.9961194974558,40.77410678923016],[-73.9961145830708,40.77411332253915],[-73.99611337227697,40.77411478257516],[-73.9961120286166,40.77411612134461],[-73.99611056417498,40.77411732680619],[-73.9961089921238,40.77411838811759],[-73.99610732660254,40.774119295733044],[-73.99610558259147,40.77412004148917],[-73.99610377577673,40.774120618678396],[-73.99610192240944,40.774121022109306],[-73.99610003915933,40.77412124815331],[-73.99609814296497,40.77412129477729],[-73.99609625088132,40.77412116156191],[-73.9960943799264,40.77412084970534],[-73.99609254692815,40.77412036201252],[-73.99609076837316,40.77411970286991],[-73.99394941625917,40.77320841725198],[-73.99388844550312,40.77326172546707],[-73.99386853348112,40.77331081731852],[-73.99386751540241,40.77331295456774],[-73.99386625191897,40.77331495654879],[-73.99383505191898,40.773358456548785],[-73.99383371629764,40.77336012306513],[-73.99383221058721,40.77336163765987],[-73.99383055195717,40.773362983062206],[-73.9938287593207,40.773364143930664],[-73.99377654588365,40.77339412619795],[-73.99377172886096,40.77345108537845],[-73.99377140935346,40.7734533336061],[-73.99377083705134,40.773455531123545],[-73.99377001933249,40.77345764960141],[-73.99374651933249,40.773509549601414],[-73.99374535629023,40.773511744278984],[-73.99370665629023,40.773574944278984],[-73.99370534803678,40.77357682880113],[-73.99370383258048,40.7735785511086],[-73.99364963258049,40.7736334511086],[-73.99364838098789,40.77363461492535],[-73.99359851653486,40.77367715801027],[-73.99350647644202,40.77376761120497],[-73.99340342846409,40.7738764772027],[-73.99333589277958,40.773978815947984],[-73.9933354487965,40.77397946090102],[-73.99326860157983,40.77407260866195],[-73.99312353886143,40.77429444579912],[-73.9931231461496,40.77429502403547],[-73.99299624614959,40.77447502403547],[-73.99299621857811,40.77447506304493],[-73.99263951857812,40.77497846304493],[-73.99263833674276,40.77497997207018],[-73.9926370158805,40.77498136103198],[-73.9926355681231,40.774982617173116],[-73.99263400676784,40.77498372895626],[-73.99263234615533,40.77498468616998],[-73.99263060153785,40.774985480022536],[-73.99262878893926,40.774986103222595],[-73.99262692500776,40.77498655004624],[-73.99262502686307,40.77498681638952],[-73.99252389757167,40.77499609263747],[-73.99249326554778,40.7750468472941],[-73.99247871295884,40.775115479181274],[-73.99247170292692,40.77519354981058],[-73.99247946348049,40.77526106662662],[-73.99248965753677,40.775346017095586],[-73.99248978881926,40.775347731341206],[-73.99248977239071,40.775349450528],[-73.99248960837254,40.775351161951725],[-73.99247680837254,40.775442961951725],[-73.99247649038372,40.77544468608319],[-73.99247602262368,40.77544637574195],[-73.99247540868683,40.77544801794405],[-73.99247465329091,40.77544960007022],[-73.99242875329091,40.775535800070216],[-73.99242750476824,40.77553784043613],[-73.99237150476824,40.77561814043613],[-73.99237113059904,40.77561865909253],[-73.99213705016354,40.77593243286726],[-73.9920389704266,40.77606480551933],[-73.99189332487295,40.776261432014905],[-73.99187688975906,40.77628404274736],[-73.99180930168343,40.77637742627195],[-73.99134729491097,40.77701493562352],[-73.99094449535795,40.77757083500663],[-73.9909432376307,40.77757239914241],[-73.99094182946662,40.77757382934257],[-73.99094028504733,40.77757511120358],[-73.99093861992668,40.777576231815814],[-73.99093685087408,40.7775771798936],[-73.99093499570564,40.77757794588883],[-73.9909330731048,40.77757852208718],[-73.99093110243402,40.77757890268576],[-73.99092910353994,40.77757908385157],[-73.99040416977788,40.77760019115639],[-73.98890157119953,40.77969843471948],[-73.98922147391214,40.77968681318443],[-73.98922344695329,40.77968683891016],[-73.98922540785675,40.779687058934805],[-73.9892273375353,40.77968747111666],[-73.98922921720569,40.77968807144361],[-73.98923102857141,40.779688854072134],[-73.98927242023193,40.779709216866046],[-73.98931656479516,40.77971924136061],[-73.98941077510396,40.779725207692735],[-73.98950071650161,40.779712045536975],[-73.98958786568376,40.77967769333976],[-73.9895898379508,40.77967703219191],[-73.98959186822118,40.77967657947136],[-73.98972326822118,40.77965437947136],[-73.98972499292343,40.77965416467194],[-73.98972672976207,40.77965410042096],[-73.98985002976207,40.779654900420965],[-73.98985176341976,40.77965498699755],[-73.98985348304096,40.779655223572036],[-73.98985517567232,40.7796556083624],[-73.98995131936537,40.77968190071926],[-73.99007871596486,40.779691484506],[-73.99018278989661,40.77967543572213],[-73.99028053619172,40.77965358187567],[-73.99028237287887,40.77965326030094],[-73.99028423153194,40.779653111174355],[-73.99040683153194,40.77964901117436],[-73.99040896166188,40.77964905348289],[-73.99054387574114,40.7796589398588],[-73.99065958453902,40.77966525304129],[-73.99075270758388,40.779657226859854],[-73.99085248756951,40.779630291179004],[-73.99085522685229,40.77962975350055],[-73.99095232685228,40.77961765350055],[-73.99095404110548,40.779617514403206],[-73.99095576097072,40.77961752309996],[-73.99095747372957,40.77961767952649],[-73.99105977372957,40.779631479526486],[-73.99106133881571,40.77963175434981],[-73.99116630485112,40.779654518068334],[-73.99124478179908,40.779647876366724],[-73.99126333118598,40.77962560157996],[-73.99126464186986,40.77962417435496],[-73.99126608451962,40.77962288066834],[-73.99126764559291,40.779621732664154],[-73.99126931043568,40.7796207411189],[-73.99127106341977,40.77961991534035],[-73.99127288808965,40.779619263080235],[-73.99127476731685,40.77961879046142],[-73.99127668346078,40.77961850192046],[-73.99127861853428,40.77961840016592],[-73.99131635018041,40.779618246472864],[-73.99133747395356,40.779582438143656],[-73.99133852225461,40.779580840724776],[-73.99133971820515,40.77957935062934],[-73.99134105089013,40.779577981457],[-73.9913425081465,40.77957674570379],[-73.99134407667434,40.77957565464808],[-73.99134574215813,40.7795747182476],[-73.99134748939751,40.779573945048604],[-73.99134930244593,40.77957334210785],[-73.99135116475624,40.77957291492821],[-73.99135305933167,40.77957266740841],[-73.99154865933167,40.779556567408406],[-73.99155063894123,40.77955650287223],[-73.99155261522661,40.779556634458835],[-73.9915545688053,40.77955696087767],[-73.99155648051747,40.77955747892737],[-73.99155833161393,40.77955818352715],[-73.99156010393996,40.7795590677666],[-73.99156178011339,40.77956012297351],[-73.99156334369505,40.77956133879887],[-73.99156477935006,40.77956270331844],[-73.99156607299815,40.77956420314961],[-73.99156721195182,40.77956582358273],[-73.99156818504072,40.77956754872531],[-73.99156898272123,40.77956936165794],[-73.99156959717008,40.779571244600206],[-73.99157002236102,40.77957317908505],[-73.99157025412396,40.779575146139926],[-73.99157029018589,40.779577126472844],[-73.99157013019313,40.77957910066161],[-73.9915697757148,40.77958104934425],[-73.99156923022748,40.77958295340899],[-73.99156849908105,40.779584794181616],[-73.99156758944629,40.77958655360866],[-73.99156651024445,40.77958821443446],[-73.99143701024445,40.77976741443447],[-73.99143576901811,40.77976896380401],[-73.99143438030247,40.77977038248566],[-73.99143285778047,40.7797716565012],[-73.99143121645349,40.779772773297765],[-73.99142947249351,40.779773721871614],[-73.99142764308368,40.77977449287647],[-73.99142574624913,40.77977507871563],[-73.99142380067934,40.77977547361686],[-73.99142182554394,40.77977567368919],[-73.98890681668156,40.779904806173555],[-73.98892498439452,40.780103024056665],[-73.98892633995823,40.7801136749144],[-73.98892645980905,40.780114932710546],[-73.9889272421456,40.78012725451135],[-73.98893651673552,40.78022857691299],[-73.98893659925257,40.78023057290656],[-73.98893648223711,40.78023256717505],[-73.98893616685659,40.78023453982163],[-73.98893565625758,40.78023647116522],[-73.9889349555343,40.780238341936794],[-73.9889340716779,40.780240133471686],[-73.9889330135066,40.78024182789574],[-73.98823954399414,40.7812378350941],[-73.98823886962006,40.781239185638185],[-73.98821296505895,40.781228352284344],[-73.98814336790032,40.78119924542872],[-73.98814221057393,40.78119876174017],[-73.98794844690067,40.78111773159553],[-73.98814336553033,40.78119924903048],[-73.98821296387393,40.78122835408523],[-73.98823886868561,40.78123918750958],[-73.98816509489774,40.78138693155348],[-73.988097756509,40.78152190805671],[-73.98805857983,40.7816031523147],[-73.98803617993978,40.78165143652248],[-73.98802074759679,40.78168548724057],[-73.98795397823504,40.78183581825865],[-73.98795310889064,40.78183754533019],[-73.98795207683683,40.78183918038393],[-73.98791057683684,40.781898380383936],[-73.98765691751794,40.78226002238612],[-73.98695727122883,40.78327384455638],[-73.98610828165609,40.784508929387115],[-73.98610800233388,40.78450932537321],[-73.98596489353777,40.78470707570964],[-73.98606894560021,40.78475038453136],[-73.98614516620908,40.78465390468341],[-73.98614581322177,40.78465312697128],[-73.98614781200799,40.784650844403565],[-73.98614921977574,40.784649392020214],[-73.98615143888979,40.78464732301208],[-73.98615298615546,40.784646020247195],[-73.98615540290007,40.78464418596062],[-73.98615707383809,40.784643046138974],[-73.98615966349463,40.784641465335156],[-73.98616144101466,40.78464050011487],[-73.98616417709597,40.78463918896238],[-73.98616604301726,40.784638408215855],[-73.98616889753849,40.78463738012526],[-73.98617083277635,40.78463679183801],[-73.98617377654128,40.78463605732468],[-73.98617576130191,40.78463566751375],[-73.98617876420148,40.78463523409034],[-73.98618077818472,40.78463504674272],[-73.98618380950509,40.78463491884232],[-73.98618583211163,40.78463493587424],[-73.98618886084826,40.78463511480501],[-73.98619087139087,40.78463533604225],[-73.98619386656561,40.78463581997409],[-73.98619584448025,40.78463624315383],[-73.98619877545826,40.784637027137045],[-73.98620070051471,40.78463764793097],[-73.98620353731773,40.78463872394693],[-73.98620447384447,40.7846391065423],[-73.98627747118891,40.784671105378216],[-73.98630255143608,40.78468209606314],[-73.98633785475722,40.78463677423195],[-73.98633847681943,40.784636014841624],[-73.98634039777436,40.784633783827466],[-73.98634174984883,40.784632361114134],[-73.98634388023146,40.784630329129435],[-73.98634536524568,40.78462904579328],[-73.98634768453928,40.78462723240715],[-73.98634928819153,40.78462610080758],[-73.98635177406,40.78462452348392],[-73.98635348090657,40.784623554518596],[-73.98635610940967,40.78462222844791],[-73.98635790301242,40.784621431448684],[-73.98636064883621,40.78462036940174],[-73.9863625119219,40.784619752044094],[-73.9863653486226,40.784618964249],[-73.98636726324857,40.78461853247843],[-73.9863701635072,40.78461802652207],[-73.98637211123474,40.78461778449675],[-73.98637504712023,40.78461756525177],[-73.98637700919153,40.78461751530256],[-73.9863799524297,40.7846175848804],[-73.98638190994893,40.784617727488325],[-73.98638483219479,40.784618085218916],[-73.98638676631009,40.78461841901059],[-73.98638963942079,40.7846190614488],[-73.98639153150539,40.784619583209604],[-73.98639432781133,40.78462050416839],[-73.98639615964358,40.78462120887351],[-73.98639885221479,40.78462239948354],[-73.98640060615305,40.78462328034626],[-73.98640316905862,40.784624729141306],[-73.9864048282116,40.78462577767848],[-73.98640723676932,40.78462747070586],[-73.98640878515837,40.78462867681942],[-73.98641101617253,40.784630597774346],[-73.98641243888585,40.78463194984883],[-73.98641447087056,40.78463408023146],[-73.98641575420666,40.78463556524561],[-73.9864175675928,40.784637884539194],[-73.9864186991925,40.78463948819163],[-73.98642027651614,40.78464197406011],[-73.98642124548135,40.78464368090648],[-73.98642257155205,40.78464630940957],[-73.98642336855134,40.78464810301245],[-73.98642443059828,40.78465084883624],[-73.98642504795589,40.784652711921844],[-73.98642583575099,40.784655548622545],[-73.98642626752158,40.78465746324866],[-73.98642677347793,40.78466036350729],[-73.98642701550324,40.78466231123475],[-73.98642723474822,40.78466524712024],[-73.98642728469743,40.78466720919148],[-73.98642721511959,40.784670152429655],[-73.98642707251167,40.78467210994898],[-73.98642671478108,40.784675032194826],[-73.98642638098943,40.78467696630997],[-73.98642573855123,40.78467983942068],[-73.98642521679041,40.78468173150538],[-73.98642429583163,40.78468452781132],[-73.98642359112648,40.78468635964362],[-73.98642240051645,40.78468905221484],[-73.98642151965373,40.78469080615309],[-73.98642007085868,40.784693369058644],[-73.98641902232154,40.78469502821157],[-73.98641732929417,40.78469743676929],[-73.98641674524278,40.784698225768054],[-73.98639702944867,40.78472353658481],[-73.98643388345722,40.78473971075597],[-73.9864935430848,40.784765862074586],[-73.9865086763184,40.784745073379995],[-73.98650927335355,40.78474429415985],[-73.98651112073208,40.78474200184998],[-73.98651242581984,40.7847405359152],[-73.9865144889884,40.78473843571818],[-73.98651593147848,40.78473710476331],[-73.98651819056762,40.7847352169052],[-73.98651975656814,40.78473403374797],[-73.9865221898216,40.78473237640987],[-73.9865238642511,40.784731352444744],[-73.98652644823532,40.78472994158773],[-73.98652821496808,40.78472908667609],[-73.98653092479788,40.784727935887474],[-73.98653276681942,40.78472725826252],[-73.98653557639767,40.784726378625045],[-73.9865374759681,40.784725884812765],[-73.98654035823701,40.7847252847978],[-73.98654229706263,40.78472497955381],[-73.98654522426436,40.78472466493984],[-73.98654718367321,40.78472455120382],[-73.98655012761724,40.784724525020756],[-73.98655208873896,40.78472460388806],[-73.98655502107349,40.78472486638804],[-73.98655696502156,40.78472513709912],[-73.9865598575066,40.78472568575414],[-73.98656176555973,40.7847261457019],[-73.98656459033906,40.784726975228104],[-73.98656644412162,40.78472761998301],[-73.98656917399107,40.784728722391606],[-73.98657095565014,40.784729545744305],[-73.9865735643196,40.78473091041851],[-73.98657525669681,40.78473190443967],[-73.98657771904334,40.784733518236905],[-73.98657930584015,40.78473467335353],[-73.98658159815002,40.78473652073206],[-73.98658306408475,40.78473782581978],[-73.98658516428178,40.78473988898834],[-73.98658649523672,40.78474133147849],[-73.98658838309483,40.784743590567636],[-73.98658956625204,40.784745156568114],[-73.98659122359014,40.78474758982158],[-73.9865922475553,40.784749264251126],[-73.9865936584123,40.78475184823535],[-73.98659451332394,40.78475361496811],[-73.98659566411254,40.78475632479791],[-73.98659634173745,40.78475816681936],[-73.98659722137494,40.7847609763976],[-73.98659771518724,40.784762875968134],[-73.9865983152022,40.784765758237036],[-73.98659862044619,40.78476769706262],[-73.98659893506016,40.78477062426437],[-73.98659904879617,40.78477258367315],[-73.98659907497924,40.78477552761718],[-73.98659899611194,40.78477748873896],[-73.98659873361196,40.78478042107348],[-73.98659846290089,40.78478236502152],[-73.98659791424588,40.784785257506556],[-73.9865974542981,40.784787165559706],[-73.9865966247719,40.784789990339036],[-73.986595980017,40.78479184412162],[-73.9865948776084,40.784794573991086],[-73.98659405425568,40.78479635565018],[-73.98659268958147,40.78479896431963],[-73.98659169556035,40.784800656696774],[-73.98659008176311,40.78480311904331],[-73.98658952368162,40.78480392662],[-73.98658729863935,40.78480698318579],[-73.98659770469129,40.78481154900394],[-73.98662313443448,40.78477748762028],[-73.98662374083115,40.78477671566292],[-73.9866256157427,40.7847744458174],[-73.9866269384288,40.78477299574152],[-73.9866290267959,40.78477092059939],[-73.98663048524519,40.78476960715193],[-73.98663276695572,40.784767746697945],[-73.98663434712255,40.78476658252813],[-73.98663680020239,40.78476495467948],[-73.98663848686894,40.784763950998844],[-73.98664108769361,40.78476257143261],[-73.98664286461627,40.784761737907225],[-73.98664558813842,40.78476061990937],[-73.98664743820444,40.784759964566526],[-73.98665025819501,40.78475911890399],[-73.98665216358732,40.78475864805498],[-73.9866550528883,40.78475808287195],[-73.98665699525692,40.784757801051306],[-73.98665992604276,40.78475752179081],[-73.98666188668159,40.784757431712634],[-73.9866648307272,40.7847574410641],[-73.98666679075419,40.78475754359588],[-73.9866697197068,40.78475784146924],[-73.98667166024588,40.78475813562355],[-73.9866745458981,40.78475871915013],[-73.9866764482608,40.784759202094094],[-73.98667926282221,40.78476006565422],[-73.98668110868772,40.784760732736835],[-73.98668382505254,40.78476186801394],[-73.98668559664415,40.7847627128108],[-73.98668818865232,40.78476410887155],[-73.98668986890868,40.78476512324685],[-73.98669231159775,40.78476676664641],[-73.98669388433703,40.78476794083113],[-73.98669615418255,40.78476981574267],[-73.98669760425845,40.78477113842877],[-73.98669967940059,40.78477322679587],[-73.98670099284809,40.78477468524522],[-73.98670285330206,40.784776966955754],[-73.9867040174719,40.784778547122585],[-73.98670564532054,40.78478100020244],[-73.98670664900112,40.78478268686891],[-73.98670802856736,40.78478528769358],[-73.98670886209275,40.784787064616246],[-73.98670998009061,40.784789788138376],[-73.98671063543348,40.7847916382045],[-73.98671148109601,40.78479445819508],[-73.98671195194501,40.78479636358733],[-73.98671251712804,40.78479925288831],[-73.98671279894867,40.784801195256875],[-73.98671307820918,40.7848041260427],[-73.98671316828737,40.78480608668159],[-73.9867131589359,40.7848090307272],[-73.98671305640411,40.784810990754224],[-73.98671275853074,40.78481391970684],[-73.98671246437644,40.7848158602459],[-73.98671188084985,40.784818745898114],[-73.9867113979059,40.78482064826076],[-73.98671053434579,40.78482346282217],[-73.98670986726317,40.78482530868768],[-73.98670936718898,40.7848265052096],[-73.98674473221185,40.784779457098836],[-73.98674534112317,40.78477868712343],[-73.98674722342822,40.78477642340532],[-73.98674855083695,40.784774977651324],[-73.98675064596137,40.78477290933179],[-73.98675210868693,40.784771600648305],[-73.9867543964535,40.7847697476464],[-73.98675598040907,40.78476858863674],[-73.98675843878537,40.78476696879788],[-73.9867601287166,40.78476597062395],[-73.98676273402712,40.784764599548076],[-73.98676451365901,40.78476377182285],[-73.9867672408132,40.78476266271417],[-73.9867690930069,40.784762013409114],[-73.98677191574075,40.78476117694895],[-73.9867738226587,40.78476071231719],[-73.98677671378776,40.784760156561106],[-73.98677865706523,40.78475988107733],[-73.98678158874631,40.78475961137757],[-73.9867835496685,40.78475952769482],[-73.98678649366795,40.78475954664873],[-73.98678845335013,40.78475965557293],[-73.98679138131561,40.78475996299798],[-73.98679332088493,40.784760263480116],[-73.98679620461853,40.78476085641564],[-73.98679810539588,40.7847613455619],[-73.98680091712566,40.78476221829759],[-73.98680276080556,40.78476289139726],[-73.98680547345305,40.784764035528205],[-73.98680724227981,40.784764886098934],[-73.9868098297207,40.78476629060652],[-73.98681150665952,40.784767310456836],[-73.98681394397538,40.7847689618149],[-73.98681551287656,40.78477014112317],[-73.98681777659466,40.78477202342822],[-73.98681922234861,40.7847733508369],[-73.98682129066816,40.784775445961316],[-73.98682259935177,40.784776908687],[-73.98682445235366,40.784779196453584],[-73.98682561136323,40.78478078040903],[-73.9868272312021,40.78478323878534],[-73.98682822937607,40.78478492871664],[-73.98682960045194,40.78478753402717],[-73.98683042817714,40.784789313659005],[-73.98683153728582,40.78479204081318],[-73.9868321865909,40.78479389300696],[-73.98683302305106,40.78479671574082],[-73.98683348768279,40.78479862265865],[-73.98683404343888,40.78480151378769],[-73.98683431892267,40.78480345706528],[-73.98683458862243,40.784806388746375],[-73.98683467230518,40.78480834966851],[-73.98683465335127,40.78481129366796],[-73.98683454442707,40.784813253350144],[-73.98683423700201,40.78481618131562],[-73.9868339365199,40.78481812088485],[-73.9868333435844,40.78482100461844],[-73.98683285443809,40.784822905395906],[-73.9868319817024,40.78482571712569],[-73.98683130860275,40.78482756080556],[-73.9868301644718,40.784830273453046],[-73.9868293139011,40.78483204227976],[-73.98682790939351,40.78483462972066],[-73.98682688954315,40.78483630665956],[-73.98682523818509,40.784838743975406],[-73.98682466778816,40.78483954290117],[-73.98678423144067,40.784893337684885],[-73.98681138345188,40.784905240932666],[-73.98686468451963,40.78483458763664],[-73.98686529476909,40.78483381872136],[-73.98686718100811,40.784831558280175],[-73.98686851092913,40.78483011483685],[-73.98687060964737,40.78482805016406],[-73.98687207464664,40.78482674402635],[-73.9868743656323,40.784824895005876],[-73.98687595160114,40.784823738752586],[-73.98687841279077,40.784822123191525],[-73.98688010445531,40.784821127958075],[-73.98688271214633,40.78481976141514],[-73.98688449321502,40.78481893678612],[-73.9868872222939,40.784817832421886],[-73.98688907561402,40.78481718633894],[-73.98689189979828,40.78481635478903],[-73.9868938075214,40.784815893474274],[-73.98689669961259,40.784815342746974],[-73.9868986433662,40.784815070643155],[-73.9869015755119,40.78481480604226],[-73.98690353657662,40.78481472576986],[-73.98690648053865,40.784814749843626],[-73.98690844002849,40.78481486217572],[-73.9869113674549,40.78481517469231],[-73.98691330649865,40.78481547854707],[-73.98691618919672,40.78481607649676],[-73.98691808912058,40.784816568947925],[-73.98692089932835,40.784817446572156],[-73.98692274183486,40.78481812287712],[-73.98692545248849,40.784819271723876],[-73.98692721983336,40.78482012536948],[-73.98692980482778,40.78482153437474],[-73.98693147999046,40.78482255713986],[-73.98693391443076,40.78482421273414],[-73.98693548127868,40.78482539476911],[-73.98693774171986,40.78482728100813],[-73.98693918516312,40.7848286109291],[-73.98694124983592,40.78483070964734],[-73.98694255597368,40.78483217464667],[-73.98694440499415,40.78483446563233],[-73.98694556124742,40.78483605160114],[-73.98694717680848,40.78483851279078],[-73.98694817204192,40.784840204455286],[-73.98694953858485,40.784842812146294],[-73.9869503632139,40.784844593215034],[-73.98695146757812,40.784847322293935],[-73.98695211366106,40.784849175614006],[-73.98695294521097,40.78485199979826],[-73.98695340652571,40.78485390752135],[-73.98695395725302,40.78485679961254],[-73.98695422935687,40.78485874336625],[-73.98695449395775,40.78486167551194],[-73.98695457423014,40.78486363657667],[-73.98695455015637,40.7848665805387],[-73.98695443782428,40.784868540028384],[-73.9869541253077,40.78487146745479],[-73.98695382145293,40.78487340649874],[-73.98695322350322,40.78487628919681],[-73.98695273105207,40.78487818912059],[-73.98695185342784,40.78488099932836],[-73.98695117712289,40.784882841834815],[-73.98695002827614,40.78488555248845],[-73.98694917463054,40.78488731983334],[-73.98694776562527,40.784889904827764],[-73.98694674286013,40.78489157999048],[-73.98694508726585,40.784894014430776],[-73.98694451548036,40.78489481236337],[-73.98690549997805,40.78494652941052],[-73.98693341007373,40.784958778713424],[-73.98698277915791,40.784893762597086],[-73.98698339181591,40.78489299559954],[-73.98698528513512,40.78489074108531],[-73.98698661957668,40.78488930182015],[-73.98698872476007,40.78488724373976],[-73.98699019384865,40.784885942203125],[-73.98699249062217,40.78488410037701],[-73.98699408020951,40.78488294910356],[-73.98699654645395,40.78488134126952],[-73.9869982412316,40.78488035134653],[-73.98700085319571,40.78487899298887],[-73.98700263684192,40.784878173949906],[-73.98700536937103,40.784877078150366],[-73.98700722470835,40.784876437883206],[-73.98701005148672,40.78487561519493],[-73.98701196064728,40.78487515986567],[-73.9870148544515,40.784874618211596],[-73.98701679904896,40.78487435220534],[-73.9870197320101,40.78487409680189],[-73.98702169331693,40.78487402268041],[-73.98702463718898,40.78487405598726],[-73.98702659631684,40.784874174464385],[-73.9870295227487,40.784874496160775],[-73.98703146083001,40.7848748060955],[-73.98703434163855,40.78487541308332],[-73.98703624000855,40.78487591149082],[-73.98703904744998,40.78487679792444],[-73.98704088782631,40.784877480004766],[-73.98704359486347,40.78487863734735],[-73.9870453595223,40.78487949653168],[-73.98704794008492,40.78488091363737],[-73.98704961203175,40.78488194165138],[-73.9870520412676,40.7848836048727],[-73.98705360440043,40.784884791815884],[-73.98705585891466,40.784886685135085],[-73.98705729817989,40.78488801957671],[-73.98705935626027,40.7848901247601],[-73.98706065779683,40.7848915938486],[-73.98706249962295,40.78489389062211],[-73.98706365089647,40.78489548020956],[-73.98706525873051,40.78489794645401],[-73.98706624865345,40.784899641231554],[-73.98706760701111,40.78490225319566],[-73.98706842605007,40.78490403684187],[-73.98706952184962,40.784906769370984],[-73.98707016211681,40.78490862470835],[-73.98707098480509,40.78491145148673],[-73.98707144013433,40.784913360647266],[-73.9870719817884,40.78491625445148],[-73.98707224779467,40.78491819904895],[-73.98707250319812,40.7849211320101],[-73.9870725773196,40.78492309331703],[-73.98707254401273,40.78492603718908],[-73.98707242553562,40.784927996316846],[-73.98707210383922,40.78493092274871],[-73.98707179390449,40.78493286082998],[-73.98707118691668,40.784935741638506],[-73.98707068850919,40.78493764000848],[-73.98706980207558,40.78494044744992],[-73.98706911999524,40.78494228782631],[-73.98706796265266,40.784944994863466],[-73.98706710346828,40.784946759522384],[-73.98706568636257,40.784949340085],[-73.98706465834866,40.784951012031684],[-73.98706299512735,40.78495344126754],[-73.9870624208421,40.78495423740291],[-73.98698922084209,40.78505063740291],[-73.98698917805042,40.78505069355094],[-73.98698904937842,40.785050861768084],[-73.98698900638875,40.78505091776481],[-73.98691580638875,40.785145917764815],[-73.98691518833142,40.785146680418165],[-73.98691327914365,40.78514892151032],[-73.98691193457482,40.78515035131915],[-73.98690981491487,40.78515239448671],[-73.98690833667472,40.78515368561983],[-73.98690602695606,40.78515551118597],[-73.98690442928083,40.7851566512091],[-73.98690195174731,40.78515824159262],[-73.9869002500236,40.78515921952661],[-73.98689762853526,40.785160559411246],[-73.98689583915146,40.78516136583816],[-73.98689309895462,40.78516244232009],[-73.9868912391436,40.78516306947353],[-73.9868884066279,40.78516387218566],[-73.98688649430053,40.78516431402584],[-73.98688359674462,40.7851648352376],[-73.98688165031768,40.78516508750935],[-73.9868787156266,40.78516532220118],[-73.98687675384537,40.78516538247496],[-73.9868738102818,40.78516532838666],[-73.98687185203922,40.78516519608202],[-73.98686892795129,40.78516485373449],[-73.9868669921062,40.785164530125584],[-73.9868641156545,40.78516390281581],[-73.98686222085041,40.7851633910192],[-73.9868594197367,40.785162484788536],[-73.98685758422133,40.785161789733046],[-73.98685488542189,40.78516061330897],[-73.98685312687239,40.7851597416884],[-73.98685055637814,40.785158306400525],[-73.98684889173033,40.78515726660907],[-73.98684647429653,40.78515558628],[-73.98684491958181,40.78515438833141],[-73.98684267848967,40.78515247914363],[-73.98684124868086,40.78515113457482],[-73.9868392055133,40.785149014914865],[-73.98683791438017,40.78514753667473],[-73.98683608881403,40.78514522695607],[-73.98683494879093,40.78514362928087],[-73.98683335840741,40.78514115174737],[-73.98683238047337,40.78513945002357],[-73.98683104058874,40.78513682853522],[-73.98683023416186,40.785135039151484],[-73.98682915767992,40.785132298954665],[-73.98682853052645,40.785130439143565],[-73.98682772781433,40.78512760662785],[-73.98682728597416,40.78512569430054],[-73.9868267647624,40.78512279674462],[-73.98682651249067,40.785120850317746],[-73.98682627779883,40.78511791562667],[-73.98682621752504,40.78511595384543],[-73.98682627161332,40.78511301028186],[-73.98682640391797,40.78511105203917],[-73.9868267462655,40.785108127951254],[-73.98682706987441,40.785106192106234],[-73.98682769718418,40.78510331565452],[-73.98682820898081,40.78510142085038],[-73.98682911521148,40.78509861973669],[-73.98682981026695,40.78509678422134],[-73.98683098669103,40.7850940854219],[-73.98683185831156,40.78509232687246],[-73.98683329359943,40.785089756378206],[-73.98683433339095,40.7850880917303],[-73.98683601372002,40.7850856742965],[-73.98683659361124,40.78508488223519],[-73.98687078931734,40.78504050256197],[-73.9868438870392,40.78502869557361],[-73.98679924076869,40.785088811385215],[-73.98679863631801,40.78508958486726],[-73.98679676712871,40.78509185942729],[-73.98679544809868,40.78509331282952],[-73.98679336496417,40.78509539322434],[-73.98679190982712,40.78509671034065],[-73.9867896328091,40.78509857653491],[-73.98678805557917,40.78509974468041],[-73.98678560660662,40.78510137870164],[-73.98678392247302,40.78510238662675],[-73.98678132513083,40.78510377273843],[-73.98677955031296,40.78510461073609],[-73.986776829615,40.78510573558921],[-73.98677498120523,40.78510639558912],[-73.98677216335328,40.785107248350734],[-73.98677025915276,40.785107723996724],[-73.98676737128429,40.78510829645427],[-73.98676542963155,40.78510858316561],[-73.98676249955828,40.785108869806],[-73.98676053915254,40.7851089648215],[-73.98675759509273,40.78510896288424],[-73.98675563481375,40.78510886528884],[-73.98675270512025,40.78510857479259],[-73.98675076384652,40.78510828552619],[-73.98674787673393,40.78510770926858],[-73.98674597316105,40.785107231116996],[-73.9867431564338,40.7851063746477],[-73.98674130889415,40.785105712215746],[-73.98673858967891,40.78510458378303],[-73.98673681596549,40.785103743450385],[-73.98673422044973,40.78510235392169],[-73.98673253764406,40.785101343781065],[-73.98673009082407,40.78509970653829],[-73.98672851513274,40.78509853631801],[-73.98672624057271,40.785096667128705],[-73.98672478717046,40.78509534809865],[-73.98672270677564,40.78509326496414],[-73.98672138965938,40.78509180982716],[-73.98671952346513,40.78508953280916],[-73.98671835531955,40.78508795557913],[-73.98671672129832,40.78508550660656],[-73.98671571337324,40.785083822473],[-73.98671432726157,40.78508122513082],[-73.98671348926393,40.785079450313],[-73.9867123644108,40.785076729615035],[-73.98671170441088,40.78507488120522],[-73.98671085164926,40.78507206335327],[-73.98671037600326,40.7850701591527],[-73.98670980354572,40.78506727128422],[-73.98670951683441,40.78506532963159],[-73.98670923019401,40.78506239955834],[-73.9867091351785,40.785060439152595],[-73.98670913711575,40.78505749509277],[-73.98670923471116,40.78505553481369],[-73.98670952520742,40.7850526051202],[-73.98670981447381,40.785050663846484],[-73.98671039073143,40.78504777673388],[-73.98671086888302,40.78504587316102],[-73.98671172535232,40.78504305643378],[-73.98671238778422,40.78504120889425],[-73.98671351621692,40.785038489678996],[-73.98671435654964,40.78503671596541],[-73.98671574607835,40.785034120449666],[-73.98671675621894,40.78503243764406],[-73.98671839346171,40.78502999082407],[-73.98671895923131,40.78502918861478],[-73.98674992954764,40.784987487355515],[-73.98673285646703,40.784980002638925],[-73.98668978429333,40.78504118323399],[-73.98668919966404,40.78504197180458],[-73.98668738879245,40.78504429306201],[-73.9866861070664,40.78504577946611],[-73.98668407739163,40.78504791204959],[-73.98668265614441,40.785049265665094],[-73.98668042721334,40.785051189036686],[-73.98667888013225,40.7850523968276],[-73.9866764734107,40.785054092464186],[-73.98667481539512,40.78505514279873],[-73.98667225406116,40.7850565943704],[-73.98667050107844,40.78505747713343],[-73.98666780979909,40.785058670660746],[-73.98666597873165,40.785059377350635],[-73.9866631834254,40.78506030133929],[-73.98666129190731,40.78506082515029],[-73.98665841949452,40.78506147070176],[-73.98665648574217,40.78506180658927],[-73.98665356388572,40.78506216748655],[-73.9866516065221,40.78506231221579],[-73.98664866336105,40.785062384983235],[-73.98664670123681,40.78506233716039],[-73.98664376511545,40.78506212109721],[-73.98664181712685,40.78506188118284],[-73.98663891632161,40.78506137836985],[-73.98663700122874,40.78506094867444],[-73.98663416367596,40.78506016395399],[-73.98663229992235,40.78505954861578],[-73.98662955294921,40.785058489545165],[-73.98662775848378,40.78505769449016],[-73.98662512854513,40.78505637126881],[-73.98662342064956,40.78505540415385],[-73.98662093307317,40.78505382952511],[-73.98661932819539,40.785052699664014],[-73.98661700693796,40.78505088879241],[-73.98661552053386,40.78504960706637],[-73.98661338795038,40.785047577391595],[-73.98661203433494,40.78504615614442],[-73.98661011096334,40.78504392721335],[-73.98660890317242,40.785042380132275],[-73.98660720753584,40.78503997341074],[-73.98660615720122,40.785038315395035],[-73.98660470562956,40.78503575406106],[-73.9866038228666,40.78503400107848],[-73.98660262933927,40.78503130979914],[-73.98660192264936,40.785029478731616],[-73.9866009986607,40.78502668342538],[-73.98660047484972,40.785024791907354],[-73.98659982929824,40.785021919494554],[-73.98659949341072,40.78501998574211],[-73.98659913251345,40.785017063885654],[-73.9865989877842,40.785015106522145],[-73.98659891501676,40.78501216336111],[-73.98659896283961,40.78501020123677],[-73.9865991789028,40.785007265115404],[-73.98659941881718,40.78500531712681],[-73.98659992163017,40.78500241632156],[-73.98660035132556,40.78500050122877],[-73.986601136046,40.78499766367599],[-73.98660175138423,40.78499579992234],[-73.98660281045484,40.784993052949204],[-73.98660360550986,40.78499125848375],[-73.98660492873121,40.78498862854511],[-73.98660589584617,40.78498692064954],[-73.98660747047491,40.78498443307315],[-73.98660801570668,40.78498361676601],[-73.98663939521387,40.7849390446732],[-73.98663039975811,40.78493509758806],[-73.98658014930614,40.7850027998862],[-73.98657954507702,40.785003573541346],[-73.98657767653931,40.785005848636686],[-73.98657635792566,40.78500730241667],[-73.98657427538714,40.785009383408095],[-73.98657282062743,40.78501070094114],[-73.98657054414406,40.78501256778755],[-73.98656896724872,40.78501373638483],[-73.9865665187443,40.78501537110747],[-73.98656483489957,40.78501637951488],[-73.98656223795453,40.78501776637048],[-73.98656046337676,40.78501860487648],[-73.98655774300111,40.785019730508864],[-73.9865558947804,40.78502039103822],[-73.98655307717281,40.78502124460694],[-73.98655117310868,40.785021720798326],[-73.9865482854043,40.78502229408304],[-73.98654634383377,40.78502258135053],[-73.98654341384274,40.7850228688302],[-73.98654145346427,40.785022964407226],[-73.98653850940401,40.78502296331325],[-73.98653654909712,40.785022866279355],[-73.98653361932054,40.78502257662228],[-73.98653167796407,40.78502228791196],[-73.98652879068653,40.785021712481345],[-73.9865268869768,40.78502123487504],[-73.98652407000435,40.7850203792126],[-73.98652222227504,40.785019717309886],[-73.98651950273667,40.785018589656104],[-73.98651772878246,40.785017749831475],[-73.98651513286882,40.785016361046274],[-73.98651344977402,40.785015351387784],[-73.98651100248516,40.78501371484594],[-73.98650942645868,40.785012545077045],[-73.98650715136334,40.78501067653934],[-73.98650569758328,40.78500935792561],[-73.98650361659186,40.78500727538708],[-73.9865022990589,40.785005820627475],[-73.9865004322125,40.78500354414412],[-73.98649926361517,40.785001967248725],[-73.98649762889254,40.78499951874431],[-73.98649662048513,40.78499783489956],[-73.98649523362953,40.784995237954526],[-73.98649439512353,40.78499346337678],[-73.98649326949113,40.78499074300112],[-73.98649260896177,40.78498889478035],[-73.98649175539306,40.784986077172775],[-73.98649127920167,40.78498417310863],[-73.98649070591696,40.78498128540425],[-73.98649041864948,40.78497934383376],[-73.98649013116982,40.78497641384273],[-73.9864900355928,40.7849744534643],[-73.98649003668676,40.784971509404045],[-73.98649013372065,40.78496954909715],[-73.98649042337772,40.78496661932058],[-73.98649071208804,40.78496467796404],[-73.98649128751866,40.784961790686495],[-73.98649176512498,40.784959886976736],[-73.98649262078743,40.78495707000429],[-73.98649328269012,40.78495522227506],[-73.9864944103439,40.784952502736694],[-73.9864952501685,40.784950728782526],[-73.9864966389537,40.78494813286888],[-73.98649764861224,40.78494644977398],[-73.9864992851541,40.78494400248512],[-73.98649985069387,40.7849432001138],[-73.98653645843787,40.78489387859926],[-73.98652728200837,40.78488985229702],[-73.98647610481189,40.78496107617608],[-73.98647551260497,40.78496185907193],[-73.98647367943181,40.784964162757696],[-73.98647238343074,40.78496563673197],[-73.9864703332841,40.78496774964247],[-73.98646889904897,40.78496908948877],[-73.98646665167291,40.78497099127552],[-73.98646509301606,40.7849721840905],[-73.98646267005404,40.78497385643825],[-73.9864610019863,40.78497489073437],[-73.98645842677276,40.784976317537506],[-73.98645666535836,40.78497718335404],[-73.986453962694,40.784978350871654],[-73.98645212489652,40.7849790398702],[-73.9864493208095,40.78497993685847],[-73.98644742432782,40.78498044240366],[-73.98644454582302,40.78498106022409],[-73.98644260892137,40.784981377447224],[-73.98643968372036,40.78498171014988],[-73.98643772505203,40.78498183599594],[-73.9864347813261,40.7849818803767],[-73.9864328197543,40.784981813633706],[-73.98642988585314,40.78498156926516],[-73.98642794026883,40.78498131057591],[-73.9864250444475,40.78498077981147],[-73.98642313358756,40.78498033166723],[-73.98642030373443,40.78497951961843],[-73.98641844600172,40.78497888633514],[-73.98641570936981,40.784977800822475],[-73.98641392265516,40.78497698849895],[-73.98641130559973,40.78497563997649],[-73.98640960711032,40.7849746564359],[-73.98640713483502,40.78497305789065],[-73.98640554092798,40.7849719126049],[-73.98640323724221,40.78497007943173],[-73.98640176326808,40.78496878343078],[-73.98639965035757,40.78496673328415],[-73.98639831051119,40.784965299048935],[-73.98639640872445,40.784963051672875],[-73.9863952159095,40.784961493016056],[-73.98639354356175,40.78495907005403],[-73.98639250926563,40.7849574019863],[-73.98639108246249,40.784954826772754],[-73.98639021664594,40.78495306535833],[-73.98638904912833,40.784950362693976],[-73.9863883601298,40.784948524896514],[-73.98638746314153,40.78494572080949],[-73.98638695759637,40.78494382432791],[-73.98638633977592,40.78494094582311],[-73.98638602255275,40.78493900892127],[-73.98638568985011,40.78493608372026],[-73.98638556400407,40.78493412505212],[-73.9863855196233,40.78493118132619],[-73.98638558636628,40.784929219754254],[-73.98638583073483,40.784926285853096],[-73.98638608942409,40.78492434026881],[-73.98638662018853,40.78492144444749],[-73.98638706833276,40.78491953358756],[-73.98638788038156,40.78491670373443],[-73.98638851366485,40.78491484600175],[-73.98638959917751,40.78491210936983],[-73.98639041150103,40.78491032265518],[-73.9863917600235,40.78490770559974],[-73.98639274356414,40.78490600711023],[-73.98639434210939,40.784903534834946],[-73.98639489518811,40.78490272382391],[-73.98643364702889,40.78484879245193],[-73.98643092648288,40.78484759992244],[-73.9863931090242,40.78490063059333],[-73.98639251962437,40.78490141560478],[-73.98639069471187,40.78490372583992],[-73.98638940399714,40.784905204445295],[-73.98638736142946,40.78490732468331],[-73.98638593200116,40.78490866965667],[-73.98638369144933,40.78491057947853],[-73.98638213707362,40.784911777867045],[-73.98637972011538,40.7849134588801],[-73.98637805576186,40.78491449914254],[-73.98637548567385,40.78491593515772],[-73.98637372737113,40.78491680727583],[-73.9863710289047,40.78491798446353],[-73.98636919358607,40.784918680038395],[-73.98636639272891,40.78491958706165],[-73.98636449806962,40.78492009939442],[-73.98636162179554,40.7849207275181],[-73.98635968604216,40.784921051674765],[-73.98635676205123,40.7849213948497],[-73.98635480384618,40.78492152770845],[-73.98635186029804,40.78492158262968],[-73.98634989849972,40.78492152291101],[-73.98634696374235,40.7849212890496],[-73.98634501724422,40.78492103732866],[-73.98634211954094,40.784920516936836],[-73.9863402070886,40.78492007563779],[-73.98633737434587,40.784919273727205],[-73.98633551435738,40.78491864710003],[-73.98633277385606,40.784917571393514],[-73.98633098424419,40.78491676547299],[-73.98632836237681,40.7849154263302],[-73.9863266603764,40.78491444887776],[-73.98632418239298,40.78491285919536],[-73.98632258439527,40.7849117196244],[-73.98632027416014,40.78490989471191],[-73.98631879555471,40.78490860399714],[-73.98631667531669,40.78490656142946],[-73.98631533034333,40.784905132001164],[-73.98631342052147,40.784902891449335],[-73.98631222213295,40.784901337073606],[-73.9863105411199,40.784898920115374],[-73.98630950085747,40.784897255761884],[-73.98630806484229,40.784894685673876],[-73.98630719272415,40.78489292737108],[-73.98630601553646,40.78489022890464],[-73.98630531996164,40.78488839358612],[-73.98630441293838,40.78488559272897],[-73.98630390060559,40.78488369806967],[-73.9863032724819,40.78488082179558],[-73.98630294832523,40.784878886042165],[-73.9863026051503,40.78487596205123],[-73.98630247229154,40.78487400384609],[-73.98630241737033,40.78487106029795],[-73.98630247708898,40.78486909849982],[-73.98630271095038,40.78486616374245],[-73.98630296267136,40.78486421724414],[-73.9863034830632,40.78486131954085],[-73.98630392436222,40.7848594070886],[-73.9863047262728,40.784856574345866],[-73.98630535289996,40.784854714357444],[-73.98630642860647,40.78485197385612],[-73.98630723452699,40.784850184244235],[-73.98630857366977,40.784847562376854],[-73.98630955112225,40.78484586037641],[-73.98631114080464,40.78484338239298],[-73.9863116909758,40.78484256940668],[-73.98633736992875,40.78480656032119],[-73.9863337780384,40.7848049839431],[-73.98629476425008,40.78485547237505],[-73.9862941451412,40.78485623417503],[-73.98629223286353,40.784858472631214],[-73.98629088632343,40.78485990058381],[-73.98628876384682,40.78486194082523],[-73.98628728382693,40.784863229917775],[-73.986284971592,40.784865052295785],[-73.98628337234561,40.78486619011371],[-73.98628089262044,40.78486777707782],[-73.98627918954918,40.78486875266329],[-73.98627656621488,40.78487008893016],[-73.9862747757203,40.78487089288774],[-73.98627203404102,40.784871965588394],[-73.98627017336649,40.784872590175546],[-73.98626733974609,40.784873388979285],[-73.98626542681104,40.784873828180864],[-73.98626252853884,40.78487434539478],[-73.98626058176578,40.784874594981076],[-73.98625764675371,40.784874825624115],[-73.98625568489115,40.78487488319145],[-73.986252741405,40.78487482504239],[-73.98625078334678,40.78487469003637],[-73.98624785973394,40.78487434365522],[-73.9862459243372,40.78487401737601],[-73.98624304875364,40.78487338609861],[-73.98624115465735,40.78487287168849],[-73.98623835479651,40.78487196159439],[-73.98623652024177,40.78487126400737],[-73.98623382306785,40.784870083861264],[-73.98623206572249,40.78486920981552],[-73.98622949721074,40.78486777098286],[-73.9862278339989,40.784866728895885],[-73.98622541888551,40.784865045233424],[-73.98622386582497,40.78486384514119],[-73.98622162736878,40.784861932863514],[-73.98622019941625,40.78486058632349],[-73.98621815917483,40.78485846384689],[-73.9862168700822,40.784856983826906],[-73.98621504770419,40.78485467159197],[-73.98621390988626,40.78485307234558],[-73.9862136607005,40.78485268297811],[-73.98621139933616,40.78485553887956],[-73.98621077124696,40.78485629329261],[-73.98620883258832,40.784858508940296],[-73.98620746922825,40.784859920842536],[-73.98620532273333,40.7848619357995],[-73.98620382754761,40.78486320727036],[-73.98620149388834,40.78486500213146],[-73.98619988127632,40.78486612092609],[-73.98619738292709,40.78486767840583],[-73.98619566841931,40.78486863374946],[-73.98619302944061,40.78486993884847],[-73.98619122954851,40.78487072154076],[-73.98618847535515,40.78487176169021],[-73.9861866074128,40.78487236419333],[-73.98618376452916,40.784873129376024],[-73.9861818465258,40.784873545887564],[-73.98617894233038,40.784874028734365],[-73.98617699273751,40.78487425524308],[-73.98617405519934,40.78487445110392],[-73.98617209279253,40.78487448542841],[-73.98616915020169,40.78487439241703],[-73.98616719388004,40.78487423422675],[-73.98616427457527,40.784873853238906],[-73.98616234317915,40.78487350405728],[-73.98615947527499,40.78487283876209],[-73.98615758740493,40.78487230195198],[-73.98615479852083,40.784871358756604],[-73.98615297235784,40.7848706394877],[-73.98615028935231,40.78486942747562],[-73.98614854248363,40.78486853267499],[-73.98614599119546,40.78486706351856],[-73.9861443404441,40.784866001803486],[-73.98614194544359,40.784864289651466],[-73.98614040670743,40.784863071247],[-73.98613819105974,40.78486113258836],[-73.98613677915748,40.78485976922828],[-73.98613476420051,40.78485762273336],[-73.98613349272958,40.78485612754755],[-73.98613169786849,40.78485379388827],[-73.98613057907396,40.78485218127639],[-73.98612902159421,40.784849682927174],[-73.9861280662505,40.784847968419285],[-73.9861267611515,40.784845329440586],[-73.98612597845924,40.784843529548546],[-73.98612495068792,40.78484080813102],[-73.98612393379092,40.78484209531659],[-73.9861238912748,40.784842148944506],[-73.98612376345216,40.78484230960879],[-73.98612372075318,40.784842363090405],[-73.9860421763067,40.78494414207889],[-73.98604218112811,40.78494416486745],[-73.9860424876799,40.78494605801905],[-73.98604281082726,40.78494891652718],[-73.98604293464312,40.78495083033649],[-73.98604298251622,40.784953706653766],[-73.98604292245773,40.784955623523686],[-73.98604269461634,40.784958491202396],[-73.9860424512357,40.78496039350694],[-73.98604194977486,40.78496322617882],[-73.98604152531,40.78496509642642],[-73.98604075484063,40.784967868045044],[-73.9860401531944,40.78496968903904],[-73.98603912080092,40.78497237411942],[-73.9860383475056,40.784974129115355],[-73.98603706268092,40.78497670296819],[-73.98603612484678,40.78497837582931],[-73.9860345994048,40.78498081478805],[-73.98603350565537,40.78498239013213],[-73.98603175362256,40.78498467177055],[-73.98603115136885,40.78498541830834],[-73.98599057446513,40.78503331884835],[-73.98603433159344,40.78505484140037],[-73.98609263330344,40.78499005397382],[-73.98609330765852,40.78498934061534],[-73.98609538200951,40.78498725146241],[-73.98609683158426,40.7849859282272],[-73.98609910071947,40.78498405245606],[-73.98610067301396,40.784982877675695],[-73.9861031150804,40.784981233351054],[-73.98610479495241,40.78498021833942],[-73.98610738643163,40.78497882129702],[-73.98610915770315,40.78497797582919],[-73.9861118736378,40.78497683952331],[-73.98611371925048,40.78497617174161],[-73.98611653348459,40.7849753071155],[-73.98611843566428,40.784974823451016],[-73.98612132109528,40.7849742388315],[-73.98612326152276,40.78497394394222],[-73.98612619036234,40.7849736449595],[-73.98612815035037,40.784973541685346],[-73.98613109439223,40.78497353121879],[-73.98613305506503,40.78497362055435],[-73.98613598595641,40.78497389870475],[-73.98613792843163,40.78497417978967],[-73.98614081794648,40.7849747438783],[-73.986142723517,40.78497521400559],[-73.98614554382767,40.78497605859996],[-73.98614739414181,40.78497671324203],[-73.98615011808721,40.78497783020824],[-73.98615189532543,40.78497866306053],[-73.98615449667244,40.78498004164157],[-73.98615618371898,40.78498104468325],[-73.98615863741523,40.78498267160265],[-73.98616021802293,40.78498383517391],[-73.98616250043797,40.784985694763535],[-73.98616395938465,40.784987007658515],[-73.98616604853758,40.7849890820095],[-73.9861673717728,40.78499053158426],[-73.98616924754394,40.78499280071948],[-73.9861704223243,40.784994373013966],[-73.98617206664895,40.7849968150804],[-73.9861730816606,40.78499849495243],[-73.98617447870299,40.78500108643164],[-73.9861753241708,40.785002857703134],[-73.98617646047668,40.78500557363777],[-73.98617712825842,40.78500741925055],[-73.98617799288452,40.78501023348467],[-73.98617847654896,40.78501213566418],[-73.98617906116849,40.78501502109518],[-73.98617935605779,40.78501696152282],[-73.9861796550405,40.785019890362406],[-73.98617975831466,40.78502185035033],[-73.98617976878123,40.785024794392186],[-73.98617967944566,40.785026755065054],[-73.98617940129525,40.785029685956445],[-73.98617912021032,40.78503162843169],[-73.98617855612169,40.78503451794653],[-73.98617808599441,40.78503642351698],[-73.98617724140004,40.78503924382766],[-73.98617658675796,40.78504109414182],[-73.98617546979176,40.7850438180872],[-73.98617463693948,40.78504559532543],[-73.98617325835843,40.78504819667245],[-73.98617225531677,40.78504988371894],[-73.98617062839739,40.78505233741519],[-73.98616946482608,40.78505391802295],[-73.98616760523645,40.78505620043799],[-73.98616696669656,40.78505694602618],[-73.98612757765629,40.7851007168616],[-73.98615871164702,40.78511603636887],[-73.9862133332178,40.78505025776046],[-73.98621397868433,40.78504951816057],[-73.98621596835336,40.78504734820454],[-73.98621736418474,40.785045968395366],[-73.98621955696585,40.78504400390994],[-73.9862210813209,40.78504276756028],[-73.98622345609643,40.78504102746452],[-73.9862250942947,40.78503994648119],[-73.98622762819423,40.785038447533175],[-73.98622936445905,40.78503753232658],[-73.98623203307976,40.78503628896199],[-73.98623385068991,40.785035548346066],[-73.98623662833153,40.78503457253919],[-73.9862385097825,40.785034013646474],[-73.98624136969481,40.785033314794866],[-73.98624329686709,40.78503294300783],[-73.98624621150756,40.78503252784181],[-73.98624816584149,40.785032346740934],[-73.98625110714057,40.785032219258774],[-73.98625306981485,40.78503223058817],[-73.98625600944621,40.7850323920176],[-73.98625796155923,40.78503259566818],[-73.98626087121262,40.78503304445454],[-73.98626279396434,40.785033438465],[-73.98626564561819,40.78503417028623],[-73.98626752049165,40.785034750862074],[-73.98627028668298,40.78503575867035],[-73.986272095622,40.785036520220274],[-73.98627474971087,40.78503779430984],[-73.98627647529437,40.78503872949971],[-73.98627899172048,40.785040257600386],[-73.98628061733027,40.78504135742387],[-73.98628297185903,40.78504312481922],[-73.98628448183945,40.78504437868433],[-73.98628665179547,40.785046368353356],[-73.98628803160466,40.78504776418475],[-73.98628999609008,40.785049956965864],[-73.98629123243967,40.78505148132084],[-73.98629297253544,40.78505385609636],[-73.98629405351883,40.78505549429473],[-73.98629555246684,40.785058028194264],[-73.98629646767344,40.78505976445908],[-73.98629771103802,40.78506243307979],[-73.98629845165391,40.78506425068986],[-73.98629942746079,40.78506702833147],[-73.98629998635353,40.785068909782474],[-73.98630068520514,40.78507176969478],[-73.98630105699219,40.78507369686713],[-73.9863014721582,40.78507661150762],[-73.98630165325906,40.78507856584144],[-73.98630178074123,40.78508150714052],[-73.98630176941182,40.78508346981484],[-73.9863016079824,40.7850864094462],[-73.98630140433183,40.78508836155923],[-73.98630095554546,40.785091271212615],[-73.986300561535,40.785093193964336],[-73.98629982971377,40.78509604561818],[-73.98629924913793,40.785097920491665],[-73.98629824132965,40.785100686683],[-73.98629747977974,40.785102495621956],[-73.98629620569018,40.78510514971083],[-73.98629527050026,40.785106875294424],[-73.98629374239958,40.785109391720525],[-73.98629264257617,40.78511101733019],[-73.98629087518084,40.78511337185895],[-73.9862902667822,40.785114142239536],[-73.9862509894056,40.78516144243868],[-73.98628614238436,40.785178739936164],[-73.98633933953097,40.78511964705483],[-73.9863400140188,40.78511893382197],[-73.98634208875869,40.78511684505526],[-73.98634353857986,40.785115522089875],[-73.98634580806426,40.78511364674123],[-73.98634738057743,40.785112472253616],[-73.98634982294996,40.78511082838366],[-73.9863515030109,40.78510981368481],[-73.98635409475015,40.78510841712491],[-73.98635586617905,40.78510757198686],[-73.9863585823252,40.785106436186645],[-73.98636042806221,40.78510576874856],[-73.98636324245726,40.78510490464641],[-73.98636514472689,40.785104421336094],[-73.98636803026668,40.785103837253786],[-73.98636997074907,40.785103542725764],[-73.98637289964427,40.78510324428833],[-73.98637485965155,40.78510314137908],[-73.98637780369529,40.785103131460644],[-73.98637976435135,40.78510322116123],[-73.98638269519091,40.78510349985729],[-73.98638463761378,40.78510378130386],[-73.98638752702355,40.78510434593044],[-73.98638943250648,40.785104816412485],[-73.98639225265988,40.785105661531915],[-73.98639410285213,40.785106316518466],[-73.98639682658951,40.78510743399178],[-73.98639860367264,40.785108267174934],[-73.98640120476296,40.785109646240265],[-73.98640289162276,40.78511064959605],[-73.98640534501607,40.78511227697224],[-73.98640692540704,40.785113440837705],[-73.98640920747583,40.785115300852226],[-73.98641066617812,40.78511661401885],[-73.98641275494481,40.78511868875875],[-73.98641407791013,40.785120138579856],[-73.98641595325877,40.785122408064254],[-73.98641712774635,40.78512398057737],[-73.98641877161631,40.785126422949894],[-73.9864197863152,40.78512810301087],[-73.9864211828751,40.78513069475014],[-73.98642202801318,40.78513246617913],[-73.98642316381338,40.78513518232527],[-73.98642383125144,40.785137028062216],[-73.98642469535359,40.78513984245726],[-73.9864251786639,40.78514174472684],[-73.98642576274621,40.78514463026663],[-73.98642605727424,40.785146570749106],[-73.98642635571167,40.785149499644305],[-73.98642645862093,40.785151459651445],[-73.98642646853938,40.785154403695195],[-73.98642637883879,40.785156364351366],[-73.98642610014272,40.78515929519092],[-73.98642581869615,40.78516123761385],[-73.98642525406956,40.78516412702361],[-73.98642478358752,40.78516603250649],[-73.98642393846809,40.78516885265988],[-73.98642328348154,40.785170702852106],[-73.98642216600823,40.785173426589495],[-73.98642133282505,40.785175203672694],[-73.98641995375971,40.785177804763],[-73.98641895040402,40.785179491622664],[-73.98641732302784,40.78518194501598],[-73.98641615916225,40.78518352540712],[-73.98641429914771,40.785185807475905],[-73.98641366046904,40.78518655294518],[-73.98637939388392,40.78522461722825],[-73.98640894750073,40.785239155316006],[-73.98646372303051,40.785174794068524],[-73.98646437741016,40.785174062342925],[-73.98646639322281,40.78517191665158],[-73.9864678056685,40.7851705538546],[-73.98647002208898,40.78516861607953],[-73.98647156131092,40.78516739828861],[-73.98647395699392,40.785165687091656],[-73.9864756081684,40.78516462603489],[-73.98647816004215,40.78516315789582],[-73.98647990726751,40.785162263791754],[-73.98648259075608,40.78516105284954],[-73.98648441720565,40.78516033430884],[-73.98648720646558,40.78515939222552],[-73.98648909454957,40.78515885616817],[-73.98649196271877,40.78515819201652],[-73.98649389425391,40.78515784360501],[-73.98649681371035,40.785157463781175],[-73.986498770095,40.78515730637092],[-73.98650171272268,40.785157214532816],[-73.98650367511559,40.78515724963975],[-73.98650661257544,40.78515744667182],[-73.98650856207792,40.78515767395786],[-73.98651146608057,40.785158157962584],[-73.98651338391768,40.78515857523883],[-73.98651622649601,40.78515934155497],[-73.986518094198,40.78515994480284],[-73.98652084797642,40.785160986050364],[-73.98652264755623,40.7851617694602],[-73.98652528601436,40.785163075611315],[-73.98652700014115,40.78516403163852],[-73.98652949786918,40.78516559011428],[-73.98653111003497,40.785166709551774],[-73.98653344297841,40.7851685053432],[-73.98653493765705,40.78516977741013],[-73.98653708334841,40.78517179322279],[-73.98653844614546,40.78517320566855],[-73.98654038392051,40.78517542208903],[-73.98654160171135,40.78517696131087],[-73.98654331290831,40.78517935699386],[-73.9865443739651,40.78518100816838],[-73.98654584210418,40.785183560042135],[-73.98654673620825,40.78518530726751],[-73.98654794715047,40.785187990756086],[-73.98654866569117,40.78518981720567],[-73.98654960777449,40.785192606465614],[-73.98655014383185,40.785194494549614],[-73.98655080798349,40.78519736271881],[-73.986551156395,40.785199294253964],[-73.98655153621883,40.7852022137104],[-73.98655169362907,40.7852041700949],[-73.98655178546719,40.785207112722595],[-73.98655175036025,40.7852090751157],[-73.98655155332817,40.78521201257555],[-73.98655132604213,40.785213962077876],[-73.98655084203742,40.78521686608053],[-73.98655042476116,40.785218783917735],[-73.98654965844501,40.78522162649606],[-73.98654905519717,40.78522349419796],[-73.98654801394966,40.78522624797638],[-73.9865472305398,40.785228047556224],[-73.9865459243887,40.785230686014344],[-73.98654496836147,40.78523240014118],[-73.98654340988571,40.78523489786921],[-73.98654229044823,40.78523651003497],[-73.9865404946568,40.785238842978416],[-73.98653987696949,40.78523960593148],[-73.98650151217868,40.78528468456068],[-73.98653801845533,40.78530263939869],[-73.98659704646266,40.78523548891348],[-73.9865977124675,40.78523476775292],[-73.9865997623572,40.78523265459316],[-73.98660119642946,40.78523131457244],[-73.98660344357427,40.78522941251245],[-73.98660500208604,40.78522821950799],[-73.9866074248447,40.785226546865644],[-73.98660909278676,40.78522551236665],[-73.98661166782682,40.78522408525041],[-73.98661342913582,40.78522321921978],[-73.98661613165818,40.78522205137356],[-73.9866179693719,40.785221362151546],[-73.98662077334984,40.78522046482234],[-73.98662266977004,40.785219959046564],[-73.98662554819971,40.78521934087614],[-73.98662748506283,40.7852190234175],[-73.98663041022336,40.78521869035918],[-73.9866323688763,40.78521856427497],[-73.98663531259682,40.785218519536286],[-73.98663727417673,40.78521858604077],[-73.98664020810757,40.78521883005258],[-73.98664215372342,40.785219088505286],[-73.98664504960925,40.78521961891763],[-73.98664696052356,40.7852200668295],[-73.98664979047541,40.78522087853421],[-73.98665164828513,40.78522151159163],[-73.98665438504901,40.78522259677154],[-73.98665617186244,40.785223408877826],[-73.98665878908182,40.78522475708208],[-73.98666048769081,40.785225740416145],[-73.98666296016044,40.785227338660775],[-73.98666455420663,40.78522848375264],[-73.98666685811529,40.785230316645695],[-73.98666833224713,40.78523161246754],[-73.98667044540689,40.78523366235725],[-73.98667178542756,40.78523509642947],[-73.98667368748755,40.78523734357427],[-73.98667488049203,40.78523890208607],[-73.98667655313437,40.78524132484474],[-73.9866775876333,40.7852429927867],[-73.98667901474954,40.78524556782674],[-73.98667988078023,40.78524732913583],[-73.98668104862645,40.7852500316582],[-73.98668173784844,40.78525186937188],[-73.98668263517766,40.785254673349826],[-73.98668314095346,40.785256569770084],[-73.98668375912388,40.785259448199746],[-73.9866840765825,40.78526138506278],[-73.98668440964083,40.78526431022331],[-73.98668453572503,40.7852662688763],[-73.98668458046372,40.78526921259681],[-73.98668451395923,40.78527117417676],[-73.98668426994742,40.785274108107615],[-73.98668401149473,40.78527605372337],[-73.9866834810824,40.7852789496092],[-73.98668303317051,40.78528086052358],[-73.9866822214658,40.785283690475424],[-73.98668158840837,40.785285548285145],[-73.98668050322846,40.78528828504903],[-73.98667969112218,40.78529007186241],[-73.98667834291793,40.7852926890818],[-73.98667735958384,40.785294387690854],[-73.9866757613392,40.785296860160486],[-73.98667461624734,40.785298454206654],[-73.9866727833543,40.7853007581153],[-73.98667215353734,40.78530151108652],[-73.9866309787215,40.785348351713324],[-73.98667402811002,40.78536951860427],[-73.98672900955354,40.785304308054954],[-73.98673036691117,40.78530285186299],[-73.9867318623079,40.785301537822136],[-73.98673348092844,40.78530037895097],[-73.9867352067366,40.78529938673077],[-73.98673702263434,40.785298570991735],[-73.98673891063103,40.78529793981563],[-73.98674085202174,40.785297499455694],[-73.98674282757257,40.78529725427471],[-73.98674481771116,40.78529720670174],[-73.98674680272062,40.78529735720812],[-73.98674876293492,40.785297704302735],[-73.98675067893365,40.785298244546816],[-73.98675253173444,40.78529897258801],[-73.98677113173444,40.78530737258801],[-73.98677286042933,40.785308256705974],[-73.98677449524591,40.78530930428669],[-73.98677602077584,40.785310505456565],[-73.98677742264078,40.785311848894416],[-73.986778687628,40.78531332193818],[-73.98677980381484,40.78531491070423],[-73.98678076068107,40.785316600218245],[-73.98678154920813,40.78531837455635],[-73.98678216196404,40.78532021699516],[-73.98678259317352,40.78532211016948],[-73.98678283877233,40.78532403623589],[-73.98678289644569,40.785325977040976],[-73.98678276565002,40.78532791429241],[-73.98678244761808,40.78532982973134],[-73.98678194534737,40.785331705304515],[-73.98678126357187,40.78533352333442],[-73.98678040871737,40.785335266685905],[-73.98677938884099,40.78533691892765],[-73.9867782135552,40.78533846448707],[-73.98671422285769,40.78541463737084],[-73.98671426990849,40.78541499154755],[-73.98671451394067,40.7854179254767],[-73.98671458045877,40.78541988705617],[-73.98671453574052,40.785422830776994],[-73.98671440966991,40.785424789430756],[-73.98671407663191,40.7854277145936],[-73.98671375918671,40.785429651458955],[-73.98671314103628,40.78543252989291],[-73.98671263527366,40.78543442631664],[-73.98671173796392,40.785437230300815],[-73.98671104875469,40.78543906801924],[-73.98670988092724,40.78544177054972],[-73.98670901490881,40.78544353186479],[-73.98670758781046,40.78544610691475],[-73.98670655332305,40.785447774864],[-73.98670488069752,40.78545019763428],[-73.98670368770387,40.785451756154345],[-73.98670178565948,40.78545400331235],[-73.98670044564875,40.78545543739388],[-73.98669833250322,40.78545748729826],[-73.98669685838045,40.785458783130274],[-73.98669455448454,40.78546061603932],[-73.98669296044625,40.78546176114231],[-73.9866904879877,40.78546335940411],[-73.98668878938552,40.78546434274997],[-73.98668617217551,40.78546569097239],[-73.98668438536775,40.78546650309107],[-73.98668164861141,40.78546758828999],[-73.98667979080611,40.785468221360304],[-73.9866769608599,40.78546903308467],[-73.98667504994862,40.78546948100983],[-73.98667215406647,40.78547001144227],[-73.9866702084525,40.78547026990848],[-73.98666727452334,40.785470513940666],[-73.98666531294387,40.78547058045877],[-73.98666236922304,40.78547053574053],[-73.98666041056919,40.78547040966992],[-73.98665748540634,40.78547007663191],[-73.98665554854102,40.78546975918672],[-73.98665267010708,40.78546914103628],[-73.9866507736834,40.78546863527367],[-73.98664796969922,40.785467737963934],[-73.98664613198072,40.78546704875468],[-73.98664342945024,40.78546588092723],[-73.98664253816294,40.785465469536945],[-73.98656280533326,40.78542626581841],[-73.98647285721569,40.78552987792953],[-73.98647219568889,40.78553060320004],[-73.98647015892276,40.785532729011805],[-73.98646873317513,40.78553407788634],[-73.98646649785059,40.78553599382375],[-73.98646494675555,40.78553719645534],[-73.98646253439999,40.785538884066874],[-73.98646087289534,40.7855399288736],[-73.98645830674107,40.785541371906625],[-73.98645655082811,40.785542248826346],[-73.98645385558862,40.78554343338367],[-73.98645202217766,40.78554413397124],[-73.98644922380956,40.785545048644934],[-73.9864473305574,40.78554556615327],[-73.9864444560105,40.78554620213452],[-73.98644252115018,40.785546531579755],[-73.98643959810796,40.785546882743716],[-73.98643764027324,40.78554702095311],[-73.98643469688616,40.78554708391788],[-73.98643273493202,40.78554702956039],[-73.98642979954654,40.78554680371958],[-73.98642785236778,40.78554655731872],[-73.98642495325325,40.78554604484731],[-73.9864230396021,40.78554560877601],[-73.9864202046786,40.78554481460937],[-73.98641834298478,40.7855441930673],[-73.98641559955414,40.7855431248537],[-73.9864138077466,40.78554232382661],[-73.98641118222956,40.78554099185352],[-73.9864094775644,40.785540019055695],[-73.98640699524614,40.785538436150745],[-73.98640539414036,40.785537300950864],[-73.98640307892697,40.785535482358306],[-73.98640159679996,40.785534195688896],[-73.98639947098819,40.785532158922756],[-73.98639812211368,40.785530733175165],[-73.98639620617627,40.78552849785062],[-73.98639500354464,40.78552694675554],[-73.98639331593311,40.78552453439999],[-73.9863922711264,40.78552287289536],[-73.98639082809338,40.785520306741105],[-73.98638995117366,40.78551855082815],[-73.98638876661633,40.785515855588656],[-73.98638806602875,40.78551402217766],[-73.98638715135506,40.78551122380956],[-73.98638663384672,40.7855093305574],[-73.98638599786547,40.78550645601051],[-73.98638566842023,40.78550452115019],[-73.98638531725626,40.78550159810796],[-73.98638517904688,40.785499640273144],[-73.98638511608212,40.78549669688608],[-73.9863851704396,40.78549473493213],[-73.9863853962804,40.78549179954665],[-73.98638564268128,40.78548985236773],[-73.9863861551527,40.785486953253205],[-73.98638659122398,40.785485039602136],[-73.98638738539061,40.78548220467862],[-73.9863880069327,40.785480342984755],[-73.9863890751463,40.785477599554106],[-73.98638987617339,40.7854758077466],[-73.98639120814647,40.78547318222957],[-73.98639218094426,40.785471477564464],[-73.98639376384921,40.785468995246205],[-73.98639489904913,40.785467394140355],[-73.9863967176417,40.785465078926954],[-73.9863973427843,40.785464322070474],[-73.98647000072127,40.785380626686496],[-73.98643423060028,40.785363033911096],[-73.98634879127492,40.785461053733336],[-73.9863481282921,40.78546177767311],[-73.98634608725843,40.78546389938788],[-73.98634465880322,40.78546524539476],[-73.98634241963326,40.78546715683661],[-73.98634086612479,40.78546835634896],[-73.986338450383,40.785470039109654],[-73.98633678678226,40.785471080575604],[-73.98633421773353,40.78547251844925],[-73.98633246006199,40.785473391838856],[-73.98632976244767,40.78547457097793],[-73.98632792763262,40.785475267879995],[-73.9863251274322,40.78547617692875],[-73.98632323314396,40.78547669063172],[-73.98632035732493,40.78547732083552],[-73.98631842180653,40.785477646392145],[-73.98631549806457,40.78547799168179],[-73.98631353995607,40.78547812595679],[-73.98631059644842,40.785478183006944],[-73.98630863460752,40.78547812470718],[-73.98630569968178,40.78547789296842],[-73.98630375300196,40.785477642655344],[-73.98630085492306,40.78547712435943],[-73.98629894215212,40.785476684443715],[-73.98629610883015,40.78547588458214],[-73.98629424838899,40.78547525930039],[-73.98629150711037,40.78547418557625],[-73.98628971691602,40.78547338095026],[-73.98628709408078,40.7854720437041],[-73.9862853913739,40.78547106748291],[-73.98628291224136,40.78546947959315],[-73.98628131341987,40.78546834117825],[-73.98627900186546,40.78546651793714],[-73.98627752232687,40.7854652282921],[-73.9862754006121,40.78546318725842],[-73.98627405460525,40.78546175880324],[-73.9862721431634,40.78545951963329],[-73.98627094365102,40.78545796612478],[-73.98626926089032,40.785455550382984],[-73.98626821942437,40.78545388678223],[-73.98626678155074,40.7854513177335],[-73.98626590816114,40.78544956006199],[-73.98626472902207,40.78544686244767],[-73.98626403212002,40.78544502763268],[-73.98626312307125,40.78544222743227],[-73.98626260936827,40.785440333143974],[-73.98626197916447,40.78543745732493],[-73.98626165360785,40.78543552180659],[-73.9862613083182,40.78543259806463],[-73.9862611740432,40.785430639956026],[-73.98626111699305,40.78542769644838],[-73.98626117529281,40.785425734607486],[-73.98626140703158,40.78542279968174],[-73.98626165734464,40.78542085300203],[-73.98626217564055,40.78541795492312],[-73.98626261555627,40.785416042152185],[-73.98626341541784,40.78541320883021],[-73.98626404069962,40.78541134838892],[-73.98626511442377,40.785408607110305],[-73.98626591904973,40.78540681691604],[-73.98626725629589,40.78540419408079],[-73.98626823251708,40.7854024913739],[-73.98626982040683,40.785400012241375],[-73.98627095882175,40.78539841341984],[-73.98627278206287,40.78539610186543],[-73.98627340872507,40.78539534626666],[-73.98634138288408,40.78531736326581],[-73.9863106477621,40.785302243969156],[-73.98624179177307,40.78538222228586],[-73.98624113323626,40.78538295027234],[-73.98623910523482,40.78538508444715],[-73.9862376850497,40.78538643917704],[-73.98623545762791,40.78538836429631],[-73.9862339114947,40.78538957330027],[-73.98623150610388,40.78539127082405],[-73.98622984891261,40.78539232245876],[-73.98622728871798,40.78539377603898],[-73.98622553642821,40.785394660176685],[-73.98622284608584,40.78539585581455],[-73.98622101557324,40.78539656394043],[-73.98621822099258,40.78539749012131],[-73.98621632988596,40.78539801541576],[-73.9862134579804,40.78539866322002],[-73.98621152449206,40.785399000624174],[-73.98620860291958,40.78539936381311],[-73.98620664567012,40.785399510077575],[-73.98620370256707,40.78539958515348],[-73.98620174040585,40.78539953886964],[-73.98619880411592,40.78539932510948],[-73.98619685593975,40.785399086723096],[-73.98619395474101,40.785398586185515],[-73.98619203931176,40.78539815799236],[-73.98618920114434,40.7853973754978],[-73.98618733690861,40.7853967616216],[-73.98618458910563,40.785395704705905],[-73.98618279401717,40.78539491105865],[-73.98618016304147,40.785393589900515],[-73.98617845438784,40.785392624125436],[-73.98617596557715,40.785391051448315],[-73.9861743598137,40.785389922846385],[-73.98617203713663,40.78538811379603],[-73.98617054972765,40.78538683323624],[-73.98616841555284,40.785384805234784],[-73.98616706082299,40.78538338504972],[-73.98616513570373,40.785381157627945],[-73.98616392669976,40.785379611494704],[-73.98616222917597,40.78537720610388],[-73.98616117754123,40.78537554891257],[-73.98615972396102,40.78537298871794],[-73.98615883982336,40.78537123642826],[-73.98615764418548,40.785368546085884],[-73.98615693605957,40.78536671557322],[-73.9861560098787,40.78536392099258],[-73.98615548458424,40.785362029885896],[-73.98615483677999,40.78535915798032],[-73.98615449937584,40.7853572244921],[-73.9861541361869,40.78535430291962],[-73.98615398992243,40.78535234567012],[-73.98615391484653,40.785349402567064],[-73.98615396113037,40.78534744040585],[-73.98615417489053,40.78534450411591],[-73.98615441327692,40.78534255593975],[-73.9861549138145,40.78533965474101],[-73.98615534200768,40.78533773931168],[-73.98615612450224,40.785334901144275],[-73.98615673837838,40.7853330369087],[-73.98615779529406,40.78533028910572],[-73.98615858894138,40.78532849401712],[-73.98615991009953,40.785325863041415],[-73.98616087587459,40.78532415438784],[-73.98616244855171,40.78532166557714],[-73.9861635771536,40.78532005981372],[-73.98616538620395,40.785317737136644],[-73.98616600822695,40.785316977714146],[-73.98621795610197,40.78525663868396],[-73.98618440045522,40.78524012717531],[-73.98611626806178,40.78531818034552],[-73.98611560456779,40.78531890381689],[-73.98611356203611,40.7853210240896],[-73.98611213263068,40.78532236908721],[-73.98610989211129,40.785324278947115],[-73.986108337756,40.78532547736198],[-73.98610592082632,40.78532715841608],[-73.9861042564904,40.78532819870683],[-73.98610168642678,40.78532963476566],[-73.98609992813886,40.78533050691363],[-73.98609722969242,40.78533168414716],[-73.9860953943856,40.785332379753186],[-73.98609259354384,40.785333286824006],[-73.98609069889328,40.78533379918895],[-73.98608782262986,40.78533442736148],[-73.98608588688201,40.78533475155101],[-73.98608296289692,40.785335094775604],[-73.98608100469409,40.785335227667616],[-73.98607806114687,40.78533528263883],[-73.98607609934757,40.785335222953485],[-73.98607316458623,40.785334989141916],[-73.98607121808377,40.78533473745402],[-73.98606832037164,40.785334217111405],[-73.98606640791186,40.785333775844855],[-73.98606357515551,40.78533297398238],[-73.98606171515638,40.785332347386785],[-73.98605897463679,40.78533127172681],[-73.98605718501128,40.7853304658367],[-73.98605456312114,40.78532912673844],[-73.98605286110407,40.785328149314864],[-73.98605038309366,40.78532655967455],[-73.98604878507659,40.785325420130725],[-73.98604647481046,40.785323595257466],[-73.98604499618315,40.785322304567835],[-73.98604287591044,40.785320262036166],[-73.98604153091279,40.78531883263068],[-73.98603962105288,40.785316592111286],[-73.98603842263799,40.78531503775596],[-73.98603674158389,40.78531262082627],[-73.98603570129316,40.785310956490385],[-73.98603426523434,40.78530838642676],[-73.98603339308636,40.78530662813884],[-73.98603221585283,40.7853039296924],[-73.98603152024684,40.78530209438565],[-73.98603061317601,40.7852992935439],[-73.98603010081105,40.785297398893285],[-73.98602947263852,40.78529452262986],[-73.98602914844899,40.78529258688205],[-73.9860288052244,40.78528966289695],[-73.98602867233237,40.78528770469403],[-73.98602861736116,40.785284761146826],[-73.98602867704652,40.78528279934754],[-73.9860289108581,40.785279864586194],[-73.98602916254598,40.785277918083814],[-73.98602968288859,40.78527502037169],[-73.98603012415515,40.78527310791183],[-73.98603092601763,40.785270275155476],[-73.9860315526132,40.78526841515642],[-73.98603262827316,40.78526567463683],[-73.9860334341633,40.785263885011254],[-73.98603477326157,40.78526126312113],[-73.98603575068515,40.78525956110406],[-73.98603734032547,40.78525708309364],[-73.98603847986924,40.78525548507665],[-73.98604030474249,40.785253174810514],[-73.98604093193822,40.785252419654476],[-73.98609154480353,40.785194437035756],[-73.9860580227201,40.78517794246529],[-73.98599032708144,40.785252989995875],[-73.98598965188245,40.78525370255566],[-73.98598757506004,40.78525578925178],[-73.98598612391999,40.78525711077027],[-73.98598385256606,40.78525898385418],[-73.98598227888218,40.785260156772594],[-73.98597983487112,40.78526179820548],[-73.98597815379887,40.78526281122798],[-73.98597556066784,40.78526420520195],[-73.98597378839676,40.7852650485726],[-73.98597107111901,40.78526618166291],[-73.98596922471717,40.78526684725955],[-73.9859664094616,40.785267708553924],[-73.98596450671079,40.7852681899665],[-73.98596162058982,40.78526877117021],[-73.98595967981463,40.78526906376246],[-73.98595675062319,40.785269359278196],[-73.98595479051426,40.7852694602323],[-73.98595184646207,40.78526946721407],[-73.9859498858964,40.78526937555779],[-73.9859469553363,40.78526909393837],[-73.98594501319518,40.78526881055439],[-73.98594212435006,40.78526824304593],[-73.98594021933734,40.78526777066339],[-73.98593740002835,40.78526692273129],[-73.98593555049041,40.78526626589953],[-73.98593282786905,40.78526514570986],[-73.98593105161784,40.785264310754464],[-73.98592845190444,40.785262929095246],[-73.98592676604638,40.785261924057366],[-73.98592431427758,40.78526029423474],[-73.9859227350483,40.785259128793385],[-73.985920454836,40.785257266503436],[-73.98591899744441,40.78525595188251],[-73.98591691074829,40.785253875060114],[-73.98591558922975,40.785252423920014],[-73.98591371614583,40.78525015256609],[-73.9859125432274,40.78524857888219],[-73.98591090179451,40.78524613487113],[-73.98590988877197,40.78524445379879],[-73.98590849479801,40.785241860667746],[-73.9859076514274,40.78524008839675],[-73.98590651833709,40.78523737111901],[-73.98590585274046,40.78523552471719],[-73.98590499144608,40.7852327094616],[-73.98590451003349,40.785230806710786],[-73.98590392882979,40.78522792058982],[-73.98590363623754,40.785225979814626],[-73.9859033407218,40.785223050623195],[-73.9859032397677,40.785221090514305],[-73.98590323278592,40.78521814646213],[-73.9859033244422,40.78521618589642],[-73.98590360606163,40.785213255336316],[-73.98590388944561,40.785211313195106],[-73.98590445695409,40.78520842434998],[-73.98590492933658,40.785206519337414],[-73.98590577726867,40.78520370002843],[-73.98590643410047,40.78520185049038],[-73.98590755429015,40.78519912786902],[-73.98590838924551,40.78519735161789],[-73.98590977090473,40.78519475190448],[-73.98591077594263,40.78519306604638],[-73.98591240576525,40.785190614277596],[-73.98591357120658,40.785189035048326],[-73.98591543349653,40.78518675483602],[-73.98591607291856,40.78518601000412],[-73.98596474240422,40.78513205490765],[-73.98592288963516,40.785111469041205],[-73.98570209847202,40.78535711904439],[-73.98571248218057,40.78535140124675],[-73.98571335344215,40.78535094898763],[-73.98571599893961,40.785349657153596],[-73.9857178027384,40.78534888350722],[-73.98572056211896,40.78534785719782],[-73.98572243306249,40.785347264079974],[-73.98572527975178,40.78534651317912],[-73.98572719982194,40.78534610630184],[-73.9857301064048,40.785345638041115],[-73.98573205711033,40.78534542132283],[-73.98573499559475,40.78534524021186],[-73.98573695814913,40.78534521573972],[-73.98573990023596,40.785345323522684],[-73.98574185573882,40.78534549153235],[-73.9857447730941,40.785345887171246],[-73.98574670271283,40.785346246044696],[-73.98574956724086,40.78534692572931],[-73.98575145239221,40.785347472010386],[-73.98575423650601,40.785348429194975],[-73.98575605903494,40.78534915762271],[-73.98575873592198,40.78535038308907],[-73.98576047827653,40.78535128664831],[-73.98576302215692,40.78535276859452],[-73.98576466755726,40.78535383858348],[-73.98576705393204,40.7853555627376],[-73.98576858653206,40.78535678885171],[-73.98577079241913,40.78535873860918],[-73.98577219745907,40.78536010904027],[-73.98577420161455,40.785362265623874],[-73.98577546556314,40.785363767174005],[-73.98577724868589,40.78536610981466],[-73.98577835937053,40.78536772802299],[-73.98577990428812,40.78537023415978],[-73.9857808510124,40.7853719534422],[-73.98578214284642,40.78537459893966],[-73.98578291649277,40.785376402738365],[-73.98578394280217,40.785379162118915],[-73.98578453592002,40.7853810330625],[-73.98578528682087,40.785383879751784],[-73.98578569369816,40.78538579982194],[-73.98578616195888,40.785388706404795],[-73.98578637867716,40.785390657110284],[-73.98578655978814,40.785393595594726],[-73.9857865842603,40.78539555814915],[-73.98578647647733,40.785398500235964],[-73.98578630846765,40.78540045573887],[-73.98578591282875,40.785403373094155],[-73.98578555395532,40.785405302712796],[-73.98578487427072,40.785408167240824],[-73.98578432798959,40.78541005239228],[-73.985783370805,40.785412836506076],[-73.98578264237726,40.785414659034984],[-73.9857814169109,40.78541733592202],[-73.98578051335168,40.78541907827654],[-73.98577903140547,40.785421622156925],[-73.98577796141652,40.78542326755726],[-73.9857762372624,40.78542565393204],[-73.98577501114829,40.785427186532075],[-73.98577306139082,40.78542939241915],[-73.9857716909597,40.7854307974591],[-73.98576953437609,40.78543280161457],[-73.98576803282603,40.785434065563095],[-73.98576569018539,40.78543584868585],[-73.98576407197703,40.785436959370514],[-73.98576156584024,40.785438504288116],[-73.98576071781942,40.78543899875326],[-73.98564237499737,40.785504164325324],[-73.98566897133172,40.7855307606536],[-73.9858008342869,40.785445423530014],[-73.98580167125094,40.785444910571655],[-73.98580421838527,40.78544343422526],[-73.98580596272335,40.78544253450117],[-73.98580864229979,40.78544131492661],[-73.98581046642668,40.78544059051],[-73.98581325263943,40.785439639452434],[-73.985815138988,40.78543909731977],[-73.98581800500433,40.78543842393841],[-73.9858199354079,40.78543806931075],[-73.98582285362647,40.78543768009064],[-73.98582480949422,40.78543751638325],[-73.98582775181103,40.78543741507278],[-73.9858297143068,40.78543744386225],[-73.98583265238571,40.78543763143709],[-73.98583460260973,40.78543785244616],[-73.98583750815543,40.78543832709987],[-73.98583942732591,40.7854387382001],[-73.98584227235642,40.78543949536151],[-73.98584414199064,40.78544009259376],[-73.98584689910676,40.78544112497098],[-73.98584870119925,40.78544190258362],[-73.98585134384842,40.7854432002343],[-73.98585306104393,40.785444150738456],[-73.98585556377603,40.78544570116551],[-73.98585717953712,40.78544681540734],[-73.98585951824946,40.785448603679306],[-73.98586101701541,40.785449870928055],[-73.9858631691849,40.7854518798229],[-73.98586453652179,40.785453287874255],[-73.98586648142185,40.785455498045216],[-73.9858677041614,40.785457033338766],[-73.98586942306162,40.7854594235007],[-73.98587048942834,40.78546107125095],[-73.98587196577473,40.78546361838528],[-73.9858728654988,40.78546536272329],[-73.98587408507338,40.785468042299726],[-73.98587480949003,40.78546986642675],[-73.98587576054759,40.785472652639505],[-73.98587630268024,40.78547453898804],[-73.98587697606159,40.78547740500436],[-73.98587733068923,40.78547933540787],[-73.98587771990935,40.785482253626455],[-73.98587788361675,40.785484209494186],[-73.98587798492723,40.78548715181099],[-73.98587795613776,40.78548911430681],[-73.98587776856291,40.78549205238572],[-73.98587754755384,40.78549400260977],[-73.98587707290012,40.78549690815547],[-73.9858766617999,40.78549882732588],[-73.9858759046385,40.78550167235639],[-73.98587530740622,40.785503541990714],[-73.98587427502899,40.78550629910683],[-73.98587349741635,40.78550810119929],[-73.98587219976567,40.78551074384847],[-73.98587124926156,40.7855124610439],[-73.98586969883452,40.785514963776],[-73.98586858459262,40.78551657953717],[-73.98586679632065,40.7855189182495],[-73.98586552907196,40.785520417015384],[-73.98586352017712,40.78552256918487],[-73.9858621121258,40.78552393652174],[-73.98585990195484,40.78552588142182],[-73.98585836666122,40.78552710416141],[-73.9858559764993,40.785528823061625],[-73.98585516571309,40.78552937646999],[-73.98574132534903,40.78560304999872],[-73.98576522023144,40.785626909585886],[-73.98577737407048,40.785639033191494],[-73.985913028734,40.78555481993021],[-73.98591387519943,40.78555432280717],[-73.98591644965532,40.78555289463741],[-73.98591821060984,40.785552027886155],[-73.98592091265414,40.78555085893422],[-73.9859227500857,40.78555016896032],[-73.98592555369625,40.78554927048387],[-73.98592744990934,40.78554876393217],[-73.98593032808581,40.78554814458402],[-73.98593226481883,40.785547826332895],[-73.98593518984285,40.7855474920777],[-73.98593714844408,40.785547365192066],[-73.98594009214604,40.78554731924889],[-73.98594205375302,40.78554738495074],[-73.98594498778347,40.78554762776204],[-73.98594693350485,40.78554788541862],[-73.98594982960746,40.785548414645994],[-73.98595174070492,40.78554886177594],[-73.98595457098865,40.78554967232264],[-73.98595642905725,40.78555030461983],[-73.98595916626493,40.78555138867984],[-73.98596095341045,40.78555220005493],[-73.98596357118127,40.785553547188165],[-73.98596527019255,40.78555452982715],[-73.98596774331594,40.785556127059984],[-73.98596933783053,40.78555727149951],[-73.98597164248895,40.78555910344971],[-73.98597311715083,40.78556039866821],[-73.98597523114918,40.785562447693096],[-73.98597657175657,40.78556388121692],[-73.98597847473587,40.785566127583266],[-73.98597966837795,40.7855676856068],[-73.98598134201148,40.78557010768087],[-73.9859823771928,40.78557177519937],[-73.98598380536257,40.785574349655256],[-73.98598467211387,40.785576110609874],[-73.9859858410658,40.78557881265417],[-73.9859865310397,40.78558065008574],[-73.98598742951614,40.78558345369628],[-73.98598793606783,40.78558534990929],[-73.98598855541599,40.78558822808577],[-73.98598887366711,40.78559016481886],[-73.9859892079223,40.78559308984287],[-73.98598933480794,40.785595048444016],[-73.98598938075112,40.78559799214597],[-73.98598931504927,40.78559995375296],[-73.98598907223797,40.785602887783405],[-73.98598881458138,40.78560483350487],[-73.985988285354,40.78560772960749],[-73.98598783822406,40.78560964070492],[-73.98598702767737,40.78561247098865],[-73.98598639538015,40.78561432905728],[-73.98598531132014,40.78561706626496],[-73.98598449994508,40.78561885341045],[-73.98598315281184,40.785621471181265],[-73.98598217017286,40.78562317019251],[-73.98598057294004,40.785625643315896],[-73.98597942850047,40.785627237830546],[-73.98597759655027,40.78562954248897],[-73.98597630133179,40.78563101715083],[-73.9859742523069,40.785633131149176],[-73.9859728187831,40.78563447175653],[-73.98597057241676,40.78563637473584],[-73.98596901439323,40.785637568377936],[-73.98596659231917,40.78563924201147],[-73.98596577126601,40.785639780069786],[-73.98585003736763,40.78571162668951],[-73.9858826990306,40.78574428835248],[-73.98602175808813,40.78566382295471],[-73.98602261955534,40.785663352307],[-73.98602523704086,40.785662004619525],[-73.98602702401456,40.78566119286605],[-73.98602976099265,40.78566010822651],[-73.9860316189273,40.78565947553592],[-73.98603444903935,40.78565866438998],[-73.98603636004212,40.785658216855396],[-73.98603925603263,40.78565768701483],[-73.9860412016994,40.78565742894628],[-73.98604413567836,40.78565718551375],[-73.9860460972714,40.78565711939656],[-73.98604904098302,40.785657164716454],[-73.9860509996111,40.785657291187384],[-73.98605392470581,40.78565762482325],[-73.98605586150614,40.7856579426643],[-73.9860587398137,40.78565856140303],[-73.98606063613401,40.78565906755323],[-73.98606343993472,40.78565996543605],[-73.98606527751232,40.785660655020884],[-73.98606797980406,40.78566182340067],[-73.98606974094203,40.78566268977904],[-73.98607231570026,40.78566411740366],[-73.98607398343805,40.785665152231964],[-73.98607640586641,40.78566682535263],[-73.98607796414257,40.785668018664744],[-73.9860802109118,40.78566992116838],[-73.98608164471948,40.78567126147224],[-73.98608369419192,40.785673375036694],[-73.98608498972261,40.78567484942429],[-73.98608682216074,40.78567715369478],[-73.98608796693786,40.78567874796701],[-73.9860895646943,40.78568122075215],[-73.98609054769302,40.785682919555356],[-73.9860918953805,40.785685537040884],[-73.98609270713398,40.78568732401462],[-73.98609379177351,40.78569006099271],[-73.98609442446408,40.78569191892735],[-73.98609523561002,40.7856947490394],[-73.9860956831446,40.78569666004212],[-73.98609621298516,40.78569955603262],[-73.98609647105371,40.78570150169935],[-73.98609671448625,40.78570443567832],[-73.98609678060343,40.785706397271404],[-73.98609673528354,40.785709340983026],[-73.98609660881262,40.785711299611094],[-73.98609627517675,40.78571422470581],[-73.9860959573357,40.785716161506116],[-73.98609533859698,40.785719039813664],[-73.98609483244678,40.785720936134],[-73.98609393456397,40.78572373993472],[-73.9860932449791,40.785725577512366],[-73.9860920765993,40.785728279804104],[-73.98609121022096,40.785730040942035],[-73.98608978259634,40.78573261570026],[-73.98608874776805,40.78573428343803],[-73.98608707464739,40.785736705866405],[-73.98608588133519,40.78573826414265],[-73.98608397883154,40.785740510911864],[-73.98608263852778,40.785741944719454],[-73.98608052496333,40.7857439941919],[-73.9860790505757,40.785745289722634],[-73.9860767463052,40.785747122160764],[-73.98607515203298,40.785748266937865],[-73.98607267924784,40.7857498646943],[-73.98607184191187,40.7857503770453],[-73.98595592796465,40.78581744971237],[-73.98601825896293,40.785879689316225],[-73.98615432802457,40.785795658451995],[-73.98615517564878,40.78579516330738],[-73.98615775343335,40.78579374115454],[-73.98615951640753,40.7857928785186],[-73.98616222117472,40.78579171588089],[-73.98616406021281,40.78579103020047],[-73.98616686591423,40.785790138274734],[-73.98616876330523,40.785789636153325],[-73.98617164292044,40.785789023529276],[-73.98617358039152,40.785788709802546],[-73.98617650618826,40.7857883823801],[-73.98617846508051,40.78578826006942],[-73.98618140888175,40.78578822100183],[-73.98618337032993,40.78578829128514],[-73.98618630378525,40.78578854094865],[-73.98618824889947,40.785788803149046],[-73.9861911437581,40.78578933913926],[-73.9861930538061,40.78578979073166],[-73.98619588218897,40.78579060788671],[-73.9861977387756,40.78579124452196],[-73.98620047344383,40.78579233497217],[-73.98620225868942,40.7857931505192],[-73.98620487330666,40.78579450376296],[-73.9862065700182,40.78579549036756],[-73.98620903940426,40.78579709337239],[-73.9862106312415,40.785798241533044],[-73.98621293161484,40.78580007886112],[-73.98621440324752,40.785801377520386],[-73.98621651245429,40.78580343147725],[-73.98621784970979,40.78580486812835],[-73.98621974743718,40.78580711893326],[-73.98622093743703,40.785808679740484],[-73.98622260540887,40.78581110571697],[-73.98622363669263,40.78581277564877],[-73.98622505884546,40.78581535343334],[-73.9862259214814,40.78581711640756],[-73.98622708411911,40.78581982117475],[-73.9862277697995,40.78582166021274],[-73.98622866172525,40.78582446591416],[-73.98622916384669,40.78582636330524],[-73.98622977647074,40.78582924292046],[-73.98623009019747,40.78583118039158],[-73.98623041761991,40.78583410618832],[-73.98623053993057,40.785836065080524],[-73.98623057899816,40.78583900888176],[-73.98623050871487,40.785840970329936],[-73.98623025905135,40.785843903785256],[-73.98622999685095,40.7858458488995],[-73.98622946086074,40.78584874375812],[-73.98622900926836,40.78585065380605],[-73.98622819211332,40.78585348218892],[-73.98622755547801,40.78585533877568],[-73.98622646502778,40.78585807344391],[-73.98622564948082,40.785859858689356],[-73.98622429623707,40.785862473306594],[-73.98622330963242,40.78586417001822],[-73.98622170662759,40.78586663940428],[-73.98622055846695,40.7858682312415],[-73.98621872113887,40.78587053161485],[-73.98621742247963,40.78587200324749],[-73.98621536852278,40.78587411245426],[-73.98621393187166,40.78587544970979],[-73.98621168106675,40.78587734743718],[-73.98621012025953,40.78587853743701],[-73.98620769428304,40.78588020540886],[-73.98620687197543,40.785880741548006],[-73.98609097958438,40.785952312099454],[-73.98617802196361,40.78603924394855],[-73.98644570417143,40.78590254595175],[-73.98704043586167,40.78518645457682],[-73.9870410813894,40.785185715030366],[-73.98704307123802,40.78518354523903],[-73.9870444671836,40.78518216554537],[-73.98704666012729,40.78518020124144],[-73.98704818458468,40.78517896501794],[-73.98705055950421,40.785177225118744],[-73.98705219779191,40.78517614427103],[-73.98705473181549,40.785174645532734],[-73.98705646815611,40.78517373046981],[-73.98705913687972,40.7851724873261],[-73.98706095455118,40.78517174686061],[-73.98706271154568,40.78517112977829],[-73.9870634534476,40.785170596658034],[-73.98706518111324,40.78516959983415],[-73.98706699947729,40.78516878005456],[-73.98706889045391,40.785168145472966],[-73.98707083523506,40.78516770240106],[-73.98707281447749,40.78516745524573],[-73.98707480849527,40.78516740646523],[-73.98707679745542,40.78516755654474],[-73.98707876157535,40.78516790399155],[-73.9870806813195,40.78516844534987],[-73.98708072049081,40.78516846075199],[-73.98708311356863,40.785168592366176],[-73.98708506566471,40.78516879617831],[-73.98708797528094,40.78516924520549],[-73.98708989800014,40.7851696393751],[-73.9870927495934,40.78517037143235],[-73.98709462441877,40.785170952163355],[-73.98709739052669,40.78517196020057],[-73.98709919940266,40.785172721900224],[-73.98710185338608,40.78517399620945],[-73.98710357889219,40.785174931542144],[-73.9871060951918,40.78517645985109],[-73.98710772071053,40.78517755980909],[-73.987110075093,40.785179327399305],[-73.98711158496964,40.7851805813894],[-73.98711375476098,40.78518257123802],[-73.98711503054368,40.78518386204864],[-73.98713253759368,40.78519177523524],[-73.98713426426389,40.78519265890876],[-73.9871358972135,40.785193705686915],[-73.98713742108353,40.785194905724026],[-73.98713882154094,40.785196247732955],[-73.9871400854135,40.7851977190912],[-73.98714120081362,40.78519930595965],[-73.98714215725023,40.78520099341274],[-73.98714294572741,40.78520276557883],[-73.98714355882898,40.785204605789524],[-73.98714399078831,40.78520649673639],[-73.98714423754254,40.78520842063381],[-73.98714429677078,40.78521035938623],[-73.98714416791594,40.785212294758374],[-73.98714385219002,40.78521420854678],[-73.98714335256258,40.78521608275097],[-73.98714267373299,40.785217899742804],[-73.98714182208609,40.78521964243224],[-73.98714080563218,40.78522129442812],[-73.9871396339317,40.785222840192304],[-73.98712152828985,40.78524446219523],[-73.98712084014889,40.78524559519183],[-73.98711974019088,40.785247220710545],[-73.98711797260066,40.78524957509302],[-73.98711736413833,40.78525034542318],[-73.98651606413833,40.785974345423185],[-73.98651539684583,40.7859751086643],[-73.98651333823919,40.785977346194855],[-73.98651189200771,40.78597876641971],[-73.98650961749415,40.78598078408972],[-73.98650803493717,40.78598205063523],[-73.98650556787948,40.7859838277201],[-73.98650386525233,40.785984927576884],[-73.98650123099105,40.785986445823156],[-73.98650034007304,40.7859869296427],[-73.9861913659334,40.786144714301976],[-73.98618094009943,40.78615017253269],[-73.98614462639995,40.78625145030849],[-73.98614384352446,40.78625332735331],[-73.98614287407028,40.78625511518716],[-73.98614172806207,40.786256795323],[-73.98614041735007,40.78625835038742],[-73.98613895548769,40.7862597643003],[-73.98613735759126,40.78626102244112],[-73.98613564018383,40.786262111800085],[-73.98613382102418,40.78626302111271],[-73.9861319189233,40.786263740976274],[-73.98612995354985,40.78626426394703],[-73.98612794522668,40.78626458461723],[-73.98612591472086,40.78626469967097],[-73.98607361472087,40.786264999670976],[-73.98607145309423,40.78626489497868],[-73.98606931543475,40.786264557336565],[-73.98602491543474,40.78625505733656],[-73.9860230543474,40.78625456436688],[-73.98602124928308,40.78625389473414],[-73.98601951696872,40.78625305464359],[-73.98601787345709,40.786252051880076],[-73.98601633397803,40.78625089573587],[-73.9860149127974,40.78624959692457],[-73.98601362308479,40.786248167481816],[-73.98601247679154,40.786246620653785],[-73.98601148453996,40.7862449707744],[-73.98601065552491,40.78624323313254],[-73.9860099974286,40.78624142383035],[-73.98600951634937,40.78623955963401],[-73.98600921674524,40.78623765781842],[-73.98600910139253,40.78623573600705],[-73.98600917136017,40.78623381200868],[-73.9860094259998,40.786231903652364],[-73.98600986295176,40.786230028622185],[-73.98601047816696,40.78622820429342],[-73.98607101031625,40.7860736997824],[-73.98603455697419,40.786037292730285],[-73.98600404876571,40.78613790846721],[-73.98600374095263,40.786138840607855],[-73.98600274946261,40.78614161269002],[-73.98600199858572,40.78614342608534],[-73.98600074015843,40.78614608763616],[-73.9859998151534,40.786147818700634],[-73.9859983019082,40.786150344087915],[-73.98599721168333,40.78615197615051],[-73.98599545819357,40.78615434105339],[-73.9859942132483,40.78615585839648],[-73.98599223640106,40.78615804003965],[-73.9859908487249,40.78615942805033],[-73.98598866755827,40.78616140542339],[-73.98598715051534,40.78616265073436],[-73.98598478603519,40.78616440479411],[-73.98598315423543,40.786165495412334],[-73.98598062921297,40.78616700926622],[-73.98597889837149,40.78616793468849],[-73.98597623712408,40.78616919375728],[-73.98597442390982,40.78616994507125],[-73.98597165206672,40.78617093722942],[-73.98596977394195,40.78617150719954],[-73.98596691819753,40.78617222289206],[-73.98596499324958,40.7861726060292],[-73.98596208110621,40.786173038363565],[-73.98596012787337,40.7861732309779],[-73.9859571873766,40.78617337579049],[-73.98595522466965,40.78617337602704],[-73.98595228413805,40.78617323192323],[-73.98595033085891,40.78617303977972],[-73.98594741861142,40.78617260814732],[-73.98594549357114,40.786172225474175],[-73.98594263765429,40.78617151047003],[-73.98594075939216,40.78617094095264],[-73.98593798731,40.786169949462625],[-73.98593617391471,40.78616919858573],[-73.98593351236389,40.78616794015845],[-73.98593178129939,40.786167015153424],[-73.9859292559121,40.786165501908215],[-73.98592762384946,40.786164411683316],[-73.98592525894658,40.786162658193554],[-73.98592374160347,40.78616141324825],[-73.9859215599603,40.786159436401],[-73.98592017194972,40.78615804872494],[-73.98591819457666,40.786155867558335],[-73.98591694926567,40.786154350515375],[-73.98591519520592,40.78615198603522],[-73.98591410458766,40.78615035423544],[-73.98591259073378,40.786147829212986],[-73.98591166531148,40.78614609837143],[-73.9859104062427,40.78614343712402],[-73.98590965492878,40.78614162390988],[-73.9859086627706,40.786138852066784],[-73.98590809280043,40.78613697394184],[-73.98590737710792,40.78613411819741],[-73.98590699397081,40.78613219324962],[-73.98590656163644,40.786129281106255],[-73.9859063690221,40.786127327873366],[-73.98590622420951,40.78612438737659],[-73.98590622397298,40.786122424669635],[-73.98590636807678,40.78611948413804],[-73.98590656022029,40.78611753085891],[-73.98590699185269,40.786114618611414],[-73.98590737452582,40.78611269357115],[-73.98590808952997,40.786109837654294],[-73.9859083512343,40.78610889153279],[-73.98595434914668,40.785957190922275],[-73.98589390130121,40.785896831710005],[-73.98585476597847,40.78600029020232],[-73.98585439623896,40.786001199558],[-73.98585322075856,40.786003898768584],[-73.98585234975292,40.78600565762268],[-73.98585091536387,40.786008228618606],[-73.9858498761545,40.78600989362988],[-73.98584819667076,40.78601231165105],[-73.9858469992658,40.78601386678452],[-73.98584509086172,40.786016108544054],[-73.98584374679291,40.78601753882289],[-73.98584162784745,40.786019582731434],[-73.98584015005873,40.78602087438139],[-73.98583784097849,40.78602270075498],[-73.98583624370207,40.78602384133655],[-73.98583376672478,40.78602543258621],[-73.98583206534305,40.78602641111516],[-73.98582944432333,40.786027751916286],[-73.98582765522164,40.78602855896876],[-73.98582491540137,40.786029636408706],[-73.98582305580967,40.78603026421239],[-73.9858202235748,40.78603106791482],[-73.98581831140203,40.78603151042359],[-73.98581541402852,40.78603203264841],[-73.98581346768998,40.78603228560067],[-73.98581053308114,40.78603252131857],[-73.98580857132103,40.78603258227825],[-73.98580562773873,40.786032529219135],[-73.98580366945,40.78603239759918],[-73.98580074524256,40.78603205627404],[-73.98579880928447,40.78603173334199],[-73.98579593261361,40.78603110703797],[-73.98579403763067,40.78603059590388],[-73.98579123620028,40.78602969065264],[-73.985789400442,40.786028996238954],[-73.98578670123142,40.78602782075855],[-73.98578494237731,40.7860269497529],[-73.98578237138138,40.786025515363846],[-73.98578070637011,40.78602447615447],[-73.98577828834895,40.786022796670736],[-73.9857767332155,40.786021599265815],[-73.98577449145596,40.78601969086172],[-73.98577306117708,40.786018346792865],[-73.98577101726855,40.786016227847405],[-73.98576972561867,40.7860147500588],[-73.98576789924508,40.78601244097857],[-73.98576675866343,40.78601084370205],[-73.98576516741377,40.78600836672476],[-73.98576418888483,40.78600666534302],[-73.98576284808371,40.786004044323306],[-73.98576204103124,40.78600225522162],[-73.98576096359129,40.785999515401336],[-73.9857603357876,40.7859976558096],[-73.98575953208518,40.785994823574725],[-73.98575908957643,40.785992911402055],[-73.98575856735161,40.78599001402855],[-73.98575831439933,40.785988067689914],[-73.98575807868144,40.78598513308107],[-73.98575801772175,40.785983171321064],[-73.98575807078086,40.78598022773877],[-73.98575820240083,40.785978269449934],[-73.98575854372598,40.7859753452425],[-73.985758866658,40.78597340928451],[-73.98575949296202,40.785970532613646],[-73.98576000409612,40.78596863763066],[-73.98576090934736,40.785965836200276],[-73.98576123402154,40.78596490979768],[-73.98581630719369,40.78581931786288],[-73.98575470223058,40.78575771290652],[-73.98572458586825,40.7858634021631],[-73.98572429376632,40.78586433934586],[-73.98572334901026,40.78586712770164],[-73.98572262871949,40.78586895346163],[-73.98572141520603,40.78587163578843],[-73.98572051942783,40.78587338215618],[-73.98571904884376,40.78587593262172],[-73.985717986205,40.78587758277858],[-73.98571627271285,40.785879976820496],[-73.98571505344738,40.785881514874546],[-73.98571311354902,40.78588372943689],[-73.98571174939894,40.78588514057591],[-73.98570960177666,40.785887154331235],[-73.9857081058796,40.785888424965094],[-73.98570577121617,40.785890218519846],[-73.98570415797829,40.78589133641176],[-73.98570165875779,40.785892892493024],[-73.98569994371559,40.78589384687698],[-73.98569730400689,40.785895150498845],[-73.98569550367696,40.7858959321837],[-73.98569274890188,40.78589697079156],[-73.9856908806227,40.78589757224914],[-73.98568803731125,40.785898335840656],[-73.98568611907507,40.7858987512787],[-73.98568321460989,40.78589923250005],[-73.98568126489059,40.78589945791761],[-73.98567832724326,40.78589965213438],[-73.98567636481748,40.78589968536059],[-73.98567342227915,40.78589959070236],[-73.98567146604636,40.785899431417214],[-73.98566854695528,40.7858990487956],[-73.98566661575494,40.78589869853311],[-73.98566374822356,40.78589803163297],[-73.98566186065415,40.785897493766335],[-73.98565907229836,40.78589654901027],[-73.98565724653825,40.785895828719454],[-73.98565456421146,40.78589461520598],[-73.98565281784381,40.78589371942782],[-73.98565026737828,40.78589224884375],[-73.98564861722144,40.78589118620503],[-73.98564622317953,40.78588947271288],[-73.98564468512545,40.78588825344738],[-73.9856424705631,40.78588631354903],[-73.98564105942408,40.785884949398955],[-73.98563904566876,40.78588280177668],[-73.98563777503489,40.78588130587959],[-73.98563598148013,40.78587897121616],[-73.98563486358827,40.78587735797834],[-73.985633307507,40.78587485875785],[-73.98563235312298,40.78587314371553],[-73.98563104950112,40.78587050400682],[-73.9856302678163,40.785868703677],[-73.98562922920844,40.78586594890193],[-73.98562862775086,40.7858640806227],[-73.98562786415934,40.78586123731125],[-73.98562744872129,40.785859319075065],[-73.98562696749994,40.78585641460988],[-73.98562674208239,40.785854464890534],[-73.98562654786562,40.7858515272432],[-73.9856265146394,40.78584956481757],[-73.98562660929763,40.78584662227924],[-73.98562676858279,40.785844666046295],[-73.98562715120441,40.78584174695523],[-73.9856275014669,40.7858398157549],[-73.98562816836704,40.78583694822352],[-73.98562841413174,40.7858359978369],[-73.98567375141869,40.78567689282615],[-73.98562687080222,40.78563008146103],[-73.98561024942498,40.78561346009416],[-73.98557132398474,40.7857232131703],[-73.98557097324903,40.785724130023326],[-73.98556985419381,40.78572685311117],[-73.98556901997858,40.78572862971006],[-73.98556763940265,40.785731229998895],[-73.98556663506723,40.785732916275606],[-73.98556500626626,40.785735368723245],[-73.98556384148301,40.785736948437915],[-73.98556198014327,40.78573922942593],[-73.98556066612957,40.78574068736523],[-73.98555859017675,40.78574277492646],[-73.98555713958747,40.78574409704941],[-73.98555486901417,40.78574597107951],[-73.98555329581906,40.785747144653534],[-73.9855508524921,40.785748787104566],[-73.98554917184202,40.785749800827396],[-73.985546579292,40.78575119588165],[-73.98554480737252,40.78575203999062],[-73.98554209056711,40.78575317421297],[-73.98554024444273,40.78575384057884],[-73.98553742954626,40.7857547030461],[-73.9855355269962,40.78575518525141],[-73.98553264111763,40.785755767657555],[-73.98553070046448,40.78575606105839],[-73.98552777139643,40.785756357794526],[-73.98552581132978,40.78575645956529],[-73.98552286728076,40.78575646777369],[-73.98552090667707,40.785756376934266],[-73.98551797599988,40.78575609653587],[-73.98551603374084,40.785755813961096],[-73.98551314465952,40.7857552476563],[-73.98551123945018,40.78575477606753],[-73.98550841978815,40.785753929310154],[-73.98550656997668,40.785753273249036],[-73.98550384688883,40.78575215419382],[-73.98550207028991,40.78575131997857],[-73.98549947000107,40.78574993940263],[-73.98549778372441,40.78574893506724],[-73.98549533127678,40.78574730626627],[-73.98549375156212,40.785746141483045],[-73.98549147057409,40.7857442801433],[-73.98549001263477,40.78574296612958],[-73.98548792507354,40.78574089017677],[-73.98548660295057,40.785739439587466],[-73.98548472892047,40.78573716901415],[-73.98548355534646,40.78573559581907],[-73.98548191289544,40.78573315249212],[-73.9854808991726,40.78573147184202],[-73.98547950411835,40.785728879291995],[-73.98547866000938,40.78572710737249],[-73.98547752578703,40.785724390567076],[-73.9854768594212,40.78572254444281],[-73.98547599695392,40.78571972954633],[-73.98547551474859,40.78571782699621],[-73.98547493234244,40.785714941117654],[-73.9854746389416,40.78571300046449],[-73.98547434220546,40.78571007139644],[-73.98547424043471,40.78570811132973],[-73.98547423222632,40.78570516728071],[-73.98547432306574,40.785703206677056],[-73.98547460346414,40.78570027599988],[-73.9854748860389,40.78569833374088],[-73.98547545234369,40.78569544465957],[-73.9854759239325,40.785693539450094],[-73.98547677068989,40.785690719788064],[-73.98547707601526,40.78568978682971],[-73.98553190541159,40.78553519140641],[-73.98552996070559,40.78553325324823],[-73.98542060778921,40.78569223462943],[-73.98544042383607,40.78569974675803],[-73.9854413329256,40.78570011715154],[-73.98544403128997,40.785701294573165],[-73.9854457895171,40.785702166843706],[-73.98544835948061,40.78570360308168],[-73.98545002374391,40.78570464348837],[-73.98545244055641,40.78570632471094],[-73.98545399482822,40.78570752323417],[-73.98545623521449,40.78570943325025],[-73.98545766452622,40.78571077834755],[-73.98545970691009,40.785712898762625],[-73.98546099749669,40.785714377479934],[-73.9854628222089,40.78571668787326],[-73.9854639616413,40.78571828596972],[-73.98546555110889,40.78572076409095],[-73.98546652841384,40.78572246617615],[-73.98546786732933,40.785725088159616],[-73.98546867309469,40.78572687784129],[-73.98546974856363,40.78572961843585],[-73.98547037502959,40.78573147847872],[-73.9854711766946,40.785734311290966],[-73.98547161782783,40.785736223781434],[-73.98547213796846,40.785739121529815],[-73.98547238952067,40.78574106804977],[-73.98547262312768,40.78574400282741],[-73.98547268267627,40.78574596463094],[-73.98547262749987,40.785748908174305],[-73.98547249447137,40.78575086636786],[-73.98547215104296,40.78575379032903],[-73.9854718267185,40.785755726054255],[-73.98547119834548,40.78575860227388],[-73.98547068584845,40.78576049688877],[-73.9854697785824,40.78576329766729],[-73.9854690828485,40.7857651329255],[-73.98546790542689,40.785767831289874],[-73.9854670331563,40.785769589517116],[-73.98546559691832,40.785772159480636],[-73.98546455651159,40.78577382374397],[-73.98546287528902,40.78577624055647],[-73.98546224627918,40.78577705627053],[-73.98546246789303,40.78577715494522],[-73.98546421956485,40.7857780403065],[-73.98546677874367,40.7857794956744],[-73.9854684352001,40.785780548466256],[-73.98547083940478,40.78578224766955],[-73.98547238469328,40.78578345775306],[-73.98547461077001,40.7857853844275],[-73.98547603000861,40.785786740148886],[-73.98547805651906,40.785788875739534],[-73.9854793360397,40.78579036404247],[-73.98548114346745,40.78579268798242],[-73.98548227094763,40.78579429453369],[-73.98548384188618,40.785796784442134],[-73.98548480646768,40.78579849376982],[-73.98548612578803,40.785801125667575],[-73.98548691818144,40.78580292130995],[-73.9854879731778,40.78580566985041],[-73.98548858575184,40.78580753451433],[-73.98548936626403,40.78581037322755],[-73.98548979311936,40.78581228895546],[-73.98549029163061,40.78581519050307],[-73.98549052865634,40.78581713884528],[-73.98549074036573,40.78582007528379],[-73.98549078527917,40.78582203747677],[-73.98549070814782,40.78582498052668],[-73.98549056051645,40.785826937673555],[-73.98549019528717,40.785829858991676],[-73.98548985653275,40.785831792243854],[-73.9854892067229,40.7858346636963],[-73.98548868010784,40.78583655443562],[-73.98548775197544,40.78583934836874],[-73.9854870425713,40.78584117838632],[-73.98548584505478,40.785843867893],[-73.98548495969354,40.785845619564796],[-73.98548350432564,40.78584817874362],[-73.98548245153371,40.78584983520016],[-73.9854807523304,40.78585223940484],[-73.98547954224696,40.78585378469325],[-73.98547761557253,40.78585601076998],[-73.98547625985111,40.785857430008605],[-73.98547412426046,40.78585945651905],[-73.98547263595756,40.78586073603967],[-73.98547031201761,40.78586254346743],[-73.9854687054663,40.78586367094764],[-73.98546621555786,40.785865241886185],[-73.98546450623016,40.7858662064677],[-73.98546187433239,40.78586752578805],[-73.98546007869007,40.785868318181414],[-73.98545733014961,40.785869373177775],[-73.98545546548563,40.78586998575184],[-73.98545262677241,40.785870766264026],[-73.98545071104459,40.785871193119334],[-73.98544780949699,40.7858716916306],[-73.98544586115472,40.78587192865633],[-73.9854429247162,40.78587214036572],[-73.98544096252323,40.78587218527917],[-73.98543801947334,40.78587210814782],[-73.98543606232647,40.785871960516445],[-73.98543314100834,40.78587159528716],[-73.9854312077562,40.78587125653276],[-73.98542833630376,40.785870606722916],[-73.98542644556434,40.78587008010782],[-73.98542365163124,40.785869151975426],[-73.98542272791502,40.78586881973556],[-73.98532519438902,40.785831010980324],[-73.98531172542488,40.785850597099646],[-73.98535279350693,40.785866135271704],[-73.98535370283649,40.785866505075475],[-73.985356401964,40.78586768074661],[-73.98535816075655,40.78586855187654],[-73.98536073165111,40.78586998644727],[-73.98536239658894,40.78587102577428],[-73.98536481449142,40.78587270542888],[-73.98536636954029,40.785873902943734],[-73.98536861116496,40.78587581150623],[-73.98537004134879,40.78587715567608],[-73.9853720851076,40.78587927476597],[-73.98537337665313,40.78588075264594],[-73.98537520286354,40.78588306185522],[-73.98537634333226,40.78588465921227],[-73.98537793440688,40.785887136302],[-73.9853789128156,40.785888837752886],[-73.98538025343152,40.78589145886734],[-73.98538106035757,40.785893248026056],[-73.9853821376039,40.785895987922466],[-73.98538276527617,40.78589784755851],[-73.98538356877846,40.785900679850165],[-73.98538401115212,40.78590259205422],[-73.9853845331722,40.785905489464625],[-73.98538478598691,40.785907435821024],[-73.98538502149744,40.785910370446516],[-73.9853850823185,40.78591233221086],[-73.98538502905139,40.7859152757894],[-73.98538489729305,40.78591723406887],[-73.98538455576127,40.78592015825218],[-73.98538423269243,40.78592209418748],[-73.98538360618512,40.78592497081408],[-73.98538309491713,40.78592686576089],[-73.98538218946793,40.78592966712729],[-73.98538149492452,40.78593150283648],[-73.98538031925338,40.785934201964004],[-73.98537944812347,40.78593596075654],[-73.98537801355275,40.7859385316511],[-73.98537697422572,40.78594019658893],[-73.98537529457111,40.78594261449141],[-73.9853740970563,40.785944169540265],[-73.98537281027357,40.785945680878726],[-73.98537326786948,40.78594597522466],[-73.9853748644772,40.78594711674229],[-73.98537717248655,40.785948944468956],[-73.98537864951784,40.78595023698477],[-73.98538076726497,40.78595228213491],[-73.9853821104953,40.785953713201316],[-73.98538401758512,40.785955956079015],[-73.98538521407836,40.78595751191403],[-73.98538689214458,40.785959930919155],[-73.98538793037784,40.7859615965392],[-73.98538936325974,40.7859641683754],[-73.98539023323437,40.785965927739745],[-73.98539140713252,40.785968627638844],[-73.98539210047011,40.78597046380381],[-73.98539300407923,40.78597326576429],[-73.98539351410255,40.78597516104655],[-73.9853941387204,40.785978038084004],[-73.98539446051768,40.78597997423102],[-73.98539480012883,40.78598289863801],[-73.98539493060098,40.785984857003506],[-73.9853949819348,40.7859878006164],[-73.98539491982531,40.78598976234048],[-73.98539468238742,40.78599269681066],[-73.98539442829441,40.785994643000635],[-73.98539390437148,40.785997540067555],[-73.98539346074205,40.78599945198054],[-73.98539265537974,40.78600228374386],[-73.98539202648622,40.7860041429673],[-73.9853909474406,40.786006882155604],[-73.98539013933961,40.78600867078402],[-73.98538879700249,40.78601129101742],[-73.98538781747654,40.78601299182526],[-73.98538622477535,40.78601546786947],[-73.98538567361378,40.78601628018468],[-73.98536156976198,40.7860499935455],[-73.98536815254903,40.78605283529246],[-73.9854074495999,40.78599589851108],[-73.98540802686492,40.78599510453361],[-73.98540981605481,40.78599276652345],[-73.98541108389176,40.78599126825512],[-73.98541309363128,40.78598911687439],[-73.98541450221926,40.78598775009035],[-73.98541671315353,40.78598580605802],[-73.985418248927,40.7859845839212],[-73.9854206397635,40.785982865959376],[-73.98542228793217,40.785981800239604],[-73.98542483564583,40.785980324893195],[-73.98542658033696,40.78597942585391],[-73.98542926039194,40.785978207331304],[-73.98543108480314,40.78597748363079],[-73.98543387138902,40.785976533667025],[-73.98543575795021,40.7859759922749],[-73.98543862423064,40.78597532001865],[-73.98544055477332,40.78597496614879],[-73.98544347314447,40.78597457807426],[-73.98544542907625,40.78597441513466],[-73.9854483714326,40.7859743149792],[-73.98545033391697,40.78597434453905],[-73.98545327192203,40.78597453326722],[-73.9854552220591,40.78597475504183],[-73.98545812741826,40.78597523083607],[-73.9854600464272,40.785975642689635],[-73.98546289116027,40.7859764009678],[-73.98546476055995,40.78597699893395],[-73.98546751727059,40.785978032393395],[-73.98546931905767,40.78597881071339],[-73.98547196119726,40.78598010940134],[-73.98547367801952,40.78598106057951],[-73.9854761801428,40.785982611988885],[-73.9854777954664,40.78598372686493],[-73.98548013347656,40.78598551605482],[-73.98548163174488,40.785986783891765],[-73.9854837831256,40.78598879363128],[-73.98548514990965,40.78599020221926],[-73.98548709394197,40.78599241315352],[-73.9854883160788,40.78599394892701],[-73.98549003404062,40.78599633976351],[-73.98549109976037,40.785997987932134],[-73.98549257510679,40.78600053564581],[-73.98549347414611,40.786002280337],[-73.98549469266871,40.78600496039197],[-73.9854954163692,40.78600678480313],[-73.98549636633297,40.786009571389],[-73.9854969077251,40.78601145795022],[-73.98549757998136,40.78601432423065],[-73.9854979338512,40.78601625477327],[-73.98549832192575,40.786019173144425],[-73.98549848486535,40.78602112907625],[-73.9854985850208,40.7860240714326],[-73.98549855546096,40.78602603391703],[-73.98549836673278,40.78602897192208],[-73.98549814495817,40.78603092205915],[-73.98549766916392,40.7860338274183],[-73.98549725731036,40.78603574642719],[-73.9854964990322,40.786038591160256],[-73.98549590106606,40.78604046055991],[-73.98549486760662,40.78604321727055],[-73.98549408928662,40.78604501905765],[-73.98549279059867,40.78604766119724],[-73.98549183942049,40.78604937801953],[-73.9854902880111,40.786051880142814],[-73.98548975040009,40.78605270148892],[-73.9854617816724,40.78609322486915],[-73.98547095120544,40.78609718276411],[-73.98550929643469,40.78604382208911],[-73.98550988867505,40.78604303921857],[-73.98551172194664,40.786040735611124],[-73.98551301801065,40.78603926169225],[-73.98551506824755,40.78603714886934],[-73.98551650254,40.78603580908427],[-73.98551874999731,40.78603390739354],[-73.98552030870509,40.78603271464518],[-73.98552273173857,40.78603104240095],[-73.98552439985052,40.786030008176084],[-73.98552697512501,40.78602858148298],[-73.98552873657637,40.786027715741724],[-73.98553143929061,40.78602654833958],[-73.98553327711754,40.78602585941954],[-73.98553608124288,40.786024962551075],[-73.98553797774612,40.786024457086924],[-73.98554085627731,40.78602383938947],[-73.9855427931926,40.78602352224908],[-73.98554571840782,40.78602318967141],[-73.98554767708146,40.78602306390904],[-73.98555062080928,40.78602301965405],[-73.98555258237822,40.786023086480846],[-73.98555551626893,40.786023330974736],[-73.98555746184228,40.78602358974713],[-73.9855603576409,40.7860241206353],[-73.9855622684816,40.78602456886115],[-73.98556509830004,40.786025381030846],[-73.98556695600577,40.78602601439354],[-73.9855696925913,40.786027100023134],[-73.98557147927117,40.78602791242297],[-73.98557409626899,40.786029261057244],[-73.98557579471647,40.786030244670435],[-73.98557826692345,40.78603184332131],[-73.98557986078146,40.78603298867509],[-73.9855821643889,40.78603482194668],[-73.98558363830774,40.786036118010664],[-73.98558575113066,40.786038168247565],[-73.98558709091573,40.78603960254001],[-73.98558899260645,40.78604184999732],[-73.98559018535477,40.78604340870504],[-73.985591857599,40.78604583173851],[-73.98559289182394,40.786047499850554],[-73.98559431851704,40.78605007512506],[-73.98559518425827,40.78605183657636],[-73.98559635166042,40.786054539290596],[-73.98559704058044,40.7860563771175],[-73.98559793744892,40.78605918124284],[-73.9855984429131,40.78606107774622],[-73.98559906061054,40.78606395627741],[-73.9855993777509,40.78606589319249],[-73.98559971032859,40.78606881840771],[-73.98559983609097,40.786070777081456],[-73.98559988034596,40.78607372080928],[-73.98559981351914,40.78607568237832],[-73.98559956902524,40.78607861626904],[-73.98559931025287,40.78608056184223],[-73.98559877936471,40.78608345764086],[-73.98559833113883,40.78608536848165],[-73.98559751896913,40.78608819830009],[-73.98559688560648,40.7860900560057],[-73.9855957999769,40.786092792591226],[-73.985594987577,40.78609457927124],[-73.98559363894272,40.78609719626907],[-73.98559265532955,40.78609889471647],[-73.98559105667869,40.78610136692345],[-73.9855905035653,40.78610217791089],[-73.98556499049322,40.78613768153871],[-73.98557867536792,40.78614357685903],[-73.98557922903554,40.78614381518315],[-73.98560652490339,40.78610448971346],[-73.98560710426744,40.78610369726646],[-73.98560889963818,40.78610136399925],[-73.98561017143564,40.786099869091196],[-73.98561218686136,40.78609772303641],[-73.98561359906132,40.78609635998475],[-73.98561581513238,40.78609442181006],[-73.98561735413469,40.78609320374163],[-73.9856197495091,40.78609149211274],[-73.98562140049222,40.786090430758286],[-73.98562395210121,40.786088962159106],[-73.98562569916533,40.78608806774],[-73.98562838243551,40.78608685631394],[-73.98563020875551,40.78608613744392],[-73.98563299784554,40.78608519485768],[-73.9856348858328,40.78608465845989],[-73.98563775388219,40.78608399379109],[-73.9856396853545,40.78608364503131],[-73.9856426047424,40.78608326468107],[-73.98564456109861,40.786083106918056],[-73.9856475037097,40.78608301454936],[-73.98564946610894,40.786083049302455],[-73.98565240360426,40.78608324580486],[-73.98565435314767,40.786083472739385],[-73.98565725723755,40.78608395622047],[-73.98565917514986,40.7860843731509],[-73.98566201786632,40.786085138954476],[-73.98566388567706,40.78608574186556],[-73.98566663964318,40.78608678261653],[-73.98566843936423,40.78608756570188],[-73.98567107805783,40.786088871377224],[-73.985672792357,40.78608982709534],[-73.98567529036599,40.7860913851207],[-73.98567690273359,40.786092504267486],[-73.98567923600079,40.78609429963823],[-73.98568073090877,40.786095571435624],[-73.98568287696357,40.78609758686135],[-73.98568424001525,40.786098999061345],[-73.98568617818992,40.78610121513239],[-73.98568739625837,40.78610275413471],[-73.98568910788725,40.78610514950911],[-73.98569016924166,40.78610680049217],[-73.98569163784086,40.786109352101164],[-73.98569253226002,40.786111099165375],[-73.98569374368607,40.78611378243556],[-73.98569446255607,40.786115608755495],[-73.98569540514231,40.78611839784552],[-73.9856959415401,40.78612028583281],[-73.9856966062089,40.78612315388221],[-73.98569695496867,40.7861250853545],[-73.98569733531892,40.786128004742395],[-73.98569749308194,40.78612996109862],[-73.98569758545064,40.78613290370971],[-73.98569755069754,40.78613486610899],[-73.98569735419512,40.78613780360431],[-73.98569712726061,40.786139753147665],[-73.98569664377952,40.78614265723755],[-73.98569622684909,40.786144575149855],[-73.98569546104551,40.78614741786632],[-73.98569485813444,40.786149285677034],[-73.98569381738348,40.786152039643156],[-73.98569303429812,40.78615383936422],[-73.98569172862278,40.78615647805781],[-73.98569077290463,40.786158192357036],[-73.98568921487926,40.78616069036604],[-73.9856886750966,40.78616151028654],[-73.98567303227836,40.78618404707407],[-73.98569077591719,40.78619145127507],[-73.98570185239328,40.7861770358033],[-73.98570246941907,40.786176272315174],[-73.98570437557557,40.78617402864421],[-73.98570571821041,40.786172597019025],[-73.98570783510647,40.78617055098797],[-73.98570931159985,40.786169257857765],[-73.98571161884858,40.786167429170995],[-73.98571321498122,40.78616628698919],[-73.98571569036255,40.78616469325798],[-73.98571739076279,40.78616371302444],[-73.98572001043748,40.78616236959728],[-73.98572179872951,40.786161560752205],[-73.98572453746864,40.786160480567034],[-73.98572639643021,40.78615985090004],[-73.98572922785822,40.786159044359636],[-73.9857311395865,40.78615859993477],[-73.98573403643519,40.78615807480655],[-73.98573598251927,40.78615781990385],[-73.98573891689041,40.786157581245085],[-73.98574087858843,40.786157518319406],[-73.98574382222242,40.78615756842852],[-73.9857457806421,40.78615769808587],[-73.98574870519015,40.78615803648029],[-73.98575064147082,40.786158357472],[-73.98575351876791,40.78615898089278],[-73.98575541426224,40.78615949012754],[-73.98575821659843,40.786160392570814],[-73.98576005305165,40.786161085144386],[-73.98576275343892,40.78616225791913],[-73.98576451316508,40.78616312716168],[-73.98576708559722,40.78616455897343],[-73.9857687516491,40.78616559651365],[-73.98577117135218,40.78616727357328],[-73.98577272768492,40.78616846941914],[-73.98577497135587,40.786170375575644],[-73.9857764029809,40.78617171821035],[-73.98577844901197,40.786173835106396],[-73.98577974214226,40.78617531159986],[-73.98578157082902,40.78617761884859],[-73.98578271301083,40.78617921498126],[-73.98578430674205,40.78618169036261],[-73.98578528697557,40.78618339076282],[-73.98578663040273,40.786186010437504],[-73.98578743924779,40.78618779872949],[-73.98578851943296,40.78619053746861],[-73.98578914909994,40.78619239643016],[-73.98578995564036,40.786195227858165],[-73.98579040006523,40.78619713958646],[-73.98579092519346,40.786200036435154],[-73.98579118009617,40.78620198251932],[-73.98579141875493,40.78620491689047],[-73.9857914816806,40.78620687858849],[-73.98579143157147,40.786209822222474],[-73.98579130191413,40.78621178064203],[-73.98579096351973,40.78621470519006],[-73.985790642528,40.786216641470865],[-73.98579001910721,40.78621951876795],[-73.98578950987248,40.78622141426222],[-73.9857886074292,40.78622421659841],[-73.98578791485562,40.78622605305167],[-73.98578674208088,40.786228753438934],[-73.98578587283833,40.786230513165066],[-73.98578444102658,40.7862330855972],[-73.98578340348635,40.786234751649104],[-73.98578172642672,40.786237171352184],[-73.98578114760673,40.78623796419671],[-73.9857467740249,40.78628269966986],[-73.98570739907336,40.78633483409938],[-73.98570678840521,40.78633560268215],[-73.98570490093529,40.78633786209564],[-73.98570357022828,40.78633930481441],[-73.9857014703858,40.7863413683438],[-73.98570000467534,40.786342673683386],[-73.98569771268292,40.78634452145577],[-73.98569612608455,40.78634567684506],[-73.98569366401533,40.78634729106537],[-73.98569197180896,40.786348285377294],[-73.98568936337404,40.7863496504997],[-73.9856875818565,40.78635047415851],[-73.9856848521765,40.78635157703615],[-73.98568299850474,40.78635222210958],[-73.98568017386798,40.786353052121136],[-73.98567826589392,40.786353512396744],[-73.98567537350321,40.78635406154875],[-73.98567342960169,40.78635433259384],[-73.98567049731231,40.786354595597665],[-73.98566853620409,40.78635467480194],[-73.9856655922556,40.78635464912471],[-73.98566363282731,40.78635453572537],[-73.98566070557156,40.786354221614374],[-73.98565876669352,40.786353916703526],[-73.98565588432156,40.78635331718382],[-73.98565398466623,40.78635282369791],[-73.98565117493688,40.78635194454319],[-73.98564933279901,40.78635126723479],[-73.98564662277153,40.78635011691182],[-73.98564485589186,40.78634926230374],[-73.98564227166526,40.78634785189073],[-73.98564059705986,40.78634682821333],[-73.98563816352166,40.78634517129335],[-73.98563659731789,40.78634398840523],[-73.9856343379044,40.786342100935315],[-73.9856328951856,40.78634077022827],[-73.98563083165621,40.78633867038579],[-73.98562952631659,40.786337204675284],[-73.98562767854422,40.786334912682875],[-73.98562652315496,40.78633332608457],[-73.98562490893465,40.78633086401536],[-73.98562391462274,40.78632917180899],[-73.9856234758662,40.78632833344618],[-73.98562256909655,40.78632941019348],[-73.98562123267716,40.786330847622345],[-73.98561912466577,40.78633290280603],[-73.98561765378896,40.78633420232127],[-73.985615354485,40.78633604098744],[-73.98561376331605,40.786337190074065],[-73.98561129486308,40.78633879451535],[-73.98560959872584,40.78633978210697],[-73.98560698489638,40.78634113687174],[-73.98560520012562,40.78634195345732],[-73.9856024660923,40.78634304549843],[-73.98560060987631,40.786343683213794],[-73.98559778196936,40.7863445020143],[-73.98559587218455,40.786344954717904],[-73.98559297763826,40.786345492392314],[-73.98559103267684,40.78634575572438],[-73.98558809936726,40.78634600709459],[-73.98558613796031,40.78634607851909],[-73.98558319413685,40.786346041164265],[-73.98558123517378,40.78634591999333],[-73.98557830918705,40.78634559427322],[-73.9855763715338,40.78634528167381],[-73.98557349156263,40.786344670725285],[-73.98557159387973,40.78634416970787],[-73.98556878765984,40.78634327941468],[-73.9855669482232,40.786342594804395],[-73.98556424278001,40.786341433740574],[-73.98556247930419,40.78634057213049],[-73.98555990069262,40.7863391514777],[-73.98555823016109,40.78633812116572],[-73.98555580321455,40.78633645460563],[-73.98555424171526,40.786335265514126],[-73.9855519898066,40.786333369096624],[-73.98555055237765,40.78633203267718],[-73.98554849719396,40.78632992466579],[-73.98554719767868,40.786328453788926],[-73.98554535901252,40.78632615448496],[-73.98554420992595,40.78632456331607],[-73.98554260548465,40.78632209486309],[-73.985541617893,40.78632039872583],[-73.98554026312824,40.78631778489637],[-73.98553944654266,40.786316000125574],[-73.98553835450156,40.78631326609226],[-73.98553771678623,40.786311409876355],[-73.98553689798571,40.7863085819694],[-73.9855364452821,40.78630667218455],[-73.98553590760768,40.78630377763827],[-73.98553564427561,40.78630183267685],[-73.9855356107,40.786301440873586],[-73.98553426316212,40.78630243929045],[-73.98553181449374,40.78630407376746],[-73.9855301305478,40.78630508200599],[-73.98552753346365,40.78630646860107],[-73.98552575880173,40.78630730692907],[-73.98552303831316,40.78630843228855],[-73.98552119002625,40.78630909263247],[-73.98551837233306,40.78630994591853],[-73.98551646822114,40.78631042191893],[-73.98551358045925,40.786310994913954],[-73.98551163885995,40.78631128198666],[-73.98550870884009,40.786311569172405],[-73.98550674845201,40.78631166455278],[-73.98550380439188,40.78631166316347],[-73.98550184409478,40.78631156593292],[-73.98549891434729,40.78631127598195],[-73.98549697301976,40.78631098707688],[-73.98549408579996,40.78631041135663],[-73.98549218213807,40.78630993355933],[-73.98548936525148,40.7863090776143],[-73.98548751758867,40.786308415526264],[-73.98548479816343,40.786307287599676],[-73.9854830242935,40.78630644759711],[-73.98548042851918,40.78630505855151],[-73.98547874552561,40.78630404872415],[-73.98547629840094,40.78630241193681],[-73.98547472249186,40.78630124200985],[-73.98547244758396,40.78629937324392],[-73.98547099393616,40.786298054484334],[-73.98546891315367,40.78629597173706],[-73.98546759576664,40.786294516845274],[-73.98546572914861,40.78629224017465],[-73.98546456070953,40.78629066316211],[-73.98546292623251,40.786288214493716],[-73.98546191799399,40.78628653054775],[-73.98546053139891,40.7862839334636],[-73.98545969307095,40.786282158801775],[-73.98545856771146,40.786279438313215],[-73.9854579073675,40.7862775900262],[-73.98545705408145,40.786274772333016],[-73.98545657808108,40.786272868221175],[-73.98545600508605,40.786269980459295],[-73.98545571801331,40.78626803885985],[-73.98545555566498,40.78626638249678],[-73.98545512129158,40.78626680590692],[-73.98545365029557,40.78626810528736],[-73.98545135082304,40.786269943742724],[-73.98544975954874,40.78627109268345],[-73.98544729094867,40.78627269689842],[-73.9854455947209,40.78627368433453],[-73.98544298076725,40.78627503885965],[-73.9854411959217,40.786275855281566],[-73.98543846178828,40.78627694707202],[-73.98543660551377,40.786277584617224],[-73.98543377753175,40.78627840315846],[-73.98543186770549,40.78627885568696],[-73.98542897310992,40.786279393095995],[-73.98542702812432,40.786279656249754],[-73.98542409479172,40.78627990735103],[-73.98542213337825,40.7862799785957],[-73.98541918955821,40.786279940970985],[-73.9854172306063,40.786279819620454],[-73.98541430464944,40.786279493632094],[-73.98541236702481,40.78627918085503],[-73.98540948710966,40.78627856964247],[-73.98540758947273,40.78627806845109],[-73.98540478333449,40.78627717790064],[-73.9854029439606,40.7862764931217],[-73.98540023862387,40.78627533180984],[-73.98539847522707,40.7862744700381],[-73.98539589674576,40.78627304914891],[-73.98539422630863,40.786272018683746],[-73.9853917995149,40.78627035190116],[-73.98539023812461,40.78626916266647],[-73.98538798638982,40.786267266042515],[-73.9853865490835,40.78626592949137],[-73.98538449409308,40.78626382129158],[-73.98538319471267,40.78626235029559],[-73.9853813562573,40.78626005082307],[-73.98538020731655,40.78625845954875],[-73.98537860310158,40.786255990948675],[-73.9853776156655,40.78625429472097],[-73.98537626114037,40.78625168076732],[-73.98537544471841,40.78624989592167],[-73.98537435292796,40.78624716178824],[-73.98537371538278,40.78624530551378],[-73.98537289684154,40.78624247753177],[-73.98537244431301,40.7862405677054],[-73.98537237492538,40.786240193969334],[-73.98537076861713,40.786240957508014],[-73.98536805084764,40.786242089418344],[-73.98536620415703,40.78624275421317],[-73.98536338852774,40.786243614285056],[-73.98536148556806,40.7862440948714],[-73.985358599195,40.78624467482187],[-73.98535665829293,40.786244966571395],[-73.98535372897346,40.786245260815214],[-73.98535176882088,40.78624536091821],[-73.98534882476594,40.78624536662164],[-73.98534686424024,40.786245274114066],[-73.9853439338027,40.78624499122219],[-73.9853419917848,40.78624470699494],[-73.98533910318638,40.78624413823216],[-73.985337198379,40.78624366502252],[-73.98533437943846,40.78624281586633],[-73.98533253018584,40.78624215823152],[-73.98532980805113,40.786241036859764],[-73.98532803216268,40.786240201133204],[-73.98532543304945,40.786238818345296],[-73.98532374762793,40.786237812575486],[-73.98532129656705,40.78623618168843],[-73.98531971784395,40.786235015561466],[-73.98531743844049,40.7862331522816],[-73.98531598161979,40.78623183702792],[-73.98531389582566,40.78622975929965],[-73.98531257493741,40.78622830758594],[-73.98531070283991,40.78622603541891],[-73.9853095306049,40.78622446122588],[-73.98530789023337,40.78622201650232],[-73.98530687794087,40.78622033499027],[-73.98530548509301,40.7862177412542],[-73.98530464249201,40.78621596861719],[-73.98530351058167,40.78621325084771],[-73.98530284578683,40.78621140415705],[-73.98530227046471,40.786209520717065],[-73.98529987310876,40.78621084519595],[-73.98529811064992,40.786211708884416],[-73.98529540657741,40.78621287313692],[-73.98529356794913,40.786213559915275],[-73.98529076278078,40.78621445351613],[-73.9852888656899,40.78621495677039],[-73.985285986441,40.78621557111373],[-73.98528404915757,40.786215885997265],[-73.98528112355686,40.78621621516663],[-73.98527916473797,40.78621633864693],[-73.98527622096059,40.786216379472236],[-73.98527425947084,40.78621631036012],[-73.98527132586698,40.786216062448204],[-73.9852693805965,40.78621580140927],[-73.98526648541835,40.78621526714766],[-73.98526457510106,40.78621481669582],[-73.98526174623078,40.78621400122973],[-73.98525988926431,40.78621336570314],[-73.98525715394547,40.786212276885976],[-73.98525536821327,40.78621146240506],[-73.98525275278848,40.78621011072272],[-73.98525105548815,40.78620912513139],[-73.98524858514538,40.78620752360131],[-73.98524699262288,40.78620637639135],[-73.98524469115289,40.78620454043714],[-73.98524321874503,40.78620324265679],[-73.98524110831222,40.78620118995969],[-73.98523977019917,40.78619975410735],[-73.98523787112818,40.78619750443597],[-73.98523668019662,40.7861959443396],[-73.98523501077652,40.786193519359486],[-73.98523397849577,40.78619185004364],[-73.98523255480401,40.78618927310869],[-73.98523169111562,40.786187510649995],[-73.9852305268631,40.786184806577495],[-73.98522984008471,40.786182967949124],[-73.98522894648386,40.78618016278077],[-73.98522844322959,40.786178265689834],[-73.98522782888625,40.78617538644093],[-73.98522751400273,40.786173449157566],[-73.98522718483336,40.786170523556855],[-73.98522706135307,40.78616856473801],[-73.98522702052776,40.78616562096063],[-73.98522708963988,40.78616365947085],[-73.98522733755179,40.78616072586698],[-73.98522750435515,40.78615948284299],[-73.98522612888209,40.78615970298113],[-73.98522320249012,40.7861600250401],[-73.98522124337698,40.78616014375995],[-73.98521829950907,40.78616017743154],[-73.98521633819304,40.786160103553065],[-73.98521340520028,40.78615984851301],[-73.98521146056987,40.786159582747686],[-73.98520856669856,40.78615904145215],[-73.98520665748161,40.78615858635944],[-73.98520383060134,40.786157764021404],[-73.9852019751847,40.78615712398412],[-73.98519924251983,40.78615602852314],[-73.98519745877215,40.786155209705164],[-73.98519484663977,40.78615385167114],[-73.98519315173951,40.78615286195815],[-73.98519068529588,40.78615125442968],[-73.9851890955659,40.78615010335319],[-73.9851867985642,40.786148261811654],[-73.98518532931435,40.78614696045703],[-73.98518322387599,40.78614490263749],[-73.98518228525917,40.786143890541595],[-73.98518270592236,40.78614449617765],[-73.98518426475547,40.78614699368267],[-73.98518522102793,40.78614870767269],[-73.98518652755654,40.7861513459439],[-73.98518731122391,40.786153145411745],[-73.9851883528654,40.78615589904116],[-73.98518895638043,40.78615776665668],[-73.98518972310328,40.78616060912534],[-73.98519014065394,40.786162526902764],[-73.98519062507415,40.786165430836135],[-73.98519085263912,40.786167380306125],[-73.98519105009146,40.78617031773775],[-73.98519108547917,40.78617228012555],[-73.9851909940621,40.78617522276635],[-73.98519083693174,40.786177179173535],[-73.9851904575256,40.786180098684284],[-73.98519010939047,40.786182030269245],[-73.9851894456492,40.78618489853344],[-73.98518890986198,40.78618678669412],[-73.98518796817774,40.786189576088816],[-73.9851872498984,40.786191402641116],[-73.98518603934015,40.78619408630292],[-73.98518514548606,40.78619583365621],[-73.98518367771212,40.78619838573999],[-73.9851826168916,40.78620003706629],[-73.98518090603744,40.78620243299409],[-73.98517968846674,40.78620397239026],[-73.9851777510088,40.78620618908798],[-73.98517638841393,40.78620760172863],[-73.98517424301103,40.78620961784825],[-73.98517274851437,40.786210890129055],[-73.98517041582788,40.78621268625426],[-73.98516880382229,40.786213805922394],[-73.98516630631727,40.7862153647555],[-73.98516459232732,40.78621632102792],[-73.98516195405611,40.786217627556525],[-73.98516015458836,40.786218411223864],[-73.98515740095894,40.786219452865375],[-73.98515553334325,40.78622005638046],[-73.98515269087459,40.78622082310329],[-73.98515077309723,40.78622124065392],[-73.98514786916385,40.786221725074135],[-73.98514591969398,40.7862219526391],[-73.98514298226236,40.786222150091454],[-73.98514101987442,40.78622218547917],[-73.98513807723361,40.78622209406208],[-73.98513612082652,40.786221936931746],[-73.98513320131578,40.78622155752562],[-73.98513306380475,40.786221532741614],[-73.9851330875498,40.78622157433344],[-73.98513441999522,40.78622419961079],[-73.98513522134469,40.78622599127422],[-73.98513629005184,40.78622873451264],[-73.98513691192886,40.78623059609473],[-73.9851377066055,40.78623343087533],[-73.98513814302103,40.78623534444782],[-73.98513865601402,40.7862382434701],[-73.9851389027652,40.78624019060461],[-73.9851391291341,40.78624312594941],[-73.98513918384455,40.786245087893704],[-73.98513912140932,40.786248031292054],[-73.98513898355216,40.78624998915168],[-73.98513863291407,40.786252912257034],[-73.98513830381695,40.78625484717645],[-73.98513766835288,40.786257721837714],[-73.98513715118511,40.786259615183106],[-73.98513623701487,40.78626241371572],[-73.98513553675718,40.78626424725263],[-73.98513435268477,40.78626694270519],[-73.98513347608096,40.786268698775885],[-73.98513203350963,40.78627126518971],[-73.98513098900186,40.786272926882276],[-73.98512930182436,40.786275339541405],[-73.98512809947178,40.78627689085286],[-73.98512618393654,40.786279126522054],[-73.9851248353186,40.78628055251226],[-73.9851227098733,40.786282589660814],[-73.98512122797777,40.786283876596876],[-73.98511891309158,40.78628569560593],[-73.98511731219003,40.786286831093854],[-73.98511483015659,40.78628841444536],[-73.98511312566654,40.78628938754981],[-73.98511050038918,40.78629071999523],[-73.98510870872579,40.78629152134467],[-73.98510596548738,40.78629259005182],[-73.9851041039053,40.78629321192885],[-73.9851012691247,40.786294006605495],[-73.9850993555521,40.78629444302105],[-73.98509645652982,40.78629495601402],[-73.98509450939544,40.78629520276519],[-73.98509157405063,40.78629542913409],[-73.98509116440445,40.78629544055742],[-73.98509132364187,40.78629579669421],[-73.98509239202595,40.786298540058475],[-73.98509301368374,40.786300401713824],[-73.98509380802652,40.78630323658798],[-73.98509424421671,40.78630515021193],[-73.98509475686826,40.78630804929461],[-73.98509500339013,40.78630999645809],[-73.98509522941333,40.78631293182953],[-73.98509528389273,40.78631489378019],[-73.98509522111087,40.78631783717116],[-73.98509508302313,40.78631979501457],[-73.98509473204079,40.786322718078615],[-73.98509440271577,40.78632465295942],[-73.98509376691314,40.78632752754582],[-73.98509324952245,40.7863294208301],[-73.98509233502264,40.78633221925504],[-73.98509163454902,40.786334052709506],[-73.98509045015918,40.7863367480226],[-73.98508957334853,40.7863385039901],[-73.98508813047496,40.786341070234016],[-73.9850870857715,40.78634273180357],[-73.98508539830986,40.78634514426398],[-73.98508419577469,40.78634669543372],[-73.98508227997618,40.78634893087732],[-73.98508093119023,40.78635035670878],[-73.98507880550501,40.78635239360701],[-73.98507732345797,40.7863536803685],[-73.98507500835758,40.78635549910492],[-73.98507340732232,40.7863566344043],[-73.98507092510243,40.78635821746349],[-73.98506922049775,40.78635919036722],[-73.98506659506349,40.78636052250345],[-73.98506480330573,40.786361323641884],[-73.98506205994147,40.78636239202596],[-73.9850601982862,40.78636301368373],[-73.98505736341204,40.78636380802652],[-73.9850554497881,40.7863642442167],[-73.98505255070543,40.78636475686826],[-73.98505060354191,40.78636500339013],[-73.98504766817047,40.786365229413335],[-73.98504570621971,40.786365283892735],[-73.98504276282874,40.786365221110856],[-73.98504080498549,40.78636508302313],[-73.98503788192144,40.7863647320408],[-73.98503594704064,40.7863644027158],[-73.98503307245423,40.78636376691317],[-73.98503117916988,40.78636324952246],[-73.98502838074495,40.78636233502265],[-73.98502745541988,40.78636200729023],[-73.98498584304289,40.786346109228255],[-73.98492170831534,40.78643747145112],[-73.9849703565471,40.78645531992883],[-73.98501465023678,40.786415017660495],[-73.98501539230479,40.78641437503298],[-73.98501766446637,40.78641250292889],[-73.985019238656,40.78641133068931],[-73.98502168337478,40.78640969031069],[-73.9850233648838,40.78640867801334],[-73.98502595861582,40.78640728515793],[-73.98502773125054,40.78640644255172],[-73.98503044901675,40.7864053106335],[-73.98503229570544,40.78640464583331],[-73.98503511133224,40.786403785753244],[-73.98503701429048,40.78640330516138],[-73.98503990066186,40.78640272520252],[-73.98504184156313,40.78640243344736],[-73.98504477088174,40.78640213919503],[-73.98504673103398,40.78640203908635],[-73.98504967508889,40.78640203337436],[-73.98505163561487,40.786402125876236],[-73.98505456605324,40.7864024087596],[-73.98505650807196,40.786402692981206],[-73.98505939667204,40.78640326173559],[-73.98506130148084,40.786403734939725],[-73.98506412042384,40.78640458408773],[-73.98506596967833,40.78640524171715],[-73.9850686918163,40.786406363081],[-73.98507046770717,40.7864071988024],[-73.98507306682443,40.78640858158276],[-73.98507475224886,40.78640958734767],[-73.98507720331448,40.7864112182276],[-73.98507878204096,40.78641238434997],[-73.98508106144983,40.78641424762321],[-73.98508251827437,40.786415562872676],[-73.98508460407454,40.78641764059489],[-73.98508592496697,40.78641909230472],[-73.98508779707107,40.7864213644663],[-73.98508896931072,40.78642293865602],[-73.98509060968934,40.786425383374805],[-73.98509162198667,40.786427064883824],[-73.98509301484208,40.78642965861585],[-73.98509385744826,40.78643143125052],[-73.98509498936649,40.78643414901672],[-73.98509565416668,40.78643599570543],[-73.98509651424675,40.78643881133223],[-73.98509699483863,40.786440714290514],[-73.98509757479748,40.78644360066188],[-73.98509786655264,40.78644554156307],[-73.98509816080497,40.78644847088169],[-73.98509826091366,40.78645043103402],[-73.98509826662564,40.78645337508894],[-73.98509817412376,40.78645533561478],[-73.98509789124041,40.786458266053145],[-73.9850976070188,40.78646020807196],[-73.98509703826441,40.78646309667204],[-73.98509656506027,40.78646500148088],[-73.98509571591227,40.78646782042388],[-73.98509505828287,40.786469669678304],[-73.98509393691901,40.786472391816275],[-73.9850931011976,40.78647416770716],[-73.98509171841725,40.78647676682441],[-73.98509071265232,40.786478452248886],[-73.98509033297353,40.786479022871916],[-73.98521229525934,40.78648337866744],[-73.98530810577142,40.78640808655903],[-73.98530889226446,40.786407499137745],[-73.98531129355759,40.78640579582236],[-73.98531294820985,40.78640474019717],[-73.9853155048942,40.7864032804516],[-73.98531725504824,40.7864023920938],[-73.98531994250155,40.786401189976196],[-73.98532177130234,40.786400477441205],[-73.98532456364295,40.78639954452861],[-73.98532645347828,40.786399014678466],[-73.98532932381443,40.78639835995534],[-73.98533125648405,40.78639801789283],[-73.98533417717283,40.786397647664515],[-73.98533613406417,40.78639749668388],[-73.98533907697777,40.78639741451589],[-73.98534103924474,40.78639745607116],[-73.98534397604128,40.786397662754794],[-73.98534592478632,40.78639789644576],[-73.98534882718282,40.78639838999056],[-73.98535074363836,40.786398813566656],[-73.9853535836832,40.786399589219506],[-73.98535544939281,40.78640019860146],[-73.98535819973478,40.7864012488924],[-73.9853599967306,40.78640203821154],[-73.98536263088239,40.7864033530257],[-73.9853643418584,40.78640431468045],[-73.98536683445171,40.78640588135545],[-73.9853684429302,40.78640700608452],[-73.98537076996,40.78640880953242],[-73.98537226045052,40.78641008650407],[-73.98537439950623,40.786412109356675],[-73.98537575765458,40.78641352627306],[-73.98537768813591,40.786415749049205],[-73.98537890086222,40.78641729226443],[-73.9853806041776,40.78641969355756],[-73.98538165980284,40.78642134820987],[-73.9853831195484,40.786423904894214],[-73.98538400790616,40.78642565504816],[-73.98538521002378,40.786428342501466],[-73.98538592255883,40.78643017130242],[-73.98538685547142,40.78643296364303],[-73.98538738532153,40.78643485347828],[-73.98538804004465,40.78643772381444],[-73.98538838210715,40.786439656484],[-73.98538875233547,40.786442577172785],[-73.9853889033161,40.786444534064124],[-73.98538898548411,40.78644747697771],[-73.98538894392884,40.786449439244734],[-73.9853887372452,40.78645237604127],[-73.98538850355423,40.78645432478634],[-73.98538801000943,40.78645722718286],[-73.98538758643333,40.786459143638396],[-73.98538681078048,40.786461983683225],[-73.98538620139851,40.786463849392845],[-73.98538515110756,40.78646659973481],[-73.98538436178846,40.78646839673057],[-73.9853830469743,40.786471030882375],[-73.98538208531954,40.78647274185838],[-73.98538051864455,40.7864752344517],[-73.98537939391551,40.78647684293018],[-73.98537759046762,40.786479169959975],[-73.98537631349589,40.78648066045057],[-73.98537429064328,40.786482799506274],[-73.98537287372699,40.786484157654534],[-73.98537065095084,40.78648608813588],[-73.98536989422857,40.78648671344098],[-73.98536709563398,40.786488912699525],[-73.98539213814531,40.78648980807423],[-73.98549439406162,40.786414281133474],[-73.98549519775291,40.78641371747114],[-73.9854976488612,40.78641208665536],[-73.98549933431205,40.786411080934506],[-73.9855019334655,40.78640969822218],[-73.9855037093782,40.78640886254729],[-73.9855064315455,40.786407741254685],[-73.98550828081727,40.78640708367364],[-73.9855110997825,40.786406234599426],[-73.98551300460363,40.786405761445174],[-73.9855158932186,40.78640519276639],[-73.98551783524478,40.78640490859561],[-73.98552076569054,40.78640462578895],[-73.98552272621895,40.786404533338384],[-73.98552567027372,40.78640453912743],[-73.98552763042333,40.786404639287426],[-73.98553055973426,40.786404933616424],[-73.98553250062787,40.786405225422385],[-73.98553538698405,40.78640580545679],[-73.98553728992974,40.78640628609846],[-73.98554010553403,40.78640714625222],[-73.98554195220535,40.78640781110076],[-73.98554466994193,40.78640894309012],[-73.98554644255455,40.78640978574272],[-73.9855490362501,40.786411178666015],[-73.98555071773261,40.78641219100735],[-73.98555316240846,40.786413831449956],[-73.98555473656744,40.78641500373075],[-73.98555700868002,40.78641687589432],[-73.98555846035538,40.78641819682484],[-73.985560538023,40.78642028267941],[-73.98556185323426,40.78642173953829],[-73.98556371644784,40.78642401899593],[-73.98556488252892,40.786425597752974],[-73.9855665133447,40.786428048861275],[-73.98556751906548,40.78642973431203],[-73.98556890177781,40.78643233346547],[-73.98556973745274,40.78643410937825],[-73.98557085874533,40.786436831545565],[-73.98557151632633,40.786438680817184],[-73.98557236540056,40.78644149978241],[-73.98557283855486,40.78644340460371],[-73.98557340723363,40.786446293218674],[-73.98557369140438,40.78644823524473],[-73.98557397421105,40.786451165690494],[-73.98557406666163,40.786453126218944],[-73.98557406087258,40.786456070273715],[-73.98557396071259,40.78645803042335],[-73.98557366638359,40.78646095973426],[-73.98557337457761,40.78646290062788],[-73.9855727945432,40.78646578698408],[-73.9855726001666,40.786466556555496],[-73.98565847429457,40.78639261117124],[-73.98565923366087,40.78639198907977],[-73.98566155617466,40.7863901798198],[-73.98566316183633,40.7863890510729],[-73.98566565050508,40.78638747817118],[-73.98566735907146,40.78638651224194],[-73.98566998992791,40.78638519084635],[-73.98567178494481,40.78638439703707],[-73.9856745326524,40.786383339873396],[-73.98567639683269,40.78638272582896],[-73.98567923492946,40.78638194307826],[-73.98568115032003,40.786381514712254],[-73.98568405147358,40.78638101391284],[-73.98568599962832,40.786380775350615],[-73.98568893589895,40.786380561325466],[-73.98569089805592,40.78638051486455],[-73.98569384116574,40.786380589674835],[-73.98569579842841,40.78638073576266],[-73.98569872003367,40.78638109868793],[-73.9857006535524,40.786381435917576],[-73.98570352551643,40.78638208346265],[-73.98570541667051,40.786382608586436],[-73.98570821133472,40.7863835345151],[-73.9857100419112,40.786384242475776],[-73.98571273236148,40.78638543787084],[-73.985714484731,40.786386321850394],[-73.9857170450568,40.78638777519954],[-73.98571870234298,40.786388826684686],[-73.98572110788699,40.78639052399137],[-73.98572265412936,40.786391732855826],[-73.98572488172488,40.78639365777407],[-73.98572630203222,40.78639501237575],[-73.98572833022627,40.78639714636752],[-73.98572961092025,40.78639863366088],[-73.98573142018022,40.78640095617468],[-73.9857325489271,40.786402561836326],[-73.98573412182883,40.78640505050508],[-73.98573508775806,40.78640675907146],[-73.98573640915365,40.78640938992792],[-73.98573720296292,40.78641118494482],[-73.9857382601266,40.7864139326524],[-73.98573887417103,40.78641579683265],[-73.98573965692174,40.786418634929426],[-73.98574008528777,40.78642055032014],[-73.98574058608718,40.786423451473695],[-73.98574082464937,40.78642539962833],[-73.98574103867452,40.78642833589896],[-73.98574108513544,40.78643029805593],[-73.98574101032516,40.78643324116575],[-73.98574086423733,40.78643519842838],[-73.98574050131207,40.78643812003363],[-73.98574016408243,40.78644005355237],[-73.98573951653736,40.78644292551639],[-73.98573899141356,40.78644481667053],[-73.98573806548488,40.78644761133475],[-73.98573735752423,40.78644944191119],[-73.98573616212917,40.786452132361454],[-73.98573527814962,40.786453884731],[-73.98573382480046,40.786456445056814],[-73.9857327733153,40.78645810234299],[-73.98573107600862,40.786460507887],[-73.98572986714417,40.786462054129366],[-73.98572794222594,40.786464281724875],[-73.98572658762421,40.78646570203227],[-73.98572445363243,40.78646773022631],[-73.98572372570543,40.786468388828766],[-73.98568651225452,40.78650043297282],[-73.98572530279574,40.78650183251129],[-73.98572628264253,40.786501891970104],[-73.98572921603618,40.78650214235731],[-73.98573116108568,40.78650240503757],[-73.98573405581199,40.78650294174194],[-73.98573596574843,40.78650339380552],[-73.98573879392961,40.786504211658304],[-73.9857406503592,40.78650484875159],[-73.98574338475834,40.78650593987643],[-73.98574516980267,40.78650675586387],[-73.98574778408597,40.786508109752624],[-73.98574948055402,40.78650909677575],[-73.98575194954455,40.78651070038974],[-73.98575354109853,40.7865118489431],[-73.98575584101852,40.78651368683863],[-73.9857573123307,40.78651498586087],[-73.9857594210307,40.78651704033802],[-73.98576075793179,40.78651847731903],[-73.98576265510383,40.786520728592045],[-73.98576384471856,40.78652228969278],[-73.98576551209186,40.78652471608069],[-73.9857665429636,40.78652638626687],[-73.98576796448044,40.786528964402216],[-73.98576882668141,40.78653072758912],[-73.98576922570983,40.786531656522776],[-73.98588225157185,40.786424674824495],[-73.98588377304877,40.78642337275565],[-73.98588541710927,40.78642222936583],[-73.98588716727056,40.786421256118295],[-73.98588900598602,40.786420462770515],[-73.9858909148213,40.786419857276364],[-73.98589287463898,40.78641944570632],[-73.98589486579057,40.786419232186674],[-73.98589686831338,40.78641921885809],[-73.98589886213075,40.786419405854204],[-73.98590082725329,40.786419791300254],[-73.9859027439793,40.78642037133188],[-73.98590459309227,40.786421140133854],[-73.98590635605358,40.78642208999842],[-73.98590865628353,40.78642348224286],[-73.98590982654275,40.786423220389615],[-73.98591176060944,40.786422886316295],[-73.98591468280317,40.786422528160166],[-73.9859166403016,40.78642238526719],[-73.9859195835296,40.786422315260744],[-73.98592154560812,40.786422364924235],[-73.98592448152552,40.78642258374168],[-73.98592642928824,40.786422825483356],[-73.98592932962053,40.78642333101737],[-73.98593124430947,40.78642376250914],[-73.98593408112485,40.786424549891144],[-73.98593594430035,40.786425166977466],[-73.98593869027877,40.78642622862454],[-73.98594048399762,40.7864270253626],[-73.98594311269379,40.78642835105051],[-73.9859448196813,40.78642931976717],[-73.98594730577945,40.78643089672881],[-73.98594890959666,40.78643202809498],[-73.98595122915428,40.78643384114335],[-73.98595271435526,40.786435124263164],[-73.98595484503377,40.78643715593761],[-73.98595619731543,40.78643857845405],[-73.98595811859522,40.78644080918845],[-73.98595932493424,40.7864423574018],[-73.98596101831235,40.78644476571296],[-73.98596206709117,40.7864464247133],[-73.9859635162594,40.78644898740785],[-73.98596439737751,40.786450741217806],[-73.98596558837963,40.78645343361561],[-73.98596629335148,40.786455265345204],[-73.98596721471746,40.786458061517],[-73.98596773675379,40.78645995352563],[-73.98596837961038,40.78646282654275],[-73.98596871368372,40.786464760609434],[-73.98596907183985,40.78646768280316],[-73.98596921473282,40.78646964030154],[-73.98596928473927,40.786472583529545],[-73.98596923507577,40.786474545608215],[-73.98596901625831,40.7864774815256],[-73.98596877451665,40.7864794292882],[-73.98596826898265,40.78648232962048],[-73.98596783749088,40.78648424430944],[-73.98596705010887,40.78648708112483],[-73.98596643302253,40.786488944300395],[-73.98596537137544,40.786491690278815],[-73.98596457463744,40.78649348399757],[-73.98596324894953,40.78649611269374],[-73.98596228023281,40.78649781968134],[-73.98596089221037,40.78650000791467],[-73.98596102805246,40.78650160508833],[-73.9859610978175,40.786503595458264],[-73.9859609692822,40.78650558289841],[-73.98596064372113,40.7865075477011],[-73.98596012436258,40.786509470383166],[-73.98595941635658,40.786511331879105],[-73.98595852672376,40.78651311373013],[-73.98595746428583,40.78651479826724],[-73.98595623957802,40.786516368786394],[-73.98595486474464,40.78651780971416],[-73.98582826474464,40.786637909714166],[-73.98582675537533,40.786639205245194],[-73.9858251247821,40.78664034443879],[-73.98582338909391,40.78664131602661],[-73.98582156547934,40.786642110398226],[-73.98581967197666,40.786642719696104],[-73.98581772731539,40.78664313789339],[-73.98581575073119,40.78664336085348],[-73.98581376177538,40.78664338637097],[-73.98581073125006,40.78664327443427],[-73.9858093187751,40.786644160820124],[-73.98580670672219,40.78664562363573],[-73.98580491886335,40.78664651074385],[-73.98580217402062,40.78664770593768],[-73.9858003066477,40.78664841043639],[-73.98579745634966,40.786649326106115],[-73.98579552805892,40.78664984097964],[-73.98579260069027,40.786650468006556],[-73.98579063068456,40.78665078812755],[-73.9857876553975,40.786651120267415],[-73.98578566329512,40.78665124244795],[-73.98578266971906,40.786651276393144],[-73.9857816715779,40.786651262798046],[-73.98473237157789,40.78661076279804],[-73.98473137389941,40.78661069928698],[-73.98472838749396,40.7866104340929],[-73.98472640787857,40.78661015803202],[-73.98472346285682,40.78660959607805],[-73.98472152068197,40.786609123803],[-73.98471864645795,40.78660827070177],[-73.98471769549252,40.78660796238258],[-73.98470163646316,40.786602308463955],[-73.98464725302756,40.78660029973555],[-73.9844970540666,40.786826174387826],[-73.98449676482997,40.786826597492755],[-73.98437936588695,40.78699369598832],[-73.98411071790903,40.787376221914435],[-73.98360577089602,40.78810894502562],[-73.98330127355399,40.788551241164804],[-73.98314237104144,40.788781944813536],[-73.9831421333336,40.78878228241758],[-73.98271536678178,40.78937529698432],[-73.98259559595945,40.78955000855082],[-73.98259547085037,40.78955018891892],[-73.98209397085037,40.790264788918925],[-73.98209382912844,40.79026498825864],[-73.9819378573905,40.7904815547676],[-73.98178611733243,40.79073827661358],[-73.98178504791365,40.790739900206994],[-73.98178382590869,40.79074141229694],[-73.98167492590869,40.79086351229694],[-73.98162615340487,40.7909181966194],[-73.98069955399728,40.79221851346303],[-73.98049572301717,40.792511582883975],[-73.98044410314051,40.79259493058464],[-73.98037249871292,40.792710437730264],[-73.98037190238807,40.792711343848374],[-73.98012380238806,40.79306694384837],[-73.98012369218539,40.79306710020238],[-73.9788407921854,40.794868900202374],[-73.9788407704539,40.79486893066335],[-73.97744232855902,40.79682524937849],[-73.97695306567962,40.797524353447905],[-73.97685060769118,40.797675182249726],[-73.9768298673963,40.79766731714653],[-73.97577513636672,40.79916139175639],[-73.97516680905188,40.80006449187717],[-73.97507842530267,40.80019023651858],[-73.97310696212725,40.80299202649237],[-73.9719567455109,40.804626139486174],[-73.97190726274782,40.8046314845041],[-73.97154510524015,40.80513697696769],[-73.9687515603854,40.80884053494679],[-73.96824232327002,40.809607891050085],[-73.96777417326028,40.8103377163547],[-73.96737173327746,40.81100901783952],[-73.96647274720965,40.81234108835427],[-73.96601710613076,40.8129719514935],[-73.96558457660933,40.81356197041335],[-73.96504211301102,40.81437000706512],[-73.96465328788882,40.81497744041227],[-73.96421026548397,40.81566338882117],[-73.96371861399675,40.81628761361373],[-73.96317944714951,40.816885211404944],[-73.96263120673723,40.817444542474526],[-73.96212684492949,40.817942858652906],[-73.9620908337916,40.817978437147495],[-73.96207978280947,40.81798935563737],[-73.96207969860438,40.81798943935586],[-73.96196941158871,40.81794277261512],[-73.96196944361174,40.81794273840682],[-73.96197391727506,40.81793808431465],[-73.96200101186986,40.81790988609015],[-73.96207030134349,40.8178377746199],[-73.962252036819,40.8176708083367],[-73.96246818632301,40.8174604526306],[-73.96302287603041,40.81688443910054],[-73.96326461279266,40.81661497336272],[-73.96357057488626,40.8162671400642],[-73.96380474445397,40.81597926011743],[-73.9640205420984,40.81570331183887],[-73.96418103126345,40.81547078414981],[-73.96435213368035,40.81521553276667],[-73.96449235930227,40.8149903329082],[-73.96462065925648,40.814760382692235],[-73.96482437630857,40.814406470409565],[-73.96498185212154,40.81413424132008],[-73.96512435102068,40.81389839746785],[-73.96531837135373,40.81360992677082],[-73.9654955242759,40.81335323734189],[-73.96564500069886,40.813158675503956],[-73.96593561618683,40.81278163163989],[-73.9662135299552,40.81243032942188],[-73.96650849918989,40.81203962119792],[-73.96678131455037,40.8116516379241],[-73.96698385130493,40.8113434611878],[-73.9671742685611,40.81103815682025],[-73.9674355384721,40.810630174899565],[-73.96770950261131,40.810196450686114],[-73.96809410434498,40.809595045947304],[-73.96842034940796,40.80907819776287],[-73.96896500574253,40.808259502150975],[-73.96927927520792,40.80781873759167],[-73.96967422681692,40.807283062880764],[-73.96999188197513,40.80686674843111],[-73.97028869612545,40.80648063312407],[-73.97051466093276,40.80619719626297],[-73.97078646418713,40.80584731919489],[-73.97114330883753,40.80538886897814],[-73.97160374978404,40.80480228784259],[-73.97200055659363,40.804271208717566],[-73.97228503863319,40.80389558493401],[-73.97262596521372,40.80343079655603],[-73.9729920811565,40.802922144341856],[-73.97301914530333,40.802883993844176],[-73.97336046747998,40.802402847553054],[-73.97364192182783,40.80198752111813],[-73.97392526452614,40.80157679684673],[-73.97413834635604,40.80124588354943],[-73.97431392557542,40.80096933002254],[-73.97446052966087,40.80072743451336],[-73.97461168410099,40.80046425201139],[-73.97470847838707,40.80028721354467],[-73.97481626669875,40.800072205144424],[-73.97489881760553,40.79987588910912],[-73.97496397620614,40.799729296601804],[-73.97504702704528,40.79953103548007],[-73.97511180827384,40.799365114482875],[-73.97512779844294,40.79932386336],[-73.97514241434261,40.79928490460956],[-73.97515981780751,40.799238235482186],[-73.9751772200613,40.799191570854056],[-73.97518688002987,40.799162927150036],[-73.97519232587861,40.79914469861391],[-73.9751995364359,40.79914480732488],[-73.9752093456475,40.799144929201326],[-73.9752203860258,40.79914512248107],[-73.97523354425586,40.79914452557638],[-73.97524662425326,40.799143992588874],[-73.97526556634448,40.7991434527534],[-73.97528447662417,40.79914241943431],[-73.97530332902276,40.79914089172562],[-73.97532210102382,40.79913887322453],[-73.97534077366535,40.79913636932998],[-73.97535931613912,40.799133375532925],[-73.97537771777627,40.79912990173669],[-73.97539595013693,40.799125947935245],[-73.97541398833262,40.799121524028806],[-73.97543182169838,40.799116629114806],[-73.97544343460726,40.79911309532847],[-73.97552459393322,40.799083691475566],[-73.97556766541175,40.799064598320605],[-73.97560115812489,40.79904705738423],[-73.97563364473743,40.79902638158719],[-73.97566665418981,40.79900168336074],[-73.97570323904544,40.79896951983836],[-73.97573492575941,40.798935759588396],[-73.97575638886195,40.798907455106345],[-73.97578179848222,40.798867808759475],[-73.97580951348996,40.798819867490415],[-73.97582803957779,40.79878011523008],[-73.97584074693543,40.79874172960571],[-73.9758528818947,40.79869039467865],[-73.97586494258435,40.79861507223143],[-73.9758711440544,40.79854824386714],[-73.97587076437073,40.79851364569987],[-73.9758732604606,40.79846309308572],[-73.97587571236294,40.79841347878224],[-73.97587825144342,40.79836198965677],[-73.97587851725407,40.79830862251379],[-73.97587878543294,40.79825525897285],[-73.97587905124372,40.79820188912746],[-73.97587931705283,40.79814852288362],[-73.97587958523236,40.79809515393832],[-73.97587984866996,40.79804178949411],[-73.97588261656999,40.79798664348495],[-73.97588356483574,40.79796946395415],[-73.97588429536579,40.79796454828026],[-73.97588892534223,40.797891620496245],[-73.97589627355191,40.79781881574764],[-73.97590632574064,40.797746205170284],[-73.9759190759587,40.797673833787314],[-73.9759246271671,40.79764844086008],[-73.97594877730857,40.79753796721486],[-73.97598404514596,40.79740286901742],[-73.97601531624979,40.797300016864924],[-73.97602484621024,40.79726867695945],[-73.97605138955313,40.79719136558221],[-73.97614512435031,40.79694067872187],[-73.97623464521497,40.79677847850619],[-73.97632532306747,40.79664698639406],[-73.97640750921772,40.7965425786004],[-73.97651321823861,40.7964082843547],[-73.97652298881088,40.79639587565816],[-73.97671180568528,40.79616376603232],[-73.97691708341948,40.795969083256615],[-73.97698803263246,40.7959119535284],[-73.97706909134554,40.79585517246011],[-73.97708314011015,40.79584383886234],[-73.97716366308403,40.79578703330696],[-73.97725403291025,40.79572582709485],[-73.97733783601123,40.79567084287464],[-73.97740748832311,40.795627454257904],[-73.97746107734241,40.79559599588259],[-73.97752710155928,40.7955588163304],[-73.97759993401226,40.79551873755355],[-73.97773861395888,40.79544457043824],[-73.97784814194932,40.7953824219309],[-73.97789063824577,40.795359183686514],[-73.97791459533643,40.79534682351584],[-73.97794066998843,40.795334059421016],[-73.97804134005325,40.79528734630269],[-73.97808314563542,40.79526704978848],[-73.97820780281548,40.795202195109866],[-73.97829400862959,40.79515816792703],[-73.97838187739154,40.795112179702585],[-73.97839767520448,40.79510293903311],[-73.97841156996205,40.79509397715998],[-73.97842718943626,40.795082913841256],[-73.97844313632346,40.79507066462324],[-73.9784602260553,40.7950565587858],[-73.97847854753682,40.79504047477754],[-73.97849662037153,40.79502379548947],[-73.97851327119358,40.79500747883496],[-73.97853120132362,40.794988670733005],[-73.97854795132783,40.79496970932359],[-73.97856353069174,40.79495057749953],[-73.97857894815064,40.794930091291306],[-73.97859290213984,40.794909928989185],[-73.97860546615291,40.7948900032588],[-73.97861661529679,40.794870350115936],[-73.97862640766449,40.79485087141734],[-73.97863615926491,40.794829180182006],[-73.97864406187458,40.79480916443358],[-73.97865032776751,40.79479028030981],[-73.97865502573671,40.794772318907725],[-73.97865844893366,40.79475378455141],[-73.9786606697127,40.79473444492538],[-73.9786616429225,40.794714693539824],[-73.97866136496843,40.7946946582651],[-73.9786600920713,40.79467715771349],[-73.97865777130339,40.79466096899621],[-73.97865397357859,40.79464287454742],[-73.97864852371521,40.79462230792004],[-73.97862425122396,40.794544326427996],[-73.97861643364867,40.79452471028761],[-73.97860773724615,40.794507656806445],[-73.97859646174288,40.79448931603127],[-73.97858365166346,40.79447141711526],[-73.9785698494745,40.79445463283232],[-73.97856569436114,40.79444997287281],[-73.97862289740654,40.794398797276074],[-73.97904470004104,40.79402142475036],[-73.97913794842368,40.79393799953058],[-73.97932353628414,40.79374632101092],[-73.97948452102587,40.793586684807934],[-73.97959551434654,40.79346791053613],[-73.97974224070292,40.793302594688576],[-73.9798607058075,40.79317298394986],[-73.97999276012648,40.79301839917353],[-73.98018445815798,40.79278259759212],[-73.98033892986676,40.79259550460139],[-73.98047573951747,40.79242347737916],[-73.9806693423968,40.79216909797154],[-73.98082571717202,40.79196342640783],[-73.98100641625834,40.79170666964927],[-73.98117814812879,40.79146291616008],[-73.98136645453494,40.791189852897155],[-73.9815311225103,40.790940523622645],[-73.98166169101675,40.790730099309435],[-73.98176685424185,40.790556516605285],[-73.98189185587522,40.79033834953491],[-73.9820062588339,40.79014082284238],[-73.98210870640759,40.7899606333142],[-73.98219485141941,40.789798813186444],[-73.9823051806267,40.78959137734274],[-73.98242502641797,40.7893490574418],[-73.98259392937976,40.78898815608422],[-73.98275002700188,40.78862518049096],[-73.98300491108856,40.78797609503278],[-73.98320208290977,40.78749439647327],[-73.98322660531613,40.78741914698129],[-73.98329732518084,40.78725962810255],[-73.98337445148331,40.78710183456028],[-73.98345791424639,40.78694591401395],[-73.98354763401726,40.78679201412061],[-73.9836255790852,40.78667256024922],[-73.98371165641632,40.78655637629149],[-73.98380562895217,40.78644378277443],[-73.9839072395021,40.78633508941546],[-73.98397393960491,40.786276849795534],[-73.9840462247272,40.78622259742819],[-73.98412368250271,40.78617263931722],[-73.98420587451062,40.78612726085092],[-73.98429233153794,40.78608671859827],[-73.98438256305643,40.786051244812505],[-73.98441068765729,40.78604148898889],[-73.9845342352827,40.78600086871935],[-73.98465944661844,40.78596330754101],[-73.98466379136188,40.785962068129145],[-73.98470117360205,40.78594660608972],[-73.98473499662582,40.78592697244539],[-73.98476446062239,40.78590362995108],[-73.98478887002115,40.78587713052551],[-73.98480764652743,40.785848100844504],[-73.98482034689657,40.78581722703423],[-73.98482667241512,40.78578523756277],[-73.98482647127256,40.78575288973276],[-73.98480894410187,40.785696281018446],[-73.98478453668702,40.785615922474555],[-73.98476692166095,40.78553454365414],[-73.98476689089924,40.78553436264934],[-73.98476359248816,40.78551410723943],[-73.9847635593662,40.78551388571172],[-73.9847518316909,40.78541028689749],[-73.98474858800432,40.78530633530645],[-73.98474909144444,40.7852807854511],[-73.98475053384593,40.7852472068507],[-73.98475284984185,40.785237534873126],[-73.98476562453656,40.78514549452728],[-73.98478586399122,40.78505423139649],[-73.98481348871968,40.784964093960426],[-73.9848483943589,40.78487542799264],[-73.98489914779087,40.784730011795745],[-73.98491163230896,40.784699031682685],[-73.98491165127574,40.78469898215757],[-73.98493204440875,40.78464959682995],[-73.98501943463474,40.78445272891053],[-73.98511559662045,40.78425823757492],[-73.98522042125559,40.784066349713626],[-73.98533378403424,40.783877287711405],[-73.98545555571745,40.78369127124923],[-73.98630985895143,40.78252678336063],[-73.98683053260885,40.78179899284338],[-73.98706573639657,40.78154018646371],[-73.98737573877834,40.78121405999369],[-73.9876140652118,40.7809779022366],[-73.98758753454484,40.78096680790079],[-73.98757757829154,40.780962644708424],[-73.98709172649127,40.78075947140976],[-73.98716119039365,40.780743786123615],[-73.98722666835577,40.78072578516343],[-73.98728106967694,40.78070840789233],[-73.98732900833483,40.78068672638657],[-73.9873701841836,40.78066298827398],[-73.98741559557256,40.78063061839814],[-73.987443404472,40.780603182238465]],[[-73.98517714499843,40.78613721724246],[-73.98517611677731,40.78613554542306],[-73.9851746993519,40.78613296503604],[-73.98517383994894,40.78613120048369],[-73.98517268227097,40.78612849358995],[-73.98517199996262,40.78612665329811],[-73.98517111318117,40.78612384596652],[-73.98517061453846,40.78612194765823],[-73.98517000719373,40.786119066924925],[-73.98516969701888,40.78611712888209],[-73.98516937495991,40.78611420249011],[-73.98516925624006,40.78611224337702],[-73.98516922256846,40.78610929950912],[-73.98516929644694,40.786107338193105],[-73.98516955148699,40.78610440520034],[-73.98516981725231,40.78610246056986],[-73.98517035854785,40.78609956669855],[-73.98517081364058,40.78609765748154],[-73.98517163597863,40.78609483060126],[-73.98517227601589,40.78609297518472],[-73.98517337147686,40.78609024251986],[-73.98517419029483,40.78608845877218],[-73.98517554832885,40.78608584663979],[-73.98517653804187,40.78608415173948],[-73.98517814557034,40.78608168529585],[-73.98517870159574,40.78608087630221],[-73.98517910232846,40.78608032285783],[-73.98517664149146,40.786079265582046],[-73.9851600727198,40.7860976234699],[-73.98514450813322,40.786119813131435],[-73.98515939818137,40.78612566854226],[-73.98516030264116,40.78612605010162],[-73.98516298630297,40.78612726065988],[-73.98516473365622,40.78612815451395],[-73.98516728574,40.786129622287895],[-73.98516893706635,40.78613068310844],[-73.98517133299414,40.78613239396261],[-73.98517287239024,40.786133611533245],[-73.98517508908795,40.78613554899117],[-73.9851765017286,40.786136911586034],[-73.98517810160743,40.78613861405677],[-73.98517714499843,40.78613721724246]],[[-73.9852533783036,40.78593543956426],[-73.9852475493794,40.785943914748536],[-73.98524831455315,40.78594338889294],[-73.98524998470188,40.78594235796045],[-73.98525256278553,40.785940936349874],[-73.98525432594114,40.785940074084785],[-73.98525703095284,40.785938912016036],[-73.98525887013507,40.78593822672248],[-73.98525988924058,40.78593790298729],[-73.9852533783036,40.78593543956426]],[[-73.98477663726837,40.78650341226797],[-73.9847761083695,40.786501522166176],[-73.9847754550912,40.78649865150084],[-73.98477511400151,40.78649671865925],[-73.98477474524333,40.78649379778449],[-73.98477459524769,40.78649184081746],[-73.98477451456097,40.78648889786289],[-73.9847745571039,40.786486935617106],[-73.9847747652657,40.78648399892497],[-73.98477499993751,40.78648205029777],[-73.98477549494312,40.78647914815004],[-73.9847759194838,40.78647723190787],[-73.98477669656604,40.78647439225381],[-73.98477730688697,40.78647252685127],[-73.98477835856211,40.7864697770383],[-73.98477914878568,40.7864679804399],[-73.98478046492554,40.78646534695022],[-73.98478142744132,40.786463636458535],[-73.98478299537072,40.7864611446541],[-73.98478353840397,40.78646032688279],[-73.98480243840397,40.786433326882786],[-73.9848024689289,40.78643328332969],[-73.98492635605699,40.786256801658496],[-73.98497413558646,40.78618853090824],[-73.98497416484359,40.78618848915316],[-73.98502616909599,40.78611438308642],[-73.98506129233382,40.786064309622816],[-73.98502984554428,40.786051858609696],[-73.9847421721115,40.786469840027856],[-73.98477686798923,40.7865041040067],[-73.98477663726837,40.78650341226797]],[[-73.98526519625608,40.78574177595428],[-73.98530209118775,40.78568808333013],[-73.98545891325762,40.785460089500084],[-73.98545004405953,40.78545077227034],[-73.98513363398688,40.78590188288211],[-73.98515052123497,40.785908524910276],[-73.98519320231782,40.78584646713951],[-73.98526519625608,40.78574177595428]],[[-73.98592762070656,40.78495249279202],[-73.98592737719571,40.78495051379614],[-73.9859271603571,40.784947530784855],[-73.98592711510923,40.78494553737696],[-73.98592719637301,40.78494254759913],[-73.98592734983788,40.78494055959232],[-73.98592772839635,40.78493759276426],[-73.9859280790486,40.78493562991809],[-73.98592875113914,40.784932715527994],[-73.98592929549355,40.784930797351635],[-73.98593025443604,40.78492796436654],[-73.98593098708213,40.78492610992529],[-73.98593222334537,40.78492338650309],[-73.98593313700107,40.784921614229],[-73.98593463829745,40.78491902743862],[-73.98593572388172,40.78491735494672],[-73.9859374752894,40.78491493049906],[-73.98593807924682,40.78491413690959],[-73.98600411387622,40.7848317163638],[-73.98590567426406,40.78479074357081],[-73.98576916885172,40.78498884799203],[-73.98550843611001,40.78536707669127],[-73.98553428527754,40.78539423164149],[-73.98587332279841,40.785017021943],[-73.98592768294834,40.784952850448924],[-73.98592762070656,40.78495249279202]]],[[[-73.98444424208105,40.78339933887273],[-73.98448039144868,40.783381294994754],[-73.98450042861771,40.7833695578531],[-73.98452674514812,40.78335070668875],[-73.98455068860865,40.78332720501036],[-73.98457094527735,40.78330369202734],[-73.98459552506928,40.783264042631174],[-73.98463710641661,40.7831986501583],[-73.98466601150211,40.783148487066946],[-73.98467814926221,40.783104840470685],[-73.98468175006741,40.78307167727806],[-73.98468030079601,40.783037337358856],[-73.9846687714419,40.78298557139359],[-73.98466329962478,40.78294838355254],[-73.98466552525676,40.7829192652297],[-73.98466858729196,40.78290552038099],[-73.98467136234984,40.782892996574134],[-73.98467363348581,40.78288233133546],[-73.98467026048183,40.78287802198672],[-73.98466238799622,40.7828738489154],[-73.98468694468741,40.78281524033357],[-73.98474749167656,40.78267073136313],[-73.98480106511249,40.782542862708354],[-73.98510643580988,40.78181401310477],[-73.98538978327595,40.78113770950618],[-73.9856685048602,40.780472433913864],[-73.98641496841893,40.78078086698396],[-73.98662334685443,40.78086696673184],[-73.9870760982543,40.78105403552082],[-73.98687002623488,40.78131700468138],[-73.98617086173839,40.782284826285355],[-73.98560179261077,40.78307498727701],[-73.98542489535122,40.78331345746986],[-73.98528916067552,40.78347590510401],[-73.98514753090902,40.78363541978192],[-73.9850001174185,40.78379187722737],[-73.98484703275842,40.783945155865446],[-73.98468839541,40.78409513682335],[-73.98452432978085,40.78424170573146],[-73.98442289345165,40.78431743323741],[-73.98427304056702,40.784420415834816],[-73.98410522941771,40.78452766053477],[-73.98394219158162,40.784622536367365],[-73.98381703795937,40.78468969355948],[-73.98365891323259,40.784766548846434],[-73.98356006114764,40.78481440003468],[-73.98350387664215,40.78483892706505],[-73.98345035887473,40.784858833978696],[-73.98337030980913,40.78488560876759],[-73.98320840457254,40.78493527225185],[-73.98308559298168,40.784960579991036],[-73.98303833825395,40.78497271270385],[-73.9830269222774,40.7849678636246],[-73.98286665337363,40.78489978452312],[-73.9828086970325,40.78487516609196],[-73.98428691864325,40.78346029859116],[-73.98430679197355,40.783470398622526],[-73.98434676833966,40.783440819883396],[-73.98437210853176,40.783427944349924],[-73.98441162201368,40.78341189105809],[-73.98444424208105,40.78339933887273]]],[[[-73.98485285359243,40.784084176941555],[-73.98479524362804,40.78416646707975],[-73.9848345479935,40.78408173597628],[-73.98485285359243,40.784084176941555]]],[[[-73.98420732069326,40.784885214121886],[-73.98419075662528,40.78486704063488],[-73.98416762708851,40.78484774782107],[-73.98413696753744,40.78482811988036],[-73.9840974911721,40.78480898148833],[-73.98405366273879,40.78479235217783],[-73.98401351374943,40.78478202596981],[-73.983977049086,40.78477735360741],[-73.98393240436911,40.784775702175736],[-73.9838740183046,40.7847778858409],[-73.98382606363678,40.78478531365969],[-73.98379170873645,40.7847962301131],[-73.98373259546157,40.78482170687202],[-73.98367335908426,40.78484655503313],[-73.98363444229655,40.78486489632702],[-73.98358973911986,40.78488873164292],[-73.98355885439386,40.78490841219958],[-73.98352449028637,40.78493695228283],[-73.98348602773262,40.78497684799038],[-73.98345617733145,40.78501031174027],[-73.98344172990309,40.78503282940166],[-73.98343330618918,40.78505783601231],[-73.98342904777455,40.78508841012015],[-73.9834288592446,40.78511760614553],[-73.98343138410608,40.78513107260463],[-73.9834316579803,40.785139784093325],[-73.98314430896798,40.78501772630144],[-73.98317686337268,40.78501122313535],[-73.98323967263725,40.7849933915553],[-73.98333605385085,40.78496932162467],[-73.98338642376025,40.784954815517466],[-73.98343114157481,40.78493928020328],[-73.98347905307072,40.784920255887016],[-73.98360291103687,40.78486410750844],[-73.98365780009365,40.78483691116028],[-73.98378376666217,40.78477062143974],[-73.9839339076965,40.78469750375037],[-73.98399464642277,40.78466626300448],[-73.98411522965618,40.78459707345834],[-73.98426502306363,40.784502840332],[-73.98439644411194,40.784415931002734],[-73.98449962403683,40.78434229021744],[-73.98455741070907,40.78429718825881],[-73.98467726246949,40.78419900547976],[-73.98476840803531,40.784127965299795],[-73.9848108430492,40.78409239479117],[-73.98482334215274,40.784080242370266],[-73.9848345479935,40.78408173597628],[-73.9848147091464,40.78412187591597],[-73.98457186682086,40.78447006844938],[-73.9843277369847,40.78481632780176],[-73.98423706318745,40.78495041358767],[-73.98423093857951,40.7849336003905],[-73.98421879024956,40.7849042342806],[-73.98420732069326,40.784885214121886]]],[[[-73.9846627968274,40.78517234194094],[-73.98465226026653,40.785273263316476],[-73.9846495535125,40.78537448019659],[-73.9846546837899,40.785475643188235],[-73.98460471155796,40.78546060175499],[-73.98455262107224,40.78545053618598],[-73.98449926410802,40.785445612285066],[-73.98444551852366,40.78544590941311],[-73.9843922621961,40.78545142408647],[-73.9842592178028,40.78549566652736],[-73.98424449788403,40.78549886489724],[-73.9842292831931,40.785500167642525],[-73.98421399550543,40.785499540601656],[-73.98419905540017,40.78549699914077],[-73.98418487396513,40.7854926135556],[-73.98424423757227,40.78540735232479],[-73.98486125341459,40.784500050298334],[-73.98487637120618,40.78450702846726],[-73.98470718119762,40.78497278504875],[-73.98468112398282,40.78507206725809],[-73.9846627968274,40.78517234194094]]],[[[-73.98410784448747,40.78486352628117],[-73.9841317451634,40.784883260458756],[-73.98414217289975,40.78489411293484],[-73.98415789245405,40.7849213948833],[-73.98416800672568,40.784950169090784],[-73.98417228484347,40.78497977455909],[-73.98417062744436,40.785009531396646],[-73.98416307259417,40.78503875612805],[-73.98413961766006,40.785092158031624],[-73.98410944811256,40.78514357610055],[-73.98410398236295,40.78515101258678],[-73.98395281110909,40.785361153321254],[-73.98348935416873,40.78516429231171],[-73.98348347975046,40.7851425317572],[-73.98348077220679,40.785120413256855],[-73.98347854289499,40.78509513406537],[-73.983480234333,40.78508224003],[-73.98348463438235,40.78506804605889],[-73.98350389460114,40.78502944072524],[-73.98352232703999,40.784998928074906],[-73.983541378612,40.784975077418466],[-73.98356703114305,40.78495253612861],[-73.98361271124527,40.784921204287336],[-73.98365878180752,40.78489173201835],[-73.98369979775975,40.78486927572225],[-73.98373744661271,40.78485201482896],[-73.98377623343745,40.78483692429169],[-73.98383046972548,40.784819042554915],[-73.98387172164063,40.78480999739668],[-73.98391857612859,40.784805752677556],[-73.98396209428576,40.784807018543255],[-73.98399703531048,40.78481210222791],[-73.98402723440591,40.7848199740974],[-73.9840523279555,40.784830251392094],[-73.98408076832445,40.78484563048363],[-73.98410784448747,40.78486352628117]]],[[[-73.98350903675318,40.78594608777337],[-73.9834745233808,40.78595801176851],[-73.98343009057058,40.78596816394225],[-73.98338995989765,40.785972193311075],[-73.98334722427197,40.785970263673406],[-73.98330598995345,40.78596267818955],[-73.98327652663704,40.78595287196277],[-73.98324423186148,40.78593807744088],[-73.98320929539723,40.78591749230257],[-73.9831798318988,40.7858944729973],[-73.98316383012886,40.785878213913136],[-73.98314924464474,40.78585993791111],[-73.98313637272378,40.78584001243982],[-73.983125587413,40.78581901387517],[-73.98311505532958,40.78578523903571],[-73.98310752464761,40.78573104126811],[-73.9831023815236,40.785680345898754],[-73.98310291825621,40.78564281939086],[-73.98310919927513,40.785602625539674],[-73.98312003572504,40.78556661788487],[-73.98313797855847,40.785529251511996],[-73.98314027782742,40.78552577771465],[-73.9831659685583,40.78549410093663],[-73.98319782968852,40.78546584695717],[-73.98323508622465,40.78544170544238],[-73.98327682932847,40.785422264282566],[-73.9833220447539,40.78540799518871],[-73.98336963061924,40.78539924649177],[-73.98341842702706,40.78539623234124],[-73.98362754773984,40.78548420428948],[-73.98379793442348,40.78555588035114],[-73.98383263538634,40.78557047784655],[-73.98378144042968,40.78564376334717],[-73.98360729638404,40.785886296807725],[-73.98354541489081,40.78592940758698],[-73.98350903675318,40.78594608777337]]],[[[-73.98410038129298,40.785754148002496],[-73.98410008346775,40.78577093780603],[-73.98410586165268,40.78580979162711],[-73.98411897601858,40.785847600976936],[-73.98413915190659,40.78588356977221],[-73.98416596418367,40.78591694062939],[-73.98419884790039,40.78594701107545],[-73.98423711131926,40.78597314705791],[-73.98427994775824,40.78599479915563],[-73.98419100563642,40.78603868732099],[-73.98410546509537,40.78608632107082],[-73.98402359628696,40.78613754826546],[-73.98391493455954,40.78622679082268],[-73.98381320932178,40.78632063761233],[-73.98371875594293,40.7864187780272],[-73.9836318896616,40.78652088614821],[-73.98355289610667,40.7866266252458],[-73.98351064556915,40.78669262593639],[-73.9834707073914,40.78675945360244],[-73.98349962432268,40.78668561756024],[-73.98362903054544,40.786392025836996],[-73.98385736497029,40.785968869341204],[-73.98398606401737,40.78577082116298],[-73.9840496228958,40.785682259381424],[-73.98406592338341,40.78569359264287],[-73.98407948903791,40.78570684539273],[-73.98408993609333,40.78572164026905],[-73.98409696609363,40.7857375584984],[-73.98410038129298,40.785754148002496]]],[[[-73.98332317494125,40.785356162500854],[-73.9833054100556,40.785360106825735],[-73.98327697278015,40.785369984803445],[-73.98324972452195,40.78538164053636],[-73.98324485349303,40.785383973027024],[-73.98323799194011,40.78538698150439],[-73.98322664885467,40.78539343104493],[-73.98321884981574,40.78539786487816],[-73.98320822359386,40.785403906594176],[-73.98320296123411,40.78540768703203],[-73.98316398784134,40.78543723759665],[-73.98313116690716,40.78547082869719],[-73.9831052130167,40.78550772833611],[-73.98308669268656,40.78554713065254],[-73.98307601014152,40.78558817753172],[-73.98307094048174,40.78561213101983],[-73.98306748845597,40.78564821449654],[-73.98306771853251,40.78569386814024],[-73.98307092105651,40.78573978426613],[-73.98307728986973,40.78577845812554],[-73.9830855854743,40.785810918809055],[-73.98309474896983,40.78583614769416],[-73.98311724930602,40.785879333625786],[-73.9831294963963,40.78589644944401],[-73.98314276773013,40.78591112145051],[-73.98317258762096,40.78593497197978],[-73.98321432350365,40.78595957075287],[-73.98326026366283,40.785981103014564],[-73.98330078580511,40.78599401307491],[-73.98334578432271,40.78600061935933],[-73.98340039249119,40.78600177897867],[-73.98346232385511,40.78599702693269],[-73.98348819037768,40.78599231651803],[-73.98351098643583,40.78598599916422],[-73.98353698449546,40.78597634320506],[-73.983562488837,40.785960560159694],[-73.98335203679447,40.78632526893088],[-73.98313468568196,40.78684547390864],[-73.98306041639097,40.78703264386078],[-73.9829144705093,40.787400452656314],[-73.98295003499246,40.7872105485713],[-73.9829971597304,40.78698998051428],[-73.98302426746501,40.78682127474192],[-73.9830525908334,40.78652141565873],[-73.98306208714726,40.78622602477732],[-73.98306645093962,40.78605224760987],[-73.98306101821305,40.78585462282648],[-73.98302775596102,40.78560602287197],[-73.98301917296828,40.78545102193448],[-73.98298881409441,40.78533521479885],[-73.98295786044936,40.78524310425588],[-73.98294283586088,40.78519616250423],[-73.98332317494125,40.785356162500854]]],[[[-73.97711609165573,40.79316867159651],[-73.97713804571619,40.79308026214486],[-73.97716827146654,40.7929878912253],[-73.97722868896044,40.79285333873116],[-73.97731005808816,40.792712081602275],[-73.9773852601241,40.79261132500262],[-73.9775081275012,40.79248311690833],[-73.97758408282783,40.79241672161183],[-73.97770921541779,40.7923153054245],[-73.97781254469034,40.79224354918535],[-73.97792744040939,40.792175019759995],[-73.97805256073664,40.792107835713345],[-73.97820862325274,40.79203698694517],[-73.97840293188082,40.79197150491588],[-73.97851597333117,40.79193261362181],[-73.97866418567584,40.79186803475636],[-73.97883942604345,40.79178623769531],[-73.979017832208,40.79168463623864],[-73.97926601950873,40.791506096618846],[-73.97939494163208,40.79139337078521],[-73.97949438011456,40.79129495391846],[-73.97958624122606,40.791192804849324],[-73.97971027304995,40.79102735348966],[-73.98041411756428,40.79006264926521],[-73.98044144580157,40.790073307728555],[-73.98049044892664,40.790007752386444],[-73.98046209425472,40.78999442917933],[-73.980623271507,40.78977599493939],[-73.98083921739408,40.78947677846598],[-73.98092449449477,40.789354704530034],[-73.98099354679493,40.78923193086666],[-73.98103390883657,40.78914264296432],[-73.98108015451922,40.7890282158331],[-73.98110499575417,40.78894629325127],[-73.98113329037604,40.788840105434375],[-73.98115043454679,40.78874322876476],[-73.9811641600422,40.78865649477332],[-73.98116931939121,40.78857001782356],[-73.98132085695356,40.7867652387148],[-73.98133146278153,40.78665585116651],[-73.98134332054963,40.7866067658728],[-73.98135725995878,40.786549061317885],[-73.98138539913177,40.78645562176875],[-73.98142767657804,40.786351136242594],[-73.98147924222495,40.78624702049725],[-73.981548377271,40.786143798137054],[-73.9816243496756,40.786043402596796],[-73.9817096927392,40.78595753897932],[-73.9825854862752,40.78513432296629],[-73.98259778005732,40.78512586281283],[-73.982605526903,40.78512171447248],[-73.9826137261742,40.7851181028986],[-73.9826387372613,40.78511254697423],[-73.9826646159071,40.78511023117853],[-73.98269064059865,40.78511121933812],[-73.98271608747716,40.785115484329374],[-73.98274024455462,40.78512290717981],[-73.98276244251525,40.78513328157537],[-73.98278205945283,40.78514631746279],[-73.98280151380148,40.78516505709767],[-73.98283837881596,40.785211941788795],[-73.98286940728022,40.785261207426174],[-73.98289433391184,40.78531243614255],[-73.98291294674343,40.7853651920678],[-73.98292508949135,40.785419026732136],[-73.98292808962653,40.78544062119621],[-73.98293001795209,40.78544689347292],[-73.98295275370305,40.78559230527314],[-73.982970525389,40.785738115254176],[-73.98298331997005,40.78588422706286],[-73.98299015877839,40.78610961450675],[-73.9829900862893,40.78636089213036],[-73.98296550810589,40.7865944298556],[-73.98294584114421,40.7867980113259],[-73.98291558266266,40.78700934182906],[-73.98286079416795,40.787286691603036],[-73.98280149231375,40.78757819924195],[-73.98275203475511,40.78772603609289],[-73.98265972538155,40.78805785952171],[-73.98256204084268,40.78831296748035],[-73.98238982122396,40.78870816299381],[-73.98208797109524,40.78940080685335],[-73.98142342647267,40.790581874789254],[-73.98065242145347,40.791737033274025],[-73.98043634570143,40.79204313629778],[-73.9801492742744,40.79240669482278],[-73.97966846102558,40.79297628636411],[-73.97944566251854,40.79324246711522],[-73.97931986043129,40.79337744219024],[-73.97921335001007,40.79348971539608],[-73.97885298341043,40.793840490080804],[-73.97879527189546,40.79390164954671],[-73.97834378535849,40.79430607381753],[-73.97832316023981,40.79432330731153],[-73.97831897549824,40.794322381710934],[-73.97829780278144,40.79431831557086],[-73.97826687740701,40.794313652357886],[-73.97822225496115,40.794308110363005],[-73.97818802211594,40.79430480445789],[-73.97815494419471,40.79430256495355],[-73.97811733732543,40.79430120706993],[-73.97808224917803,40.79430094826304],[-73.97805085871315,40.79430180676969],[-73.9780214892991,40.79430380298466],[-73.97799566723411,40.79430646083648],[-73.97797048595487,40.794309841906426],[-73.97794606395469,40.79431393180968],[-73.9779224924751,40.79431871435518],[-73.9778852222224,40.79432772211581],[-73.97786227351254,40.7943339329615],[-73.9778429600145,40.794340256163416],[-73.97782671525827,40.79434696716748],[-73.97781725938354,40.7943517929285],[-73.97780834716472,40.79435724554145],[-73.9777992663382,40.79436375170622],[-73.97778981897326,40.794371469872615],[-73.97773275442194,40.794424757655975],[-73.97770523565012,40.79445181956492],[-73.9776223638168,40.79453712857983],[-73.97755718044986,40.79460685782771],[-73.97746965833728,40.79470370303061],[-73.97732948670482,40.79486124142302],[-73.97724444716346,40.79495903156385],[-73.97716134006492,40.7950564996444],[-73.9770703218686,40.79516547357813],[-73.97697915727349,40.79527890578379],[-73.97695434231562,40.79530792573665],[-73.97692499978791,40.79534037027921],[-73.9768770632404,40.79539088771957],[-73.9768427372135,40.79542582292403],[-73.97679089258288,40.79548686188329],[-73.97671575091012,40.79554207438341],[-73.97671887696238,40.79554475760385],[-73.97665713258385,40.795577529613425],[-73.97661451725654,40.795600680029715],[-73.97656733729013,40.79561798255699],[-73.97655231140192,40.79562124561415],[-73.97651696619393,40.79562892058261],[-73.97648240117977,40.79563175010983],[-73.97646491283514,40.79563220579523],[-73.97641130429152,40.7956304091456],[-73.97640318102809,40.795628929762714],[-73.97638246291586,40.79562515872871],[-73.97636189312546,40.795620810501006],[-73.97634708316295,40.79561661113368],[-73.97634200164714,40.795614950469684],[-73.97631353023475,40.79560564696172],[-73.97630439732525,40.795601127276946],[-73.97626963683776,40.79558392147959],[-73.97625268063095,40.79556084628133],[-73.97624017317266,40.795536184416456],[-73.97623235837506,40.79551042941051],[-73.97622940193797,40.79548409368305],[-73.97624758467856,40.79541036990701],[-73.97633191355636,40.795320857757034],[-73.97646134478592,40.79517385064226],[-73.97658185919266,40.79501290092855],[-73.97672751676322,40.794780452867464],[-73.97685071264539,40.79456434778147],[-73.97691756623625,40.794409165420454],[-73.97695831579234,40.794289810497865],[-73.97701647324965,40.794078845760076],[-73.97704855862821,40.79391797511838],[-73.97706578495264,40.79376189036751],[-73.97708572441647,40.79343413660858],[-73.97709628983644,40.79329675930805],[-73.97711609165573,40.79316867159651]]],[[[-73.97825532673014,40.79437998731258],[-73.97783267228375,40.794733141421865],[-73.9773215592667,40.79514078745236],[-73.97701062570636,40.79538990407516],[-73.97696881313905,40.795412097551875],[-73.97699636861162,40.79537342568538],[-73.97703803161654,40.79531754627001],[-73.97706074572054,40.795288452940646],[-73.9770821091802,40.79526229947013],[-73.97715919960771,40.795171971221734],[-73.97727257533528,40.79503620275157],[-73.97735776338074,40.79493743107543],[-73.97745337084447,40.79482922953724],[-73.97757493430959,40.7946932282339],[-73.9776569875262,40.7946047079136],[-73.9776762441382,40.794584564759134],[-73.97772053520036,40.79453979866942],[-73.97775694927552,40.79450488341287],[-73.97777734846524,40.79448710067211],[-73.97779708814313,40.79447141326414],[-73.97782778313565,40.794449274077294],[-73.97785306021896,40.79443234503469],[-73.97787330112295,40.79442007330626],[-73.97789266932811,40.7944096348249],[-73.97791332642781,40.794399994430215],[-73.97793721722036,40.794389986346296],[-73.97796426801455,40.79438029313612],[-73.97798930831426,40.79437334065765],[-73.97801169234589,40.79436915940604],[-73.97803637562191,40.794366893951675],[-73.97806691294834,40.794366173963624],[-73.97813769853033,40.79436613518262],[-73.97816249819923,40.79436663245733],[-73.9781789572572,40.79436756308948],[-73.97819400019603,40.79436901664187],[-73.97821004884725,40.794371274528885],[-73.97822761506414,40.794374403483886],[-73.97825532673014,40.79437998731258]]],[[[-73.97856163558882,40.79460607829019],[-73.97856831009663,40.79462823723339],[-73.9785730079997,40.794651009949625],[-73.97857550841887,40.79467222439227],[-73.97857602567818,40.79469231734374],[-73.97857467484982,40.79471453963031],[-73.97857138726557,40.79473871113908],[-73.97856603118785,40.79476548740935],[-73.97855948508455,40.794789764570616],[-73.97855162084038,40.79481199374929],[-73.97854243133841,40.79483219655578],[-73.97853362615982,40.794847420569006],[-73.97852198253133,40.79486451529148],[-73.97849170233845,40.79490485564349],[-73.9784631022856,40.794945250331246],[-73.97845420710638,40.79495654994272],[-73.97844560509509,40.79496630705196],[-73.97842988957218,40.79498134155999],[-73.978410318142,40.794997049818114],[-73.97838646288871,40.795013929720554],[-73.97834768089479,40.79503953896249],[-73.97831589317748,40.79505847590256],[-73.97819917370109,40.79512444882087],[-73.97809365031573,40.795182855047365],[-73.97802105093855,40.79522242269866],[-73.97793202001003,40.79527009976259],[-73.97783012709695,40.795323837349784],[-73.97767351843903,40.79540553378642],[-73.97757104482103,40.795458325506196],[-73.97753279594906,40.79547899173236],[-73.97749005985919,40.79550293759048],[-73.9774309696601,40.79553703246674],[-73.97731436022148,40.79560539083055],[-73.97726406918449,40.79563557197898],[-73.97722106653353,40.79566227231316],[-73.97719268862221,40.79568053334021],[-73.9773790891647,40.79548177663194],[-73.97850130867948,40.79450757667107],[-73.97850188555044,40.794508114377145],[-73.97851663705798,40.79452420996259],[-73.97852965220703,40.7945418288686],[-73.97854163697252,40.79456166461216],[-73.9785527239722,40.79458399997529],[-73.97856163558882,40.79460607829019]]],[[[-73.97607575319276,40.79565160889223],[-73.97608389661336,40.79565303787446],[-73.97609196886391,40.79565467665774],[-73.97609996401735,40.795656532444916],[-73.97610787022754,40.79565859712908],[-73.97611567801546,40.79566086980777],[-73.97612337790342,40.79566334597653],[-73.9761309580427,40.79566602473241],[-73.97613840777069,40.795668901570764],[-73.9761457235334,40.79567197468992],[-73.97615289822285,40.79567523958582],[-73.97615991525359,40.79567868725016],[-73.97616676988395,40.79568232308495],[-73.97617345500808,40.79568613718324],[-73.9761799647027,40.795690125941825],[-73.97618628356578,40.79569428395462],[-73.97619241278453,40.79569860491836],[-73.97619833695694,40.7957030834269],[-73.97620405726768,40.79570772038097],[-73.97620955831722,40.795712503170506],[-73.97621483773804,40.79571742549152],[-73.97621988842096,40.795722486442024],[-73.97622051263185,40.79572316104518],[-73.97622470325824,40.79572768061766],[-73.97622928106928,40.7957329963117],[-73.97623478421967,40.79573854362475],[-73.97624003019256,40.79574423406401],[-73.97624501780619,40.79575005862426],[-73.97624974113857,40.795756010100305],[-73.9762541907144,40.79576207678368],[-73.97625836416388,40.795768258674016],[-73.97626225912089,40.79577454496485],[-73.97626586255384,40.79578092844947],[-73.97626917801902,40.795787404626154],[-73.97627220315044,40.79579396268845],[-73.97627492254693,40.79580059452868],[-73.97627734805947,40.79580729474642],[-73.97627946428729,40.79581405433338],[-73.97628127952731,40.795820866087354],[-73.97628278311961,40.79582771739919],[-73.97628397624909,40.79583460826909],[-73.97628485418132,40.795841523387594],[-73.97628542639663,40.795848460055204],[-73.97628568223571,40.79585540386171],[-73.97628562525483,40.795862350305356],[-73.97628524716205,40.79586929218042],[-73.97628456454906,40.79587622138584],[-73.9762835691248,40.795883128014346],[-73.97628225970648,40.79589000576226],[-73.97628063748354,40.79589684202279],[-73.97627871549051,40.79590363499763],[-73.97627648306727,40.79591037297804],[-73.97627394732513,40.79591705056246],[-73.97627111182396,40.79592365334364],[-73.97626798248763,40.79593018312377],[-73.97626455458182,40.795936624593374],[-73.97626084351177,40.79594297415354],[-73.97625684572516,40.795949224599546],[-73.97625256833662,40.795955361524854],[-73.97624801726879,40.79596139033359],[-73.9762415245088,40.79597294781055],[-73.97623451162819,40.79598432958244],[-73.97622698337186,40.79599552034162],[-73.97621894922484,40.796006503880974],[-73.97621041511628,40.79601726669414],[-73.97620139289897,40.79602779887793],[-73.97619189324047,40.79603809052894],[-73.97618193155219,40.79604812093875],[-73.97617151968576,40.79605788290572],[-73.97616066238544,40.79606736382366],[-73.97614938335215,40.79607655649336],[-73.97613768614846,40.79608543930348],[-73.9761255944734,40.796094010457814],[-73.97611311781036,40.79610225915212],[-73.97610026682946,40.79611016917956],[-73.97608706878411,40.79611774054567],[-73.97607352486605,40.79612495434003],[-73.97605966469888,40.79613180966822],[-73.97604549776791,40.79613829032313],[-73.97603104777087,40.796144399010984],[-73.9760163194538,40.79615011862324],[-73.97600134481121,40.796155445564416],[-73.97598399922077,40.796160518969295],[-73.97596644879091,40.79616516188994],[-73.97594871011246,40.796169369827226],[-73.97593079622196,40.79617313738082],[-73.97591856222947,40.796175388776405],[-73.97591273555953,40.79617646005412],[-73.97589453997611,40.79617933424748],[-73.9758762331702,40.79618176086631],[-73.97585783054885,40.79618373270981],[-73.9758393522565,40.79618524888164],[-73.97582082080682,40.796186310287],[-73.97580225279073,40.796186912426776],[-73.97578367072262,40.7961870544053],[-73.97576509237471,40.79618674162922],[-73.97574077564465,40.79618583511375],[-73.97571651720229,40.79618430996209],[-73.97571070177155,40.796183794551425],[-73.97569907209667,40.79618276012745],[-73.97569233837861,40.79618216167628],[-73.9756764977633,40.79618034112617],[-73.97566826524107,40.79617939476442],[-73.97566477818296,40.79617890235539],[-73.97564433096692,40.796176012835545],[-73.97562056043697,40.79617202489995],[-73.97559697972177,40.79616742646082],[-73.97557361370221,40.79616222652858],[-73.97555049436878,40.79615643321456],[-73.97552764660487,40.79615004832523],[-73.97550509529007,40.79614308357253],[-73.97548286056573,40.79613554706537],[-73.9754239967095,40.7961139207348],[-73.97536586914191,40.796091180613296],[-73.97530851459611,40.79606733121226],[-73.97526375384341,40.796045645685346],[-73.97525562909912,40.7960417069565],[-73.97521443672744,40.796021748434384],[-73.97531797247665,40.79595917060871],[-73.97536573740851,40.79592843236146],[-73.97540999021622,40.7959008297858],[-73.97545424417213,40.795873227193326],[-73.97550961453115,40.79584371698611],[-73.97556498602631,40.795814205851904],[-73.97562035273265,40.79578469468997],[-73.97567572531422,40.79575518440309],[-73.97571043952055,40.79573668195011],[-73.97573109547719,40.79572567318841],[-73.97574783668739,40.79571728675537],[-73.97576495571855,40.79570934974868],[-73.97578242650047,40.79570186846626],[-73.97580022532976,40.795694857311],[-73.97581833917093,40.79568832078241],[-73.97583674076925,40.79568226427775],[-73.9758554052382,40.79567669769708],[-73.97587431835555,40.79567163094284],[-73.9758914774408,40.795667535457916],[-73.9758934516836,40.79566706400893],[-73.97591277914933,40.795663011297826],[-73.97593228179682,40.79565946650194],[-73.9759519359236,40.79565644222326],[-73.97595993596367,40.79565459966843],[-73.97596801294745,40.79565296604507],[-73.9759761609488,40.795651545854355],[-73.97598436811612,40.795650346297876],[-73.97599262734148,40.795649362871615],[-73.97600092559165,40.79564859377187],[-73.97600925456861,40.795648048902336],[-73.97601760242496,40.7956477237581],[-73.9760259584962,40.79564761923744],[-73.97603431685945,40.79564773083656],[-73.97604266566206,40.79564806845856],[-73.97605099068736,40.79564862579699],[-73.97605929075051,40.79564940285159],[-73.97606754689458,40.795650395115906],[-73.97607575319276,40.79565160889223]]],[[[-73.97549284306568,40.79621092912138],[-73.97550003171123,40.79621176000984],[-73.97552636499013,40.79621966478778],[-73.97555075912082,40.7962260139853],[-73.97557542128106,40.79623173288464],[-73.97560031828976,40.79623682778214],[-73.975625424084,40.79624128246306],[-73.975650716148,40.79624510052453],[-73.97567616130777,40.79624826935246],[-73.9757017287532,40.79625079254227],[-73.97572739715746,40.796252662885294],[-73.97575313215751,40.79625387857337],[-73.97577890531342,40.79625444230188],[-73.97580468818646,40.796254353164386],[-73.97582849214186,40.79625124423052],[-73.97584256500906,40.79624940565884],[-73.9758634539007,40.796246678819195],[-73.97587127005238,40.796245658388386],[-73.9759222172312,40.796239005344],[-73.97596485431852,40.79622958691085],[-73.97597975000772,40.796226387838864],[-73.97600992177429,40.79621990422088],[-73.97601537697676,40.796220463665975],[-73.97602032907879,40.79622294287159],[-73.97602345560502,40.79622761081209],[-73.97602228727587,40.79623416530665],[-73.97597133670925,40.79629948415097],[-73.97597029467521,40.796300819374835],[-73.97592023035138,40.79636936577165],[-73.9758738179782,40.796437645462035],[-73.97585791062492,40.796462835411646],[-73.97583006531828,40.79650692794694],[-73.97578900439221,40.79657715560405],[-73.97576701378505,40.796611391582964],[-73.97574502552482,40.79664562845849],[-73.97573521204299,40.796667982197974],[-73.97572307417931,40.796695551141156],[-73.97571819420394,40.79669992654165],[-73.97571113836965,40.796701921462805],[-73.97570394871467,40.79670045753612],[-73.97569875187233,40.796696430306575],[-73.97569717277605,40.79669202653027],[-73.97569846268293,40.796667395434696],[-73.97569866891769,40.796644520084904],[-73.97569784307011,40.79662165712441],[-73.97569599579775,40.7965988281675],[-73.97569311879762,40.79657605932679],[-73.97569139718736,40.79656605621319],[-73.97568921443043,40.7965533785182],[-73.97568429690622,40.796530813660176],[-73.97568206402023,40.79652237730799],[-73.9756783650325,40.79650838816527],[-73.97567143064899,40.79648613085181],[-73.97566349374685,40.79646406873466],[-73.97565457327862,40.79644222162854],[-73.9756446704186,40.79642062105102],[-73.97563380293296,40.79639929041859],[-73.97562707965915,40.796386289383285],[-73.97561986221719,40.79637343862648],[-73.97561214941446,40.79636075975988],[-73.97560395310022,40.79634825368632],[-73.97559528156353,40.79633593571595],[-73.97558613480098,40.79632381575421],[-73.97557501335359,40.79631009338429],[-73.97556328630526,40.79629666264682],[-73.97555097260826,40.79628354245601],[-73.97553807936819,40.796270743619345],[-73.97552462316673,40.79625828685156],[-73.97551062651513,40.79624617846076],[-73.97549610125526,40.79623443916076],[-73.97548084902944,40.79622114093916],[-73.97548186247572,40.79621701776647],[-73.97548552884864,40.796213232845346],[-73.97549284306568,40.79621092912138]]],[[[-73.97539667991408,40.79769327061164],[-73.97538021158955,40.79773770494596],[-73.97536731469947,40.79777252540762],[-73.97536375153766,40.79778213927947],[-73.97534729146419,40.79782657270977],[-73.97533082662925,40.79787100523588],[-73.97531436651144,40.797915439561386],[-73.97529683956073,40.79796400694825],[-73.97529447801342,40.79797019287364],[-73.97528802138346,40.79798878680405],[-73.97527115085359,40.79803737593913],[-73.97525427437465,40.79808596416965],[-73.97523740142461,40.79813455600006],[-73.97522052963556,40.79818314602689],[-73.97520365663622,40.79823173785165],[-73.97519522487406,40.798256015303714],[-73.97518678242902,40.79828032517077],[-73.9751699117507,40.79832891608983],[-73.97515285383668,40.7983774709457],[-73.97513614268921,40.79842393401335],[-73.97512144229943,40.798464345255596],[-73.97511925141625,40.79847036282035],[-73.97510235656651,40.79851678712128],[-73.97508865609639,40.79855444034504],[-73.97508546287685,40.79856321502165],[-73.97506856916425,40.79860964111816],[-73.97505167779703,40.79865606991393],[-73.97503478166666,40.79870249780532],[-73.97501789025368,40.79874892299342],[-73.97500072176854,40.79879472227156],[-73.97498814844964,40.7988282739516],[-73.97498355918394,40.798840523349135],[-73.97496639302119,40.79888632352249],[-73.97494922683443,40.79893212459346],[-73.97493353384748,40.798973987197805],[-73.97493205943977,40.79897792386033],[-73.97492090080051,40.79900863116229],[-73.97490964969921,40.79900167415744],[-73.97489688475572,40.79899324450535],[-73.97488450268852,40.79898448175053],[-73.97487252126476,40.798975405707914],[-73.97486095944197,40.79896602178479],[-73.97484982313857,40.79895634709204],[-73.97483912894256,40.79894638613587],[-73.97482888988166,40.798936156929294],[-73.97481911187975,40.79892566217523],[-73.97480981744307,40.79891492349067],[-73.97480100419703,40.79890395258167],[-73.97479269346968,40.79889275305505],[-73.974784888807,40.798881348324656],[-73.97477760323996,40.79886974739839],[-73.9747708438732,40.79885796378549],[-73.97476462018041,40.79884601279655],[-73.97475893097335,40.79883390253591],[-73.97475379283213,40.79882165732074],[-73.97474920575377,40.798809284355116],[-73.97474518039759,40.79879679714893],[-73.97474171675688,40.79878421281179],[-73.97473952900724,40.79876311813445],[-73.97473827384931,40.798741977735936],[-73.97473795719911,40.79872081232906],[-73.97473857193329,40.79869965523067],[-73.97474011922812,40.79867852715261],[-73.97474260025938,40.79865744970698],[-73.97474601146354,40.79863644360449],[-73.97475034453332,40.798615539460165],[-73.97475560064554,40.79859475618473],[-73.97476177504971,40.79857411989143],[-73.97476885470154,40.798553653990275],[-73.97477683248343,40.798533376489516],[-73.97478570364231,40.79851332070645],[-73.97479545632392,40.79849349654372],[-73.97480607511184,40.79847393371424],[-73.97481755644299,40.798454652028],[-73.97482988134877,40.798435673993055],[-73.97484303323067,40.798417022118],[-73.9748570073408,40.79839871621258],[-73.97488577274224,40.79835694021023],[-73.97491453810595,40.7983151687029],[-73.97494330461919,40.79827339538736],[-73.97497206991136,40.79823162206415],[-73.97500083516705,40.79818984963397],[-73.97502960157198,40.79814807629607],[-73.97509541899794,40.79805957143708],[-73.97515908707153,40.797970163775695],[-73.97519670377989,40.7979123535051],[-73.97523282639604,40.79785399809847],[-73.97532130146644,40.797718884515405],[-73.97540799392551,40.797580794330266],[-73.9754135821586,40.7975775780375],[-73.97542003565832,40.797576886029184],[-73.97542568263626,40.797578238883034],[-73.97542949479325,40.797580991622304],[-73.97543174670925,40.79758603489975],[-73.97542217766056,40.79761966381622],[-73.97541313873671,40.79764883717307],[-73.97539667991408,40.79769327061164]]],[[[-73.97582725466522,40.797730623481236],[-73.9758193188258,40.79777685256157],[-73.97581010967913,40.79784118591644],[-73.97580314476353,40.79790568363194],[-73.97579843002697,40.797970299784325],[-73.97579757262771,40.79801452493505],[-73.97579652693939,40.79806819538489],[-73.97579548598993,40.798121864034265],[-73.97579466047627,40.798166376449956],[-73.9757938337759,40.79821089066605],[-73.97579301181491,40.79825540308179],[-73.97579218511234,40.79829991729726],[-73.9757913595936,40.798344431512646],[-73.97578680318685,40.79849162799261],[-73.9757766999734,40.7986386639151],[-73.97576589712499,40.798692559234404],[-73.97575317167116,40.798738241593526],[-73.9757389283664,40.79877710144819],[-73.97570920053334,40.798836723554246],[-73.97568533668937,40.79887472409856],[-73.97566232775834,40.798904674353984],[-73.97562790776695,40.798940352069906],[-73.9755918204254,40.79896970791694],[-73.975569688346,40.798983394420425],[-73.97550816425768,40.799015935316355],[-73.97549459038207,40.79902228185233],[-73.97548073224002,40.79902827352945],[-73.97546661472161,40.799033895945016],[-73.9754522520477,40.79903914640038],[-73.97543765725453,40.7990440212963],[-73.97542284693662,40.79904850802918],[-73.97540784953371,40.79905260660506],[-73.9753926697889,40.79905630892029],[-73.97537733258693,40.79905961498022],[-73.97536185926104,40.7990625157843],[-73.97534625810593,40.79906501223476],[-73.97533055756237,40.79906710163617],[-73.97531476948411,40.79906877408547],[-73.97529767287419,40.79907129632358],[-73.97528047925638,40.799073383597175],[-73.97526320403895,40.79907502690449],[-73.97522433726566,40.79907686638183],[-73.97521585159005,40.79907699783156],[-73.97521797860463,40.799070687589555],[-73.97522731230376,40.79904302625623],[-73.9752449300536,40.79899655346914],[-73.97526259048242,40.79894996092175],[-73.9752647611171,40.79894423060968],[-73.97527659165266,40.798913025442126],[-73.97528025562745,40.79890336567084],[-73.97528420308831,40.79889295674472],[-73.97529791837748,40.79885677131685],[-73.9753155846574,40.7988101778611],[-73.97533324498798,40.79876358350052],[-73.97535091003346,40.7987169900384],[-73.97536949741027,40.79866598072133],[-73.97538808594389,40.798614970500594],[-73.97540667681963,40.798563958475924],[-73.9754252617407,40.798512950048604],[-73.97542852845186,40.79850398357184],[-73.97544190368926,40.798467276663],[-73.97544384900391,40.79846193981735],[-73.97546243742457,40.79841092688153],[-73.97548102581509,40.79835991844471],[-73.9754996129925,40.798308909103746],[-73.97552068129977,40.79825832081958],[-73.97554174957364,40.79820773613315],[-73.97556281781654,40.79815714874097],[-73.97558388721137,40.79810656404629],[-73.97560495302028,40.798055976645074],[-73.97561170725618,40.79803989875563],[-73.97562308923193,40.798012808735855],[-73.97563902303634,40.79797487766309],[-73.97564780398737,40.7979543211152],[-73.97566917713607,40.79790876035417],[-73.9756886107782,40.79786238873029],[-73.97570803965613,40.797816009897815],[-73.975717975859,40.79779230634167],[-73.97572743410645,40.797769731910364],[-73.97574690917591,40.79772326393094],[-73.9757702225004,40.797672937213754],[-73.97579353578963,40.79762261049144],[-73.97581685022824,40.79757228466477],[-73.97584016463223,40.797521957032004],[-73.97586641936935,40.79752905846845],[-73.97585978122295,40.7975586177771],[-73.97585274428486,40.79758994738384],[-73.9758442465721,40.79763683911686],[-73.97583575477213,40.79768373085016],[-73.97582725466522,40.797730623481236]]],[[[-73.97420749420628,40.79652446741972],[-73.97420134562245,40.79653356109065],[-73.97415202730112,40.796619629707756],[-73.97410423666564,40.79673809682301],[-73.97407281717145,40.79685300072077],[-73.97405826287465,40.79694649182183],[-73.97405067245684,40.79710377317942],[-73.97405659339452,40.79719859712116],[-73.9740714782906,40.79729691521532],[-73.97408786568234,40.79739234934366],[-73.97409977391833,40.79748193191625],[-73.97410703459946,40.79757814382053],[-73.97410361490302,40.79771807437728],[-73.97409054678056,40.797831884674665],[-73.97406392306146,40.797947799988535],[-73.97403196943549,40.79804818047747],[-73.97394019631732,40.79823981847112],[-73.97385659950399,40.798381741667036],[-73.97374708786718,40.79853369496594],[-73.97362364252896,40.79870438256106],[-73.97349542268063,40.79886219988537],[-73.97326602861449,40.79911514220414],[-73.97310298477213,40.79928884031058],[-73.97296277528422,40.79944076406424],[-73.9727860466549,40.79961772191248],[-73.97259386512276,40.799796791985344],[-73.97239888250434,40.79996135942293],[-73.9722286016942,40.80008820156416],[-73.97208911407998,40.800185630702806],[-73.97191170650359,40.8002960914665],[-73.97175350918813,40.80039910683478],[-73.971605769191,40.800510094878646],[-73.97145871337014,40.800635517901625],[-73.97128800640357,40.80081636056576],[-73.97127572134013,40.80082477627123],[-73.97126403667382,40.80083137221636],[-73.97125414965807,40.80083523829536],[-73.97124276409671,40.80083796486831],[-73.97122748765206,40.80083909928714],[-73.97121430709046,40.80083841341817],[-73.97119992808771,40.800835906439126],[-73.9711885482421,40.800830897720935],[-73.97117746839953,40.800822704011324],[-73.97116968209318,40.800813600719835],[-73.97116399641246,40.800802678044626],[-73.97116220358494,40.800791527616276],[-73.97116334935193,40.8007809002125],[-73.97116916270076,40.80076791646957],[-73.97135978496107,40.800507423477825],[-73.97160448880915,40.800175318690826],[-73.97188338643161,40.79979054791055],[-73.97201365265519,40.79963785493791],[-73.97210011548817,40.799549751238146],[-73.97222950615782,40.79943698684323],[-73.97249784773668,40.79919724100904],[-73.9725885167689,40.79911885342783],[-73.972686937263,40.79903577600973],[-73.97283153014564,40.79891191227487],[-73.97287266309272,40.798882598100995],[-73.97294473719849,40.79882328924109],[-73.97303052469765,40.79874098389012],[-73.97314898702186,40.798612971337626],[-73.97325813022697,40.79847630900325],[-73.97332559773504,40.79837522736546],[-73.97337578302964,40.798278356934105],[-73.97340953133605,40.79819987358948],[-73.9734339862557,40.79812647411352],[-73.9734597962345,40.798039419769395],[-73.97347590280918,40.79795462794213],[-73.97353380186622,40.797723049884986],[-73.97355971904464,40.79761299497827],[-73.97364009291364,40.79729637162373],[-73.9736767723928,40.79716885755612],[-73.97369448201272,40.79712527471634],[-73.97371642543423,40.797078625737335],[-73.97379250924642,40.796934531602574],[-73.97385508446425,40.796841679085226],[-73.97392141991912,40.7967533235782],[-73.9740616445415,40.796600195531575],[-73.9741585039405,40.796507229887695],[-73.97416574624083,40.796501136028645],[-73.97417523921791,40.79649682746383],[-73.97418395703194,40.79649613242991],[-73.97419548494138,40.796496889629985],[-73.974203382352,40.79650036282408],[-73.97420902295408,40.796505639213564],[-73.97421101703509,40.79651216918306],[-73.97421019352788,40.7965182329638],[-73.97420749420628,40.79652446741972]]],[[[-73.98334952072739,40.78670289279616],[-73.98326852474668,40.78690100390243],[-73.98320714842095,40.78705981634031],[-73.98314949295222,40.78721942983115],[-73.98313255924766,40.787270210206415],[-73.98311562314719,40.78732099237944],[-73.98309868820661,40.78737177094776],[-73.98308175560953,40.78742255041407],[-73.98306481943138,40.78747333347894],[-73.98304703540694,40.78752224517526],[-73.98302925135478,40.78757116317197],[-73.98301146846192,40.78762007846426],[-73.98299368198931,40.78766899105139],[-73.98297589904449,40.7877179054369],[-73.98295811725777,40.78776682162051],[-73.98294033189111,40.78781573599946],[-73.98292255123765,40.787864649475544],[-73.98290476463396,40.78791356384807],[-73.98285582798815,40.788049039637755],[-73.98275392076793,40.78831664608263],[-73.98267064660823,40.78851795225618],[-73.98258290583303,40.78871711899903],[-73.98247953284661,40.788954808516706],[-73.98237038360843,40.789191003118894],[-73.98225549955492,40.78942561904917],[-73.98222523347971,40.7894840739887],[-73.98212847911786,40.78968950104718],[-73.98202127383136,40.78988713165483],[-73.9818915152346,40.790122740829624],[-73.98180713803193,40.79027145331562],[-73.9816703179043,40.79050148701438],[-73.98156216636175,40.79067940416343],[-73.98145863486384,40.790845349795546],[-73.98135374595489,40.791007992075194],[-73.98123391199798,40.79119230596793],[-73.98110687949931,40.791376514993594],[-73.9809754999949,40.79156175512999],[-73.9808469725451,40.791748131116364],[-73.9807366520037,40.791897560668865],[-73.98059807367167,40.792082696499946],[-73.98045963243317,40.792262361643154],[-73.98033151344181,40.79243232638733],[-73.98019035701714,40.79260538466444],[-73.98007881461034,40.79274604068463],[-73.97991116705396,40.79294169658465],[-73.97972857304498,40.793159024646165],[-73.9795662557454,40.793337987498106],[-73.97951522880693,40.79339276036606],[-73.97914067392128,40.793778346765706],[-73.97905032828535,40.79386696299974],[-73.97887665754992,40.794030487326],[-73.97869873897768,40.79419135322605],[-73.97851665315204,40.79434949856096],[-73.97840880300187,40.7944442956544],[-73.97840549264512,40.794447205450176],[-73.97827119716803,40.79456524116108],[-73.97822458192215,40.79460567111574],[-73.97817733962891,40.79464664753608],[-73.97816952892275,40.794653422319136],[-73.97732916759992,40.795377270120284],[-73.9771962282287,40.79549644576217],[-73.97701511783879,40.79566407745349],[-73.97683642681048,40.795833197868355],[-73.97670938816155,40.79595795452329],[-73.9765868449214,40.79608528107488],[-73.97646887652509,40.796215083001044],[-73.9764483070776,40.79623937788485],[-73.97638711430528,40.796311652980975],[-73.97630980407085,40.79641031837892],[-73.9762370442249,40.79651096396005],[-73.97621375608011,40.796546007505185],[-73.9761836496895,40.79659130632824],[-73.9761712308208,40.79660999273198],[-73.97616892251115,40.79661346548202],[-73.97610135592934,40.79672366364793],[-73.97603838849089,40.79683542329434],[-73.97598008068644,40.79694863368],[-73.97595980682442,40.79699001191395],[-73.97595308561533,40.79700375663876],[-73.97594374967723,40.79702284438226],[-73.97575710031683,40.79740942217188],[-73.97574313461688,40.797441667924254],[-73.97572346448717,40.797487102991035],[-73.97570378722158,40.79753253625164],[-73.97568411703813,40.797577971311085],[-73.97566393973675,40.79762646075415],[-73.97564376003606,40.79767495019288],[-73.97563682314427,40.79769162327666],[-73.97562358149057,40.79772344052843],[-73.97560340410095,40.79777192995982],[-73.9755832243124,40.7978204184863],[-73.97556402914594,40.797865807698386],[-73.97554785435025,40.797911356936055],[-73.97553000264539,40.79795414938623],[-73.97552476395454,40.797970242000915],[-73.97551206018163,40.79800200892468],[-73.97549237766957,40.79805123144622],[-73.9754726915732,40.79810045486382],[-73.97545300900296,40.798149677377914],[-73.97544210322248,40.798176948482165],[-73.97523182822246,40.79871507346393],[-73.97521946342891,40.79874905835459],[-73.9752002460338,40.798801837893066],[-73.97518103571774,40.798854618329926],[-73.97517570735764,40.79886925209817],[-73.9751618241855,40.79890740056388],[-73.97514261262423,40.79896017919218],[-73.97512332772712,40.79901252105889],[-73.97511767101423,40.79902739248505],[-73.975101910726,40.79906883006146],[-73.97509380342652,40.79909014943271],[-73.97507913972599,40.79913338463916],[-73.97506686960561,40.799160960678066],[-73.97498159228374,40.79938556454867],[-73.97496785443194,40.799421130387486],[-73.97487017175425,40.79966204851841],[-73.97476507929822,40.79990115313117],[-73.97470599206495,40.80002576206719],[-73.97448158538484,40.80046025298358],[-73.97441383533305,40.800589484804455],[-73.97431553304271,40.80074667297797],[-73.97418351223332,40.80096742875157],[-73.97405812544248,40.801163877788625],[-73.97390337847342,40.801410229297204],[-73.97366151183749,40.80176817666173],[-73.97303856552986,40.80267116279275],[-73.97282018718576,40.80297301814247],[-73.97249157189067,40.8034273102514],[-73.97211939187864,40.803937397466406],[-73.97187847062668,40.804257223973465],[-73.97153792033814,40.80470676383385],[-73.97129491001293,40.80502960883948],[-73.97100246933093,40.805402063760894],[-73.97062914702619,40.80587705059869],[-73.9705070310978,40.80602631934876],[-73.96992546871655,40.806770830764016],[-73.96975769985164,40.80699091006543],[-73.9695829862656,40.80722390673049],[-73.96941999832546,40.807443926453004],[-73.96925795722679,40.80766434781221],[-73.96909686771575,40.80788517261434],[-73.96895766788457,40.808077932754564],[-73.96882166414498,40.808272003809996],[-73.96868887430847,40.80846735517968],[-73.96853483309708,40.80869465386239],[-73.9683838764067,40.80892314363543],[-73.96823602086464,40.809152800201936],[-73.96809127835814,40.809383600164026],[-73.9679504048461,40.80960611733208],[-73.96763136383666,40.810111419984764],[-73.96727573790076,40.810678167601964],[-73.96699551731065,40.81112095156943],[-73.9666992008835,40.811565023291635],[-73.96646976336156,40.811904835179604],[-73.96623901236535,40.81221717383173],[-73.9660188737608,40.812506788381185],[-73.96580101077996,40.81278576019374],[-73.96559981919567,40.813040572612096],[-73.965448258889,40.81323815403869],[-73.96528380508529,40.81346910110638],[-73.96509206269928,40.81374692856407],[-73.96491641026518,40.81402346747395],[-73.96468996241661,40.81440297411575],[-73.96450916983973,40.814723667578576],[-73.96424767218133,40.815139266143696],[-73.96401253865925,40.815465262063725],[-73.9638155004642,40.81571403202438],[-73.96359592119026,40.81598077204455],[-73.96340769414647,40.81619635535651],[-73.96321718768908,40.81640778183389],[-73.96298727519282,40.81664664789288],[-73.96280888065276,40.81682265022311],[-73.96290690410916,40.816704192627995],[-73.96310217325426,40.816497851501936],[-73.96326326160981,40.816305690083404],[-73.96337187635653,40.81618078970079],[-73.96369732330581,40.81578245785892],[-73.96398645725401,40.81538556894024],[-73.96417689982589,40.8150802697242],[-73.96427374431256,40.81490324043777],[-73.96440679422635,40.81464438146815],[-73.96456993212807,40.8143182545409],[-73.9646203471902,40.81422370521217],[-73.9647318101055,40.81403162548962],[-73.96485089681477,40.81384219994227],[-73.96500659188008,40.813606541246635],[-73.9651693483792,40.81337365079322],[-73.96533907256115,40.81314365189237],[-73.96548221087527,40.812961861908306],[-73.96562577261773,40.81278026367359],[-73.96575837230509,40.81261320503303],[-73.96587140257331,40.81246858174099],[-73.96627179242931,40.811956275085784],[-73.96737668143969,40.81040938503769],[-73.96743210115861,40.810325570671075],[-73.96757930525729,40.81008910092781],[-73.96764109135584,40.809990341784435],[-73.9677310006275,40.80984666104406],[-73.96787551974779,40.8096168169169],[-73.96798882723105,40.80943749627661],[-73.9679928361315,40.809431150680695],[-73.96802452301876,40.8093810026427],[-73.96815888464053,40.80916325441579],[-73.96829664144829,40.80894673433722],[-73.96843776732841,40.80873147390534],[-73.96858224802116,40.808517501019374],[-73.96873057765963,40.808299871166284],[-73.96888159727571,40.80808331343378],[-73.96903529143572,40.80786784491667],[-73.96919165181492,40.807653488114745],[-73.96933714849358,40.80745417823019],[-73.96948469060804,40.807255743080994],[-73.96963426392479,40.80705818175519],[-73.96978587197641,40.80686151765882],[-73.9698112379671,40.80682808520264],[-73.96989285222844,40.80672051141349],[-73.97006305658054,40.80650036680221],[-73.97019924299595,40.80632415656057],[-73.9703485486455,40.8061353830741],[-73.97050692011317,40.80593444777655],[-73.9706254754001,40.80578349238421],[-73.97066487710977,40.8057333221446],[-73.97071849849618,40.80566480604789],[-73.97082242200474,40.80553201338448],[-73.97097955361822,40.80533051519409],[-73.97100472603081,40.805298025240575],[-73.97103134385429,40.80526366711028],[-73.97106203563509,40.80522465261832],[-73.97109273330615,40.805185636318456],[-73.97112342382985,40.80514662180941],[-73.9711541178737,40.80510760549181],[-73.97118664994,40.805065869219284],[-73.97121918314987,40.805024134738616],[-73.97123359583688,40.80500563849492],[-73.97135910728345,40.80483109730437],[-73.97136056730226,40.804831097667126],[-73.974058831333,40.801052340334635],[-73.97410536449179,40.800979060979685],[-73.97420935228233,40.800812251529905],[-73.9743529338267,40.80057246804618],[-73.9744892571433,40.8003302496199],[-73.97458705875741,40.800144030885086],[-73.97467835611583,40.799955915982956],[-73.9747630875977,40.79976603368678],[-73.97485555230794,40.799537213620525],[-73.97487297560507,40.79948894075338],[-73.97493887382181,40.79930637346558],[-73.97494161057365,40.79929840824373],[-73.97495509385203,40.79925913769787],[-73.97496949599609,40.79921847968026],[-73.97503258101595,40.799053611935264],[-73.97505478128993,40.79899743728934],[-73.97507270804836,40.798945646245905],[-73.97509063833547,40.798893850697546],[-73.97510453295865,40.7988537013332],[-73.97510856622407,40.79884205694641],[-73.9751264917155,40.7987902613906],[-73.97514441717773,40.79873846943359],[-73.97516234853752,40.79868667567359],[-73.97517959939361,40.79863887277719],[-73.9751968502266,40.7985910653754],[-73.97521410340475,40.79854325797111],[-73.97523135537179,40.798495454165646],[-73.97524860494549,40.79844764675473],[-73.97526585212445,40.798399839340355],[-73.97528310757171,40.79835203642733],[-73.97529990796167,40.798304250523344],[-73.97531671069707,40.79825646551755],[-73.97533351222378,40.7982086796082],[-73.97535031728022,40.7981608963983],[-73.97536711639007,40.79811310688081],[-73.97538392139893,40.79806532186428],[-73.97539785102637,40.798025699259085],[-73.97541686522523,40.79797021903998],[-73.97542339841652,40.79795598083466],[-73.97543261617173,40.79793038249951],[-73.97545665158125,40.79787004424779],[-73.97547342513373,40.79782367569541],[-73.9754902022177,40.79777730714103],[-73.97550697690843,40.79773093858334],[-73.9755237539454,40.797684570923906],[-73.97553522086642,40.797655199063506],[-73.97554239658184,40.79763682049028],[-73.97556103445143,40.79758907095277],[-73.97557967821902,40.79754132141308],[-73.97559832077621,40.797493568267825],[-73.97561696211979,40.79744582052192],[-73.97563560580652,40.79739807277317],[-73.97565459139253,40.79734851689008],[-73.97567357931946,40.79729896280498],[-73.97569256366369,40.797249407815116],[-73.97571155153442,40.79719985282249],[-73.97572099149318,40.797175215341156],[-73.97573053819164,40.797150298726564],[-73.97576323030721,40.797070246687355],[-73.97580339898752,40.796978070079554],[-73.97583083807858,40.796917647808314],[-73.97588813697917,40.7968032333185],[-73.9759195420268,40.79673919364639],[-73.97595347184057,40.796675901906625],[-73.9759898872909,40.79661341572069],[-73.97602876583953,40.79655178731067],[-73.97604063092591,40.79653434529754],[-73.97607006480094,40.79649107970013],[-73.97611374741983,40.796431341505915],[-73.97616691512852,40.79635890730967],[-73.97622286805165,40.796287693839844],[-73.9762676192877,40.79623436916497],[-73.97628155520913,40.796217764116804],[-73.97634292562249,40.79614917845955],[-73.97640692949857,40.79608199808758],[-73.97647350875386,40.79601627521372],[-73.9766766500464,40.79582237225834],[-73.97688732103884,40.79563316655595],[-73.9770395612505,40.79549987888368],[-73.97719306486623,40.795367429622964],[-73.977237956938,40.795331308641664],[-73.97728285251549,40.795295188543804],[-73.97732774685844,40.79525907112957],[-73.9773709770859,40.795224289712785],[-73.97741753658524,40.795186829944775],[-73.97746243078235,40.79515071157696],[-73.97750732374641,40.79511459139021],[-73.97755187060709,40.79507865482039],[-73.97759642097381,40.79504272003479],[-73.97764096773771,40.795006785231124],[-73.97768551800849,40.79497084951019],[-73.97773006586114,40.79493491467191],[-73.97777461485113,40.79489897801544],[-73.97781916023837,40.79486304134084],[-73.97802376522462,40.79469940476405],[-73.97822543016188,40.794533669099785],[-73.97825889273547,40.79450495847237],[-73.97829236002117,40.7944762433335],[-73.97832572890442,40.794447611912766],[-73.9783414901145,40.79443387234521],[-73.9783646696789,40.79441366137431],[-73.97846711021631,40.794324347356195],[-73.97864425804133,40.7941681066422],[-73.97881721968173,40.79400917779083],[-73.97897264062419,40.79386157196727],[-73.97912571051326,40.79371255442147],[-73.97919259684681,40.7936452037059],[-73.97924957006111,40.79358634738505],[-73.97925369122461,40.79358206264691],[-73.97930756396124,40.793525542536514],[-73.97945513739913,40.79336713494438],[-73.97960266156298,40.79320870103628],[-73.9797101902247,40.79309136773474],[-73.9798139441036,40.79297208948982],[-73.97991386276138,40.79285093744063],[-73.97991433688395,40.79285035489961],[-73.98022693305697,40.79246801783134],[-73.98042338863043,40.79221477395812],[-73.98058560534112,40.792005905136534],[-73.98072730964729,40.79181096519324],[-73.98090338792846,40.79156617996991],[-73.98105283949957,40.79134946409526],[-73.98119794264161,40.79113377838336],[-73.98134467731317,40.79091045560125],[-73.98148706594732,40.79068816390027],[-73.98164323523709,40.790428189164565],[-73.98175753158344,40.79023383967054],[-73.98189742653841,40.78998240324349],[-73.9819886774471,40.78981184111161],[-73.98220518580094,40.789389328318336],[-73.98226525515653,40.789265841111224],[-73.98236468498543,40.789055780357245],[-73.98246168197497,40.78884505997399],[-73.98255623903087,40.78863370157847],[-73.98265338539818,40.78839974181815],[-73.9827470077512,40.78816495207884],[-73.98283708952864,40.787929363884004],[-73.98285385534359,40.787883355286525],[-73.98287062350495,40.78783734668661],[-73.98288739282748,40.78779133988515],[-73.98290415975772,40.787745331279545],[-73.98292092784932,40.78769932357186],[-73.9829376947334,40.787653314060194],[-73.98302496261256,40.78743122109129],[-73.9830419247473,40.78738559250328],[-73.98305888685964,40.78733996031042],[-73.98307585131829,40.787294328115095],[-73.98309281101434,40.78724869681678],[-73.98310977424129,40.78720306641663],[-73.98312729063306,40.78715782060859],[-73.98314480107699,40.78711257569722],[-73.98316231505072,40.78706733348488],[-73.9831798301861,40.787022088568236],[-73.98319734174365,40.7869768427476],[-73.98321485683097,40.78693159962601],[-73.98323544450992,40.78687954465811],[-73.9832560250486,40.78682748788413],[-73.9832766102934,40.78677543380818],[-73.98331200733764,40.78669507012066],[-73.9833735035051,40.7865663929039],[-73.98350981744395,40.786281159856294],[-73.98354205218855,40.786218596745776],[-73.98356844339347,40.786171660989815],[-73.98359442720366,40.78617682186152],[-73.98351175037706,40.786340907481105],[-73.98348434394212,40.786401327180876],[-73.98343630076367,40.786507260637414],[-73.98336014688249,40.786678934699225],[-73.98334952072739,40.78670289279616]]],[[[-73.9710499705454,40.80104970228782],[-73.97105498485757,40.801053952101576],[-73.97105823611136,40.80105764856609],[-73.97106114688663,40.80106221932958],[-73.97106327426167,40.80106703573259],[-73.971064487636,40.8010726704598],[-73.97106449794164,40.801078949642374],[-73.97106449882449,40.80107964482786],[-73.97105730650627,40.80109162956522],[-73.9710295888763,40.80113011173323],[-73.97099505799495,40.80117805462417],[-73.97096052943343,40.8012259984055],[-73.97092599608175,40.801273943075465],[-73.97089146742039,40.801321887735895],[-73.97085693634003,40.801369830584015],[-73.97082240639497,40.80141777342171],[-73.97078787521473,40.80146571714892],[-73.9707533439844,40.80151366176594],[-73.97071881389007,40.8015616045715],[-73.97068428374527,40.80160954916739],[-73.97064975236725,40.80165749015023],[-73.9706152209379,40.8017054347244],[-73.97058069182927,40.80175337838795],[-73.97054830085466,40.80179774850669],[-73.97051591220767,40.80184211681567],[-73.97048352233166,40.80188648691595],[-73.97045113596842,40.801930855206706],[-73.97043908163361,40.80194736726667],[-73.9704046082881,40.80199459319234],[-73.9703863571856,40.80201959536042],[-73.97035396832275,40.80206396362234],[-73.97032157704581,40.80210833367523],[-73.97028919046629,40.80215270281939],[-73.97025979195932,40.80219297275359],[-73.97020028693599,40.80227448855657],[-73.97019202098826,40.80228581019302],[-73.97015743107958,40.802333212509936],[-73.97012283993779,40.80238061211437],[-73.97008824874557,40.802428014409514],[-73.97005365869026,40.80247541399271],[-73.97004953102756,40.80248106805322],[-73.97001429111444,40.8025293580488],[-73.96998447606147,40.80257021402688],[-73.9699498834867,40.802617617179244],[-73.96991529323398,40.80266501762005],[-73.96988070174652,40.80271241895027],[-73.9698461102102,40.80275981936927],[-73.96981151862425,40.80280722067803],[-73.9697769269894,40.80285462107553],[-73.96974233530527,40.80290202146228],[-73.96971025691667,40.80294712442582],[-73.9696781773012,40.80299222377779],[-73.96964609645595,40.803037325821734],[-73.96961401319756,40.80308242695524],[-73.96958193582175,40.80312752628009],[-73.96954985484608,40.80317262829626],[-73.96951777501201,40.803217730303444],[-73.96948569276476,40.803262831400296],[-73.96945361284452,40.803307931587995],[-73.96942153288005,40.80335303356745],[-73.96938945168701,40.803398135537314],[-73.96936326043424,40.803434954475186],[-73.96935602467664,40.803444835525475],[-73.96935199481665,40.80344886598694],[-73.96934595732546,40.80345321379049],[-73.9693390752567,40.80345676262671],[-73.96933303049165,40.8034588897978],[-73.96932747315013,40.803460222858355],[-73.96932173593228,40.80346100836758],[-73.96931425338606,40.80346123150073],[-73.96930599745968,40.80346045397341],[-73.96929804658916,40.803458600430766],[-73.96929133441272,40.80345607454497],[-73.96928587856985,40.803453171684566],[-73.9692810048425,40.803449721475815],[-73.96927635555788,40.803445260066596],[-73.96927264150422,40.8034403189407],[-73.9692700261787,40.80343498549006],[-73.96926858980271,40.80343004407062],[-73.96926814773893,40.80342499305541],[-73.96926765904554,40.80341826890111],[-73.96926734996543,40.80341266051261],[-73.9692675338703,40.80340704775305],[-73.96926820956327,40.80340145583608],[-73.96926937347706,40.80339591087513],[-73.96927055095199,40.803391794108826],[-73.96927202466416,40.80338773415286],[-73.96927373773224,40.80338372829059],[-73.9692757399172,40.803379800848745],[-73.96927878668211,40.80337468772844],[-73.96928227658202,40.803369736815874],[-73.96928619419832,40.80336497602242],[-73.96932202677053,40.803315933596366],[-73.96933319112532,40.803300572257314],[-73.96938885984954,40.80322398432581],[-73.96939162513895,40.803220181353346],[-73.9694264260263,40.80317230386522],[-73.9694612256781,40.80312442726646],[-73.96949602528065,40.803076548855806],[-73.96952486300744,40.8030361033763],[-73.97020845047251,40.80208952098764],[-73.97023394970438,40.802055689526874],[-73.97026514073713,40.80201361726189],[-73.97029633054544,40.80197154498793],[-73.97032752149853,40.80192947450652],[-73.97035871359842,40.80188740131519],[-73.97039130108226,40.801843875068236],[-73.97042388852384,40.80180034791133],[-73.97045647947827,40.80175681984529],[-73.97048906801888,40.801713294470645],[-73.97050744440992,40.80168874706915],[-73.97052165770306,40.80166976638524],[-73.97055424497377,40.80162624009076],[-73.97058683457232,40.80158271288686],[-73.97061949431719,40.80153856794901],[-73.97063028207937,40.8015239844153],[-73.97065215283448,40.80149442120033],[-73.97068481130688,40.801450278044065],[-73.9707174709222,40.80140613217702],[-73.9707501328634,40.801361988102],[-73.97078279002163,40.80131784311578],[-73.970815449507,40.80127369722006],[-73.97084811013404,40.80122955131506],[-73.97088076953192,40.80118540720121],[-73.97091342651767,40.801141260375694],[-73.97092659624964,40.80112346083174],[-73.97093356232114,40.80111404336836],[-73.97094608701435,40.801097115342536],[-73.9709618996837,40.80107574057876],[-73.97098040000078,40.8010515371213],[-73.97098585514279,40.80104760961707],[-73.97098777531812,40.80104656732244],[-73.97099129563857,40.80104465824986],[-73.97099647859729,40.801042599212174],[-73.97100193983162,40.80104100400131],[-73.97100927915048,40.80103977756661],[-73.97101684088524,40.801039392253486],[-73.97101760760572,40.80103935282433],[-73.97101815624936,40.8010393925842],[-73.97102426124393,40.801039832661985],[-73.97102996784155,40.80104080753579],[-73.97103546682663,40.80104232355704],[-73.97104211240287,40.801044992504906],[-73.9710499705454,40.80104970228782]]],[[[-73.96912120422465,40.803739653772894],[-73.96912372034639,40.80374425149262],[-73.96912514026832,40.80374888944113],[-73.96912556486825,40.80375324886896],[-73.96912472612802,40.803760303151016],[-73.96912174624755,40.803766784142375],[-73.9687238320726,40.80435985963841],[-73.96856987799573,40.804613750261545],[-73.96844515267426,40.804830340118826],[-73.96833904513355,40.805020082083324],[-73.968251892687,40.80519691691868],[-73.96816075843196,40.80537258713957],[-73.96806308265131,40.80555180163442],[-73.96805777189178,40.80555501494239],[-73.9680524199984,40.80555750964101],[-73.96804740741818,40.8055592191988],[-73.96804137702465,40.80556054936436],[-73.96803360243712,40.805561330642426],[-73.96802732504297,40.805561236150275],[-73.9680211404309,40.80556042398624],[-73.96801299276098,40.805558276738566],[-73.96800614431588,40.805555376133704],[-73.9680012276051,40.80555240942777],[-73.96799642394272,40.805548477418654],[-73.96799245482966,40.80554403956097],[-73.96798974777693,40.80553973532732],[-73.96798785381506,40.80553518818487],[-73.96798676370926,40.80552988664789],[-73.96798692921647,40.80552333826925],[-73.9679884406517,40.805517490852154],[-73.96799063166746,40.80551302048579],[-73.96801573685119,40.805468244766104],[-73.9680398421909,40.805425090561165],[-73.96806394749974,40.80538193545035],[-73.96807097519434,40.80536935383163],[-73.96812918366787,40.80526949475396],[-73.96814650551877,40.80523851969264],[-73.96817269905574,40.805187423638756],[-73.9681968378928,40.805135743488634],[-73.9682188994913,40.80508353416782],[-73.96823886250344,40.80503083889549],[-73.96824336773477,40.80501937859169],[-73.96824736461753,40.8050078055854],[-73.96825084484598,40.804996141486264],[-73.96825380841746,40.80498439259789],[-73.96825624702889,40.80497257512698],[-73.96825816304467,40.80496070168121],[-73.96825955408765,40.80494878756838],[-73.96826041422838,40.804936841791914],[-73.96826074582783,40.80492488416342],[-73.96826055006757,40.80491292278772],[-73.96825982101429,40.80490097477263],[-73.96825856695828,40.804889051826926],[-73.96825678552447,40.80487716475588],[-73.96825447670368,40.80486533337047],[-73.96825164760287,40.80485356577715],[-73.96824829821408,40.80484187908529],[-73.96824443327321,40.804830283201596],[-73.96824002609728,40.804817575953216],[-73.96823511765865,40.80480730081309],[-73.96822970012686,40.80479599986456],[-73.96822378123737,40.80478484735986],[-73.96821736928173,40.80477385230609],[-73.96821047491886,40.80476302911416],[-73.96820309814433,40.80475238768946],[-73.9681952543569,40.804741943344574],[-73.96818695066253,40.80473170598694],[-73.96817819416624,40.804721687324786],[-73.96816899789704,40.804711901769664],[-73.96815890946637,40.80470169903659],[-73.968156432219,40.80469765241235],[-73.96815396403049,40.804692011007596],[-73.96815240187033,40.804685056025704],[-73.96815222475969,40.80467874168096],[-73.96815280994196,40.80467430238475],[-73.96815405517422,40.80466994251472],[-73.96815657023156,40.80466431329253],[-73.96815956716165,40.80465963152784],[-73.96816330698007,40.804655273247235],[-73.96816836705898,40.804650737032304],[-73.96817419124102,40.80464676744171],[-73.9681789790031,40.80464418253154],[-73.96824778669658,40.80459998792533],[-73.96831376497408,40.80455445796123],[-73.96837766652325,40.804507248860034],[-73.96843942021322,40.80445841553617],[-73.96846256806258,40.80443881891744],[-73.96856034605723,40.804356106013806],[-73.96861522819408,40.80430274841638],[-73.96866769335332,40.80424800336764],[-73.96868785018141,40.80422538831918],[-73.96872885260855,40.80417702466313],[-73.969052139974,40.803739836964176],[-73.96905763084114,40.80373370604205],[-73.96906634955698,40.8037281252901],[-73.96907503508571,40.80372510374586],[-73.969086747677,40.80372373272631],[-73.96909465885358,40.80372435349012],[-73.96910145444235,40.80372593478647],[-73.96910796632935,40.8037285344704],[-73.96911288298983,40.803731425488145],[-73.96911730869596,40.803735048479574],[-73.96912120422465,40.803739653772894]]],[[[-73.96099139607352,40.817582814531264],[-73.96084299151828,40.8175171918592],[-73.96083255649651,40.81751245890627],[-73.96081243832361,40.81750234399495],[-73.96081298518862,40.8175015985695],[-73.96090622251307,40.81737453771444],[-73.96093502238185,40.817335247096665],[-73.96094014818156,40.81732825287405],[-73.96112335831633,40.81707829186891],[-73.96116246637314,40.817024938907956],[-73.96135322876775,40.81676467388327],[-73.96138231707334,40.81673193616204],[-73.9614127846056,40.81669993009834],[-73.96144460526531,40.81666869350321],[-73.96147774229046,40.81663825607965],[-73.9615121624725,40.8166086520343],[-73.96154782549348,40.81657991196953],[-73.96158469933322,40.816552065589896],[-73.96162274249058,40.816525140795854],[-73.96166191227603,40.81649917089044],[-73.96187304594979,40.81638008715511],[-73.96208134766073,40.816258157430084],[-73.96211411807688,40.81623372151296],[-73.96214588733167,40.816208535143865],[-73.96217662696456,40.81618262262766],[-73.96220631088735,40.81615600556851],[-73.96223490589702,40.81612871097129],[-73.9622623906443,40.81610076494423],[-73.96228873311286,40.81607219269154],[-73.96231391550893,40.816043021223045],[-73.96237093701133,40.815971659256284],[-73.96242480871243,40.81589890046382],[-73.96247547131333,40.81582481957194],[-73.96252286550825,40.81574950481431],[-73.96256694148109,40.8156730327209],[-73.9626424252284,40.81552803756641],[-73.96268168338595,40.81545262825285],[-73.96275465128872,40.815305887042236],[-73.96279350299528,40.81522772563771],[-73.9628133656901,40.81518739518116],[-73.96283479824213,40.815143882870416],[-73.9628562260241,40.815100372354834],[-73.96287765496378,40.81505686093479],[-73.96289908387494,40.81501335041101],[-73.96292051275859,40.81496983898246],[-73.96302836148296,40.81474465028817],[-73.96314136807509,40.814520921038834],[-73.96325950044732,40.81429872595048],[-73.96336977825574,40.814094378794216],[-73.96348057443382,40.81389019377956],[-73.96350963376108,40.813836933165845],[-73.96371779175821,40.81389764104365],[-73.96380787048066,40.81380764934786],[-73.96385292055517,40.8137438515441],[-73.96387995327966,40.813700558705136],[-73.96390549040242,40.81364814965752],[-73.96392502483062,40.8135968787553],[-73.96393704989713,40.81355813952244],[-73.96394909470159,40.813482936457596],[-73.96395060821888,40.81345672885763],[-73.96382758835381,40.813419086460804],[-73.96395234323961,40.813117849746796],[-73.96388781021983,40.81308676959762],[-73.96390084789707,40.81305148318932],[-73.9639297870144,40.81296286259503],[-73.9639551647983,40.81287361323218],[-73.96396980690717,40.81281257759375],[-73.96398187960544,40.81275121607064],[-73.96399137456706,40.81268959619831],[-73.96399827517482,40.81262777560413],[-73.96400257784467,40.81256582002367],[-73.96400427780891,40.81250379249054],[-73.96400337385691,40.81244175333787],[-73.96399986833032,40.812379769203076],[-73.9639983376949,40.81232815131057],[-73.96399680943226,40.812276533418284],[-73.96399527880112,40.81222491642531],[-73.96399375054376,40.812173297631624],[-73.96399222110256,40.81212168063814],[-73.96399069166372,40.81207006364421],[-73.96398916222775,40.812018445749295],[-73.96398763516501,40.81196682695419],[-73.96398610573382,40.81191520905838],[-73.96398457630497,40.81186359116214],[-73.96398445638125,40.81182895078571],[-73.96398572432493,40.81179432344964],[-73.96398838485707,40.81175974157316],[-73.96398991014854,40.81174671995463],[-73.96398472719267,40.81172054987701],[-73.9639788397771,40.81169083792209],[-73.96399786227445,40.81169084386379],[-73.96400324500156,40.81166321197608],[-73.96400952130861,40.81163568662565],[-73.96401668407205,40.811608288521626],[-73.96402886932319,40.81156844800823],[-73.96404268285787,40.811528915070824],[-73.96405811517035,40.81148972932771],[-73.96407514845968,40.81145092859367],[-73.96409376729541,40.81141255068404],[-73.96411431089334,40.8113741283454],[-73.96414142738992,40.81133603222654],[-73.96421045320893,40.811239070082046],[-73.9642167205105,40.81123026516072],[-73.96422447042248,40.81121937784812],[-73.9642509771417,40.81118214148857],[-73.96428523253718,40.811134019606534],[-73.96431948906931,40.81108589591329],[-73.96435374318004,40.8110377749102],[-73.9643879996131,40.81098965119586],[-73.96440812977937,40.81096137548224],[-73.96442225481096,40.8109415283711],[-73.96457932011164,40.81072461892779],[-73.9647370467579,40.8105079868188],[-73.9648954382999,40.810291633843526],[-73.96505448999099,40.81007556269922],[-73.96521420301244,40.80985977248321],[-73.96535453287726,40.80965975653962],[-73.9654976215561,40.80946087227009],[-73.96564345479835,40.80926314127201],[-73.96579201953753,40.809066588745225],[-73.96594329441535,40.808871232682925],[-73.96596962937222,40.80884171042995],[-73.9659972202241,40.808812857611265],[-73.96602603139854,40.80878470753385],[-73.96605604036526,40.808757283603164],[-73.9660872115513,40.80873062092723],[-73.96611951531476,40.808704744710305],[-73.96615290778944,40.808679685555596],[-73.96619650366863,40.808644333989854],[-73.96620421623429,40.80863807869046],[-73.96624009476099,40.80860898240598],[-73.9662836881773,40.80857363080613],[-73.96632728154633,40.80853828099062],[-73.96637087250068,40.80850292755573],[-73.96641446696138,40.808467579508196],[-73.96645805900778,40.80843222694078],[-73.96652161243964,40.808375561764855],[-73.96658270618144,40.80831735508835],[-73.96664127028231,40.80825766632776],[-73.96669724900885,40.808196564809066],[-73.96675058070946,40.808134106349215],[-73.96680120609506,40.80807036387502],[-73.96684907299272,40.80800540131039],[-73.96689413278138,40.80793929068457],[-73.96692740655872,40.807891775547596],[-73.96696067791879,40.807844259499525],[-73.96697945544929,40.807817443543456],[-73.96699395041736,40.80779674164081],[-73.96702722405264,40.807749225573474],[-73.96706050001063,40.80770170949682],[-73.96709377118111,40.80765419250833],[-73.96712704348965,40.807606674609765],[-73.9671603169349,40.80755915850253],[-73.96719359033308,40.80751164148484],[-73.96719674380947,40.807507135388974],[-73.96722686131348,40.807464124456544],[-73.9672601334311,40.80741660831907],[-73.96740921556817,40.80718838687993],[-73.96742577757787,40.80716190250589],[-73.96749671867421,40.8070484507501],[-73.96755312457208,40.80695825652879],[-73.96769181660301,40.8067262830089],[-73.96782525137628,40.80649253656649],[-73.96795940100895,40.80624157173128],[-73.96804664605948,40.806076265351685],[-73.96805094715286,40.80606811613316],[-73.96809208980035,40.80599015877817],[-73.96809793060993,40.805978950090456],[-73.96812051806278,40.80593559824293],[-73.96820382164026,40.805775722452786],[-73.96822331776045,40.80573830581655],[-73.96822554186659,40.805734011052216],[-73.96826922287217,40.80564797595822],[-73.96830402264652,40.80557942158198],[-73.96831216832325,40.80556337693935],[-73.96837607740208,40.805437507509076],[-73.96841074765248,40.80536922501333],[-73.96843367685574,40.805324069495526],[-73.96844774633038,40.80529636591005],[-73.96850956005656,40.80517467594092],[-73.96855613599851,40.805085056636976],[-73.96862275799343,40.8049617064948],[-73.96862513375326,40.80495738024604],[-73.96862920200473,40.804950127837664],[-73.9686963588638,40.80483040680496],[-73.96880364851901,40.80464416686497],[-73.96891376945305,40.80445888391272],[-73.96894628064537,40.80441087899102],[-73.96897879060491,40.80436287586049],[-73.96901130288893,40.80431487001954],[-73.96904381275343,40.804266869571364],[-73.96907632375903,40.80421886281054],[-73.96910883353137,40.80417085874132],[-73.96914134562743,40.80412285376271],[-73.96917136265996,40.804078380763514],[-73.96920138202336,40.804033905955826],[-73.96923140134622,40.803989432040495],[-73.96926142181367,40.803944959017834],[-73.96929143868574,40.80390048598611],[-73.96931005927648,40.80387289966584],[-73.96932145788868,40.80385601114589],[-73.96935147705025,40.80381153899905],[-73.96938059135489,40.803768403844224],[-73.96939384999261,40.8037499921671],[-73.96941406219263,40.80372206316194],[-73.96944662698357,40.803677061271024],[-73.96947919291469,40.803632061171925],[-73.96951175524748,40.803587059261346],[-73.96954432227517,40.80354206004399],[-73.9695540873959,40.80352856414777],[-73.9695768868904,40.80349705721447],[-73.96959871044541,40.80346690076728],[-73.96960945264462,40.80345205887825],[-73.96964156295653,40.80340779972206],[-73.96967367085517,40.80336354145645],[-73.96968637787153,40.80334602919769],[-73.96970577989704,40.80331928138092],[-73.96973789244973,40.803275024899044],[-73.96977000140579,40.80323076570552],[-73.96980211150377,40.80318650740352],[-73.96980544358019,40.803181915732644],[-73.9698342191898,40.803142247290644],[-73.96986632801654,40.80309799077082],[-73.96989843798683,40.80305373154057],[-73.96992093830104,40.803022717031645],[-73.96993054672899,40.803009473201215],[-73.96996388343698,40.8029645506045],[-73.96999722128545,40.80291962709762],[-73.97000209715665,40.80291305742683],[-73.97003055671841,40.80287470448068],[-73.97006389447648,40.80282978185435],[-73.97007134936989,40.80281973512386],[-73.97009639622846,40.80278598372427],[-73.97013056867257,40.802739936571584],[-73.97013503187286,40.80273392329626],[-73.97016960745877,40.8026872494889],[-73.97020089251816,40.802645016981],[-73.97022928598952,40.80260554374659],[-73.97026133161833,40.8025609944346],[-73.97029337601923,40.80251644511314],[-73.97032541919256,40.80247189488162],[-73.97035746469149,40.80242734824351],[-73.97038950777868,40.80238279889406],[-73.97042155437805,40.80233824953632],[-73.97045359856487,40.8022936992682],[-73.97048825812281,40.80224637882538],[-73.97052291881808,40.802199054770114],[-73.97055757827745,40.80215173430574],[-73.97059223650332,40.80210441202929],[-73.97062689823542,40.802057088842446],[-73.97066155873395,40.802009763843586],[-73.97069621799581,40.80196244423659],[-73.97073087602536,40.801915120116035],[-73.97076553637486,40.8018677977863],[-73.9707976449919,40.80182390750139],[-73.97082975593817,40.80178001360587],[-73.97086186684056,40.80173612330309],[-73.97089397533212,40.801692229388465],[-73.97092608378058,40.80164833726559],[-73.97095819574173,40.80160444513432],[-73.97099030292006,40.801560553893125],[-73.9710224136119,40.80151666084264],[-73.97105452189133,40.80147276778225],[-73.9710885476123,40.80142586572583],[-73.97112257565651,40.80137896095816],[-73.97115660246702,40.801332057980794],[-73.97119062804452,40.801285154992705],[-73.97122465712872,40.80123825289562],[-73.97125868498115,40.80119134808637],[-73.97127009507605,40.801175847038635],[-73.9712925500499,40.801145344625716],[-73.971319561678,40.801108656013064],[-73.97132641981183,40.801099341155975],[-73.97133011684782,40.8010943199923],[-73.97134020785846,40.801084627728734],[-73.97148127444231,40.80090439901001],[-73.97159207304482,40.80076804217885],[-73.97165609740874,40.80069948583269],[-73.9718033794273,40.800587832146725],[-73.97197078878642,40.80046640104435],[-73.97217969841398,40.80032845375934],[-73.97239148690679,40.80018148468115],[-73.97256865095507,40.800041059908914],[-73.97275969836926,40.799875659195116],[-73.97297576084017,40.79966429534205],[-73.97322371815301,40.799396998574075],[-73.97343116499972,40.79915932376256],[-73.97362635853109,40.798934561628585],[-73.97379879941174,40.798718532432915],[-73.97390034139322,40.79858103030052],[-73.9739691228088,40.79848132184708],[-73.97401477366793,40.798405446160075],[-73.97405930185268,40.79832149722391],[-73.974105586765,40.79822045358237],[-73.97416476091634,40.798081327085576],[-73.97420330022528,40.79797211233339],[-73.97424196696055,40.79785786470318],[-73.97426376773205,40.79772927103752],[-73.974268066055,40.79761150106586],[-73.97425825040686,40.79747539647113],[-73.97424181098253,40.797339195840195],[-73.974219637143,40.797167661919055],[-73.97421206323813,40.79704770467099],[-73.97422398039816,40.79694313771724],[-73.97426127120119,40.79683088436121],[-73.97432205121713,40.79673307303697],[-73.97441628361005,40.79661501416951],[-73.97442960072195,40.7966005325871],[-73.97455249018684,40.796476596094514],[-73.97463938177545,40.79639427175056],[-73.97479314665382,40.79628774394396],[-73.97499640877486,40.79616280245342],[-73.97506842152264,40.79611519962528],[-73.97507986389783,40.796119559617956],[-73.97511781994379,40.79613401813728],[-73.97514339884701,40.796143762560945],[-73.97520147516032,40.79616723398924],[-73.97525955506936,40.79619070538897],[-73.9752855117867,40.79620104239093],[-73.97532262650523,40.79621582574262],[-73.97533753535167,40.79622196493876],[-73.97535216086196,40.79622848588425],[-73.97536648763486,40.79623538137193],[-73.9753804931595,40.796242644193086],[-73.97539416914593,40.796250262639596],[-73.97540749545273,40.79625823040375],[-73.97542045667862,40.79626654027837],[-73.97543304098008,40.79627517695265],[-73.97544522939957,40.79628413682059],[-73.97545701009412,40.79629340277031],[-73.97546836766038,40.79630297299766],[-73.97547929381106,40.79631282769001],[-73.97548976958997,40.79632295963951],[-73.97549978670706,40.796333356237405],[-73.9755093368718,40.796344006676165],[-73.97551839757573,40.79635489654304],[-73.97552697119211,40.79636601593324],[-73.97553504113716,40.796377350435286],[-73.97554259793615,40.796388886539845],[-73.97554963329907,40.796400611638184],[-73.97555614367614,40.796412511321684],[-73.97556627078337,40.79643322586262],[-73.97557546644958,40.796454189643725],[-73.97558372357192,40.79647538195211],[-73.97558589677124,40.79648174894533],[-73.97559102557145,40.79649677306801],[-73.97559736771655,40.7965183386771],[-73.97560274171903,40.796540058966826],[-73.97560714403402,40.79656190422006],[-73.97561056874493,40.79658385012216],[-73.97561300875101,40.79660586965668],[-73.9756144652436,40.79662794301302],[-73.97561552811659,40.796663562502616],[-73.97561528809601,40.796684783627136],[-73.97561512403699,40.79669919158719],[-73.97561325064709,40.796734790644194],[-73.97560991269548,40.79677032905762],[-73.97560511019334,40.79680576990682],[-73.97559885025993,40.79684108077522],[-73.97557935581673,40.79692786229988],[-73.97555602112934,40.79701409640246],[-73.97552887584308,40.797099684932554],[-73.97550806620526,40.79715677218801],[-73.97549795078972,40.79718452703802],[-73.9754546603757,40.797289663762314],[-73.97540662692047,40.79739360359338],[-73.9753539025879,40.797496223167975],[-73.97529655613167,40.797597400927096],[-73.97520251487987,40.79774993345972],[-73.9751118036786,40.79790362287243],[-73.975092891462,40.79792976839241],[-73.97506700516317,40.797970143894794],[-73.97499159837966,40.79807316541177],[-73.97495947726695,40.798121484643104],[-73.97492735847857,40.79816980116412],[-73.97489523964215,40.79821812127779],[-73.97486312076019,40.79826643868066],[-73.97485917614517,40.79827237391276],[-73.97478874325694,40.798378327502654],[-73.97476676501765,40.79841139533618],[-73.97473464476423,40.798459712701515],[-73.97470252564872,40.798508030958295],[-73.97469400713992,40.79852302600569],[-73.97468616279338,40.79853823371838],[-73.97467900328172,40.7985536342878],[-73.97467253335212,40.79856920970516],[-73.97466676486081,40.798584943764126],[-73.97466169900014,40.798600818455164],[-73.97465734407422,40.798616810367136],[-73.97465370719749,40.798632908695744],[-73.97465079074865,40.798649091829596],[-73.97464859710533,40.798665340858726],[-73.97464713101586,40.79868163507275],[-73.97464639485648,40.79869795916377],[-73.9746463850811,40.79871429151904],[-73.97464710406604,40.79873061683051],[-73.97464855419027,40.79874691258628],[-73.97465072835077,40.798763162575746],[-73.97465362537052,40.79877934698763],[-73.97465724644267,40.79879544601113],[-73.97466158090873,40.79881144433538],[-73.97466662996207,40.79882732124902],[-73.97467238294527,40.79884305873972],[-73.97467883631036,40.79885863969704],[-73.97468597940093,40.79887404340708],[-73.97469380748328,40.798889254560116],[-73.97470230752928,40.79890425694422],[-73.97471147480692,40.798919030747236],[-73.97472129628864,40.79893355795612],[-73.97473175894481,40.79894782596086],[-73.97474201644002,40.79895940502861],[-73.97475275987517,40.79897073026102],[-73.9747639785925,40.79898178364567],[-73.97477565837512,40.79899255797536],[-73.97478778856343,40.79900303973999],[-73.97480035968071,40.799013220833004],[-73.97481335395787,40.799023086842304],[-73.97482417344013,40.79903078667421],[-73.97489812327511,40.79907436715861],[-73.97487908586899,40.79913598147897],[-73.9748641359798,40.7991804322695],[-73.97484919081124,40.79922488125783],[-73.9748342432517,40.79926933294487],[-73.97483290627723,40.799273302053926],[-73.97481929330365,40.79931378102716],[-73.97480395252818,40.79935760317477],[-73.97473926021972,40.79953076763493],[-73.97466837535697,40.79970252591459],[-73.9745913536389,40.79987275284538],[-73.97454246644038,40.799972824442214],[-73.97447673300745,40.80010738680995],[-73.97435581755046,40.80034019123849],[-73.97425292274895,40.80052716325229],[-73.97414477371633,40.80071241493767],[-73.97403141548098,40.800895860742685],[-73.97400185617947,40.800942409881884],[-73.97397282794309,40.80098839361973],[-73.97394380085194,40.801034376449664],[-73.9739147689799,40.80108036107184],[-73.97388574062283,40.80112634568724],[-73.97385371849197,40.801173311159914],[-73.97382170105745,40.801220273022395],[-73.97378968002091,40.80126723937738],[-73.9737586782389,40.801313737695594],[-73.9737276764129,40.80136023780619],[-73.97369667454356,40.80140673790808],[-73.97366567263094,40.80145323800128],[-73.9736346706757,40.80149973628482],[-73.97360429276308,40.80154430673428],[-73.97357391125476,40.80158887717457],[-73.9735435332608,40.801633447607344],[-73.97351315167141,40.80167801713049],[-73.97348277122607,40.801722587546074],[-73.97345239311042,40.80176715705341],[-73.97342201139827,40.801811728352575],[-73.97339163201625,40.80185629784301],[-73.97336125377818,40.80190086822581],[-73.9733308731294,40.801945438599816],[-73.97329849875588,40.801991165644786],[-73.97326612552222,40.802036894481624],[-73.97323374750462,40.80208262150694],[-73.97320137418237,40.80212834942445],[-73.97316899963054,40.802174077332225],[-73.97313662503426,40.802219805230585],[-73.97310424920815,40.802265534019746],[-73.97307187570827,40.80231126099903],[-73.97303950097854,40.80235698886914],[-73.97300712502009,40.80240271492849],[-73.97297442619433,40.80244965387473],[-73.97296892322674,40.802457549959435],[-73.97294943107394,40.802485385209664],[-73.9723776471159,40.80329754815786],[-73.9723436602086,40.803345039516266],[-73.97231049972277,40.803391360414444],[-73.97227733445213,40.803437677699634],[-73.97224417505872,40.803483999478836],[-73.97221101324982,40.803530319446615],[-73.97217785021004,40.80357663850368],[-73.9721659844042,40.803593212019294],[-73.97212748897,40.80364698410196],[-73.9721115263618,40.803669277489284],[-73.97207836436753,40.8037155992185],[-73.97204440144093,40.8037614083599],[-73.97201044083994,40.803807212088536],[-73.9719764813758,40.80385301940909],[-73.97194252067867,40.80389882942052],[-73.97190855875171,40.80394463491883],[-73.97187460033275,40.80399044130818],[-73.97184063831074,40.80403625038784],[-73.97180667742784,40.804082057656395],[-73.97177271649814,40.80412786491462],[-73.97173866225421,40.80417284097943],[-73.97170460796312,40.80421781973539],[-73.97167055362634,40.80426279758044],[-73.97163649805853,40.8043077754148],[-73.97160244481519,40.80435275233886],[-73.97156839152467,40.804397731954055],[-73.97153433581957,40.80444270795625],[-73.97150028125311,40.80448768484889],[-73.97146674968944,40.80453165690421],[-73.97143321926653,40.80457562894973],[-73.97139968761543,40.80461959828344],[-73.97136615828863,40.804663571209666],[-73.97133262536227,40.804707544124895],[-73.97129909357709,40.804751516129905],[-73.97126556293388,40.80479548542362],[-73.97123842819397,40.804831069059986],[-73.97123203106088,40.80483945560752],[-73.97119860824192,40.804883261917865],[-73.97116755249738,40.804923156144234],[-73.97113583032863,40.80496390476823],[-73.97111327274006,40.80499288076171],[-73.97110444131475,40.80500422663049],[-73.97108620099782,40.80502765843078],[-73.97107305107812,40.80504454758308],[-73.97104166198817,40.80508486942771],[-73.9710102728602,40.805125191263535],[-73.97097784675397,40.80516548941653],[-73.97094541942378,40.80520578665932],[-73.9709129908681,40.805246086593975],[-73.9708805634594,40.805286383817986],[-73.97070994485296,40.8055023701702],[-73.97061087018473,40.805627991499286],[-73.97053952893465,40.80571844906581],[-73.97052162035365,40.805741195579714],[-73.97037941964821,40.805921800005535],[-73.9701993229398,40.80615089440086],[-73.97009822787588,40.80627966739916],[-73.96999721180805,40.8064084736452],[-73.96983980499452,40.80661142919842],[-73.96968311407115,40.80681470259445],[-73.969657476614,40.806848169169996],[-73.96952714259724,40.80701829473764],[-73.9693718858374,40.80722220382868],[-73.96921242475081,40.807438343047856],[-73.96905465940047,40.80765520289293],[-73.96889859809968,40.80787277076602],[-73.96874424560282,40.80809104217272],[-73.96865822958671,40.80821406017229],[-73.9677646844641,40.80958700741695],[-73.96776111081432,40.80959267955408],[-73.96773064877826,40.809641025064245],[-73.9677001855123,40.80968937146612],[-73.96766972220209,40.809737717859605],[-73.9676423350316,40.80978224519631],[-73.96761494545459,40.80982677162506],[-73.96758755821128,40.809871298047625],[-73.9675601685601,40.80991582626369],[-73.96753278242912,40.809960351772496],[-73.9675053927042,40.8100048808754],[-73.96747800531388,40.810049408171174],[-73.96734896267515,40.810254324087595],[-73.96730242303782,40.81032450829887],[-73.9672144364181,40.81045719596498],[-73.96707448580742,40.8106579364529],[-73.96691792456232,40.810850285664756],[-73.96675466296057,40.8110393954374],[-73.96658482311213,40.81122512980286],[-73.96645391399377,40.811379681110076],[-73.9663248906431,40.81153514592033],[-73.96631062499358,40.8115526924502],[-73.96619776492739,40.811691509835384],[-73.96610127765297,40.81181238770807],[-73.96600592163502,40.81193378541842],[-73.96585377955553,40.81211289623663],[-73.96570129895687,40.812291841056876],[-73.96554847983691,40.81247062077832],[-73.96548369702367,40.812546171146025],[-73.96534508152308,40.812706904371886],[-73.96523200648309,40.812836708544474],[-73.96506905717432,40.8130243679665],[-73.96500279595458,40.81310092526613],[-73.96490647901173,40.81321221096719],[-73.96474426844057,40.81340023934803],[-73.9646098153608,40.81356119446369],[-73.96447909419139,40.81372391284149],[-73.96435215001218,40.813888350383515],[-73.96421776006702,40.81406495839224],[-73.96419422817233,40.81409588316557],[-73.9640403520285,40.814305163950955],[-73.96389054889386,40.81451614413742],[-73.96372638895002,40.81475545194689],[-73.96356402310974,40.81499546607035],[-73.96352349298199,40.815056226000976],[-73.96347451319588,40.81512965323383],[-73.96340345613275,40.81523617841227],[-73.96327759195398,40.815422390893815],[-73.9631493179388,40.81560765243806],[-73.96301864475099,40.815791943229506],[-73.96283537924235,40.81602219269842],[-73.96283228955204,40.816025839615534],[-73.96275947001095,40.81611180817104],[-73.96264371459323,40.81624846255263],[-73.96252214772264,40.81638636841784],[-73.96239509290595,40.816521390772316],[-73.96226266517198,40.81665340176514],[-73.96212183103461,40.816791270275125],[-73.96197724377548,40.816926874424134],[-73.96189510508914,40.81700978126115],[-73.96180807498843,40.81709178502121],[-73.9617202946334,40.817169223847436],[-73.96162781497404,40.8172455867495],[-73.96153934003377,40.81730795088963],[-73.96144845756739,40.81736828353619],[-73.96135524821133,40.81742652617837],[-73.96125978785618,40.817482630209184],[-73.96116216780499,40.81753654252461],[-73.96106058230745,40.81758917111055],[-73.96105557623859,40.81759005100608],[-73.96104883131838,40.81759093931896],[-73.96104202140796,40.81759148271923],[-73.96103517969611,40.817591681218154],[-73.9610283358182,40.81759153032323],[-73.96102268997649,40.81759190842441],[-73.96101772904878,40.81759059382313],[-73.96101732370954,40.81759053245232],[-73.96101141428713,40.8175896425645],[-73.96100288518456,40.81758698681687],[-73.96099589441998,40.81758465846926],[-73.96099139607352,40.817582814531264]]],[[[-73.96248028708766,40.81347014812724],[-73.96251142137358,40.81342708296644],[-73.96254130659733,40.81338574454497],[-73.96258962936199,40.81331890911497],[-73.9626048251723,40.81329789193465],[-73.96263596048126,40.8132548285404],[-73.96266709456572,40.81321176333605],[-73.96279883944904,40.81303030437634],[-73.96293191075165,40.81284940579677],[-73.96306630253856,40.81266907029244],[-73.96320201242649,40.812489307763464],[-73.9632132961013,40.81247355355961],[-73.96322526821756,40.81245809583782],[-73.96323791217296,40.81244295080165],[-73.96325121136528,40.812428134654446],[-73.96326515630355,40.81241366360194],[-73.96327973038522,40.81239955474808],[-73.96329491345242,40.81238582429515],[-73.96331069246084,40.81237248484573],[-73.96332704843694,40.812359554403535],[-73.96334396478278,40.81234704196791],[-73.96336142015166,40.81233497094488],[-73.96337939557766,40.81232334583062],[-73.96339787208713,40.812312185529244],[-73.96341710101915,40.81230135594629],[-73.96341737488257,40.81230121195359],[-73.96343624537076,40.81229129805956],[-73.96345610064851,40.81228159699198],[-73.96347636809574,40.81227240393215],[-73.96349702755877,40.81226372877885],[-73.96351805651241,40.812255583231305],[-73.9635242135508,40.81225367792575],[-73.96353045109595,40.812251932033384],[-73.96353676559124,40.81225034735407],[-73.96354314518115,40.81224893018756],[-73.96354958512589,40.812247678731254],[-73.96355607831369,40.81224659388343],[-73.9635626152615,40.81224567834265],[-73.96356919122692,40.812244934808845],[-73.96357579554463,40.81224436057713],[-73.96358242347291,40.81224395744701],[-73.9635890631581,40.81224372811625],[-73.96359570867622,40.81224366898093],[-73.96360235528357,40.8122437854426],[-73.96360899350083,40.81224407299582],[-73.96361561384691,40.81224453073694],[-73.96362220920871,40.81224516226589],[-73.96362877247782,40.8122459621773],[-73.96363529535542,40.81224693497118],[-73.96364177310464,40.812248073441936],[-73.96364819387091,40.8122493820884],[-73.96365455054598,40.81225085550536],[-73.96366084194568,40.81225249189142],[-73.96366705384746,40.812254291242105],[-73.96367318032681,40.81225625085411],[-73.96367921664387,40.81225836892499],[-73.96368515213426,40.812260640948764],[-73.96369098442854,40.81226306512387],[-73.96369670167458,40.8122656414465],[-73.96370230269018,40.81226836451336],[-73.96370777562622,40.81227122891771],[-73.96371311811272,40.81227423375838],[-73.96371832303991,40.8122773763316],[-73.96372338448421,40.81228065213306],[-73.96372829177963,40.81228405935841],[-73.96373463819175,40.81228915096655],[-73.96374075339904,40.81229440639212],[-73.96374663029552,40.812299815727485],[-73.96375226295862,40.812305372667375],[-73.96375764428043,40.81231107090604],[-73.96376277070772,40.81231690593997],[-73.96376762920805,40.81232286876012],[-73.96377222215571,40.81232895216329],[-73.96377654007088,40.812335152544485],[-73.96378057940422,40.81234145819618],[-73.96378433660209,40.81234786551536],[-73.96378780337265,40.81235436549443],[-73.96379097853476,40.81236095092906],[-73.96379385853642,40.812367614614175],[-73.96379644101113,40.81237434934509],[-73.96379872122284,40.81238114611537],[-73.96380069562022,40.812387996819396],[-73.96380236539139,40.81239489605461],[-73.96380372461543,40.812401833913704],[-73.96380477211208,40.8124088013913],[-73.96381194850719,40.8124612693266],[-73.96381400339543,40.812483577094106],[-73.96381679469378,40.812513889614266],[-73.9638193035869,40.81256660372009],[-73.9638194728414,40.812619354912094],[-73.96382050719012,40.812661419271855],[-73.96381980756036,40.81270348758972],[-73.96381737515698,40.812745517542595],[-73.96381320881211,40.81278747130914],[-73.96380731565779,40.81282930476703],[-73.96379970045325,40.8128709782956],[-73.96379037033064,40.812912447772476],[-73.96377933478873,40.81295367627971],[-73.9637687071111,40.8130011417585],[-73.96375604098668,40.81304831663504],[-73.96374134710577,40.81309515048417],[-73.9637246480101,40.813141594685305],[-73.96370595439043,40.813187598813165],[-73.96368529115882,40.81323311514824],[-73.96356255188886,40.81345250780742],[-73.96343591916153,40.81368543987102],[-73.96334153073772,40.81385474300364],[-73.96324929509638,40.814026782451215],[-73.96316020765201,40.814199775552304],[-73.96305104765602,40.81439602649315],[-73.96299616484508,40.814497946970576],[-73.96293868572624,40.81460490126512],[-73.96283281506231,40.81480897206041],[-73.96270184261029,40.81504840075622],[-73.96257398710532,40.81528880194228],[-73.9625320348852,40.815370390456785],[-73.96250637535074,40.81542029036158],[-73.9624970050123,40.81543851427406],[-73.96241508914412,40.815586706704806],[-73.96232828812379,40.81573328378728],[-73.96229371470945,40.81578792544759],[-73.96225669772625,40.815841636083796],[-73.96221727987455,40.81589435447386],[-73.9621755133401,40.8159460148961],[-73.96213144674853,40.81599655973226],[-73.9620851239866,40.81604592866075],[-73.96203660790403,40.81609406496835],[-73.96202532092234,40.81610574159696],[-73.96201350429025,40.816117112781455],[-73.96200117697883,40.81612816682152],[-73.96198834848109,40.81613888480968],[-73.96197503539553,40.816149258646774],[-73.96196125906546,40.81615927393171],[-73.96194702897984,40.81616891896098],[-73.96193236648048,40.81617818203506],[-73.96191728816812,40.81618705145275],[-73.96190181182821,40.81619551641387],[-73.96188595643066,40.81620356791952],[-73.96186974568796,40.81621119427088],[-73.96185319145775,40.81621838736736],[-73.96183631982115,40.8162251391129],[-73.96181914856325,40.81623143960778],[-73.96180169902317,40.81623728255549],[-73.9617839925398,40.81624266165954],[-73.96176604808423,40.81624756612003],[-73.96174789173303,40.81625199594561],[-73.96172954482682,40.81625594213823],[-73.96171102514731,40.8162594011017],[-73.96169235995954,40.816262367442114],[-73.96168071724982,40.81626384489072],[-73.96166901426128,40.8162650251541],[-73.96165726521853,40.81626590643606],[-73.96164548553085,40.81626648784114],[-73.96163368468127,40.81626676847202],[-73.96162188044924,40.816266748334584],[-73.96161008587447,40.81626642473175],[-73.96159830688003,40.81626580396887],[-73.9615865648032,40.81626488245116],[-73.96157486794006,40.81626366198235],[-73.96156323407065,40.81626214166786],[-73.96155167267361,40.81626032781436],[-73.9615401979736,40.816258218625705],[-73.96152882419159,40.81625581860908],[-73.9615175619942,40.81625312956902],[-73.96150642323282,40.81625015421106],[-73.9614954256827,40.81624689974518],[-73.96148457645724,40.816243363472246],[-73.96147388858884,40.81623955530213],[-73.96146337511682,40.816235473438304],[-73.96145305144424,40.816231127791326],[-73.96144292112544,40.81622652106398],[-73.96143081628198,40.81621960029877],[-73.9614190375776,40.81621236266645],[-73.96140759922893,40.8162048198784],[-73.96139651190042,40.816196977341306],[-73.96138579573622,40.816188844967385],[-73.96137545428371,40.81618043716593],[-73.96136550769013,40.81617175844633],[-73.96135596306029,40.81616282051746],[-73.961346835795,40.816153636892004],[-73.96133813655706,40.816144215678186],[-73.96132987482068,40.816134570386644],[-73.96132205769119,40.816124711825935],[-73.96131469938453,40.81611465260778],[-73.96130780819026,40.81610440534206],[-73.96130139239874,40.81609398083755],[-73.96129545437269,40.81608339260264],[-73.96129000951154,40.81607265595096],[-73.96128592061073,40.816059885531764],[-73.96128241374103,40.81604701715367],[-73.9612794912627,40.816034067926964],[-73.96127715672604,40.816021046857905],[-73.96127541841662,40.81600797285964],[-73.96127427276988,40.81599486033906],[-73.96127372333086,40.81598172730722],[-73.96127376890661,40.81596858637078],[-73.96127441304311,40.815955453739775],[-73.96127564980267,40.81594234832271],[-73.96127748154863,40.81592928182681],[-73.96127990708655,40.81591626956002],[-73.96128292047963,40.8159033286299],[-73.96130847308501,40.81576606094907],[-73.96133911005586,40.815629393795],[-73.96137481233315,40.815493437918406],[-73.96142193328068,40.81534939668418],[-73.96146977695605,40.81520549344487],[-73.96147742939007,40.81518234332227],[-73.96148608917335,40.8151594006499],[-73.9614957503661,40.81513668703744],[-73.96150639991232,40.81511423219675],[-73.96151802831557,40.81509205953728],[-73.96153062015405,40.81507019066553],[-73.96154416355773,40.81504865439314],[-73.96155864429073,40.815027471426426],[-73.96167539675659,40.81485764232438],[-73.9616973872171,40.81482614033778],[-73.96190962740874,40.81452461075028],[-73.96191312198594,40.81451967988184],[-73.96194360857622,40.81447700098078],[-73.9619740951263,40.814434323872376],[-73.96200458400773,40.81439164675636],[-73.9620350704796,40.81434896963118],[-73.9620655592824,40.81430629339898],[-73.96209604804761,40.8142636144569],[-73.9621175893203,40.81423346298535],[-73.9621265379569,40.814220939108836],[-73.96215675975142,40.81417863286828],[-73.96217139097824,40.814154745678074],[-73.96218469115692,40.814130869755765],[-73.96219690938479,40.81410666299467],[-73.96220803023985,40.814082151504444],[-73.96221804422325,40.81405736679968],[-73.96222693472635,40.81403233769112],[-73.96223469343936,40.81400708939022],[-73.96224131323207,40.81398165701434],[-73.96226283339107,40.8139069435014],[-73.96230446521498,40.81378103788916],[-73.9623279845803,40.81371706794765],[-73.96235389900112,40.81366613708272],[-73.96238212182007,40.81361592015863],[-73.96239861527539,40.8135891798691],[-73.96241261862788,40.813566475694714],[-73.96244535382846,40.81351786581199],[-73.96248028708766,40.81347014812724]],[[-73.96312703848365,40.81278576628092],[-73.96307186338562,40.812878774504604],[-73.96297639246062,40.812844634846314],[-73.96287231492985,40.81298615146098],[-73.9629425731865,40.813013008885925],[-73.96289223140262,40.81310742244906],[-73.96264444742964,40.81357877439],[-73.96285116318359,40.81363840547298],[-73.96282932641145,40.81368077943846],[-73.9629659967827,40.813720204865916],[-73.96298783229497,40.81367783177493],[-73.96319612715031,40.813737918396775],[-73.96344556094287,40.81326704307019],[-73.9634450407088,40.81326689342268],[-73.96349104027989,40.81318338416914],[-73.96365327673591,40.8132247556489],[-73.9637215453999,40.8130736079605],[-73.96357129196801,40.8130321287008],[-73.96362919341317,40.812926627600206],[-73.96312703848365,40.81278576628092]]],[[[-73.96337689243909,40.81563592311075],[-73.9632528862461,40.81577865474779],[-73.96323986601506,40.81579364207066],[-73.96302291665863,40.81604335163769],[-73.96259056064537,40.81650553267285],[-73.96246083228614,40.81665847051464],[-73.96231623253459,40.816817866212965],[-73.96215251035825,40.816986523363575],[-73.96200578782029,40.817120389785025],[-73.96187718240319,40.817241184994806],[-73.96171685264535,40.81740390206055],[-73.96144481658409,40.81769925808154],[-73.96142286361243,40.81772354253721],[-73.96139429251876,40.81775280632045],[-73.96139107367149,40.81775610646345],[-73.96137816278937,40.81775080541813],[-73.96132401903253,40.81772830186749],[-73.96126987649806,40.81770579739123],[-73.96121573162908,40.81768329378915],[-73.96116085432543,40.81766070526815],[-73.96115540738441,40.81765944003639],[-73.96115013743834,40.817657517501445],[-73.96114542737195,40.81765488646399],[-73.96114098571095,40.817651355920646],[-73.9611380658681,40.81764802850183],[-73.96113589295332,40.81764438706133],[-73.96113471551054,40.81764106653312],[-73.96113454392322,40.81764058290855],[-73.96113384601351,40.817636118010746],[-73.96113439646737,40.81763125281265],[-73.96113703628994,40.817624922310195],[-73.96114199904895,40.8176190491424],[-73.96116212591411,40.817608322903446],[-73.96123970671363,40.81757164836585],[-73.96131563387212,40.81753302544666],[-73.96138982083292,40.8174924982445],[-73.96146218222584,40.817450109958],[-73.9615326409739,40.81740591189314],[-73.96160112000435,40.81735994905261],[-73.96165602100464,40.81732066694422],[-73.9617093710794,40.817280168623824],[-73.96176112161153,40.817238488296326],[-73.96181122635183,40.817195665570324],[-73.9618560718751,40.817152803261735],[-73.9619009161558,40.81710994003444],[-73.96194576275037,40.81706707498929],[-73.96199060572972,40.81702421262665],[-73.96203545220723,40.816981350247445],[-73.96220531632255,40.816821987502806],[-73.96236989501787,40.81665945573178],[-73.96252908750172,40.81649385668022],[-73.96266986756112,40.81633988946641],[-73.96280485377991,40.816182956672876],[-73.9629025090219,40.816062090121356],[-73.96308870983962,40.81582418996444],[-73.96321971079968,40.81564708876702],[-73.96335394777923,40.81545538328354],[-73.96349168002376,40.815245137510956],[-73.96363179090841,40.81503579911773],[-73.96377426855352,40.81482738700204],[-73.96393553127155,40.81459550822282],[-73.96400790918577,40.81449183049014],[-73.96409727397288,40.814363822965994],[-73.96425804186373,40.81413987064156],[-73.9644245806778,40.813918367417365],[-73.96459682514427,40.81369939519388],[-73.96478193153546,40.81347649236249],[-73.96482541270296,40.81342555459885],[-73.96497068270907,40.8132553589104],[-73.96516305136431,40.81303603173197],[-73.96532949083579,40.81284170594453],[-73.96549359279366,40.81265286594214],[-73.96609781991056,40.811943666622206],[-73.9661918150896,40.811829406680936],[-73.96630520826126,40.81169154128633],[-73.96636873978527,40.81161428363919],[-73.96643226997796,40.81153702325426],[-73.96646369703268,40.81149879907441],[-73.96651640310635,40.811460569361174],[-73.96637934219814,40.81164322331977],[-73.96633562163414,40.811701129663646],[-73.96623496906828,40.81183043148648],[-73.96612468311655,40.811968320234506],[-73.96596428977472,40.81217073724944],[-73.96580391678599,40.81237316394638],[-73.9656435617801,40.81257560032474],[-73.96548322120333,40.8127780427815],[-73.96533963607517,40.81295829098631],[-73.96519999130844,40.81314031777844],[-73.96506432724776,40.8133240745573],[-73.96493267950049,40.81350950821838],[-73.96480727277924,40.81369438351964],[-73.96468943754198,40.81388210927097],[-73.96457928415981,40.81407250813123],[-73.96445689578492,40.8143055029291],[-73.9644097748686,40.81439444490579],[-73.96434155395329,40.81452322823708],[-73.96433360946224,40.814538225360565],[-73.9642423255011,40.81472224969277],[-73.96412891206144,40.81493958095398],[-73.96403792880653,40.815098059905864],[-73.96395606117713,40.815238702785884],[-73.96386207582928,40.815382219795666],[-73.96375786185958,40.81553321123789],[-73.96361254175774,40.8157217304349],[-73.96333668590154,40.816070006591076],[-73.96326893200278,40.81613605178325],[-73.96307049541409,40.816365112625554],[-73.96290090257493,40.81654757268608],[-73.96272764263084,40.81672803400469],[-73.96255074878164,40.81690645065047],[-73.96236590527117,40.817085044524816],[-73.96218187479546,40.817264122831894],[-73.96199866328413,40.81744368467692],[-73.9619565544149,40.817482597462906],[-73.96192906212356,40.8175080049083],[-73.96191444668169,40.81752151023366],[-73.96187233889977,40.817560422088285],[-73.96183023225343,40.817599334828174],[-73.96178812437255,40.81763824755202],[-73.96174601525813,40.817677158458864],[-73.96170390609342,40.81771607115111],[-73.96166179924954,40.81775498472897],[-73.96161969235804,40.81779389558974],[-73.96158313635912,40.817828481397996],[-73.96158285291419,40.817828750552074],[-73.96157836405737,40.81783299669912],[-73.96157018023332,40.81782963692026],[-73.96150543330667,40.817801728741635],[-73.9614874550401,40.81779465744126],[-73.96148817849516,40.81779393998706],[-73.96152172664638,40.81776064271619],[-73.96152411592429,40.81775707574568],[-73.96154375235598,40.817737617160496],[-73.96154903475066,40.81773238523548],[-73.96193526766999,40.81734969152963],[-73.96229964301578,40.81698341712545],[-73.96245693299917,40.81690793117508],[-73.96285308400422,40.81649317808647],[-73.9630443496175,40.81625122471166],[-73.96329611316469,40.81596361077741],[-73.96358167932233,40.81562907396067],[-73.96383215270174,40.81529033360277],[-73.96405531818476,40.814948126263914],[-73.96406808769454,40.81492707572202],[-73.96418740583523,40.81473035423062],[-73.96428306228137,40.81455751727208],[-73.96424450768,40.81454773943077],[-73.96409196273395,40.81450905529315],[-73.96402359819488,40.81470264536579],[-73.9639324978821,40.81486511160519],[-73.96368657237058,40.815214227362276],[-73.96349434588276,40.81547598436705],[-73.96337689243909,40.81563592311075]]],[[[-73.96208910739071,40.813936668653945],[-73.96209365467195,40.81394169852559],[-73.96209776848495,40.81394823028394],[-73.96210024803632,40.81395443282342],[-73.96210142144366,40.8139627285896],[-73.96210139793538,40.81396446474052],[-73.96210134727697,40.81396808832475],[-73.96210026688459,40.81397336758482],[-73.96209831068207,40.81397849797498],[-73.96209510970877,40.81398409351292],[-73.96209208389767,40.81398805290489],[-73.96206391740759,40.81404275515027],[-73.96203401169663,40.81409611507475],[-73.96200184492572,40.814148707922726],[-73.96196744793686,40.81420048147376],[-73.96193085868653,40.81425137900698],[-73.9618921163142,40.81430134830446],[-73.96185126232977,40.814350338049444],[-73.96172365032733,40.814506441963026],[-73.9616826300493,40.81455973686835],[-73.96164811332586,40.814604581856024],[-73.9616015548172,40.81466507346337],[-73.96152468385979,40.814777878324755],[-73.96145292592104,40.814892609204726],[-73.96138636525053,40.815009135568815],[-73.96133809985228,40.815109727429636],[-73.9613034592549,40.81518937918131],[-73.96129085205318,40.815219154386774],[-73.9612537655709,40.815314029103874],[-73.96121777743075,40.81541754804787],[-73.96118943029873,40.815505356779006],[-73.96116330055862,40.81559550033702],[-73.96113315180395,40.815707421953],[-73.96113082947197,40.8157161902097],[-73.96110264510878,40.81583942722196],[-73.96109804426493,40.81585699346484],[-73.96109420904637,40.81587466442347],[-73.96109114657384,40.81589242569238],[-73.96108885686269,40.81591025205772],[-73.96108734585037,40.81592812551163],[-73.96108661473289,40.8159460289451],[-73.96108666115394,40.81596393894436],[-73.96108748630898,40.81598183930099],[-73.96108909258228,40.815999707503195],[-73.96109147642811,40.81601752734097],[-73.9610946319339,40.8160352762997],[-73.96109855792551,40.81605293636907],[-73.96110325322923,40.81607048863818],[-73.96110870956035,40.8160879132932],[-73.9611149198182,40.81610519232166],[-73.96112188046015,40.81612230411033],[-73.9611333259047,40.81614400093967],[-73.96114398775231,40.816165925329464],[-73.96115386364012,40.816188062871156],[-73.96116294172467,40.816210396451496],[-73.96116803971141,40.81622447113415],[-73.9611733471603,40.81623912040404],[-73.96118243678964,40.816268101454654],[-73.96119019403712,40.816297305379116],[-73.96119661536714,40.816326694355716],[-73.96120169131467,40.81635623596359],[-73.9612054147883,40.8163858923796],[-73.96120778224929,40.81641563118488],[-73.96120879016297,40.81644541275644],[-73.96120843736121,40.816475204675974],[-73.96120672623583,40.816504967322466],[-73.96120365561806,40.81653466917808],[-73.96119923145626,40.816564269722335],[-73.96119345732228,40.816593738339414],[-73.96118634271929,40.816623036310915],[-73.96117789477881,40.816652126718594],[-73.96116812299893,40.816680979849046],[-73.96116266263623,40.81668863313351],[-73.96115433072475,40.816699638],[-73.96100722611361,40.81689861074873],[-73.96087628039591,40.81707842711688],[-73.96086559696994,40.81709309888727],[-73.96086307617439,40.817096560441755],[-73.960856137757,40.817106088944264],[-73.96084901431747,40.81706141107973],[-73.96084897653573,40.81706115982834],[-73.96084820441189,40.81705595649574],[-73.96084411235168,40.81703248095612],[-73.96083905302619,40.81700911674935],[-73.960833028795,40.816985884587524],[-73.96082604557274,40.81696280608446],[-73.96081811401262,40.816939907357934],[-73.96080923765986,40.81691720821995],[-73.96079942598331,40.81689473298694],[-73.96078869082403,40.816872503274546],[-73.96077704046668,40.816850541597816],[-73.96076448793855,40.816828867771775],[-73.96072448393507,40.8167691737255],[-73.960686688689,40.8167086555628],[-73.96065113417198,40.816647358321475],[-73.96064719860213,40.81664002423256],[-73.96061784405454,40.816585333340115],[-73.96060615417133,40.816562244209464],[-73.96059545654659,40.816538878964124],[-73.96058698920476,40.81651825379156],[-73.96057525519129,40.816479659887456],[-73.96055852783196,40.816424635608996],[-73.96055718599803,40.81641878642281],[-73.96055263242229,40.816394291349965],[-73.96054912670161,40.81636969668029],[-73.96054667118952,40.8163450294295],[-73.96054526942613,40.816320313912286],[-73.96054492257917,40.81629557804453],[-73.96054572061033,40.81626902266424],[-73.96054580821497,40.816267202789966],[-73.96054603861138,40.81626244284224],[-73.96054800052978,40.816221993192855],[-73.96055253943612,40.816173231037375],[-73.96055923783338,40.816124612799065],[-73.96056809212745,40.81607619520764],[-73.96057313435706,40.81605411044389],[-73.96057908924742,40.81602802598447],[-73.96059221611166,40.815980170860726],[-73.96060746083427,40.81593267845848],[-73.9606248091551,40.81588560370237],[-73.96064327115555,40.815841303754546],[-73.96067446566664,40.81577643089074],[-73.96069226697597,40.8157428925483],[-73.96072109943157,40.815693596562824],[-73.96075217035782,40.815645092868564],[-73.96078544415776,40.815597440884524],[-73.96082087812526,40.815550696425035],[-73.96085501524355,40.81550414512089],[-73.96088914994458,40.815457592004456],[-73.96090466451325,40.81543643738734],[-73.96092329052311,40.815411040680594],[-73.96095676559204,40.815365386916454],[-73.96102103949035,40.81527773447131],[-73.96102569893745,40.81527138123886],[-73.961059834585,40.81522482807053],[-73.96109397018421,40.815178275792256],[-73.96112810810621,40.81513172350435],[-73.96116259828676,40.815084685956705],[-73.96125169887519,40.81496317944691],[-73.96126465339086,40.81494551334553],[-73.96129878870406,40.81489896010397],[-73.96133292396847,40.81485240865298],[-73.96136706037251,40.814805853589945],[-73.96140119909768,40.81475930121872],[-73.9614353330341,40.81471274883544],[-73.96146946929329,40.81466619644248],[-73.9615036055052,40.81461964313862],[-73.96153625808441,40.81457453012476],[-73.96156891062031,40.81452941530034],[-73.96158094935512,40.814512783528166],[-73.96159823701265,40.81448889639653],[-73.96160156548248,40.8144843004671],[-73.96163421792991,40.81443918562355],[-73.96166686796151,40.81439407257059],[-73.9616995238761,40.814348957709],[-73.96173217737491,40.8143038446381],[-73.96176482964475,40.81425873065665],[-73.961797483056,40.8142136157656],[-73.96183013523782,40.81416850086455],[-73.96186278737531,40.81412338595388],[-73.96189619743754,40.814077227607896],[-73.96192809388702,40.814033157905655],[-73.96196074589072,40.813988044767285],[-73.96199389603143,40.813942267216596],[-73.9619971718666,40.81393842317322],[-73.9620022912431,40.81393372156344],[-73.96200742542658,40.813930071739094],[-73.962013130594,40.813926951595036],[-73.96201927400242,40.81392435388342],[-73.96202580107521,40.81392237583999],[-73.96203507063589,40.81392068235583],[-73.96204357032128,40.813920133149495],[-73.96205207891799,40.81392058439795],[-73.96206137742601,40.813922167830654],[-73.96206972951903,40.813924790125085],[-73.96207583557577,40.81392741708314],[-73.96208256192521,40.8139314039957],[-73.96208910739071,40.813936668653945]]],[[[-73.95820888725491,40.82157031472305],[-73.95827113974237,40.821596837067936],[-73.95790088298358,40.822115968144814],[-73.95782170025349,40.82220196629632],[-73.957718933685,40.82229585759978],[-73.9576160330949,40.82221074095905],[-73.95820888725491,40.82157031472305]]],[[[-73.95513414814205,40.823825976060284],[-73.9551344527612,40.823826025706104],[-73.95513475500462,40.82382608255493],[-73.95513505368636,40.823826147506814],[-73.9551353499912,40.82382622146278],[-73.95513564273489,40.82382630262129],[-73.95513592954663,40.823826390981445],[-73.95513621516754,40.82382648744563],[-73.95513649367102,40.82382659111101],[-73.95513676861346,40.823826701978966],[-73.9551370376239,40.82382682004857],[-73.95513730070176,40.823826946220336],[-73.95513755903377,40.82382707869372],[-73.95513781024957,40.82382721656732],[-73.95513805553281,40.82382736254303],[-73.95513829369936,40.8238275148195],[-73.9551385259351,40.823827672496584],[-73.9551387486827,40.82382783737399],[-73.9551389654995,40.82382800765206],[-73.95513917401477,40.82382818332982],[-73.95513937304369,40.82382836350642],[-73.95513956495579,40.82382854998371],[-73.95513974856698,40.82382874096028],[-73.95513992269174,40.823828936435596],[-73.95514008733011,40.823829136409735],[-73.95514024248156,40.82382934178312],[-73.95514038933321,40.82382954985477],[-73.95514052551303,40.82382976242477],[-73.95514065220772,40.82382997769257],[-73.95514076941605,40.82383019745913],[-73.95514087713978,40.82383041902301],[-73.95514097300695,40.82383064418421],[-73.95514105820406,40.82383087114233],[-73.95514113391604,40.82383110079819],[-73.95514120014408,40.82383133135088],[-73.95514125451612,40.82383156460046],[-73.95514129821937,40.823831797845884],[-73.95514133006724,40.82383203288767],[-73.95514135361655,40.8238322688267],[-73.95514136412628,40.82383250476071],[-73.95514136515203,40.82383274159151],[-73.95514135550965,40.82383297751764],[-73.95514133401304,40.82383321343919],[-73.95514130303376,40.82383344845655],[-73.95514126020085,40.823833682568775],[-73.95514120670036,40.82383391487589],[-73.95514114253176,40.823834146278344],[-73.95514106769558,40.82383437587566],[-73.9551409833779,40.8238346027678],[-73.95508640282873,40.82393516690209],[-73.95506534099081,40.823970970513514],[-73.95506371628322,40.82397373350194],[-73.95493890758729,40.82417566960009],[-73.95474163632012,40.82444575907304],[-73.95456095253137,40.82468617799903],[-73.95447552278128,40.82479225331096],[-73.9543799377812,40.824885250244414],[-73.95415462524475,40.82505210107247],[-73.95394313008524,40.82518157380115],[-73.95383368659287,40.825236032534015],[-73.95382722668228,40.825233231207314],[-73.95389792391592,40.825177148711546],[-73.95409095125326,40.82501147599461],[-73.95430856732729,40.82482827644344],[-73.95438018778863,40.82477476312849],[-73.9544029304918,40.82475209764269],[-73.95444749415668,40.82470419807954],[-73.9546588979113,40.82440770944243],[-73.95478918648287,40.82423434583167],[-73.95501996165288,40.82395201269375],[-73.95512613821097,40.82382781805946],[-73.9551263623656,40.823827654256434],[-73.95512659481389,40.82382749676011],[-73.9551268343698,40.823827346470544],[-73.95512707866438,40.82382720068528],[-73.95512733125203,40.82382706210722],[-73.95512758976129,40.823826931635914],[-73.955127854194,40.82382680656993],[-73.95512812454898,40.82382668871015],[-73.95512839964012,40.82382657895675],[-73.95512867946809,40.82382647640912],[-73.95512896403288,40.823826381067285],[-73.95512925333448,40.823826292931244],[-73.95512954618687,40.82382621290109],[-73.95512984140527,40.823826140075774],[-73.95513014135979,40.823826075356806],[-73.95513044367976,40.82382601874321],[-73.95513074717968,40.82382597023455],[-73.95513105423034,40.82382592983169],[-73.95513136246099,40.823825897533766],[-73.95513167187102,40.823825874241315],[-73.95513198246155,40.8238258581532],[-73.95513229304727,40.823825849269085],[-73.95513260362625,40.82382585029046],[-73.95513291538524,40.82382585941673],[-73.95513322595396,40.82382587574645],[-73.95513353414573,40.82382590108024],[-73.955133842332,40.823825934518496],[-73.95513414814205,40.823825976060284]]],[[[-73.95222618495981,40.82735202924121],[-73.95235558684384,40.82718225656663],[-73.95236544307994,40.82716877482054],[-73.95236848850622,40.82716224478592],[-73.95237039079421,40.827154529227265],[-73.95237071690711,40.8271460998253],[-73.95236907942326,40.827138292755066],[-73.95236563076652,40.82713181136628],[-73.95235786698923,40.82711868343976],[-73.95278368872052,40.8265598202476],[-73.9526576470981,40.826501999990406],[-73.95306295497076,40.82597028443171],[-73.95315220893303,40.82586459895231],[-73.9532624471514,40.825761102908935],[-73.95338944193159,40.82566189899101],[-73.95348600741977,40.82560283125573],[-73.95361337738758,40.825540986999684],[-73.95374383393984,40.825484382023305],[-73.95386377206458,40.82544448768979],[-73.95397802459503,40.82542008759061],[-73.95408173369024,40.825407695791256],[-73.95416318291421,40.82540836664641],[-73.95422947893297,40.825413682490186],[-73.95511685391828,40.82443604169692],[-73.95539667277596,40.82387280282959],[-73.95569735802532,40.82326205568561],[-73.95583076409527,40.822988547914],[-73.95595952301944,40.822728288999436],[-73.95602111271778,40.822604660001176],[-73.95607533952196,40.822513626118116],[-73.95614010768026,40.822431893839465],[-73.95620510857259,40.8223673277673],[-73.9562991757861,40.82229455835241],[-73.95647012743754,40.82214712626566],[-73.9566273673811,40.82201179323355],[-73.9569512820748,40.82173394768348],[-73.95710909383482,40.821596700645145],[-73.9573871281568,40.82135956802053],[-73.95748315459356,40.82127914593625],[-73.9575710087557,40.82122674960835],[-73.95764655828575,40.82119350855138],[-73.95773417147316,40.82115993688278],[-73.95782718027505,40.82113775209424],[-73.95791422227677,40.82111490859125],[-73.95797604137621,40.821096673577316],[-73.95803982290127,40.82107549192027],[-73.95813504515581,40.82103729866717],[-73.9582853546224,40.820965549375416],[-73.95841662940481,40.82088011358597],[-73.95815817695676,40.82124386197783],[-73.95797896789837,40.82147235714144],[-73.95721461855551,40.822286360450796],[-73.9566665390965,40.822870031076114],[-73.95586626086475,40.823759103209525],[-73.95519559574392,40.82448231367318],[-73.95445454487421,40.825277821983846],[-73.9539791241789,40.825772201597225],[-73.95294503610396,40.8269178214029],[-73.95259900719468,40.82729691789167],[-73.952518602592,40.827387424212326],[-73.95212304955768,40.82782115980428],[-73.95193486439072,40.82803191176346],[-73.95180820914393,40.82818013444053],[-73.95159696852767,40.82844657272388],[-73.95146940263898,40.82862380318621],[-73.95132169254774,40.828845560786],[-73.951128108284,40.82916711052657],[-73.95100199831477,40.829384093420025],[-73.95086672579117,40.82963642389559],[-73.9506839392484,40.830023971118834],[-73.95053094951092,40.83040608191907],[-73.95039912248086,40.830805478489346],[-73.95025831324037,40.83126842072191],[-73.94996038589022,40.83222931322172],[-73.94989561515777,40.832444424954254],[-73.94987878881074,40.832418605867545],[-73.94986768073684,40.8323877356887],[-73.9498599213718,40.83234656800841],[-73.94986320783119,40.83229614534433],[-73.9498741531687,40.83224872555616],[-73.9498837007557,40.83219179593653],[-73.94989842402866,40.83207567905524],[-73.94990624927375,40.83193957899941],[-73.9499112074765,40.83181808281714],[-73.94990464081187,40.83170607464122],[-73.94988641922465,40.83152445316121],[-73.94988245743664,40.83142641908634],[-73.94988693409162,40.83129734322145],[-73.94990982618894,40.83118831676404],[-73.94994763825191,40.83110776501709],[-73.95002062811393,40.83097468013604],[-73.95009741209404,40.83085334740401],[-73.95016696085868,40.83076152070661],[-73.95021431079843,40.83069580503745],[-73.9502410954495,40.83064386615173],[-73.9502618698909,40.830594408232095],[-73.95027207115173,40.83055991917752],[-73.95027902240102,40.83050380964096],[-73.9503371368395,40.830009083894645],[-73.95035331153998,40.829903510532695],[-73.95037068974797,40.82979124340522],[-73.95040458660954,40.829639704688866],[-73.95045871103065,40.82949084281666],[-73.95051832574968,40.829368528963215],[-73.95063541134292,40.82918112939938],[-73.9508610468502,40.8288614743808],[-73.9511120138877,40.828508610381135],[-73.95126088864126,40.828326559962825],[-73.95136557073714,40.82822252582844],[-73.95145083933201,40.82813405929112],[-73.95152072713468,40.82805042908784],[-73.95160377002802,40.827931139349616],[-73.95167660618641,40.82784036485694],[-73.9517831474344,40.82773068320859],[-73.95190810215465,40.82761490558353],[-73.95194430353968,40.82760315030146],[-73.95217802138325,40.827364990818374],[-73.952189011576,40.827365559985935],[-73.95219819668627,40.82736556379367],[-73.95220738307133,40.82736379272499],[-73.95221498323457,40.82736043612657],[-73.95222109835429,40.82735657013259],[-73.95222618495981,40.82735202924121]]],[[[-73.94993684488406,40.83038157972219],[-73.9498813489338,40.83054977975883],[-73.94981738213414,40.83065651010445],[-73.94973638503758,40.83075352745871],[-73.94967667138897,40.83086672963141],[-73.94960416502238,40.83099933634596],[-73.9495657125992,40.83115783902861],[-73.94956559489238,40.83131312298766],[-73.94958672672783,40.83152988309968],[-73.94959507093706,40.83175957862005],[-73.94959059552981,40.83204426443484],[-73.94956497692165,40.83212836483171],[-73.9495139273426,40.83204746547456],[-73.94946711550367,40.831995683642646],[-73.94940754787893,40.83191478050387],[-73.94937777765846,40.831856536055255],[-73.94933951140835,40.83176917127297],[-73.94933106214229,40.831678585904314],[-73.94934821190499,40.83152977859034],[-73.94938242378294,40.83134862938845],[-73.94946784277947,40.83103809792377],[-73.94956609269096,40.8306564004849],[-73.94969418706269,40.83023266014892],[-73.94978806133368,40.83000301002831],[-73.9498904590728,40.82976365799211],[-73.9499160239726,40.82975072808476],[-73.94993731953898,40.82975073733124],[-73.94996286134284,40.82976692400679],[-73.94997560730326,40.82980898625174],[-73.94996275429665,40.82990926789483],[-73.94994131264467,40.83010336386754],[-73.94993694225006,40.83025217595244],[-73.94993684488406,40.83038157972219]]]]},"properties":{"name":"Riverside Park"}}]}