{"type":"FeatureCollection","features":[{"type":"Feature","geometry":{"type":"Polygon","coordinates":[[[-73.942059,40.829585],[-73.942311,40.829682],[-73.941969,40.82982],[-73.942059,40.829585]]]},"properties":{"name":"Harris Garden","meadow":false}},{"type":"Feature","geometry":{"type":"Polygon","coordinates":[[[-73.96226,40.799784],[-73.962026,40.799685],[-73.962066,40.799631],[-73.9623,40.799729],[-73.96226,40.799784]]]},"properties":{"name":"Mobilization for Change Community Garden","meadow":false}},{"type":"Feature","geometry":{"type":"Polygon","coordinates":[[[-73.959766,40.808307],[-73.959545,40.808613],[-73.959378,40.808544],[-73.959431,40.808472],[-73.959408,40.808462],[-73.959577,40.808228],[-73.959766,40.808307]]]},"properties":{"name":"Gatehouse Garden","meadow":false}},{"type":"Feature","geometry":{"type":"Polygon","coordinates":[[[-73.975591,40.78662],[-73.975395,40.786538],[-73.975568,40.786297],[-73.975764,40.786379],[-73.975591,40.78662]]]},"properties":{"name":"The Urban Assembly School for Green Careers Garden","meadow":false}},{"type":"Feature","geometry":{"type":"Polygon","coordinates":[[[-73.941041,40.816282],[-73.940887,40.816218],[-73.941068,40.815969],[-73.941223,40.816033],[-73.941041,40.816282]]]},"properties":{"name":"Elizabeth Langley Memorial Garden","meadow":false}},{"type":"Feature","geometry":{"type":"Polygon","coordinates":[[[-73.942566,40.813854],[-73.942737,40.813617],[-73.943079,40.813758],[-73.942908,40.813995],[-73.942566,40.813854]]]},"properties":{"name":"Parks Council Success Garden","meadow":false}},{"type":"Feature","geometry":{"type":"Polygon","coordinates":[[[-73.943482,40.813909],[-73.94326,40.813817],[-73.943425,40.81359],[-73.943647,40.813683],[-73.943482,40.813909]]]},"properties":{"name":"133rd Swing Street Garden","meadow":false}},{"type":"Feature","geometry":{"type":"Polygon","coordinates":[[[-73.942836,40.809263],[-73.942646,40.809517],[-73.942474,40.809446],[-73.942656,40.809186],[-73.942836,40.809263]]]},"properties":{"name":"Unity Park","meadow":false}},{"type":"Feature","geometry":{"type":"Polygon","coordinates":[[[-73.941203,40.810832],[-73.941106,40.81079],[-73.941281,40.810543],[-73.941378,40.810582],[-73.941203,40.810832]]]},"properties":{"name":"United Block Association Garden","meadow":false}},{"type":"Feature","geometry":{"type":"Polygon","coordinates":[[[-73.943113,40.809695],[-73.942942,40.80993],[-73.942782,40.809863],[-73.942953,40.809628],[-73.943113,40.809695]]]},"properties":{"name":"Edward P. Bowman Park","meadow":false}},{"type":"Feature","geometry":{"type":"Polygon","coordinates":[[[-73.940001,40.808718],[-73.939791,40.808627],[-73.939975,40.808382],[-73.940185,40.808472],[-73.940001,40.808718]]]},"properties":{"name":"Harlem Rose Garden","meadow":false}},{"type":"Feature","geometry":{"type":"Polygon","coordinates":[[[-73.947173,40.806695],[-73.94735,40.806454],[-73.947656,40.806582],[-73.94748,40.806824],[-73.947173,40.806695]]]},"properties":{"name":"West 123rd Street Community Garden","meadow":false}},{"type":"Feature","geometry":{"type":"Polygon","coordinates":[[[-73.945266,40.806887],[-73.945388,40.806936],[-73.945215,40.807185],[-73.945093,40.807136],[-73.945266,40.806887]]]},"properties":{"name":"W 124th St Community Garden","meadow":false}},{"type":"Feature","geometry":{"type":"Polygon","coordinates":[[[-73.951931,40.808294],[-73.952061,40.808119],[-73.952147,40.808155],[-73.952017,40.808331],[-73.951931,40.808294]]]},"properties":{"name":"Our Little Green Acre (Garden Eight)","meadow":false}},{"type":"Feature","geometry":{"type":"Polygon","coordinates":[[[-73.95056,40.807482],[-73.95075,40.807564],[-73.950572,40.8078],[-73.950382,40.807718],[-73.95056,40.807482]]]},"properties":{"name":"Joseph Daniel Wilson Garden","meadow":false}},{"type":"Feature","geometry":{"type":"Polygon","coordinates":[[[-73.95292,40.804609],[-73.952897,40.804442],[-73.953277,40.80461],[-73.953192,40.804725],[-73.95292,40.804609]]]},"properties":{"name":"Truce Garden","meadow":false}},{"type":"Feature","geometry":{"type":"Polygon","coordinates":[[[-73.956218,40.804311],[-73.956049,40.804551],[-73.95594,40.804504],[-73.956112,40.804268],[-73.956218,40.804311]]]},"properties":{"name":"Garden of Love","meadow":false}},{"type":"Feature","geometry":{"type":"Polygon","coordinates":[[[-73.944259,40.80203],[-73.944392,40.801839],[-73.944364,40.801828],[-73.944509,40.801629],[-73.944637,40.801681],[-73.944477,40.801909],[-73.944799,40.802038],[-73.944685,40.802201],[-73.944259,40.80203]]]},"properties":{"name":"","meadow":false}},{"type":"Feature","geometry":{"type":"Polygon","coordinates":[[[-73.951339,40.811441],[-73.951469,40.811271],[-73.951712,40.811376],[-73.951583,40.811547],[-73.951339,40.811441]]]},"properties":{"name":"William B. Washington Memorial Garden","meadow":false}},{"type":"Feature","geometry":{"type":"Polygon","coordinates":[[[-73.950939,40.811354],[-73.951081,40.811161],[-73.950764,40.811026],[-73.950797,40.810981],[-73.95119,40.811146],[-73.951014,40.811386],[-73.950939,40.811354]]]},"properties":{"name":"CEP Community Garden","meadow":false}},{"type":"Feature","geometry":{"type":"Polygon","coordinates":[[[-73.984243,40.769304],[-73.984233,40.769318],[-73.984033,40.769235],[-73.984028,40.769243],[-73.983975,40.769221],[-73.983981,40.769213],[-73.983787,40.769132],[-73.983835,40.769066],[-73.983666,40.768996],[-73.983571,40.76911],[-73.983561,40.769106],[-73.9835,40.76919],[-73.983447,40.769168],[-73.98343,40.769192],[-73.983329,40.769148],[-73.983914,40.768341],[-73.984016,40.768384],[-73.98397,40.768452],[-73.98403,40.768475],[-73.983959,40.768582],[-73.98397,40.768587],[-73.983932,40.76864],[-73.984103,40.768711],[-73.984151,40.768645],[-73.984342,40.768724],[-73.984347,40.768717],[-73.984378,40.768722],[-73.9844,40.768739],[-73.984395,40.768746],[-73.984596,40.768829],[-73.984587,40.768841],[-73.984787,40.768917],[-73.984446,40.76939],[-73.984243,40.769304]]]},"properties":{"name":"Coliseum Park","meadow":false}},{"type":"Feature","geometry":{"type":"Polygon","coordinates":[[[-73.992053,40.762765],[-73.991886,40.762996],[-73.991408,40.762798],[-73.99158,40.762561],[-73.992053,40.762765]]]},"properties":{"name":"Clinton Community Garden","meadow":false}},{"type":"Feature","geometry":{"type":"Polygon","coordinates":[[[-73.923682,40.833938],[-73.923489,40.833877],[-73.923479,40.833851],[-73.923652,40.833537],[-73.923705,40.833519],[-73.923867,40.833574],[-73.923888,40.833608],[-73.923724,40.833921],[-73.923682,40.833938]]]},"properties":{"name":"","meadow":false}},{"type":"Feature","geometry":{"type":"Polygon","coordinates":[[[-73.923822,40.833255],[-73.923805,40.833225],[-73.923974,40.832913],[-73.924019,40.832895],[-73.924213,40.832954],[-73.924229,40.832986],[-73.924057,40.833303],[-73.924008,40.833313],[-73.923822,40.833255]]]},"properties":{"name":"","meadow":false}},{"type":"Feature","geometry":{"type":"Polygon","coordinates":[[[-73.92518,40.831582],[-73.925084,40.831552],[-73.925009,40.831542],[-73.925067,40.831456],[-73.925224,40.831515],[-73.92518,40.831582]]]},"properties":{"name":"","meadow":false}},{"type":"Feature","geometry":{"type":"Polygon","coordinates":[[[-73.925026,40.831842],[-73.924954,40.831819],[-73.925077,40.83162],[-73.925148,40.831643],[-73.925026,40.831842]]]},"properties":{"name":"","meadow":false}},{"type":"Feature","geometry":{"type":"Polygon","coordinates":[[[-73.924774,40.83193],[-73.924839,40.831831],[-73.924909,40.831873],[-73.924994,40.831896],[-73.924945,40.831992],[-73.924774,40.83193]]]},"properties":{"name":"","meadow":false}},{"type":"Feature","geometry":{"type":"Polygon","coordinates":[[[-73.971777,40.789579],[-73.971541,40.789482],[-73.971891,40.788995],[-73.972127,40.789092],[-73.971777,40.789579]]]},"properties":{"name":"West Side Community Garden","meadow":false}},{"type":"Feature","geometry":{"type":"Polygon","coordinates":[[[-73.939508,40.827696],[-73.939442,40.827786],[-73.939134,40.827657],[-73.939201,40.827567],[-73.939508,40.827696]]]},"properties":{"name":"Bradhurst Community Garden of Love","meadow":false}},{"type":"Feature","geometry":{"type":"Polygon","coordinates":[[[-73.927151,40.832668],[-73.927358,40.83276],[-73.927108,40.833081],[-73.926901,40.832989],[-73.927151,40.832668]]]},"properties":{"name":"Target Bronx Community Garden","meadow":false}},{"type":"Feature","geometry":{"type":"Polygon","coordinates":[[[-73.993548,40.771804],[-73.992398,40.771293],[-73.992504,40.771157],[-73.993671,40.771626],[-73.993548,40.771804]]]},"properties":{"name":"","meadow":false}},{"type":"Feature","geometry":{"type":"Polygon","coordinates":[[[-73.948506,40.827394],[-73.948307,40.827671],[-73.948257,40.82765],[-73.948456,40.827372],[-73.948506,40.827394]]]},"properties":{"name":"Mo' Pals","meadow":false}},{"type":"Feature","geometry":{"type":"Polygon","coordinates":[[[-73.984112,40.773011],[-73.984009,40.773146],[-73.983568,40.772953],[-73.983671,40.772818],[-73.984112,40.773011]]]},"properties":{"name":"Barclays Capital Grove","meadow":false}},{"type":"Feature","geometry":{"type":"Polygon","coordinates":[[[-73.96149,40.798452],[-73.96145,40.798508],[-73.961297,40.798446],[-73.96131,40.798428],[-73.961438,40.79848],[-73.961465,40.798442],[-73.96149,40.798452]]]},"properties":{"name":"","meadow":false}},{"type":"Feature","geometry":{"type":"Polygon","coordinates":[[[-73.951538,40.811749],[-73.95134,40.811666],[-73.95138,40.811616],[-73.951581,40.811702],[-73.951538,40.811749]]]},"properties":{"name":"Saint Nicholas Miracle Garden","meadow":false}},{"type":"Feature","geometry":{"type":"Polygon","coordinates":[[[-73.943564,40.814656],[-73.943488,40.814624],[-73.943593,40.814481],[-73.943669,40.814513],[-73.943564,40.814656]]]},"properties":{"name":"Harlem Valley Garden","meadow":false}},{"type":"Feature","geometry":{"type":"Polygon","coordinates":[[[-73.956122,40.800984],[-73.956299,40.800738],[-73.956455,40.800805],[-73.956285,40.801051],[-73.956122,40.800984]]]},"properties":{"name":"Electric Ladybug Garden","meadow":false}},{"type":"Feature","geometry":{"type":"Polygon","coordinates":[[[-73.972471,40.769953],[-73.972442,40.769911],[-73.972437,40.769868],[-73.972456,40.76981],[-73.97248,40.769782],[-73.972532,40.769744],[-73.972589,40.769732],[-73.972642,40.769744],[-73.972684,40.769779],[-73.9727,40.769823],[-73.972698,40.769861],[-73.972681,40.769908],[-73.972659,40.769936],[-73.972619,40.769965],[-73.972573,40.769981],[-73.972528,40.769983],[-73.972471,40.769953]]]},"properties":{"name":"Olmsted Flower Bed","meadow":false}},{"type":"Feature","geometry":{"type":"Polygon","coordinates":[[[-73.969747,40.76921],[-73.96996,40.769244],[-73.970049,40.769273],[-73.970095,40.769298],[-73.970246,40.769415],[-73.970595,40.769538],[-73.970694,40.769593],[-73.970762,40.769641],[-73.970829,40.769722],[-73.970878,40.76988],[-73.97096,40.770017],[-73.971198,40.770138],[-73.971117,40.770252],[-73.970977,40.770548],[-73.970907,40.770668],[-73.970816,40.770792],[-73.970705,40.770906],[-73.970546,40.771034],[-73.970423,40.771112],[-73.969886,40.771369],[-73.969155,40.771103],[-73.969085,40.771089],[-73.968926,40.771083],[-73.968831,40.771059],[-73.968712,40.770877],[-73.968675,40.770803],[-73.968662,40.770803],[-73.968546,40.770709],[-73.969655,40.769177],[-73.969747,40.76921]]]},"properties":{"name":"The Dene","meadow":false}},{"type":"Feature","geometry":{"type":"Polygon","coordinates":[[[-73.953086,40.794124],[-73.952982,40.794152],[-73.952901,40.794152],[-73.952749,40.794342],[-73.952641,40.794298],[-73.952507,40.794294],[-73.952419,40.794322],[-73.952354,40.794387],[-73.952301,40.794489],[-73.952132,40.794583],[-73.951987,40.794611],[-73.951611,40.794554],[-73.951338,40.794461],[-73.951911,40.793678],[-73.951827,40.793629],[-73.952278,40.793012],[-73.952365,40.793051],[-73.952472,40.792909],[-73.952655,40.792782],[-73.952781,40.792743],[-73.95289,40.792774],[-73.952977,40.792829],[-73.953116,40.792921],[-73.953171,40.792995],[-73.95318,40.793222],[-73.953052,40.793429],[-73.953062,40.793526],[-73.9531,40.793587],[-73.953197,40.79362],[-73.953229,40.793677],[-73.953127,40.793819],[-73.95318,40.793851],[-73.953202,40.793932],[-73.953148,40.794034],[-73.953086,40.794124]]]},"properties":{"name":"Conservatory Garden","meadow":false}},{"type":"Feature","geometry":{"type":"Polygon","coordinates":[[[-73.973799,40.772644],[-73.973863,40.772794],[-73.973864,40.772817],[-73.973667,40.772748],[-73.973562,40.772722],[-73.973261,40.772698],[-73.973052,40.772667],[-73.972908,40.772611],[-73.972896,40.772605],[-73.972896,40.772591],[-73.972852,40.772568],[-73.972839,40.772573],[-73.972809,40.772546],[-73.972815,40.772517],[-73.972854,40.772447],[-73.973027,40.772181],[-73.973191,40.771963],[-73.973242,40.771922],[-73.973272,40.771936],[-73.973379,40.772077],[-73.97349,40.772197],[-73.973692,40.772478],[-73.973799,40.772644]]]},"properties":{"name":"Nell Singer Lilac Walk","meadow":false}},{"type":"Feature","geometry":{"type":"Polygon","coordinates":[[[-73.969838,40.779994],[-73.969716,40.779794],[-73.96965,40.77972],[-73.969666,40.779708],[-73.969787,40.779655],[-73.969884,40.779641],[-73.970085,40.77966],[-73.97018,40.779687],[-73.970259,40.779733],[-73.970269,40.7798],[-73.970242,40.779855],[-73.970202,40.779882],[-73.970113,40.779924],[-73.970082,40.779933],[-73.970034,40.779931],[-73.970023,40.779947],[-73.969838,40.779994]]]},"properties":{"name":"Shakespeare Garden","meadow":false}},{"type":"Feature","geometry":{"type":"Polygon","coordinates":[[[-73.96192,40.803188],[-73.962173,40.802803],[-73.963232,40.803235],[-73.963357,40.803183],[-73.963439,40.803183],[-73.963501,40.803203],[-73.963073,40.803789],[-73.96202,40.803232],[-73.96192,40.803188]]]},"properties":{"name":"Pulpit Green","meadow":false}},{"type":"Feature","geometry":{"type":"Polygon","coordinates":[[[-73.961173,40.803146],[-73.961258,40.803013],[-73.961471,40.803097],[-73.961457,40.803119],[-73.961525,40.803148],[-73.961427,40.803277],[-73.961198,40.803184],[-73.961173,40.803146]]]},"properties":{"name":"Biblical Garden","meadow":false}},{"type":"Feature","geometry":{"type":"Polygon","coordinates":[[[-74.002612,40.760295],[-74.002441,40.760534],[-74.00242,40.760547],[-74.002362,40.760556],[-74.002358,40.760542],[-74.002554,40.760276],[-74.002567,40.760272],[-74.002612,40.760295]]]},"properties":{"name":"","meadow":false}},{"type":"Feature","geometry":{"type":"Polygon","coordinates":[[[-74.002231,40.760819],[-74.001903,40.761264],[-74.001802,40.76131],[-74.001778,40.761309],[-74.001771,40.761284],[-74.00214,40.760779],[-74.002231,40.760819]]]},"properties":{"name":"","meadow":false}},{"type":"Feature","geometry":{"type":"Polygon","coordinates":[[[-73.928599,40.832604],[-73.928757,40.83235],[-73.929463,40.832586],[-73.929328,40.832822],[-73.929286,40.832832],[-73.928599,40.832604]]]},"properties":{"name":"Taqwa Community Farm","meadow":false}},{"type":"Feature","geometry":{"type":"Polygon","coordinates":[[[-73.939196,40.827303],[-73.939152,40.827362],[-73.938903,40.827255],[-73.938946,40.827197],[-73.939196,40.827303]]]},"properties":{"name":"Frederick Douglass Boulevard Community Garden","meadow":false}},{"type":"Feature","geometry":{"type":"Polygon","coordinates":[[[-73.986059,40.771777],[-73.986038,40.771806],[-73.985965,40.771774],[-73.986027,40.771692],[-73.986121,40.771734],[-73.986228,40.771578],[-73.986487,40.771687],[-73.986336,40.771893],[-73.986059,40.771777]]]},"properties":{"name":"","meadow":false}},{"type":"Feature","geometry":{"type":"Polygon","coordinates":[[[-73.986093,40.771073],[-73.986042,40.771145],[-73.985935,40.771124],[-73.985875,40.771145],[-73.985948,40.771048],[-73.985908,40.771032],[-73.985982,40.77093],[-73.986014,40.770944],[-73.98602,40.770937],[-73.986224,40.771023],[-73.986219,40.771031],[-73.986248,40.771043],[-73.986206,40.7711],[-73.986093,40.771073]]]},"properties":{"name":"Rock Garden","meadow":false}},{"type":"Feature","geometry":{"type":"Polygon","coordinates":[[[-73.984218,40.754192],[-73.984231,40.754174],[-73.984258,40.754185],[-73.984245,40.754203],[-73.984218,40.754192]]]},"properties":{"name":"","meadow":false}},{"type":"Feature","geometry":{"type":"Polygon","coordinates":[[[-73.984015,40.754322],[-73.983989,40.754311],[-73.984002,40.754293],[-73.984028,40.754304],[-73.984015,40.754322]]]},"properties":{"name":"","meadow":false}},{"type":"Feature","geometry":{"type":"Polygon","coordinates":[[[-73.984169,40.754171],[-73.984182,40.754154],[-73.984208,40.754165],[-73.984195,40.754182],[-73.984169,40.754171]]]},"properties":{"name":"","meadow":false}},{"type":"Feature","geometry":{"type":"Polygon","coordinates":[[[-73.983993,40.754353],[-73.983937,40.754429],[-73.983836,40.754387],[-73.983892,40.75431],[-73.983993,40.754353]]]},"properties":{"name":"","meadow":false}},{"type":"Feature","geometry":{"type":"Polygon","coordinates":[[[-73.983943,40.754291],[-73.983917,40.75428],[-73.983929,40.754263],[-73.983956,40.754274],[-73.983943,40.754291]]]},"properties":{"name":"","meadow":false}},{"type":"Feature","geometry":{"type":"Polygon","coordinates":[[[-73.983431,40.754349],[-73.983408,40.754339],[-73.983423,40.754318],[-73.983446,40.754328],[-73.983431,40.754349]]]},"properties":{"name":"","meadow":false}},{"type":"Feature","geometry":{"type":"Polygon","coordinates":[[[-73.983349,40.754314],[-73.983326,40.754305],[-73.983341,40.754284],[-73.983364,40.754293],[-73.983349,40.754314]]]},"properties":{"name":"","meadow":false}},{"type":"Feature","geometry":{"type":"Polygon","coordinates":[[[-73.983464,40.754303],[-73.983441,40.754294],[-73.983457,40.754273],[-73.98348,40.754282],[-73.983464,40.754303]]]},"properties":{"name":"","meadow":false}},{"type":"Feature","geometry":{"type":"Polygon","coordinates":[[[-73.983382,40.754269],[-73.983359,40.754259],[-73.983374,40.754238],[-73.983398,40.754248],[-73.983382,40.754269]]]},"properties":{"name":"","meadow":false}},{"type":"Feature","geometry":{"type":"Polygon","coordinates":[[[-73.98289,40.753989],[-73.982946,40.753913],[-73.982972,40.753924],[-73.982962,40.753937],[-73.983009,40.753956],[-73.983018,40.753943],[-73.983044,40.753954],[-73.983034,40.753967],[-73.983082,40.753987],[-73.983092,40.753974],[-73.983117,40.753985],[-73.983108,40.753998],[-73.98315,40.754015],[-73.983159,40.754002],[-73.983185,40.754013],[-73.983129,40.754089],[-73.98289,40.753989]]]},"properties":{"name":"","meadow":false}},{"type":"Feature","geometry":{"type":"Polygon","coordinates":[[[-73.983551,40.754267],[-73.983607,40.754191],[-73.983633,40.754201],[-73.983623,40.754214],[-73.98367,40.754234],[-73.983679,40.754221],[-73.983705,40.754232],[-73.983695,40.754245],[-73.983744,40.754265],[-73.983753,40.754252],[-73.983779,40.754263],[-73.983769,40.754275],[-73.983811,40.754293],[-73.983821,40.75428],[-73.983846,40.754291],[-73.983791,40.754368],[-73.983551,40.754267]]]},"properties":{"name":"","meadow":false}},{"type":"Feature","geometry":{"type":"Polygon","coordinates":[[[-73.982827,40.754008],[-73.982745,40.754121],[-73.982652,40.754083],[-73.982715,40.753998],[-73.982741,40.754008],[-73.982761,40.75398],[-73.982827,40.754008]]]},"properties":{"name":"","meadow":false}},{"type":"Feature","geometry":{"type":"Polygon","coordinates":[[[-73.982787,40.753946],[-73.982792,40.753938],[-73.982746,40.753919],[-73.982797,40.75385],[-73.982884,40.753886],[-73.982874,40.7539],[-73.982899,40.75391],[-73.982853,40.753974],[-73.982787,40.753946]]]},"properties":{"name":"","meadow":false}},{"type":"Feature","geometry":{"type":"Polygon","coordinates":[[[-73.984027,40.753347],[-73.984043,40.753326],[-73.984066,40.753335],[-73.98405,40.753357],[-73.984027,40.753347]]]},"properties":{"name":"","meadow":false}},{"type":"Feature","geometry":{"type":"Polygon","coordinates":[[[-73.984201,40.753336],[-73.984465,40.753447],[-73.984447,40.753472],[-73.984182,40.753361],[-73.984201,40.753336]]]},"properties":{"name":"","meadow":false}},{"type":"Feature","geometry":{"type":"Polygon","coordinates":[[[-73.983994,40.753392],[-73.984009,40.753371],[-73.984033,40.753381],[-73.984017,40.753402],[-73.983994,40.753392]]]},"properties":{"name":"","meadow":false}},{"type":"Feature","geometry":{"type":"Polygon","coordinates":[[[-73.984109,40.753381],[-73.984125,40.75336],[-73.984148,40.75337],[-73.984133,40.753391],[-73.984109,40.753381]]]},"properties":{"name":"","meadow":false}},{"type":"Feature","geometry":{"type":"Polygon","coordinates":[[[-73.983949,40.753374],[-73.983922,40.753362],[-73.983931,40.753351],[-73.98388,40.75333],[-73.983872,40.753341],[-73.983845,40.75333],[-73.983853,40.753318],[-73.983804,40.753298],[-73.983796,40.753309],[-73.983769,40.753298],[-73.983818,40.753231],[-73.983998,40.753307],[-73.983949,40.753374]]]},"properties":{"name":"","meadow":false}},{"type":"Feature","geometry":{"type":"Polygon","coordinates":[[[-73.984076,40.753427],[-73.984092,40.753406],[-73.984115,40.753416],[-73.984099,40.753437],[-73.984076,40.753427]]]},"properties":{"name":"","meadow":false}},{"type":"Feature","geometry":{"type":"Polygon","coordinates":[[[-73.984385,40.753557],[-73.984359,40.753546],[-73.984367,40.753535],[-73.984325,40.753517],[-73.984317,40.753528],[-73.984291,40.753517],[-73.984327,40.753469],[-73.984279,40.753448],[-73.984243,40.753497],[-73.984217,40.753486],[-73.984226,40.753475],[-73.984179,40.753456],[-73.984171,40.753467],[-73.984145,40.753456],[-73.984194,40.753389],[-73.984433,40.75349],[-73.984385,40.753557]]]},"properties":{"name":"","meadow":false}},{"type":"Feature","geometry":{"type":"Polygon","coordinates":[[[-73.984303,40.753668],[-73.984278,40.753657],[-73.984287,40.753644],[-73.984245,40.753626],[-73.984235,40.753639],[-73.98421,40.753628],[-73.984219,40.753616],[-73.984171,40.753595],[-73.984162,40.753608],[-73.984136,40.753597],[-73.984146,40.753584],[-73.984099,40.753565],[-73.98409,40.753578],[-73.984064,40.753567],[-73.98412,40.753491],[-73.984359,40.753591],[-73.984303,40.753668]]]},"properties":{"name":"","meadow":false}},{"type":"Feature","geometry":{"type":"Polygon","coordinates":[[[-73.983322,40.752966],[-73.98335,40.752978],[-73.983316,40.753024],[-73.983288,40.753012],[-73.983322,40.752966]]]},"properties":{"name":"","meadow":false}},{"type":"Feature","geometry":{"type":"Polygon","coordinates":[[[-73.982846,40.753339],[-73.982865,40.753315],[-73.982895,40.753327],[-73.982931,40.753279],[-73.982947,40.753285],[-73.983058,40.753133],[-73.98307,40.753138],[-73.982905,40.753364],[-73.982846,40.753339]]]},"properties":{"name":"","meadow":false}},{"type":"Feature","geometry":{"type":"Polygon","coordinates":[[[-73.984729,40.753625],[-73.984752,40.753638],[-73.984697,40.753714],[-73.984678,40.753707],[-73.984654,40.75374],[-73.984673,40.753747],[-73.984466,40.754029],[-73.984429,40.754013],[-73.984687,40.753656],[-73.9847,40.753661],[-73.984729,40.753625]]]},"properties":{"name":"","meadow":false}},{"type":"Feature","geometry":{"type":"Polygon","coordinates":[[[-73.982446,40.753996],[-73.982273,40.753923],[-73.982289,40.7539],[-73.981941,40.753754],[-73.981957,40.753733],[-73.981977,40.753732],[-73.982483,40.753945],[-73.982446,40.753996]]]},"properties":{"name":"","meadow":false}},{"type":"Feature","geometry":{"type":"Polygon","coordinates":[[[-73.981673,40.753632],[-73.981537,40.753575],[-73.981515,40.753606],[-73.981497,40.753599],[-73.981532,40.753551],[-73.981554,40.75355],[-73.981681,40.753603],[-73.981685,40.753616],[-73.981673,40.753632]]]},"properties":{"name":"","meadow":false}},{"type":"Feature","geometry":{"type":"Polygon","coordinates":[[[-73.982605,40.753996],[-73.982568,40.754047],[-73.982539,40.754035],[-73.982576,40.753984],[-73.982605,40.753996]]]},"properties":{"name":"","meadow":false}},{"type":"Feature","geometry":{"type":"Polygon","coordinates":[[[-73.981454,40.753498],[-73.981432,40.753488],[-73.981443,40.753473],[-73.981465,40.753482],[-73.981454,40.753498]]]},"properties":{"name":"","meadow":false}},{"type":"Feature","geometry":{"type":"Polygon","coordinates":[[[-73.981387,40.753549],[-73.981398,40.753534],[-73.981451,40.753556],[-73.981439,40.753571],[-73.981387,40.753549]]]},"properties":{"name":"","meadow":false}},{"type":"Feature","geometry":{"type":"Polygon","coordinates":[[[-73.981325,40.753523],[-73.981166,40.753456],[-73.981178,40.753441],[-73.981336,40.753507],[-73.981325,40.753523]]]},"properties":{"name":"","meadow":false}},{"type":"Feature","geometry":{"type":"Polygon","coordinates":[[[-73.98137,40.753462],[-73.981336,40.753448],[-73.981347,40.753432],[-73.981381,40.753447],[-73.98137,40.753462]]]},"properties":{"name":"","meadow":false}},{"type":"Feature","geometry":{"type":"Polygon","coordinates":[[[-73.981267,40.753396],[-73.981206,40.75337],[-73.981205,40.75335],[-73.981403,40.753078],[-73.981453,40.753099],[-73.981265,40.753359],[-73.98128,40.753378],[-73.981267,40.753396]]]},"properties":{"name":"","meadow":false}},{"type":"Feature","geometry":{"type":"Polygon","coordinates":[[[-73.981262,40.753417],[-73.981211,40.753396],[-73.981222,40.75338],[-73.981274,40.753402],[-73.981262,40.753417]]]},"properties":{"name":"","meadow":false}},{"type":"Feature","geometry":{"type":"Polygon","coordinates":[[[-73.981438,40.753338],[-73.98147,40.753295],[-73.981517,40.753314],[-73.981505,40.753332],[-73.981481,40.753321],[-73.981461,40.753348],[-73.981438,40.753338]]]},"properties":{"name":"","meadow":false}},{"type":"Feature","geometry":{"type":"Polygon","coordinates":[[[-73.981534,40.753321],[-73.981581,40.753341],[-73.981483,40.753475],[-73.98146,40.753465],[-73.981485,40.753431],[-73.98142,40.753404],[-73.981396,40.753437],[-73.981373,40.753428],[-73.981429,40.753351],[-73.981452,40.75336],[-73.981433,40.753386],[-73.981498,40.753414],[-73.981545,40.753349],[-73.981521,40.753338],[-73.981534,40.753321]]]},"properties":{"name":"","meadow":false}},{"type":"Feature","geometry":{"type":"Polygon","coordinates":[[[-73.982002,40.752534],[-73.982013,40.752518],[-73.982047,40.752532],[-73.982036,40.752548],[-73.982002,40.752534]]]},"properties":{"name":"","meadow":false}},{"type":"Feature","geometry":{"type":"Polygon","coordinates":[[[-73.982098,40.752574],[-73.98211,40.752558],[-73.982131,40.752568],[-73.98212,40.752583],[-73.982098,40.752574]]]},"properties":{"name":"","meadow":false}},{"type":"Feature","geometry":{"type":"Polygon","coordinates":[[[-73.981876,40.752483],[-73.981889,40.752466],[-73.98194,40.752487],[-73.981929,40.752503],[-73.981876,40.752483]]]},"properties":{"name":"","meadow":false}},{"type":"Feature","geometry":{"type":"Polygon","coordinates":[[[-73.981922,40.75242],[-73.981942,40.752393],[-73.982175,40.752492],[-73.982156,40.752519],[-73.981922,40.75242]]]},"properties":{"name":"","meadow":false}},{"type":"Feature","geometry":{"type":"Polygon","coordinates":[[[-73.982016,40.752706],[-73.982063,40.752641],[-73.981998,40.752614],[-73.981979,40.75264],[-73.981956,40.752631],[-73.982013,40.752554],[-73.982035,40.752563],[-73.982011,40.752597],[-73.982076,40.752624],[-73.982101,40.75259],[-73.982124,40.752599],[-73.982026,40.752733],[-73.981979,40.752713],[-73.981991,40.752696],[-73.982016,40.752706]]]},"properties":{"name":"","meadow":false}},{"type":"Feature","geometry":{"type":"Polygon","coordinates":[[[-73.981906,40.752519],[-73.981876,40.75252],[-73.981685,40.752779],[-73.981635,40.752758],[-73.981834,40.752486],[-73.981858,40.752476],[-73.981919,40.752502],[-73.981906,40.752519]]]},"properties":{"name":"","meadow":false}},{"type":"Feature","geometry":{"type":"Polygon","coordinates":[[[-73.983141,40.753042],[-73.983117,40.753032],[-73.983203,40.752914],[-73.983227,40.752924],[-73.983141,40.753042]]]},"properties":{"name":"","meadow":false}},{"type":"Feature","geometry":{"type":"Polygon","coordinates":[[[-73.981951,40.752679],[-73.981975,40.752689],[-73.981962,40.752707],[-73.981915,40.752687],[-73.981947,40.752643],[-73.98197,40.752653],[-73.981951,40.752679]]]},"properties":{"name":"","meadow":false}},{"type":"Feature","geometry":{"type":"Polygon","coordinates":[[[-73.983642,40.75339],[-73.983616,40.753379],[-73.983626,40.753366],[-73.983584,40.753349],[-73.983574,40.753362],[-73.983548,40.753351],[-73.983558,40.753338],[-73.98351,40.753318],[-73.983501,40.75333],[-73.983475,40.75332],[-73.983484,40.753307],[-73.983438,40.753287],[-73.983429,40.7533],[-73.983403,40.753289],[-73.983459,40.753213],[-73.983698,40.753313],[-73.983642,40.75339]]]},"properties":{"name":"","meadow":false}},{"type":"Feature","geometry":{"type":"Polygon","coordinates":[[[-73.983098,40.753101],[-73.983086,40.753096],[-73.983099,40.753077],[-73.983087,40.753072],[-73.9831,40.753054],[-73.983124,40.753065],[-73.983098,40.753101]]]},"properties":{"name":"","meadow":false}},{"type":"Feature","geometry":{"type":"Polygon","coordinates":[[[-73.983546,40.753094],[-73.983565,40.753068],[-73.98405,40.753272],[-73.984031,40.753298],[-73.983546,40.753094]]]},"properties":{"name":"","meadow":false}},{"type":"Feature","geometry":{"type":"Polygon","coordinates":[[[-73.983723,40.753279],[-73.983697,40.753268],[-73.983706,40.753257],[-73.983664,40.753239],[-73.983655,40.753251],[-73.98363,40.75324],[-73.983638,40.753228],[-73.98359,40.753208],[-73.983582,40.753219],[-73.983556,40.753209],[-73.983564,40.753197],[-73.983518,40.753178],[-73.98351,40.753189],[-73.983484,40.753178],[-73.983533,40.753112],[-73.983772,40.753212],[-73.983723,40.753279]]]},"properties":{"name":"","meadow":false}},{"type":"Feature","geometry":{"type":"Polygon","coordinates":[[[-73.983381,40.753135],[-73.983386,40.753127],[-73.983343,40.753109],[-73.983386,40.75305],[-73.983496,40.753096],[-73.983447,40.753163],[-73.983381,40.753135]]]},"properties":{"name":"","meadow":false}},{"type":"Feature","geometry":{"type":"Polygon","coordinates":[[[-73.983375,40.753261],[-73.98335,40.75325],[-73.98334,40.753264],[-73.983255,40.753228],[-73.983305,40.753159],[-73.98335,40.753177],[-73.983355,40.75317],[-73.983421,40.753197],[-73.983375,40.753261]]]},"properties":{"name":"","meadow":false}},{"type":"Feature","geometry":{"type":"Polygon","coordinates":[[[-73.983282,40.753327],[-73.983307,40.753294],[-73.983616,40.753424],[-73.983592,40.753458],[-73.983282,40.753327]]]},"properties":{"name":"","meadow":false}},{"type":"Feature","geometry":{"type":"Polygon","coordinates":[[[-73.983489,40.75307],[-73.983496,40.753059],[-73.983406,40.753023],[-73.983418,40.753007],[-73.983527,40.753053],[-73.983509,40.753078],[-73.983489,40.75307]]]},"properties":{"name":"","meadow":false}},{"type":"Feature","geometry":{"type":"Polygon","coordinates":[[[-73.984015,40.753634],[-73.98404,40.7536],[-73.984265,40.753695],[-73.984241,40.753728],[-73.984015,40.753634]]]},"properties":{"name":"","meadow":false}},{"type":"Feature","geometry":{"type":"Polygon","coordinates":[[[-73.983634,40.753475],[-73.983658,40.753442],[-73.983993,40.753582],[-73.983968,40.753616],[-73.983634,40.753475]]]},"properties":{"name":"","meadow":false}},{"type":"Feature","geometry":{"type":"Polygon","coordinates":[[[-73.983252,40.754],[-73.983276,40.753966],[-73.983611,40.754107],[-73.983586,40.75414],[-73.983252,40.754]]]},"properties":{"name":"","meadow":false}},{"type":"Feature","geometry":{"type":"Polygon","coordinates":[[[-73.9829,40.753852],[-73.982924,40.753819],[-73.983234,40.753949],[-73.98321,40.753982],[-73.9829,40.753852]]]},"properties":{"name":"","meadow":false}},{"type":"Feature","geometry":{"type":"Polygon","coordinates":[[[-73.984424,40.753764],[-73.984323,40.753721],[-73.984367,40.753662],[-73.984385,40.753669],[-73.984408,40.753637],[-73.984391,40.75363],[-73.984405,40.753611],[-73.984506,40.753653],[-73.984424,40.753764]]]},"properties":{"name":"","meadow":false}},{"type":"Feature","geometry":{"type":"Polygon","coordinates":[[[-73.983633,40.754158],[-73.983657,40.754125],[-73.983883,40.754219],[-73.983858,40.754253],[-73.983633,40.754158]]]},"properties":{"name":"","meadow":false}},{"type":"Feature","geometry":{"type":"Polygon","coordinates":[[[-73.983421,40.754407],[-73.983446,40.754374],[-73.983697,40.75448],[-73.983673,40.754513],[-73.983421,40.754407]]]},"properties":{"name":"","meadow":false}},{"type":"Feature","geometry":{"type":"Polygon","coordinates":[[[-73.983264,40.75431],[-73.983282,40.754317],[-73.983269,40.754335],[-73.982991,40.754219],[-73.983007,40.754195],[-73.982856,40.754132],[-73.982839,40.754155],[-73.982787,40.754133],[-73.982865,40.754024],[-73.98289,40.754035],[-73.982882,40.754046],[-73.982928,40.754066],[-73.982937,40.754054],[-73.982962,40.754065],[-73.982954,40.754076],[-73.983002,40.754096],[-73.983011,40.754085],[-73.983036,40.754096],[-73.983028,40.754107],[-73.98307,40.754125],[-73.983078,40.754114],[-73.983103,40.754124],[-73.983096,40.754135],[-73.983142,40.754154],[-73.983149,40.754144],[-73.983176,40.754155],[-73.983168,40.754166],[-73.983217,40.754187],[-73.983225,40.754176],[-73.983252,40.754187],[-73.983244,40.754198],[-73.983295,40.754219],[-73.983303,40.754208],[-73.98333,40.754219],[-73.983264,40.75431]]]},"properties":{"name":"","meadow":false}},{"type":"Feature","geometry":{"type":"Polygon","coordinates":[[[-73.984355,40.753965],[-73.984328,40.753954],[-73.984341,40.753936],[-73.984368,40.753947],[-73.984355,40.753965]]]},"properties":{"name":"","meadow":false}},{"type":"Feature","geometry":{"type":"Polygon","coordinates":[[[-73.984404,40.753986],[-73.984378,40.753975],[-73.984391,40.753957],[-73.984417,40.753968],[-73.984404,40.753986]]]},"properties":{"name":"","meadow":false}},{"type":"Feature","geometry":{"type":"Polygon","coordinates":[[[-73.984102,40.754458],[-73.984303,40.754183],[-73.984344,40.7542],[-73.984122,40.754506],[-73.983971,40.754442],[-73.983993,40.754412],[-73.984102,40.754458]]]},"properties":{"name":"","meadow":false}},{"type":"Feature","geometry":{"type":"Polygon","coordinates":[[[-73.984652,40.753646],[-73.98464,40.753664],[-73.984492,40.753602],[-73.984501,40.753591],[-73.984464,40.753575],[-73.984455,40.753586],[-73.984431,40.753576],[-73.984479,40.753509],[-73.984624,40.75357],[-73.984652,40.753646]]]},"properties":{"name":"","meadow":false}},{"type":"Feature","geometry":{"type":"Polygon","coordinates":[[[-73.983888,40.754454],[-73.983808,40.754562],[-73.983737,40.754532],[-73.983811,40.754421],[-73.983888,40.754454]]]},"properties":{"name":"","meadow":false}},{"type":"Feature","geometry":{"type":"Polygon","coordinates":[[[-73.984109,40.754193],[-73.98405,40.754273],[-73.98395,40.754231],[-73.984009,40.754151],[-73.984109,40.754193]]]},"properties":{"name":"","meadow":false}},{"type":"Feature","geometry":{"type":"Polygon","coordinates":[[[-73.984014,40.754384],[-73.984143,40.754207],[-73.984219,40.754238],[-73.984089,40.754416],[-73.984014,40.754384]]]},"properties":{"name":"","meadow":false}},{"type":"Feature","geometry":{"type":"Polygon","coordinates":[[[-73.984534,40.753808],[-73.984459,40.753776],[-73.984539,40.753667],[-73.984614,40.753698],[-73.984534,40.753808]]]},"properties":{"name":"","meadow":false}},{"type":"Feature","geometry":{"type":"Polygon","coordinates":[[[-73.984737,40.753557],[-73.984707,40.753591],[-73.984716,40.753619],[-73.984693,40.753645],[-73.984681,40.75364],[-73.984649,40.753557],[-73.984493,40.753491],[-73.984516,40.753464],[-73.984737,40.753557]]]},"properties":{"name":"","meadow":false}},{"type":"Feature","geometry":{"type":"Polygon","coordinates":[[[-73.988185,40.772181],[-73.988191,40.772203],[-73.987711,40.771992],[-73.987763,40.771915],[-73.98815,40.772077],[-73.988267,40.771918],[-73.988347,40.771953],[-73.988185,40.772181]]]},"properties":{"name":"","meadow":false}},{"type":"Feature","geometry":{"type":"Polygon","coordinates":[[[-73.993675,40.773208],[-73.993683,40.773293],[-73.993678,40.773356],[-73.993628,40.773277],[-73.993563,40.773246],[-73.993341,40.773325],[-73.993362,40.773297],[-73.993571,40.773198],[-73.993652,40.773129],[-73.993675,40.773208]]]},"properties":{"name":"","meadow":false}},{"type":"Feature","geometry":{"type":"Polygon","coordinates":[[[-73.943534,40.82971],[-73.943113,40.829545],[-73.942598,40.829617],[-73.942506,40.82958],[-73.942627,40.829432],[-73.942758,40.829483],[-73.942946,40.829438],[-73.94343,40.829435],[-73.943488,40.829361],[-73.943699,40.829449],[-73.94368,40.829511],[-73.943534,40.82971]]]},"properties":{"name":"Hope the Friendly Garden on Hill","meadow":false}},{"type":"Feature","geometry":{"type":"Polygon","coordinates":[[[-73.977779,40.758383],[-73.977831,40.758405],[-73.977844,40.758387],[-73.977792,40.758365],[-73.977799,40.758356],[-73.977865,40.758384],[-73.977838,40.758421],[-73.977772,40.758393],[-73.977779,40.758383]]]},"properties":{"name":"","meadow":false}},{"type":"Feature","geometry":{"type":"Polygon","coordinates":[[[-73.978117,40.758525],[-73.978169,40.758547],[-73.978182,40.758529],[-73.97813,40.758508],[-73.978138,40.758498],[-73.978204,40.758526],[-73.978177,40.758563],[-73.97811,40.758535],[-73.978117,40.758525]]]},"properties":{"name":"","meadow":false}},{"type":"Feature","geometry":{"type":"Polygon","coordinates":[[[-73.977961,40.758473],[-73.977989,40.758435],[-73.978056,40.758463],[-73.978048,40.758473],[-73.977997,40.758451],[-73.977984,40.758469],[-73.978036,40.758491],[-73.978028,40.758501],[-73.977961,40.758473]]]},"properties":{"name":"","meadow":false}},{"type":"Feature","geometry":{"type":"Polygon","coordinates":[[[-73.978095,40.75853],[-73.97804,40.758507],[-73.978047,40.758497],[-73.978102,40.75852],[-73.978095,40.75853]]]},"properties":{"name":"","meadow":false}},{"type":"Feature","geometry":{"type":"Polygon","coordinates":[[[-73.978059,40.758479],[-73.978067,40.758468],[-73.978123,40.758491],[-73.978115,40.758502],[-73.978059,40.758479]]]},"properties":{"name":"","meadow":false}},{"type":"Feature","geometry":{"type":"Polygon","coordinates":[[[-73.977722,40.758336],[-73.97773,40.758325],[-73.977787,40.758349],[-73.977779,40.758359],[-73.977722,40.758336]]]},"properties":{"name":"","meadow":false}},{"type":"Feature","geometry":{"type":"Polygon","coordinates":[[[-73.977755,40.758387],[-73.977701,40.758364],[-73.977709,40.758353],[-73.977766,40.758377],[-73.977755,40.758387]]]},"properties":{"name":"","meadow":false}},{"type":"Feature","geometry":{"type":"Polygon","coordinates":[[[-73.955543,40.810671],[-73.955412,40.810361],[-73.955682,40.810475],[-73.955543,40.810671]]]},"properties":{"name":"","meadow":false}},{"type":"Feature","geometry":{"type":"Polygon","coordinates":[[[-73.942615,40.840942],[-73.942382,40.840846],[-73.942295,40.840959],[-73.94173,40.840711],[-73.94183,40.840567],[-73.941546,40.840448],[-73.941772,40.840139],[-73.94226,40.840333],[-73.942179,40.840447],[-73.942507,40.840586],[-73.942494,40.840604],[-73.942708,40.840692],[-73.942615,40.840942]]]},"properties":{"name":"The Garden","meadow":false}},{"type":"Feature","geometry":{"type":"Polygon","coordinates":[[[-73.990449,40.773763],[-73.990515,40.773772],[-73.990433,40.773885],[-73.990449,40.773763]]]},"properties":{"name":"","meadow":false}},{"type":"Feature","geometry":{"type":"Polygon","coordinates":[[[-73.984619,40.771433],[-73.984648,40.771433],[-73.984669,40.771442],[-73.98463,40.771448],[-73.984624,40.771466],[-73.9846,40.771462],[-73.984619,40.771433]]]},"properties":{"name":"","meadow":false}},{"type":"Feature","geometry":{"type":"Polygon","coordinates":[[[-73.984648,40.771433],[-73.984665,40.771411],[-73.984686,40.77142],[-73.984669,40.771442],[-73.984648,40.771433]]]},"properties":{"name":"","meadow":false}},{"type":"Feature","geometry":{"type":"Polygon","coordinates":[[[-73.984367,40.771388],[-73.984403,40.771339],[-73.984435,40.771353],[-73.984399,40.771401],[-73.984367,40.771388]]]},"properties":{"name":"","meadow":false}},{"type":"Feature","geometry":{"type":"Polygon","coordinates":[[[-73.983978,40.771223],[-73.984005,40.771186],[-73.984072,40.771214],[-73.984082,40.771201],[-73.984321,40.771304],[-73.984285,40.771353],[-73.983978,40.771223]]]},"properties":{"name":"","meadow":false}},{"type":"Feature","geometry":{"type":"Polygon","coordinates":[[[-73.958242,40.811556],[-73.959193,40.81195],[-73.959837,40.812225],[-73.959415,40.812802],[-73.957827,40.812126],[-73.958242,40.811556]]]},"properties":{"name":"","meadow":false}},{"type":"Feature","geometry":{"type":"Polygon","coordinates":[[[-73.938586,40.819635],[-73.938745,40.819433],[-73.938865,40.819487],[-73.938706,40.819689],[-73.938586,40.819635]]]},"properties":{"name":"","meadow":false}},{"type":"Feature","geometry":{"type":"Polygon","coordinates":[[[-73.939798,40.8174],[-73.939523,40.81728],[-73.939696,40.817044],[-73.93997,40.817166],[-73.939798,40.8174]]]},"properties":{"name":"","meadow":false}},{"type":"Feature","geometry":{"type":"Polygon","coordinates":[[[-74.001045,40.763826],[-74.000805,40.763726],[-74.000806,40.763689],[-74.000852,40.763689],[-74.00087,40.76371],[-74.000861,40.763718],[-74.00089,40.76374],[-74.000932,40.763764],[-74.000949,40.763757],[-74.001004,40.763766],[-74.001001,40.763779],[-74.001083,40.763771],[-74.001084,40.763759],[-74.001116,40.763747],[-74.001124,40.763765],[-74.001109,40.763766],[-74.001115,40.763794],[-74.001125,40.763795],[-74.001131,40.763812],[-74.001045,40.763826]]]},"properties":{"name":"","meadow":false}},{"type":"Feature","geometry":{"type":"Polygon","coordinates":[[[-74.001301,40.763815],[-74.001319,40.763765],[-74.001314,40.763732],[-74.001296,40.763692],[-74.001272,40.763667],[-74.001226,40.763643],[-74.001179,40.763631],[-74.001086,40.763637],[-74.001076,40.763622],[-74.001138,40.763573],[-74.00131,40.76365],[-74.001348,40.763681],[-74.001377,40.763721],[-74.00139,40.763765],[-74.001386,40.763822],[-74.001301,40.763815]]]},"properties":{"name":"","meadow":false}},{"type":"Feature","geometry":{"type":"Polygon","coordinates":[[[-74.000068,40.763164],[-74.000554,40.762836],[-74.000605,40.762874],[-74.000561,40.762912],[-74.000428,40.762984],[-74.000379,40.763026],[-74.000232,40.763105],[-74.000192,40.763141],[-74.000094,40.763184],[-74.000068,40.763164]]]},"properties":{"name":"","meadow":false}},{"type":"Feature","geometry":{"type":"Polygon","coordinates":[[[-74.000745,40.762796],[-74.000688,40.762843],[-74.000643,40.762855],[-74.000584,40.762816],[-74.00067,40.762758],[-74.000758,40.762768],[-74.000745,40.762796]]]},"properties":{"name":"","meadow":false}},{"type":"Feature","geometry":{"type":"Polygon","coordinates":[[[-73.999631,40.763488],[-73.999532,40.763587],[-73.999173,40.764079],[-73.999153,40.76407],[-73.999555,40.763524],[-73.999666,40.763425],[-73.999912,40.763269],[-73.999932,40.763288],[-73.999631,40.763488]]]},"properties":{"name":"","meadow":false}},{"type":"Feature","geometry":{"type":"Polygon","coordinates":[[[-73.956765,40.824119],[-73.956903,40.82418],[-73.956418,40.824896],[-73.956241,40.824818],[-73.956765,40.824119]]]},"properties":{"name":"","meadow":false}},{"type":"Feature","geometry":{"type":"Polygon","coordinates":[[[-73.955514,40.824076],[-73.955436,40.824034],[-73.955659,40.823649],[-73.955965,40.823389],[-73.956145,40.823153],[-73.956341,40.823237],[-73.955514,40.824076]]]},"properties":{"name":"Riverside Valley Community Garden","meadow":false}},{"type":"Feature","geometry":{"type":"Polygon","coordinates":[[[-73.938381,40.834639],[-73.938279,40.834772],[-73.938223,40.834778],[-73.938058,40.834736],[-73.938139,40.834575],[-73.938381,40.834639]]]},"properties":{"name":"","meadow":false}},{"type":"Feature","geometry":{"type":"Polygon","coordinates":[[[-73.939289,40.835649],[-73.939077,40.835927],[-73.938964,40.835878],[-73.939176,40.8356],[-73.939289,40.835649]]]},"properties":{"name":"Morris-Jumel Ecological Education Garden","meadow":false}},{"type":"Feature","geometry":{"type":"Polygon","coordinates":[[[-73.979243,40.828154],[-73.979279,40.828168],[-73.979329,40.828215],[-73.979354,40.828302],[-73.979331,40.82835],[-73.979316,40.82836],[-73.979223,40.828371],[-73.97913,40.828369],[-73.979096,40.828344],[-73.979087,40.828298],[-73.97912,40.828183],[-73.979146,40.828166],[-73.979243,40.828154]]]},"properties":{"name":"","meadow":false}},{"type":"Feature","geometry":{"type":"Polygon","coordinates":[[[-73.94698,40.821104],[-73.947016,40.821203],[-73.946934,40.821217],[-73.946889,40.82121],[-73.946845,40.821166],[-73.946835,40.821128],[-73.946853,40.821095],[-73.947058,40.821056],[-73.94698,40.821104]]]},"properties":{"name":"","meadow":false}},{"type":"Feature","geometry":{"type":"Polygon","coordinates":[[[-73.947103,40.821568],[-73.947087,40.821543],[-73.947105,40.821519],[-73.94713,40.821515],[-73.94716,40.821531],[-73.947163,40.82155],[-73.94715,40.821566],[-73.947127,40.821573],[-73.947103,40.821568]]]},"properties":{"name":"","meadow":false}},{"type":"Feature","geometry":{"type":"Polygon","coordinates":[[[-73.946456,40.820883],[-73.946619,40.820937],[-73.946685,40.821005],[-73.946621,40.821082],[-73.946556,40.821137],[-73.946471,40.821181],[-73.946302,40.821206],[-73.946456,40.820883]]]},"properties":{"name":"","meadow":false}},{"type":"Feature","geometry":{"type":"Polygon","coordinates":[[[-73.946311,40.82127],[-73.946529,40.821211],[-73.946658,40.821144],[-73.946641,40.821182],[-73.946648,40.821218],[-73.946703,40.821249],[-73.946677,40.821327],[-73.946678,40.821373],[-73.946709,40.821401],[-73.946701,40.821437],[-73.946311,40.82127]]]},"properties":{"name":"","meadow":false}},{"type":"Feature","geometry":{"type":"Polygon","coordinates":[[[-74.016003,40.771395],[-74.016046,40.771428],[-74.016055,40.77146],[-74.01605,40.771499],[-74.016012,40.771567],[-74.015954,40.771621],[-74.015913,40.771635],[-74.015847,40.771632],[-74.015843,40.771596],[-74.015909,40.771465],[-74.015954,40.771422],[-74.015975,40.771386],[-74.016003,40.771395]]]},"properties":{"name":"","meadow":false}},{"type":"Feature","geometry":{"type":"Polygon","coordinates":[[[-74.015832,40.771684],[-74.015922,40.771694],[-74.015944,40.771713],[-74.015941,40.771726],[-74.015926,40.77174],[-74.015844,40.771733],[-74.015817,40.771746],[-74.015808,40.771764],[-74.015794,40.77176],[-74.015832,40.771684]]]},"properties":{"name":"","meadow":false}},{"type":"Feature","geometry":{"type":"Polygon","coordinates":[[[-74.015871,40.771801],[-74.015887,40.771777],[-74.015875,40.77176],[-74.015933,40.771776],[-74.015957,40.771773],[-74.01598,40.771757],[-74.015977,40.771737],[-74.015992,40.771717],[-74.016029,40.771708],[-74.016076,40.771716],[-74.016006,40.771872],[-74.015847,40.771806],[-74.015871,40.771801]]]},"properties":{"name":"","meadow":false}},{"type":"Feature","geometry":{"type":"Polygon","coordinates":[[[-74.016425,40.770903],[-74.016565,40.77091],[-74.016405,40.771099],[-74.016378,40.771088],[-74.016369,40.771058],[-74.016435,40.771012],[-74.016447,40.770941],[-74.016427,40.770922],[-74.016425,40.770903]]]},"properties":{"name":"","meadow":false}},{"type":"Feature","geometry":{"type":"Polygon","coordinates":[[[-74.016161,40.771491],[-74.016132,40.771476],[-74.016109,40.771442],[-74.016114,40.771393],[-74.016125,40.771375],[-74.016219,40.771308],[-74.016288,40.771144],[-74.016317,40.771115],[-74.016346,40.771105],[-74.016385,40.771123],[-74.016351,40.771163],[-74.016188,40.771486],[-74.016161,40.771491]]]},"properties":{"name":"","meadow":false}},{"type":"Feature","geometry":{"type":"Polygon","coordinates":[[[-74.016088,40.771688],[-74.016039,40.771668],[-74.016027,40.771639],[-74.016038,40.77157],[-74.016095,40.771517],[-74.016116,40.77151],[-74.01617,40.771523],[-74.016088,40.771688]]]},"properties":{"name":"","meadow":false}},{"type":"Feature","geometry":{"type":"Polygon","coordinates":[[[-74.002736,40.760494],[-74.002794,40.760415],[-74.002813,40.760423],[-74.002755,40.760501],[-74.002736,40.760494]]]},"properties":{"name":"","meadow":false}},{"type":"Feature","geometry":{"type":"Polygon","coordinates":[[[-73.993931,40.76657],[-73.993614,40.766442],[-73.993651,40.76639],[-73.993968,40.766518],[-73.993931,40.76657]]]},"properties":{"name":"Alonso Community Garden","meadow":false}},{"type":"Feature","geometry":{"type":"Polygon","coordinates":[[[-73.988845,40.779542],[-73.988902,40.779553],[-73.988853,40.779616],[-73.988845,40.779542]]]},"properties":{"name":"","meadow":false}},{"type":"Feature","geometry":{"type":"Polygon","coordinates":[[[-73.985032,40.785855],[-73.985035,40.785864],[-73.984923,40.786037],[-73.98486,40.786018],[-73.984984,40.785837],[-73.985032,40.785855]]]},"properties":{"name":"","meadow":false}},{"type":"Feature","geometry":{"type":"Polygon","coordinates":[[[-73.98485,40.786032],[-73.984907,40.78606],[-73.984821,40.786185],[-73.984798,40.786194],[-73.984764,40.786183],[-73.984724,40.786153],[-73.98476,40.786121],[-73.984818,40.786046],[-73.984836,40.786053],[-73.98485,40.786032]]]},"properties":{"name":"","meadow":false}},{"type":"Feature","geometry":{"type":"Polygon","coordinates":[[[-73.985011,40.785797],[-73.984997,40.785792],[-73.985052,40.785674],[-73.985124,40.785682],[-73.985136,40.785695],[-73.985134,40.785735],[-73.985058,40.785837],[-73.984995,40.785821],[-73.985011,40.785797]]]},"properties":{"name":"","meadow":false}},{"type":"Feature","geometry":{"type":"Polygon","coordinates":[[[-73.985061,40.785634],[-73.985077,40.785516],[-73.985102,40.785508],[-73.985144,40.785629],[-73.985123,40.785647],[-73.985061,40.785634]]]},"properties":{"name":"","meadow":false}},{"type":"Feature","geometry":{"type":"Polygon","coordinates":[[[-73.984995,40.785559],[-73.984982,40.785434],[-73.984997,40.785342],[-73.985015,40.785298],[-73.985034,40.785278],[-73.985079,40.785266],[-73.985093,40.785274],[-73.985106,40.785346],[-73.98509,40.785418],[-73.985016,40.785553],[-73.984995,40.785559]]]},"properties":{"name":"","meadow":false}},{"type":"Feature","geometry":{"type":"Polygon","coordinates":[[[-73.985814,40.780691],[-73.985769,40.780695],[-73.98573,40.780677],[-73.985714,40.780645],[-73.985727,40.780612],[-73.985787,40.780589],[-73.98584,40.78061],[-73.985854,40.780652],[-73.985843,40.780673],[-73.985814,40.780691]]]},"properties":{"name":"","meadow":false}},{"type":"Feature","geometry":{"type":"Polygon","coordinates":[[[-73.983417,40.784433],[-73.983378,40.784447],[-73.983359,40.784431],[-73.983384,40.7844],[-73.983436,40.784382],[-73.983445,40.784398],[-73.983417,40.784433]]]},"properties":{"name":"","meadow":false}},{"type":"Feature","geometry":{"type":"Polygon","coordinates":[[[-73.985078,40.767291],[-73.985067,40.767305],[-73.984834,40.767207],[-73.984844,40.767192],[-73.984606,40.767091],[-73.984732,40.76692],[-73.985499,40.767243],[-73.985506,40.767234],[-73.985592,40.767271],[-73.98546,40.767452],[-73.985078,40.767291]]]},"properties":{"name":"","meadow":false}},{"type":"Feature","geometry":{"type":"Polygon","coordinates":[[[-73.974853,40.780368],[-73.974784,40.780371],[-73.974749,40.780347],[-73.974739,40.780311],[-73.97476,40.780279],[-73.974779,40.780268],[-73.974848,40.780266],[-73.974882,40.78029],[-73.97489,40.780307],[-73.974884,40.780342],[-73.974853,40.780368]]]},"properties":{"name":"","meadow":false}},{"type":"Feature","geometry":{"type":"Polygon","coordinates":[[[-73.975862,40.781337],[-73.975873,40.781321],[-73.975889,40.781328],[-73.975877,40.781344],[-73.975862,40.781337]]]},"properties":{"name":"","meadow":false}},{"type":"Feature","geometry":{"type":"Polygon","coordinates":[[[-73.974868,40.782705],[-73.974879,40.78269],[-73.974895,40.782696],[-73.974883,40.782712],[-73.974868,40.782705]]]},"properties":{"name":"","meadow":false}},{"type":"Feature","geometry":{"type":"Polygon","coordinates":[[[-73.975004,40.782541],[-73.974993,40.782556],[-73.974977,40.78255],[-73.974989,40.782534],[-73.975004,40.782541]]]},"properties":{"name":"","meadow":false}},{"type":"Feature","geometry":{"type":"Polygon","coordinates":[[[-73.974594,40.783103],[-73.974582,40.783119],[-73.974567,40.783112],[-73.974579,40.783096],[-73.974594,40.783103]]]},"properties":{"name":"","meadow":false}},{"type":"Feature","geometry":{"type":"Polygon","coordinates":[[[-73.973483,40.779801],[-73.973501,40.779775],[-73.97352,40.779783],[-73.973501,40.779809],[-73.973483,40.779801]]]},"properties":{"name":"","meadow":false}},{"type":"Feature","geometry":{"type":"Polygon","coordinates":[[[-73.973402,40.77991],[-73.97342,40.779885],[-73.973439,40.779893],[-73.973421,40.779918],[-73.973402,40.77991]]]},"properties":{"name":"","meadow":false}},{"type":"Feature","geometry":{"type":"Polygon","coordinates":[[[-73.973323,40.780018],[-73.973342,40.779993],[-73.97336,40.780001],[-73.973342,40.780026],[-73.973323,40.780018]]]},"properties":{"name":"","meadow":false}},{"type":"Feature","geometry":{"type":"Polygon","coordinates":[[[-73.973269,40.780091],[-73.973288,40.780066],[-73.973307,40.780074],[-73.973288,40.780099],[-73.973269,40.780091]]]},"properties":{"name":"","meadow":false}},{"type":"Feature","geometry":{"type":"Polygon","coordinates":[[[-73.973741,40.779667],[-73.973752,40.779653],[-73.973776,40.779663],[-73.973765,40.779678],[-73.973741,40.779667]]]},"properties":{"name":"","meadow":false}},{"type":"Feature","geometry":{"type":"Polygon","coordinates":[[[-73.97383,40.779705],[-73.973842,40.77969],[-73.973866,40.779701],[-73.973855,40.779716],[-73.97383,40.779705]]]},"properties":{"name":"","meadow":false}},{"type":"Feature","geometry":{"type":"Polygon","coordinates":[[[-73.973908,40.779738],[-73.97392,40.779723],[-73.973944,40.779733],[-73.973933,40.779748],[-73.973908,40.779738]]]},"properties":{"name":"","meadow":false}},{"type":"Feature","geometry":{"type":"Polygon","coordinates":[[[-73.974027,40.779787],[-73.974038,40.779772],[-73.974062,40.779783],[-73.974051,40.779798],[-73.974027,40.779787]]]},"properties":{"name":"","meadow":false}},{"type":"Feature","geometry":{"type":"Polygon","coordinates":[[[-73.974086,40.779812],[-73.974097,40.779797],[-73.974121,40.779808],[-73.97411,40.779823],[-73.974086,40.779812]]]},"properties":{"name":"","meadow":false}},{"type":"Feature","geometry":{"type":"Polygon","coordinates":[[[-73.97418,40.779852],[-73.974191,40.779837],[-73.974215,40.779848],[-73.974204,40.779862],[-73.97418,40.779852]]]},"properties":{"name":"","meadow":false}},{"type":"Feature","geometry":{"type":"Polygon","coordinates":[[[-73.974273,40.77989],[-73.974284,40.779876],[-73.974308,40.779886],[-73.974297,40.779901],[-73.974273,40.77989]]]},"properties":{"name":"","meadow":false}},{"type":"Feature","geometry":{"type":"Polygon","coordinates":[[[-73.974375,40.779933],[-73.974387,40.779918],[-73.974411,40.779929],[-73.9744,40.779944],[-73.974375,40.779933]]]},"properties":{"name":"","meadow":false}},{"type":"Feature","geometry":{"type":"Polygon","coordinates":[[[-73.974433,40.779957],[-73.974445,40.779943],[-73.974469,40.779953],[-73.974457,40.779968],[-73.974433,40.779957]]]},"properties":{"name":"","meadow":false}},{"type":"Feature","geometry":{"type":"Polygon","coordinates":[[[-73.974506,40.779988],[-73.974517,40.779973],[-73.974541,40.779983],[-73.97453,40.779998],[-73.974506,40.779988]]]},"properties":{"name":"","meadow":false}},{"type":"Feature","geometry":{"type":"Polygon","coordinates":[[[-73.974605,40.780029],[-73.974616,40.780014],[-73.974641,40.780025],[-73.974629,40.78004],[-73.974605,40.780029]]]},"properties":{"name":"","meadow":false}},{"type":"Feature","geometry":{"type":"Polygon","coordinates":[[[-73.973814,40.779767],[-73.973829,40.779747],[-73.973858,40.779759],[-73.973843,40.77978],[-73.973814,40.779767]]]},"properties":{"name":"","meadow":false}},{"type":"Feature","geometry":{"type":"Polygon","coordinates":[[[-73.973754,40.779741],[-73.973769,40.779721],[-73.973798,40.779733],[-73.973783,40.779753],[-73.973754,40.779741]]]},"properties":{"name":"","meadow":false}},{"type":"Feature","geometry":{"type":"Polygon","coordinates":[[[-73.973694,40.779715],[-73.973709,40.779695],[-73.973738,40.779707],[-73.973723,40.779727],[-73.973694,40.779715]]]},"properties":{"name":"","meadow":false}},{"type":"Feature","geometry":{"type":"Polygon","coordinates":[[[-73.973931,40.779817],[-73.973946,40.779797],[-73.973975,40.779809],[-73.97396,40.77983],[-73.973931,40.779817]]]},"properties":{"name":"","meadow":false}},{"type":"Feature","geometry":{"type":"Polygon","coordinates":[[[-73.973873,40.779792],[-73.973888,40.779772],[-73.973917,40.779784],[-73.973902,40.779804],[-73.973873,40.779792]]]},"properties":{"name":"","meadow":false}},{"type":"Feature","geometry":{"type":"Polygon","coordinates":[[[-73.974219,40.779939],[-73.974234,40.779918],[-73.974263,40.779931],[-73.974247,40.779951],[-73.974219,40.779939]]]},"properties":{"name":"","meadow":false}},{"type":"Feature","geometry":{"type":"Polygon","coordinates":[[[-73.974138,40.779904],[-73.974153,40.779883],[-73.974182,40.779896],[-73.974167,40.779916],[-73.974138,40.779904]]]},"properties":{"name":"","meadow":false}},{"type":"Feature","geometry":{"type":"Polygon","coordinates":[[[-73.974335,40.779988],[-73.974351,40.779968],[-73.97438,40.77998],[-73.974364,40.78],[-73.974335,40.779988]]]},"properties":{"name":"","meadow":false}},{"type":"Feature","geometry":{"type":"Polygon","coordinates":[[[-73.974276,40.779963],[-73.974292,40.779942],[-73.974321,40.779955],[-73.974305,40.779975],[-73.974276,40.779963]]]},"properties":{"name":"","meadow":false}},{"type":"Feature","geometry":{"type":"Polygon","coordinates":[[[-73.974066,40.779873],[-73.974081,40.779853],[-73.97411,40.779865],[-73.974095,40.779886],[-73.974066,40.779873]]]},"properties":{"name":"","meadow":false}},{"type":"Feature","geometry":{"type":"Polygon","coordinates":[[[-73.974,40.779846],[-73.974016,40.779826],[-73.974044,40.779838],[-73.974029,40.779858],[-73.974,40.779846]]]},"properties":{"name":"","meadow":false}},{"type":"Feature","geometry":{"type":"Polygon","coordinates":[[[-73.974593,40.780448],[-73.974553,40.78042],[-73.97454,40.780379],[-73.974549,40.780305],[-73.974562,40.780274],[-73.974663,40.780133],[-73.974782,40.780182],[-73.974754,40.78022],[-73.974723,40.780215],[-73.974693,40.780224],[-73.974634,40.78026],[-73.974609,40.780289],[-73.974587,40.780323],[-73.974589,40.780342],[-73.974563,40.780391],[-73.974565,40.780419],[-73.974593,40.780448]]]},"properties":{"name":"","meadow":false}},{"type":"Feature","geometry":{"type":"Polygon","coordinates":[[[-73.974803,40.780533],[-73.974873,40.78052],[-73.974914,40.780477],[-73.974944,40.780468],[-73.974969,40.780436],[-73.974987,40.780404],[-73.974994,40.780346],[-73.974987,40.780323],[-73.974964,40.780306],[-73.974991,40.780268],[-73.97511,40.780317],[-73.975011,40.780457],[-73.974985,40.780482],[-73.974908,40.780529],[-73.974857,40.780541],[-73.974803,40.780533]]]},"properties":{"name":"","meadow":false}},{"type":"Feature","geometry":{"type":"Polygon","coordinates":[[[-73.975177,40.780342],[-73.975192,40.780322],[-73.975221,40.780334],[-73.975206,40.780355],[-73.975177,40.780342]]]},"properties":{"name":"","meadow":false}},{"type":"Feature","geometry":{"type":"Polygon","coordinates":[[[-73.975238,40.780366],[-73.975253,40.780346],[-73.975282,40.780358],[-73.975267,40.780379],[-73.975238,40.780366]]]},"properties":{"name":"","meadow":false}},{"type":"Feature","geometry":{"type":"Polygon","coordinates":[[[-73.975294,40.780392],[-73.975309,40.780371],[-73.975338,40.780384],[-73.975323,40.780404],[-73.975294,40.780392]]]},"properties":{"name":"","meadow":false}},{"type":"Feature","geometry":{"type":"Polygon","coordinates":[[[-73.975351,40.780416],[-73.975366,40.780396],[-73.975395,40.780408],[-73.97538,40.780428],[-73.975351,40.780416]]]},"properties":{"name":"","meadow":false}},{"type":"Feature","geometry":{"type":"Polygon","coordinates":[[[-73.975411,40.780443],[-73.975426,40.780423],[-73.975455,40.780435],[-73.97544,40.780456],[-73.975411,40.780443]]]},"properties":{"name":"","meadow":false}},{"type":"Feature","geometry":{"type":"Polygon","coordinates":[[[-73.975471,40.780467],[-73.975486,40.780446],[-73.975515,40.780459],[-73.975499,40.780479],[-73.975471,40.780467]]]},"properties":{"name":"","meadow":false}},{"type":"Feature","geometry":{"type":"Polygon","coordinates":[[[-73.975532,40.780492],[-73.975547,40.780472],[-73.975576,40.780484],[-73.975561,40.780504],[-73.975532,40.780492]]]},"properties":{"name":"","meadow":false}},{"type":"Feature","geometry":{"type":"Polygon","coordinates":[[[-73.975645,40.780539],[-73.975661,40.780519],[-73.975689,40.780531],[-73.975674,40.780552],[-73.975645,40.780539]]]},"properties":{"name":"","meadow":false}},{"type":"Feature","geometry":{"type":"Polygon","coordinates":[[[-73.975702,40.780563],[-73.975717,40.780542],[-73.975746,40.780555],[-73.975731,40.780575],[-73.975702,40.780563]]]},"properties":{"name":"","meadow":false}},{"type":"Feature","geometry":{"type":"Polygon","coordinates":[[[-73.975764,40.780588],[-73.97578,40.780568],[-73.975809,40.78058],[-73.975793,40.780601],[-73.975764,40.780588]]]},"properties":{"name":"","meadow":false}},{"type":"Feature","geometry":{"type":"Polygon","coordinates":[[[-73.975813,40.780609],[-73.975828,40.780588],[-73.975857,40.780601],[-73.975842,40.780621],[-73.975813,40.780609]]]},"properties":{"name":"","meadow":false}},{"type":"Feature","geometry":{"type":"Polygon","coordinates":[[[-73.975903,40.780647],[-73.975919,40.780627],[-73.975947,40.780639],[-73.975932,40.78066],[-73.975903,40.780647]]]},"properties":{"name":"","meadow":false}},{"type":"Feature","geometry":{"type":"Polygon","coordinates":[[[-73.975954,40.780669],[-73.975969,40.780648],[-73.975998,40.780661],[-73.975983,40.780681],[-73.975954,40.780669]]]},"properties":{"name":"","meadow":false}},{"type":"Feature","geometry":{"type":"Polygon","coordinates":[[[-73.976012,40.780694],[-73.976028,40.780673],[-73.976056,40.780686],[-73.976041,40.780706],[-73.976012,40.780694]]]},"properties":{"name":"","meadow":false}},{"type":"Feature","geometry":{"type":"Polygon","coordinates":[[[-73.974758,40.780094],[-73.974769,40.780079],[-73.974793,40.780089],[-73.974782,40.780104],[-73.974758,40.780094]]]},"properties":{"name":"","meadow":false}},{"type":"Feature","geometry":{"type":"Polygon","coordinates":[[[-73.975073,40.780227],[-73.975084,40.780213],[-73.975109,40.780223],[-73.975098,40.780238],[-73.975073,40.780227]]]},"properties":{"name":"","meadow":false}},{"type":"Feature","geometry":{"type":"Polygon","coordinates":[[[-73.975221,40.780288],[-73.975232,40.780273],[-73.975256,40.780284],[-73.975245,40.780299],[-73.975221,40.780288]]]},"properties":{"name":"","meadow":false}},{"type":"Feature","geometry":{"type":"Polygon","coordinates":[[[-73.975336,40.780337],[-73.975348,40.780322],[-73.975372,40.780332],[-73.975361,40.780347],[-73.975336,40.780337]]]},"properties":{"name":"","meadow":false}},{"type":"Feature","geometry":{"type":"Polygon","coordinates":[[[-73.975452,40.780385],[-73.975463,40.78037],[-73.975488,40.780381],[-73.975477,40.780395],[-73.975452,40.780385]]]},"properties":{"name":"","meadow":false}},{"type":"Feature","geometry":{"type":"Polygon","coordinates":[[[-73.975574,40.780436],[-73.975585,40.780422],[-73.975609,40.780432],[-73.975598,40.780447],[-73.975574,40.780436]]]},"properties":{"name":"","meadow":false}},{"type":"Feature","geometry":{"type":"Polygon","coordinates":[[[-73.975688,40.780484],[-73.975699,40.780469],[-73.975723,40.780479],[-73.975712,40.780494],[-73.975688,40.780484]]]},"properties":{"name":"","meadow":false}},{"type":"Feature","geometry":{"type":"Polygon","coordinates":[[[-73.975808,40.780534],[-73.975819,40.780519],[-73.975843,40.78053],[-73.975832,40.780545],[-73.975808,40.780534]]]},"properties":{"name":"","meadow":false}},{"type":"Feature","geometry":{"type":"Polygon","coordinates":[[[-73.9759,40.780573],[-73.975911,40.780558],[-73.975936,40.780569],[-73.975925,40.780583],[-73.9759,40.780573]]]},"properties":{"name":"","meadow":false}},{"type":"Feature","geometry":{"type":"Polygon","coordinates":[[[-73.975996,40.780614],[-73.976007,40.780599],[-73.976032,40.780609],[-73.976021,40.780624],[-73.975996,40.780614]]]},"properties":{"name":"","meadow":false}},{"type":"Feature","geometry":{"type":"Polygon","coordinates":[[[-73.976108,40.78066],[-73.976119,40.780645],[-73.976144,40.780656],[-73.976133,40.78067],[-73.976108,40.78066]]]},"properties":{"name":"","meadow":false}},{"type":"Feature","geometry":{"type":"Polygon","coordinates":[[[-73.975329,40.782065],[-73.97534,40.782049],[-73.975356,40.782056],[-73.975345,40.782072],[-73.975329,40.782065]]]},"properties":{"name":"","meadow":false}},{"type":"Feature","geometry":{"type":"Polygon","coordinates":[[[-73.975544,40.781801],[-73.975532,40.781817],[-73.975517,40.78181],[-73.975528,40.781794],[-73.975544,40.781801]]]},"properties":{"name":"","meadow":false}},{"type":"Feature","geometry":{"type":"Polygon","coordinates":[[[-73.976158,40.780825],[-73.976177,40.780833],[-73.976164,40.780851],[-73.976144,40.780843],[-73.976158,40.780825]]]},"properties":{"name":"","meadow":false}},{"type":"Feature","geometry":{"type":"Polygon","coordinates":[[[-73.976091,40.780917],[-73.976111,40.780925],[-73.976097,40.780944],[-73.976078,40.780935],[-73.976091,40.780917]]]},"properties":{"name":"","meadow":false}},{"type":"Feature","geometry":{"type":"Polygon","coordinates":[[[-73.976087,40.780794],[-73.976114,40.780806],[-73.976097,40.780827],[-73.97607,40.780816],[-73.976087,40.780794]]]},"properties":{"name":"","meadow":false}},{"type":"Feature","geometry":{"type":"Polygon","coordinates":[[[-73.976001,40.780904],[-73.976016,40.780884],[-73.976045,40.780896],[-73.97603,40.780917],[-73.976001,40.780904]]]},"properties":{"name":"","meadow":false}},{"type":"Feature","geometry":{"type":"Polygon","coordinates":[[[-73.976036,40.780858],[-73.976051,40.780837],[-73.97608,40.78085],[-73.976065,40.78087],[-73.976036,40.780858]]]},"properties":{"name":"","meadow":false}},{"type":"Feature","geometry":{"type":"Polygon","coordinates":[[[-73.975842,40.781008],[-73.975838,40.78098],[-73.975955,40.780959],[-73.975905,40.781025],[-73.975842,40.781008]]]},"properties":{"name":"","meadow":false}},{"type":"Feature","geometry":{"type":"Polygon","coordinates":[[[-73.975909,40.781025],[-73.975924,40.781005],[-73.975953,40.781018],[-73.975938,40.781038],[-73.975909,40.781025]]]},"properties":{"name":"","meadow":false}},{"type":"Feature","geometry":{"type":"Polygon","coordinates":[[[-73.975863,40.781095],[-73.97589,40.781106],[-73.975875,40.781128],[-73.975848,40.781118],[-73.975863,40.781095]]]},"properties":{"name":"","meadow":false}},{"type":"Feature","geometry":{"type":"Polygon","coordinates":[[[-73.975832,40.781139],[-73.97586,40.78115],[-73.975844,40.781172],[-73.975817,40.781161],[-73.975832,40.781139]]]},"properties":{"name":"","meadow":false}},{"type":"Feature","geometry":{"type":"Polygon","coordinates":[[[-73.975804,40.781178],[-73.975832,40.781189],[-73.975816,40.781211],[-73.975789,40.7812],[-73.975804,40.781178]]]},"properties":{"name":"","meadow":false}},{"type":"Feature","geometry":{"type":"Polygon","coordinates":[[[-73.975763,40.781241],[-73.975791,40.781251],[-73.975776,40.781274],[-73.975748,40.781263],[-73.975763,40.781241]]]},"properties":{"name":"","meadow":false}},{"type":"Feature","geometry":{"type":"Polygon","coordinates":[[[-73.975726,40.781292],[-73.975753,40.781303],[-73.975739,40.781325],[-73.975711,40.781315],[-73.975726,40.781292]]]},"properties":{"name":"","meadow":false}},{"type":"Feature","geometry":{"type":"Polygon","coordinates":[[[-73.975876,40.78121],[-73.975895,40.781218],[-73.975882,40.781236],[-73.975862,40.781228],[-73.975876,40.78121]]]},"properties":{"name":"","meadow":false}},{"type":"Feature","geometry":{"type":"Polygon","coordinates":[[[-73.975815,40.781293],[-73.975834,40.781301],[-73.975821,40.78132],[-73.975801,40.781312],[-73.975815,40.781293]]]},"properties":{"name":"","meadow":false}},{"type":"Feature","geometry":{"type":"Polygon","coordinates":[[[-73.975758,40.78137],[-73.975778,40.781378],[-73.975764,40.781397],[-73.975745,40.781388],[-73.975758,40.78137]]]},"properties":{"name":"","meadow":false}},{"type":"Feature","geometry":{"type":"Polygon","coordinates":[[[-73.975694,40.781457],[-73.975714,40.781465],[-73.9757,40.781484],[-73.97568,40.781475],[-73.975694,40.781457]]]},"properties":{"name":"","meadow":false}},{"type":"Feature","geometry":{"type":"Polygon","coordinates":[[[-73.975633,40.781541],[-73.975653,40.78155],[-73.975639,40.781568],[-73.97562,40.78156],[-73.975633,40.781541]]]},"properties":{"name":"","meadow":false}},{"type":"Feature","geometry":{"type":"Polygon","coordinates":[[[-73.975628,40.781428],[-73.975648,40.781436],[-73.975634,40.781455],[-73.975615,40.781446],[-73.975628,40.781428]]]},"properties":{"name":"","meadow":false}},{"type":"Feature","geometry":{"type":"Polygon","coordinates":[[[-73.975658,40.781385],[-73.975677,40.781394],[-73.975664,40.781412],[-73.975644,40.781404],[-73.975658,40.781385]]]},"properties":{"name":"","meadow":false}},{"type":"Feature","geometry":{"type":"Polygon","coordinates":[[[-73.975598,40.781468],[-73.975617,40.781476],[-73.975604,40.781494],[-73.975584,40.781486],[-73.975598,40.781468]]]},"properties":{"name":"","meadow":false}},{"type":"Feature","geometry":{"type":"Polygon","coordinates":[[[-73.975567,40.781512],[-73.975586,40.78152],[-73.975573,40.781539],[-73.975553,40.781531],[-73.975567,40.781512]]]},"properties":{"name":"","meadow":false}},{"type":"Feature","geometry":{"type":"Polygon","coordinates":[[[-73.97554,40.781549],[-73.97556,40.781557],[-73.975547,40.781576],[-73.975527,40.781567],[-73.97554,40.781549]]]},"properties":{"name":"","meadow":false}},{"type":"Feature","geometry":{"type":"Polygon","coordinates":[[[-73.975505,40.781594],[-73.975525,40.781602],[-73.975511,40.781621],[-73.975491,40.781612],[-73.975505,40.781594]]]},"properties":{"name":"","meadow":false}},{"type":"Feature","geometry":{"type":"Polygon","coordinates":[[[-73.975475,40.781637],[-73.975494,40.781645],[-73.975481,40.781663],[-73.975461,40.781655],[-73.975475,40.781637]]]},"properties":{"name":"","meadow":false}},{"type":"Feature","geometry":{"type":"Polygon","coordinates":[[[-73.975573,40.781624],[-73.975593,40.781632],[-73.975579,40.78165],[-73.97556,40.781642],[-73.975573,40.781624]]]},"properties":{"name":"","meadow":false}},{"type":"Feature","geometry":{"type":"Polygon","coordinates":[[[-73.975467,40.781769],[-73.975487,40.781777],[-73.975474,40.781795],[-73.975454,40.781787],[-73.975467,40.781769]]]},"properties":{"name":"","meadow":false}},{"type":"Feature","geometry":{"type":"Polygon","coordinates":[[[-73.975516,40.781704],[-73.975536,40.781712],[-73.975522,40.78173],[-73.975503,40.781722],[-73.975516,40.781704]]]},"properties":{"name":"","meadow":false}},{"type":"Feature","geometry":{"type":"Polygon","coordinates":[[[-73.975716,40.781147],[-73.975775,40.781099],[-73.975793,40.781092],[-73.975802,40.781112],[-73.97583,40.781104],[-73.975821,40.781085],[-73.975862,40.781089],[-73.975452,40.781663],[-73.975349,40.781621],[-73.975716,40.781147]]]},"properties":{"name":"","meadow":false}},{"type":"Feature","geometry":{"type":"Polygon","coordinates":[[[-73.974491,40.782743],[-73.974436,40.782802],[-73.97439,40.782806],[-73.974344,40.782783],[-73.974307,40.782731],[-73.974416,40.782771],[-73.974442,40.782767],[-73.974464,40.782746],[-73.974491,40.782743]]]},"properties":{"name":"","meadow":false}},{"type":"Feature","geometry":{"type":"Polygon","coordinates":[[[-73.975401,40.781863],[-73.975421,40.781871],[-73.975407,40.781889],[-73.975388,40.781881],[-73.975401,40.781863]]]},"properties":{"name":"","meadow":false}},{"type":"Feature","geometry":{"type":"Polygon","coordinates":[[[-73.975272,40.782038],[-73.975291,40.782046],[-73.975278,40.782064],[-73.975258,40.782056],[-73.975272,40.782038]]]},"properties":{"name":"","meadow":false}},{"type":"Feature","geometry":{"type":"Polygon","coordinates":[[[-73.975213,40.78212],[-73.975233,40.782128],[-73.975219,40.782146],[-73.9752,40.782138],[-73.975213,40.78212]]]},"properties":{"name":"","meadow":false}},{"type":"Feature","geometry":{"type":"Polygon","coordinates":[[[-73.975166,40.782185],[-73.975185,40.782194],[-73.975172,40.782212],[-73.975152,40.782204],[-73.975166,40.782185]]]},"properties":{"name":"","meadow":false}},{"type":"Feature","geometry":{"type":"Polygon","coordinates":[[[-73.975114,40.782256],[-73.975133,40.782265],[-73.97512,40.782283],[-73.9751,40.782275],[-73.975114,40.782256]]]},"properties":{"name":"","meadow":false}},{"type":"Feature","geometry":{"type":"Polygon","coordinates":[[[-73.975046,40.782349],[-73.975065,40.782358],[-73.975052,40.782376],[-73.975032,40.782368],[-73.975046,40.782349]]]},"properties":{"name":"","meadow":false}},{"type":"Feature","geometry":{"type":"Polygon","coordinates":[[[-73.974997,40.782416],[-73.975017,40.782424],[-73.975003,40.782442],[-73.974984,40.782434],[-73.974997,40.782416]]]},"properties":{"name":"","meadow":false}},{"type":"Feature","geometry":{"type":"Polygon","coordinates":[[[-73.974929,40.782509],[-73.974948,40.782517],[-73.974935,40.782536],[-73.974915,40.782528],[-73.974929,40.782509]]]},"properties":{"name":"","meadow":false}},{"type":"Feature","geometry":{"type":"Polygon","coordinates":[[[-73.974769,40.782728],[-73.974789,40.782736],[-73.974775,40.782754],[-73.974756,40.782746],[-73.974769,40.782728]]]},"properties":{"name":"","meadow":false}},{"type":"Feature","geometry":{"type":"Polygon","coordinates":[[[-73.974733,40.782777],[-73.974753,40.782785],[-73.974739,40.782803],[-73.97472,40.782795],[-73.974733,40.782777]]]},"properties":{"name":"","meadow":false}},{"type":"Feature","geometry":{"type":"Polygon","coordinates":[[[-73.974687,40.782837],[-73.974707,40.782845],[-73.974693,40.782863],[-73.974674,40.782855],[-73.974687,40.782837]]]},"properties":{"name":"","meadow":false}},{"type":"Feature","geometry":{"type":"Polygon","coordinates":[[[-73.974628,40.782919],[-73.974647,40.782927],[-73.974634,40.782945],[-73.974614,40.782937],[-73.974628,40.782919]]]},"properties":{"name":"","meadow":false}},{"type":"Feature","geometry":{"type":"Polygon","coordinates":[[[-73.975442,40.781682],[-73.975462,40.78169],[-73.975449,40.781709],[-73.975429,40.7817],[-73.975442,40.781682]]]},"properties":{"name":"","meadow":false}},{"type":"Feature","geometry":{"type":"Polygon","coordinates":[[[-73.975404,40.781734],[-73.975424,40.781742],[-73.97541,40.781761],[-73.97539,40.781753],[-73.975404,40.781734]]]},"properties":{"name":"","meadow":false}},{"type":"Feature","geometry":{"type":"Polygon","coordinates":[[[-73.975289,40.781892],[-73.975309,40.7819],[-73.975296,40.781918],[-73.975276,40.78191],[-73.975289,40.781892]]]},"properties":{"name":"","meadow":false}},{"type":"Feature","geometry":{"type":"Polygon","coordinates":[[[-73.975195,40.782016],[-73.975215,40.782024],[-73.975201,40.782042],[-73.975182,40.782034],[-73.975195,40.782016]]]},"properties":{"name":"","meadow":false}},{"type":"Feature","geometry":{"type":"Polygon","coordinates":[[[-73.975162,40.782057],[-73.975182,40.782065],[-73.975168,40.782084],[-73.975149,40.782075],[-73.975162,40.782057]]]},"properties":{"name":"","meadow":false}},{"type":"Feature","geometry":{"type":"Polygon","coordinates":[[[-73.975132,40.782098],[-73.975152,40.782107],[-73.975138,40.782125],[-73.975119,40.782117],[-73.975132,40.782098]]]},"properties":{"name":"","meadow":false}},{"type":"Feature","geometry":{"type":"Polygon","coordinates":[[[-73.975104,40.782138],[-73.975123,40.782147],[-73.97511,40.782165],[-73.97509,40.782157],[-73.975104,40.782138]]]},"properties":{"name":"","meadow":false}},{"type":"Feature","geometry":{"type":"Polygon","coordinates":[[[-73.975074,40.782177],[-73.975094,40.782185],[-73.97508,40.782204],[-73.975061,40.782196],[-73.975074,40.782177]]]},"properties":{"name":"","meadow":false}},{"type":"Feature","geometry":{"type":"Polygon","coordinates":[[[-73.975014,40.782262],[-73.975034,40.78227],[-73.97502,40.782288],[-73.975001,40.78228],[-73.975014,40.782262]]]},"properties":{"name":"","meadow":false}},{"type":"Feature","geometry":{"type":"Polygon","coordinates":[[[-73.975045,40.782218],[-73.975065,40.782227],[-73.975051,40.782245],[-73.975032,40.782237],[-73.975045,40.782218]]]},"properties":{"name":"","meadow":false}},{"type":"Feature","geometry":{"type":"Polygon","coordinates":[[[-73.974955,40.782344],[-73.974975,40.782352],[-73.974961,40.782371],[-73.974942,40.782362],[-73.974955,40.782344]]]},"properties":{"name":"","meadow":false}},{"type":"Feature","geometry":{"type":"Polygon","coordinates":[[[-73.974984,40.782304],[-73.975003,40.782313],[-73.97499,40.782331],[-73.97497,40.782323],[-73.974984,40.782304]]]},"properties":{"name":"","meadow":false}},{"type":"Feature","geometry":{"type":"Polygon","coordinates":[[[-73.974923,40.782388],[-73.974943,40.782396],[-73.974929,40.782415],[-73.974909,40.782406],[-73.974923,40.782388]]]},"properties":{"name":"","meadow":false}},{"type":"Feature","geometry":{"type":"Polygon","coordinates":[[[-73.974893,40.782429],[-73.974913,40.782438],[-73.974899,40.782456],[-73.97488,40.782448],[-73.974893,40.782429]]]},"properties":{"name":"","meadow":false}},{"type":"Feature","geometry":{"type":"Polygon","coordinates":[[[-73.974858,40.782477],[-73.974878,40.782485],[-73.974864,40.782503],[-73.974844,40.782495],[-73.974858,40.782477]]]},"properties":{"name":"","meadow":false}},{"type":"Feature","geometry":{"type":"Polygon","coordinates":[[[-73.97483,40.782517],[-73.97485,40.782525],[-73.974836,40.782543],[-73.974817,40.782535],[-73.97483,40.782517]]]},"properties":{"name":"","meadow":false}},{"type":"Feature","geometry":{"type":"Polygon","coordinates":[[[-73.974758,40.782614],[-73.974778,40.782623],[-73.974764,40.782641],[-73.974745,40.782633],[-73.974758,40.782614]]]},"properties":{"name":"","meadow":false}},{"type":"Feature","geometry":{"type":"Polygon","coordinates":[[[-73.974794,40.782566],[-73.974813,40.782575],[-73.9748,40.782593],[-73.97478,40.782585],[-73.974794,40.782566]]]},"properties":{"name":"","meadow":false}},{"type":"Feature","geometry":{"type":"Polygon","coordinates":[[[-73.974729,40.782655],[-73.974748,40.782663],[-73.974735,40.782682],[-73.974715,40.782674],[-73.974729,40.782655]]]},"properties":{"name":"","meadow":false}},{"type":"Feature","geometry":{"type":"Polygon","coordinates":[[[-73.974696,40.782696],[-73.974716,40.782704],[-73.974703,40.782723],[-73.974683,40.782714],[-73.974696,40.782696]]]},"properties":{"name":"","meadow":false}},{"type":"Feature","geometry":{"type":"Polygon","coordinates":[[[-73.974662,40.782745],[-73.974682,40.782753],[-73.974668,40.782772],[-73.974648,40.782764],[-73.974662,40.782745]]]},"properties":{"name":"","meadow":false}},{"type":"Feature","geometry":{"type":"Polygon","coordinates":[[[-73.974629,40.782791],[-73.974649,40.7828],[-73.974635,40.782818],[-73.974616,40.78281],[-73.974629,40.782791]]]},"properties":{"name":"","meadow":false}},{"type":"Feature","geometry":{"type":"Polygon","coordinates":[[[-73.9746,40.782832],[-73.97462,40.78284],[-73.974606,40.782858],[-73.974587,40.78285],[-73.9746,40.782832]]]},"properties":{"name":"","meadow":false}},{"type":"Feature","geometry":{"type":"Polygon","coordinates":[[[-73.97454,40.782912],[-73.97456,40.782921],[-73.974546,40.782939],[-73.974527,40.782931],[-73.97454,40.782912]]]},"properties":{"name":"","meadow":false}},{"type":"Feature","geometry":{"type":"Polygon","coordinates":[[[-73.974506,40.782954],[-73.97447,40.78296],[-73.974457,40.78288],[-73.974531,40.782768],[-73.974544,40.782772],[-73.974564,40.782695],[-73.97461,40.78272],[-73.974671,40.782727],[-73.974506,40.782954]]]},"properties":{"name":"","meadow":false}},{"type":"Feature","geometry":{"type":"Polygon","coordinates":[[[-73.974305,40.782152],[-73.974327,40.782121],[-73.974392,40.782147],[-73.97437,40.782179],[-73.974305,40.782152]]]},"properties":{"name":"","meadow":false}},{"type":"Feature","geometry":{"type":"Polygon","coordinates":[[[-73.974454,40.782274],[-73.974404,40.782286],[-73.974332,40.782273],[-73.9743,40.782284],[-73.974275,40.782305],[-73.974253,40.782372],[-73.974183,40.782405],[-73.974125,40.782407],[-73.974014,40.782373],[-73.974086,40.782294],[-73.974179,40.782332],[-73.97425,40.782241],[-73.974161,40.782205],[-73.974191,40.782168],[-73.974454,40.782274]]]},"properties":{"name":"","meadow":false}},{"type":"Feature","geometry":{"type":"Polygon","coordinates":[[[-73.974306,40.78281],[-73.974392,40.782904],[-73.974412,40.782969],[-73.974377,40.782976],[-73.974115,40.782864],[-73.974152,40.782855],[-73.974207,40.782859],[-73.974261,40.782876],[-73.974283,40.782871],[-73.974297,40.782858],[-73.974306,40.78281]]]},"properties":{"name":"","meadow":false}},{"type":"Feature","geometry":{"type":"Polygon","coordinates":[[[-73.973994,40.782371],[-73.973806,40.782282],[-73.973743,40.782262],[-73.973674,40.782244],[-73.973547,40.78223],[-73.973561,40.782178],[-73.973755,40.782214],[-73.973865,40.782245],[-73.974037,40.782313],[-73.973994,40.782371]]]},"properties":{"name":"","meadow":false}},{"type":"Feature","geometry":{"type":"Polygon","coordinates":[[[-73.974121,40.782896],[-73.974137,40.782876],[-73.974165,40.782888],[-73.97415,40.782909],[-73.974121,40.782896]]]},"properties":{"name":"","meadow":false}},{"type":"Feature","geometry":{"type":"Polygon","coordinates":[[[-73.974031,40.782859],[-73.974047,40.782839],[-73.974075,40.782851],[-73.97406,40.782872],[-73.974031,40.782859]]]},"properties":{"name":"","meadow":false}},{"type":"Feature","geometry":{"type":"Polygon","coordinates":[[[-73.973967,40.782832],[-73.973982,40.782812],[-73.974011,40.782824],[-73.973996,40.782844],[-73.973967,40.782832]]]},"properties":{"name":"","meadow":false}},{"type":"Feature","geometry":{"type":"Polygon","coordinates":[[[-73.973911,40.782808],[-73.973926,40.782787],[-73.973955,40.7828],[-73.97394,40.78282],[-73.973911,40.782808]]]},"properties":{"name":"","meadow":false}},{"type":"Feature","geometry":{"type":"Polygon","coordinates":[[[-73.973856,40.782785],[-73.973872,40.782765],[-73.973901,40.782777],[-73.973885,40.782798],[-73.973856,40.782785]]]},"properties":{"name":"","meadow":false}},{"type":"Feature","geometry":{"type":"Polygon","coordinates":[[[-73.973798,40.782759],[-73.973813,40.782739],[-73.973842,40.782751],[-73.973826,40.782772],[-73.973798,40.782759]]]},"properties":{"name":"","meadow":false}},{"type":"Feature","geometry":{"type":"Polygon","coordinates":[[[-73.973728,40.78273],[-73.973744,40.78271],[-73.973772,40.782722],[-73.973757,40.782743],[-73.973728,40.78273]]]},"properties":{"name":"","meadow":false}},{"type":"Feature","geometry":{"type":"Polygon","coordinates":[[[-73.973664,40.782703],[-73.973679,40.782683],[-73.973708,40.782695],[-73.973693,40.782716],[-73.973664,40.782703]]]},"properties":{"name":"","meadow":false}},{"type":"Feature","geometry":{"type":"Polygon","coordinates":[[[-73.973608,40.782679],[-73.973623,40.782659],[-73.973652,40.782671],[-73.973636,40.782692],[-73.973608,40.782679]]]},"properties":{"name":"","meadow":false}},{"type":"Feature","geometry":{"type":"Polygon","coordinates":[[[-73.973555,40.782657],[-73.973571,40.782637],[-73.9736,40.782649],[-73.973584,40.78267],[-73.973555,40.782657]]]},"properties":{"name":"","meadow":false}},{"type":"Feature","geometry":{"type":"Polygon","coordinates":[[[-73.973503,40.782634],[-73.973519,40.782614],[-73.973547,40.782626],[-73.973532,40.782646],[-73.973503,40.782634]]]},"properties":{"name":"","meadow":false}},{"type":"Feature","geometry":{"type":"Polygon","coordinates":[[[-73.973451,40.782611],[-73.973466,40.782591],[-73.973495,40.782603],[-73.97348,40.782623],[-73.973451,40.782611]]]},"properties":{"name":"","meadow":false}},{"type":"Feature","geometry":{"type":"Polygon","coordinates":[[[-73.973392,40.782588],[-73.973407,40.782568],[-73.973436,40.78258],[-73.973421,40.782601],[-73.973392,40.782588]]]},"properties":{"name":"","meadow":false}},{"type":"Feature","geometry":{"type":"Polygon","coordinates":[[[-73.973335,40.782563],[-73.97335,40.782543],[-73.973379,40.782555],[-73.973364,40.782575],[-73.973335,40.782563]]]},"properties":{"name":"","meadow":false}},{"type":"Feature","geometry":{"type":"Polygon","coordinates":[[[-73.97328,40.78254],[-73.973296,40.78252],[-73.973325,40.782532],[-73.973309,40.782553],[-73.97328,40.78254]]]},"properties":{"name":"","meadow":false}},{"type":"Feature","geometry":{"type":"Polygon","coordinates":[[[-73.97325,40.782595],[-73.973261,40.782581],[-73.973285,40.782591],[-73.973274,40.782606],[-73.97325,40.782595]]]},"properties":{"name":"","meadow":false}},{"type":"Feature","geometry":{"type":"Polygon","coordinates":[[[-73.97336,40.782642],[-73.973371,40.782627],[-73.973395,40.782638],[-73.973384,40.782653],[-73.97336,40.782642]]]},"properties":{"name":"","meadow":false}},{"type":"Feature","geometry":{"type":"Polygon","coordinates":[[[-73.973473,40.782691],[-73.973484,40.782676],[-73.973508,40.782686],[-73.973497,40.782701],[-73.973473,40.782691]]]},"properties":{"name":"","meadow":false}},{"type":"Feature","geometry":{"type":"Polygon","coordinates":[[[-73.973582,40.782736],[-73.973593,40.782721],[-73.973618,40.782731],[-73.973607,40.782746],[-73.973582,40.782736]]]},"properties":{"name":"","meadow":false}},{"type":"Feature","geometry":{"type":"Polygon","coordinates":[[[-73.973684,40.782779],[-73.973695,40.782764],[-73.973719,40.782775],[-73.973708,40.78279],[-73.973684,40.782779]]]},"properties":{"name":"","meadow":false}},{"type":"Feature","geometry":{"type":"Polygon","coordinates":[[[-73.973815,40.782835],[-73.973826,40.782821],[-73.97385,40.782831],[-73.973839,40.782846],[-73.973815,40.782835]]]},"properties":{"name":"","meadow":false}},{"type":"Feature","geometry":{"type":"Polygon","coordinates":[[[-73.9739,40.782871],[-73.973911,40.782856],[-73.973935,40.782866],[-73.973924,40.782881],[-73.9739,40.782871]]]},"properties":{"name":"","meadow":false}},{"type":"Feature","geometry":{"type":"Polygon","coordinates":[[[-73.974013,40.782916],[-73.974024,40.782901],[-73.974049,40.782912],[-73.974038,40.782927],[-73.974013,40.782916]]]},"properties":{"name":"","meadow":false}},{"type":"Feature","geometry":{"type":"Polygon","coordinates":[[[-73.973415,40.781895],[-73.973345,40.781971],[-73.973254,40.781983],[-73.973213,40.781952],[-73.973106,40.781901],[-73.973167,40.781817],[-73.973305,40.781876],[-73.973319,40.781857],[-73.973415,40.781895]]]},"properties":{"name":"","meadow":false}},{"type":"Feature","geometry":{"type":"Polygon","coordinates":[[[-73.973266,40.782503],[-73.973357,40.782369],[-73.973367,40.782373],[-73.973406,40.782267],[-73.973539,40.782267],[-73.973617,40.782277],[-73.973793,40.782326],[-73.973481,40.782312],[-73.973463,40.782324],[-73.973445,40.78236],[-73.973389,40.782417],[-73.973389,40.782437],[-73.973456,40.782549],[-73.973453,40.782582],[-73.973266,40.782503]]]},"properties":{"name":"","meadow":false}},{"type":"Feature","geometry":{"type":"Polygon","coordinates":[[[-73.973061,40.782517],[-73.973072,40.782502],[-73.973096,40.782513],[-73.973085,40.782528],[-73.973061,40.782517]]]},"properties":{"name":"","meadow":false}},{"type":"Feature","geometry":{"type":"Polygon","coordinates":[[[-73.972926,40.78246],[-73.972937,40.782445],[-73.972962,40.782455],[-73.972951,40.78247],[-73.972926,40.78246]]]},"properties":{"name":"","meadow":false}},{"type":"Feature","geometry":{"type":"Polygon","coordinates":[[[-73.972793,40.782406],[-73.972804,40.782391],[-73.972829,40.782401],[-73.972818,40.782416],[-73.972793,40.782406]]]},"properties":{"name":"","meadow":false}},{"type":"Feature","geometry":{"type":"Polygon","coordinates":[[[-73.972685,40.782358],[-73.972696,40.782343],[-73.97272,40.782353],[-73.972709,40.782368],[-73.972685,40.782358]]]},"properties":{"name":"","meadow":false}},{"type":"Feature","geometry":{"type":"Polygon","coordinates":[[[-73.97257,40.782309],[-73.972581,40.782294],[-73.972605,40.782304],[-73.972594,40.782319],[-73.97257,40.782309]]]},"properties":{"name":"","meadow":false}},{"type":"Feature","geometry":{"type":"Polygon","coordinates":[[[-73.972528,40.782291],[-73.972539,40.782276],[-73.972563,40.782286],[-73.972552,40.782301],[-73.972528,40.782291]]]},"properties":{"name":"","meadow":false}},{"type":"Feature","geometry":{"type":"Polygon","coordinates":[[[-73.972479,40.78227],[-73.97249,40.782255],[-73.972514,40.782265],[-73.972503,40.78228],[-73.972479,40.78227]]]},"properties":{"name":"","meadow":false}},{"type":"Feature","geometry":{"type":"Polygon","coordinates":[[[-73.972354,40.782217],[-73.972365,40.782202],[-73.97239,40.782213],[-73.972379,40.782228],[-73.972354,40.782217]]]},"properties":{"name":"","meadow":false}},{"type":"Feature","geometry":{"type":"Polygon","coordinates":[[[-73.97223,40.782166],[-73.972241,40.782151],[-73.972265,40.782161],[-73.972254,40.782176],[-73.97223,40.782166]]]},"properties":{"name":"","meadow":false}},{"type":"Feature","geometry":{"type":"Polygon","coordinates":[[[-73.973163,40.782258],[-73.973215,40.782178],[-73.973238,40.782131],[-73.973263,40.782192],[-73.973259,40.782239],[-73.973237,40.782255],[-73.973163,40.782258]]]},"properties":{"name":"","meadow":false}},{"type":"Feature","geometry":{"type":"Polygon","coordinates":[[[-73.973074,40.782278],[-73.973218,40.782282],[-73.973254,40.7823],[-73.973256,40.782326],[-73.973169,40.782466],[-73.972883,40.782346],[-73.972981,40.782338],[-73.973148,40.782381],[-73.973167,40.782374],[-73.973179,40.782342],[-73.973168,40.782325],[-73.973074,40.782278]]]},"properties":{"name":"","meadow":false}},{"type":"Feature","geometry":{"type":"Polygon","coordinates":[[[-73.97242,40.78215],[-73.97234,40.782108],[-73.972347,40.782095],[-73.972369,40.782083],[-73.972412,40.782086],[-73.972448,40.7821],[-73.972429,40.78211],[-73.972418,40.782131],[-73.97242,40.78215]]]},"properties":{"name":"","meadow":false}},{"type":"Feature","geometry":{"type":"Polygon","coordinates":[[[-73.973036,40.782439],[-73.973051,40.782418],[-73.97308,40.782431],[-73.973065,40.782451],[-73.973036,40.782439]]]},"properties":{"name":"","meadow":false}},{"type":"Feature","geometry":{"type":"Polygon","coordinates":[[[-73.972973,40.782412],[-73.972988,40.782392],[-73.973017,40.782404],[-73.973001,40.782424],[-73.972973,40.782412]]]},"properties":{"name":"","meadow":false}},{"type":"Feature","geometry":{"type":"Polygon","coordinates":[[[-73.972911,40.782386],[-73.972927,40.782366],[-73.972955,40.782378],[-73.97294,40.782398],[-73.972911,40.782386]]]},"properties":{"name":"","meadow":false}},{"type":"Feature","geometry":{"type":"Polygon","coordinates":[[[-73.972829,40.782352],[-73.972845,40.782332],[-73.972874,40.782345],[-73.972858,40.782365],[-73.972829,40.782352]]]},"properties":{"name":"","meadow":false}},{"type":"Feature","geometry":{"type":"Polygon","coordinates":[[[-73.972764,40.782325],[-73.97278,40.782305],[-73.972808,40.782317],[-73.972793,40.782337],[-73.972764,40.782325]]]},"properties":{"name":"","meadow":false}},{"type":"Feature","geometry":{"type":"Polygon","coordinates":[[[-73.9727,40.782299],[-73.972715,40.782278],[-73.972744,40.782291],[-73.972728,40.782311],[-73.9727,40.782299]]]},"properties":{"name":"","meadow":false}},{"type":"Feature","geometry":{"type":"Polygon","coordinates":[[[-73.972644,40.782274],[-73.972659,40.782253],[-73.972688,40.782266],[-73.972673,40.782286],[-73.972644,40.782274]]]},"properties":{"name":"","meadow":false}},{"type":"Feature","geometry":{"type":"Polygon","coordinates":[[[-73.972566,40.78224],[-73.972581,40.78222],[-73.97261,40.782232],[-73.972595,40.782253],[-73.972566,40.78224]]]},"properties":{"name":"","meadow":false}},{"type":"Feature","geometry":{"type":"Polygon","coordinates":[[[-73.972505,40.782215],[-73.97252,40.782195],[-73.972549,40.782207],[-73.972534,40.782227],[-73.972505,40.782215]]]},"properties":{"name":"","meadow":false}},{"type":"Feature","geometry":{"type":"Polygon","coordinates":[[[-73.972444,40.782189],[-73.97246,40.782169],[-73.972488,40.782181],[-73.972473,40.782202],[-73.972444,40.782189]]]},"properties":{"name":"","meadow":false}},{"type":"Feature","geometry":{"type":"Polygon","coordinates":[[[-73.972389,40.782166],[-73.972404,40.782145],[-73.972433,40.782158],[-73.972418,40.782178],[-73.972389,40.782166]]]},"properties":{"name":"","meadow":false}},{"type":"Feature","geometry":{"type":"Polygon","coordinates":[[[-73.972325,40.782138],[-73.97234,40.782117],[-73.972369,40.78213],[-73.972354,40.78215],[-73.972325,40.782138]]]},"properties":{"name":"","meadow":false}},{"type":"Feature","geometry":{"type":"Polygon","coordinates":[[[-73.972796,40.782201],[-73.972802,40.782193],[-73.972739,40.782167],[-73.972729,40.782181],[-73.972707,40.782172],[-73.97274,40.782134],[-73.972832,40.782161],[-73.972841,40.782173],[-73.97282,40.782207],[-73.972796,40.782201]]]},"properties":{"name":"","meadow":false}},{"type":"Feature","geometry":{"type":"Polygon","coordinates":[[[-73.972412,40.782061],[-73.97236,40.782063],[-73.9723,40.782084],[-73.972257,40.782078],[-73.972344,40.781966],[-73.972395,40.781924],[-73.972448,40.781973],[-73.972455,40.782008],[-73.972451,40.782073],[-73.972412,40.782061]]]},"properties":{"name":"","meadow":false}},{"type":"Feature","geometry":{"type":"Polygon","coordinates":[[[-73.97221,40.782008],[-73.972291,40.781918],[-73.972362,40.781872],[-73.972367,40.781877],[-73.972309,40.781926],[-73.972241,40.782021],[-73.97221,40.782008]]]},"properties":{"name":"","meadow":false}},{"type":"Feature","geometry":{"type":"Polygon","coordinates":[[[-73.972002,40.781924],[-73.972031,40.781887],[-73.972146,40.78192],[-73.972172,40.781947],[-73.972207,40.781954],[-73.972174,40.781997],[-73.972002,40.781924]]]},"properties":{"name":"","meadow":false}},{"type":"Feature","geometry":{"type":"Polygon","coordinates":[[[-73.972905,40.781814],[-73.972769,40.781769],[-73.972647,40.781757],[-73.97255,40.781767],[-73.972536,40.78176],[-73.972611,40.781657],[-73.97279,40.781728],[-73.97283,40.781676],[-73.972964,40.781732],[-73.972905,40.781814]]]},"properties":{"name":"","meadow":false}},{"type":"Feature","geometry":{"type":"Polygon","coordinates":[[[-73.972687,40.78156],[-73.972652,40.781606],[-73.972638,40.781602],[-73.972639,40.781539],[-73.972687,40.78156]]]},"properties":{"name":"","meadow":false}},{"type":"Feature","geometry":{"type":"Polygon","coordinates":[[[-73.972321,40.781396],[-73.972339,40.781371],[-73.972358,40.781379],[-73.97234,40.781404],[-73.972321,40.781396]]]},"properties":{"name":"","meadow":false}},{"type":"Feature","geometry":{"type":"Polygon","coordinates":[[[-73.972249,40.781495],[-73.972268,40.78147],[-73.972286,40.781478],[-73.972268,40.781503],[-73.972249,40.781495]]]},"properties":{"name":"","meadow":false}},{"type":"Feature","geometry":{"type":"Polygon","coordinates":[[[-73.972184,40.781586],[-73.972202,40.781561],[-73.972221,40.781568],[-73.972203,40.781594],[-73.972184,40.781586]]]},"properties":{"name":"","meadow":false}},{"type":"Feature","geometry":{"type":"Polygon","coordinates":[[[-73.972107,40.781686],[-73.972126,40.781661],[-73.972144,40.781669],[-73.972126,40.781694],[-73.972107,40.781686]]]},"properties":{"name":"","meadow":false}},{"type":"Feature","geometry":{"type":"Polygon","coordinates":[[[-73.976043,40.780823],[-73.976043,40.780759],[-73.975996,40.780709],[-73.975943,40.780671],[-73.976118,40.780745],[-73.976032,40.780858],[-73.976043,40.780823]]]},"properties":{"name":"","meadow":false}},{"type":"Feature","geometry":{"type":"Polygon","coordinates":[[[-73.982049,40.768329],[-73.982006,40.768257],[-73.982084,40.76821],[-73.982115,40.768179],[-73.982141,40.76814],[-73.982155,40.768092],[-73.982152,40.768036],[-73.982114,40.767967],[-73.982202,40.767922],[-73.98225,40.768006],[-73.982261,40.768053],[-73.982249,40.768147],[-73.982226,40.768195],[-73.982189,40.768243],[-73.982142,40.768282],[-73.982049,40.768329]]]},"properties":{"name":"","meadow":false}},{"type":"Feature","geometry":{"type":"Polygon","coordinates":[[[-73.981634,40.76804],[-73.981632,40.768103],[-73.981662,40.768175],[-73.981729,40.768231],[-73.981771,40.768249],[-73.981856,40.768272],[-73.981917,40.768273],[-73.981929,40.768354],[-73.981843,40.768353],[-73.981741,40.768331],[-73.981662,40.768295],[-73.981591,40.768239],[-73.981547,40.768177],[-73.981525,40.768112],[-73.981523,40.768056],[-73.981545,40.767979],[-73.981645,40.768007],[-73.981634,40.76804]]]},"properties":{"name":"","meadow":false}},{"type":"Feature","geometry":{"type":"Polygon","coordinates":[[[-73.982057,40.767919],[-73.981957,40.767881],[-73.981831,40.767881],[-73.981742,40.767911],[-73.981687,40.76795],[-73.981604,40.7679],[-73.981645,40.767867],[-73.981739,40.767821],[-73.981819,40.767801],[-73.981888,40.767795],[-73.982015,40.767811],[-73.982122,40.767856],[-73.982057,40.767919]]]},"properties":{"name":"","meadow":false}},{"type":"Feature","geometry":{"type":"Polygon","coordinates":[[[-73.981729,40.768699],[-73.981736,40.768665],[-73.981778,40.768678],[-73.981804,40.768711],[-73.981729,40.768699]]]},"properties":{"name":"","meadow":false}},{"type":"Feature","geometry":{"type":"Polygon","coordinates":[[[-73.981791,40.768756],[-73.98174,40.76878],[-73.981704,40.768777],[-73.981675,40.768764],[-73.981654,40.768735],[-73.981791,40.768756]]]},"properties":{"name":"","meadow":false}},{"type":"Feature","geometry":{"type":"Polygon","coordinates":[[[-73.981509,40.768908],[-73.981458,40.768979],[-73.98145,40.768975],[-73.981588,40.768785],[-73.981614,40.768796],[-73.981527,40.768915],[-73.981509,40.768908]]]},"properties":{"name":"","meadow":false}},{"type":"Feature","geometry":{"type":"Polygon","coordinates":[[[-73.981411,40.769351],[-73.981266,40.769292],[-73.981273,40.769283],[-73.981422,40.769336],[-73.981411,40.769351]]]},"properties":{"name":"","meadow":false}},{"type":"Feature","geometry":{"type":"Polygon","coordinates":[[[-73.981615,40.769484],[-73.981623,40.769473],[-73.981652,40.769485],[-73.981644,40.769496],[-73.981615,40.769484]]]},"properties":{"name":"","meadow":false}},{"type":"Feature","geometry":{"type":"Polygon","coordinates":[[[-73.981554,40.769459],[-73.981562,40.769447],[-73.981591,40.76946],[-73.981583,40.769471],[-73.981554,40.769459]]]},"properties":{"name":"","meadow":false}},{"type":"Feature","geometry":{"type":"Polygon","coordinates":[[[-73.981681,40.769512],[-73.981689,40.7695],[-73.981718,40.769513],[-73.98171,40.769524],[-73.981681,40.769512]]]},"properties":{"name":"","meadow":false}},{"type":"Feature","geometry":{"type":"Polygon","coordinates":[[[-73.981614,40.769436],[-73.981641,40.7694],[-73.981829,40.769479],[-73.981824,40.769341],[-73.981839,40.769341],[-73.981843,40.769533],[-73.981614,40.769436]]]},"properties":{"name":"","meadow":false}},{"type":"Feature","geometry":{"type":"Polygon","coordinates":[[[-73.981761,40.769229],[-73.981737,40.769232],[-73.981731,40.769217],[-73.981755,40.76921],[-73.981761,40.769229]]]},"properties":{"name":"","meadow":false}},{"type":"Feature","geometry":{"type":"Polygon","coordinates":[[[-73.981794,40.769181],[-73.981771,40.769184],[-73.981765,40.769169],[-73.981788,40.769162],[-73.981794,40.769181]]]},"properties":{"name":"","meadow":false}},{"type":"Feature","geometry":{"type":"Polygon","coordinates":[[[-73.981729,40.769275],[-73.981706,40.769279],[-73.9817,40.769264],[-73.981724,40.769257],[-73.981729,40.769275]]]},"properties":{"name":"","meadow":false}},{"type":"Feature","geometry":{"type":"Polygon","coordinates":[[[-73.981695,40.76932],[-73.981672,40.769323],[-73.981665,40.769309],[-73.981689,40.769302],[-73.981695,40.76932]]]},"properties":{"name":"","meadow":false}},{"type":"Feature","geometry":{"type":"Polygon","coordinates":[[[-73.981659,40.769366],[-73.981641,40.769371],[-73.98163,40.769355],[-73.981653,40.769348],[-73.981659,40.769366]]]},"properties":{"name":"","meadow":false}},{"type":"Feature","geometry":{"type":"Polygon","coordinates":[[[-73.981819,40.769213],[-73.981813,40.76884],[-73.981829,40.76884],[-73.981835,40.769212],[-73.981819,40.769213]]]},"properties":{"name":"","meadow":false}},{"type":"Feature","geometry":{"type":"Polygon","coordinates":[[[-73.981316,40.769171],[-73.981239,40.769281],[-73.981229,40.769276],[-73.981306,40.769167],[-73.981316,40.769171]]]},"properties":{"name":"","meadow":false}},{"type":"Feature","geometry":{"type":"Polygon","coordinates":[[[-73.985125,40.758766],[-73.985136,40.758744],[-73.985167,40.758753],[-73.985157,40.758775],[-73.985125,40.758766]]]},"properties":{"name":"","meadow":false}},{"type":"Feature","geometry":{"type":"Polygon","coordinates":[[[-73.985024,40.759531],[-73.985036,40.759498],[-73.985061,40.759507],[-73.98505,40.759536],[-73.985024,40.759531]]]},"properties":{"name":"","meadow":false}},{"type":"Feature","geometry":{"type":"Polygon","coordinates":[[[-73.984879,40.75999],[-73.984867,40.760023],[-73.984842,40.760014],[-73.984853,40.759985],[-73.984879,40.75999]]]},"properties":{"name":"","meadow":false}},{"type":"Feature","geometry":{"type":"Polygon","coordinates":[[[-73.984531,40.760665],[-73.984515,40.760695],[-73.98449,40.760688],[-73.984507,40.760657],[-73.984531,40.760665]]]},"properties":{"name":"","meadow":false}},{"type":"Feature","geometry":{"type":"Polygon","coordinates":[[[-73.987192,40.753973],[-73.987199,40.753949],[-73.987229,40.753954],[-73.987221,40.753978],[-73.987192,40.753973]]]},"properties":{"name":"","meadow":false}},{"type":"Feature","geometry":{"type":"Polygon","coordinates":[[[-73.987178,40.753925],[-73.987185,40.753901],[-73.987215,40.753907],[-73.987207,40.753931],[-73.987178,40.753925]]]},"properties":{"name":"","meadow":false}},{"type":"Feature","geometry":{"type":"Polygon","coordinates":[[[-73.987195,40.753867],[-73.987203,40.753843],[-73.987232,40.753848],[-73.987225,40.753872],[-73.987195,40.753867]]]},"properties":{"name":"","meadow":false}},{"type":"Feature","geometry":{"type":"Polygon","coordinates":[[[-73.987203,40.753843],[-73.987211,40.753818],[-73.98724,40.753823],[-73.987232,40.753848],[-73.987203,40.753843]]]},"properties":{"name":"","meadow":false}},{"type":"Feature","geometry":{"type":"Polygon","coordinates":[[[-73.987313,40.753892],[-73.987287,40.753899],[-73.987278,40.753884],[-73.987301,40.753873],[-73.987313,40.753892]]]},"properties":{"name":"","meadow":false}},{"type":"Feature","geometry":{"type":"Polygon","coordinates":[[[-73.987271,40.753985],[-73.987288,40.753962],[-73.987314,40.753974],[-73.987297,40.753996],[-73.987271,40.753985]]]},"properties":{"name":"","meadow":false}},{"type":"Feature","geometry":{"type":"Polygon","coordinates":[[[-73.987375,40.753948],[-73.987353,40.753939],[-73.98738,40.753904],[-73.987401,40.753913],[-73.987375,40.753948]]]},"properties":{"name":"","meadow":false}},{"type":"Feature","geometry":{"type":"Polygon","coordinates":[[[-73.987418,40.753889],[-73.987396,40.753879],[-73.987419,40.753887],[-73.987418,40.753889]]]},"properties":{"name":"","meadow":false}},{"type":"Feature","geometry":{"type":"Polygon","coordinates":[[[-73.987127,40.754168],[-73.9871,40.754164],[-73.987106,40.754143],[-73.987133,40.754148],[-73.987127,40.754168]]]},"properties":{"name":"","meadow":false}},{"type":"Feature","geometry":{"type":"Polygon","coordinates":[[[-73.987158,40.754173],[-73.987127,40.754168],[-73.987133,40.754148],[-73.987163,40.754153],[-73.987158,40.754173]]]},"properties":{"name":"","meadow":false}},{"type":"Feature","geometry":{"type":"Polygon","coordinates":[[[-73.987137,40.754226],[-73.987086,40.754218],[-73.98709,40.754203],[-73.987141,40.754211],[-73.987137,40.754226]]]},"properties":{"name":"","meadow":false}},{"type":"Feature","geometry":{"type":"Polygon","coordinates":[[[-73.987108,40.754281],[-73.987074,40.754275],[-73.987082,40.754247],[-73.987116,40.754253],[-73.987108,40.754281]]]},"properties":{"name":"","meadow":false}},{"type":"Feature","geometry":{"type":"Polygon","coordinates":[[[-73.999972,40.759719],[-74.000014,40.759661],[-73.999974,40.759645],[-74.000182,40.759357],[-74.001002,40.759695],[-74.000753,40.760041],[-73.999972,40.759719]]]},"properties":{"name":"","meadow":false}},{"type":"Feature","geometry":{"type":"Polygon","coordinates":[[[-73.973663,40.764236],[-73.973762,40.764105],[-73.973779,40.764112],[-73.97368,40.764243],[-73.973663,40.764236]]]},"properties":{"name":"","meadow":false}},{"type":"Feature","geometry":{"type":"Polygon","coordinates":[[[-73.973474,40.763982],[-73.973377,40.764114],[-73.97336,40.764106],[-73.973457,40.763975],[-73.973474,40.763982]]]},"properties":{"name":"","meadow":false}},{"type":"Feature","geometry":{"type":"Polygon","coordinates":[[[-73.96468,40.813062],[-73.964823,40.812784],[-73.96513,40.812888],[-73.964926,40.813149],[-73.96468,40.813062]]]},"properties":{"name":"Pollinator Meadow","meadow":true}},{"type":"Feature","geometry":{"type":"Polygon","coordinates":[[[-73.955953,40.823379],[-73.955689,40.823596],[-73.955743,40.823422],[-73.955764,40.823421],[-73.95578,40.823339],[-73.955831,40.823254],[-73.955874,40.823253],[-73.955909,40.823223],[-73.955906,40.823202],[-73.955885,40.823182],[-73.955969,40.823066],[-73.956115,40.82314],[-73.955953,40.823379]]]},"properties":{"name":"","meadow":false}},{"type":"Feature","geometry":{"type":"Polygon","coordinates":[[[-73.956211,40.822989],[-73.956159,40.823054],[-73.956014,40.822995],[-73.956135,40.822837],[-73.956158,40.82284],[-73.956203,40.822819],[-73.95621,40.822794],[-73.956191,40.822754],[-73.956291,40.822661],[-73.95634,40.822634],[-73.956316,40.822577],[-73.956471,40.822423],[-73.956612,40.822463],[-73.956521,40.822665],[-73.956436,40.822796],[-73.956211,40.822989]]]},"properties":{"name":"","meadow":false}},{"type":"Feature","geometry":{"type":"Polygon","coordinates":[[[-73.965831,40.797734],[-73.965878,40.797677],[-73.965991,40.797731],[-73.965944,40.797787],[-73.965831,40.797734]]]},"properties":{"name":"","meadow":false}},{"type":"Feature","geometry":{"type":"Polygon","coordinates":[[[-73.971939,40.795495],[-73.972082,40.795296],[-73.972275,40.795375],[-73.972133,40.795575],[-73.971939,40.795495]]]},"properties":{"name":"Lotus Garden","meadow":false}},{"type":"Feature","geometry":{"type":"Polygon","coordinates":[[[-73.972673,40.763972],[-73.97277,40.764012],[-73.972745,40.764046],[-73.972674,40.764016],[-73.972681,40.764006],[-73.972744,40.764032],[-73.972755,40.764017],[-73.972676,40.763984],[-73.97265,40.764021],[-73.97264,40.764017],[-73.972673,40.763972]]]},"properties":{"name":"","meadow":false}},{"type":"Feature","geometry":{"type":"Polygon","coordinates":[[[-73.972999,40.76354],[-73.972972,40.763577],[-73.97305,40.76361],[-73.973061,40.763596],[-73.972998,40.763569],[-73.973006,40.763559],[-73.973077,40.763589],[-73.973053,40.763622],[-73.972956,40.763581],[-73.972989,40.763536],[-73.972999,40.76354]]]},"properties":{"name":"","meadow":false}},{"type":"Feature","geometry":{"type":"Polygon","coordinates":[[[-73.949704,40.824337],[-73.949745,40.82428],[-73.949725,40.824271],[-73.949799,40.82417],[-73.94979,40.824167],[-73.949798,40.824155],[-73.94982,40.824165],[-73.94987,40.8241],[-73.950065,40.824179],[-73.949883,40.824412],[-73.949704,40.824337]]]},"properties":{"name":"Frank White Memorial Garden","meadow":false}},{"type":"Feature","geometry":{"type":"Polygon","coordinates":[[[-73.963141,40.803484],[-73.963139,40.803517],[-73.963117,40.803545],[-73.963059,40.803565],[-73.962998,40.803551],[-73.962965,40.803507],[-73.962982,40.803458],[-73.963039,40.803432],[-73.963104,40.803443],[-73.963141,40.803484]]]},"properties":{"name":"","meadow":false}},{"type":"Feature","geometry":{"type":"Polygon","coordinates":[[[-73.947985,40.828633],[-73.94812,40.82842],[-73.948269,40.828488],[-73.948257,40.828506],[-73.948267,40.82851],[-73.948127,40.828685],[-73.947985,40.828633]]]},"properties":{"name":"Maggie's Garden","meadow":false}},{"type":"Feature","geometry":{"type":"Polygon","coordinates":[[[-73.969443,40.798618],[-73.96945,40.798608],[-73.969465,40.798615],[-73.969457,40.798624],[-73.969443,40.798618]]]},"properties":{"name":"","meadow":false}},{"type":"Feature","geometry":{"type":"Polygon","coordinates":[[[-73.969323,40.798567],[-73.96933,40.798558],[-73.969345,40.798564],[-73.969337,40.798574],[-73.969323,40.798567]]]},"properties":{"name":"","meadow":false}},{"type":"Feature","geometry":{"type":"Polygon","coordinates":[[[-73.97036,40.802477],[-73.970447,40.802363],[-73.970554,40.80241],[-73.970467,40.802524],[-73.97036,40.802477]]]},"properties":{"name":"","meadow":false}},{"type":"Feature","geometry":{"type":"Polygon","coordinates":[[[-73.946195,40.8469],[-73.946268,40.846965],[-73.946282,40.847024],[-73.946044,40.84704],[-73.946027,40.846891],[-73.946136,40.846867],[-73.946195,40.8469]]]},"properties":{"name":"","meadow":false}},{"type":"Feature","geometry":{"type":"Polygon","coordinates":[[[-73.983355,40.76929],[-73.983255,40.769247],[-73.983329,40.769148],[-73.98343,40.769192],[-73.983355,40.76929]]]},"properties":{"name":"","meadow":false}},{"type":"Feature","geometry":{"type":"Polygon","coordinates":[[[-73.963105,40.798361],[-73.963007,40.798323],[-73.963177,40.798082],[-73.963279,40.798123],[-73.963105,40.798361]]]},"properties":{"name":"La Perla Garden","meadow":false}},{"type":"Feature","geometry":{"type":"Polygon","coordinates":[[[-73.951906,40.793803],[-73.952218,40.793366],[-73.952964,40.793687],[-73.952932,40.793744],[-73.95289,40.793759],[-73.952844,40.793823],[-73.95277,40.793828],[-73.952714,40.793867],[-73.952701,40.793894],[-73.9527,40.793922],[-73.952733,40.793973],[-73.95264,40.794103],[-73.951906,40.793803]]]},"properties":{"name":"Center Garden (Italian)","meadow":false}},{"type":"Feature","geometry":{"type":"Polygon","coordinates":[[[-73.952562,40.794219],[-73.952482,40.794222],[-73.952368,40.794261],[-73.952322,40.794297],[-73.952219,40.794442],[-73.952143,40.794493],[-73.952073,40.794526],[-73.951969,40.794546],[-73.951827,40.794533],[-73.951768,40.794516],[-73.951722,40.794492],[-73.951634,40.794411],[-73.951609,40.794362],[-73.951597,40.794308],[-73.951599,40.794256],[-73.951623,40.794187],[-73.951873,40.793856],[-73.952603,40.794156],[-73.952562,40.794219]]]},"properties":{"name":"North Garden (French)","meadow":false}},{"type":"Feature","geometry":{"type":"Polygon","coordinates":[[[-73.952456,40.793034],[-73.952501,40.792984],[-73.952594,40.792924],[-73.952663,40.792904],[-73.952744,40.792898],[-73.952814,40.792903],[-73.952917,40.792926],[-73.953001,40.792974],[-73.953049,40.79302],[-73.953081,40.793074],[-73.953095,40.793126],[-73.953096,40.793174],[-73.953074,40.793256],[-73.952984,40.793381],[-73.952969,40.793424],[-73.952965,40.793465],[-73.952974,40.793525],[-73.953017,40.793586],[-73.952991,40.79362],[-73.952263,40.793307],[-73.952456,40.793034]]]},"properties":{"name":"South Garden (English)","meadow":false}},{"type":"Feature","geometry":{"type":"Polygon","coordinates":[[[-73.946654,40.842688],[-73.9466,40.842723],[-73.946586,40.842722],[-73.946584,40.842712],[-73.946641,40.842674],[-73.946658,40.842673],[-73.946654,40.842688]]]},"properties":{"name":"","meadow":false}},{"type":"Feature","geometry":{"type":"Polygon","coordinates":[[[-73.989544,40.755972],[-73.989673,40.755798],[-73.989896,40.755894],[-73.989768,40.756068],[-73.989544,40.755972]]]},"properties":{"name":"Lobby Garden","meadow":false}},{"type":"Feature","geometry":{"type":"Polygon","coordinates":[[[-73.99597,40.772404],[-73.995754,40.772317],[-73.995723,40.772283],[-73.995728,40.772238],[-73.995795,40.772205],[-73.995785,40.772214],[-73.995796,40.772247],[-73.995791,40.772279],[-73.995825,40.772299],[-73.995924,40.772313],[-73.99597,40.772404]]]},"properties":{"name":"","meadow":false}},{"type":"Feature","geometry":{"type":"Polygon","coordinates":[[[-73.996077,40.772356],[-73.996048,40.772425],[-73.995933,40.772227],[-73.996043,40.772235],[-73.996067,40.772275],[-73.996077,40.772356]]]},"properties":{"name":"","meadow":false}},{"type":"Feature","geometry":{"type":"Polygon","coordinates":[[[-73.995734,40.772079],[-73.995583,40.772016],[-73.99565,40.77201],[-73.99573,40.772042],[-73.995808,40.772135],[-73.995699,40.772128],[-73.995734,40.772079]]]},"properties":{"name":"","meadow":false}},{"type":"Feature","geometry":{"type":"Polygon","coordinates":[[[-74.009943,40.774006],[-74.009961,40.773982],[-74.009993,40.773996],[-74.009975,40.77402],[-74.009943,40.774006]]]},"properties":{"name":"","meadow":false}},{"type":"Feature","geometry":{"type":"Polygon","coordinates":[[[-74.01012,40.774044],[-74.010075,40.774024],[-74.010107,40.773983],[-74.009999,40.773935],[-74.010025,40.773902],[-74.010063,40.773918],[-74.010157,40.773796],[-74.010178,40.773806],[-74.010141,40.773881],[-74.010135,40.773922],[-74.010153,40.774002],[-74.01012,40.774044]]]},"properties":{"name":"","meadow":false}},{"type":"Feature","geometry":{"type":"Polygon","coordinates":[[[-74.010203,40.773728],[-74.010189,40.773701],[-74.01021,40.773665],[-74.010236,40.773655],[-74.010287,40.773663],[-74.010226,40.773742],[-74.010203,40.773728]]]},"properties":{"name":"","meadow":false}},{"type":"Feature","geometry":{"type":"Polygon","coordinates":[[[-73.954107,40.796346],[-73.95401,40.796529],[-73.953986,40.796528],[-73.953946,40.796516],[-73.95387,40.796454],[-73.953706,40.796408],[-73.95363,40.796368],[-73.953672,40.796346],[-73.953859,40.796346],[-73.953906,40.796337],[-73.953958,40.79632],[-73.954008,40.796284],[-73.954016,40.796351],[-73.954031,40.796384],[-73.954054,40.796403],[-73.954107,40.796346]]]},"properties":{"name":"","meadow":false}},{"type":"Feature","geometry":{"type":"Polygon","coordinates":[[[-73.953897,40.79654],[-73.953783,40.796504],[-73.953821,40.796477],[-73.95382,40.79646],[-73.95386,40.796473],[-73.953934,40.79654],[-73.954,40.796559],[-73.953992,40.796585],[-73.953897,40.79654]]]},"properties":{"name":"","meadow":false}},{"type":"Feature","geometry":{"type":"Polygon","coordinates":[[[-73.954214,40.796886],[-73.954158,40.796833],[-73.954077,40.796776],[-73.953962,40.796729],[-73.953685,40.796681],[-73.953536,40.796684],[-73.953377,40.796715],[-73.953232,40.796764],[-73.953337,40.796708],[-73.953498,40.796664],[-73.95365,40.796652],[-73.953864,40.796669],[-73.954011,40.796698],[-73.954103,40.796744],[-73.95417,40.796794],[-73.954246,40.796891],[-73.954214,40.796886]]]},"properties":{"name":"","meadow":false}},{"type":"Feature","geometry":{"type":"Polygon","coordinates":[[[-73.954303,40.796881],[-73.954238,40.796793],[-73.954242,40.796778],[-73.95436,40.796764],[-73.954523,40.796712],[-73.954691,40.796638],[-73.954909,40.79649],[-73.955133,40.796313],[-73.955199,40.796242],[-73.955315,40.796075],[-73.955388,40.795929],[-73.955421,40.795894],[-73.955593,40.795821],[-73.9556,40.795832],[-73.955552,40.795848],[-73.955416,40.795945],[-73.955286,40.796168],[-73.955168,40.796314],[-73.955058,40.796397],[-73.954985,40.796468],[-73.954674,40.79668],[-73.954436,40.796781],[-73.95437,40.79682],[-73.954303,40.796881]]]},"properties":{"name":"","meadow":false}},{"type":"Feature","geometry":{"type":"Polygon","coordinates":[[[-73.954475,40.796682],[-73.954344,40.796721],[-73.954197,40.796719],[-73.954142,40.796708],[-73.954097,40.796682],[-73.954068,40.796643],[-73.954061,40.796563],[-73.954116,40.796414],[-73.954159,40.796359],[-73.954172,40.796362],[-73.954122,40.796442],[-73.954105,40.796501],[-73.954105,40.796554],[-73.954124,40.796602],[-73.954164,40.796636],[-73.954229,40.796656],[-73.954309,40.796661],[-73.954453,40.796639],[-73.954475,40.796682]]]},"properties":{"name":"","meadow":false}},{"type":"Feature","geometry":{"type":"Polygon","coordinates":[[[-73.955035,40.796346],[-73.954817,40.796518],[-73.954657,40.796614],[-73.954513,40.796672],[-73.95449,40.796628],[-73.954664,40.796551],[-73.954866,40.796438],[-73.955045,40.796281],[-73.955077,40.796302],[-73.955035,40.796346]]]},"properties":{"name":"","meadow":false}},{"type":"Feature","geometry":{"type":"Polygon","coordinates":[[[-73.955065,40.796262],[-73.955112,40.796211],[-73.955152,40.796147],[-73.955181,40.796079],[-73.955187,40.796011],[-73.955158,40.795967],[-73.955114,40.795933],[-73.955053,40.795914],[-73.954988,40.79591],[-73.954982,40.795901],[-73.955119,40.795886],[-73.955176,40.795886],[-73.955249,40.7959],[-73.955286,40.795925],[-73.955301,40.795954],[-73.955271,40.796063],[-73.955229,40.796134],[-73.955098,40.796284],[-73.955065,40.796262]]]},"properties":{"name":"","meadow":false}},{"type":"Feature","geometry":{"type":"Polygon","coordinates":[[[-73.955355,40.795815],[-73.955513,40.795782],[-73.955569,40.795783],[-73.955578,40.795797],[-73.955446,40.795833],[-73.955312,40.795812],[-73.955355,40.795815]]]},"properties":{"name":"","meadow":false}},{"type":"Feature","geometry":{"type":"Polygon","coordinates":[[[-73.95233,40.796378],[-73.952353,40.796434],[-73.952348,40.796465],[-73.952326,40.796493],[-73.95219,40.796598],[-73.952148,40.796663],[-73.952132,40.796731],[-73.952135,40.79681],[-73.952113,40.796746],[-73.952115,40.796681],[-73.952142,40.79662],[-73.952194,40.796569],[-73.952324,40.796478],[-73.952338,40.796448],[-73.952338,40.796417],[-73.952306,40.796376],[-73.952247,40.796361],[-73.95228,40.796352],[-73.95233,40.796378]]]},"properties":{"name":"","meadow":false}},{"type":"Feature","geometry":{"type":"Polygon","coordinates":[[[-73.953109,40.796572],[-73.953078,40.796569],[-73.953067,40.796536],[-73.953033,40.796541],[-73.953116,40.796484],[-73.953148,40.796476],[-73.953153,40.796493],[-73.953108,40.796588],[-73.953109,40.796572]]]},"properties":{"name":"","meadow":false}},{"type":"Feature","geometry":{"type":"Polygon","coordinates":[[[-73.955583,40.799221],[-73.955493,40.799267],[-73.95542,40.79933],[-73.955409,40.799329],[-73.955449,40.799167],[-73.955583,40.799221]]]},"properties":{"name":"","meadow":false}},{"type":"Feature","geometry":{"type":"Polygon","coordinates":[[[-73.951393,40.797395],[-73.951255,40.797341],[-73.951237,40.79732],[-73.951245,40.797273],[-73.951334,40.797295],[-73.951506,40.797291],[-73.951614,40.797331],[-73.951806,40.797439],[-73.951883,40.797425],[-73.951973,40.797446],[-73.952033,40.797488],[-73.952143,40.797616],[-73.952248,40.797701],[-73.952297,40.797767],[-73.95234,40.797805],[-73.952383,40.797825],[-73.952396,40.797852],[-73.952387,40.797879],[-73.95231,40.797912],[-73.952226,40.797983],[-73.951055,40.79749],[-73.951169,40.79737],[-73.951221,40.797368],[-73.951355,40.797413],[-73.951362,40.797452],[-73.951376,40.797473],[-73.951424,40.797504],[-73.95146,40.79751],[-73.951524,40.797504],[-73.951511,40.79753],[-73.951518,40.797583],[-73.951565,40.797623],[-73.951598,40.797633],[-73.951668,40.797628],[-73.951721,40.797592],[-73.951734,40.797567],[-73.951756,40.797606],[-73.951776,40.797622],[-73.951821,40.797639],[-73.951881,40.797643],[-73.951853,40.797668],[-73.951838,40.79772],[-73.951867,40.79777],[-73.951895,40.797787],[-73.951928,40.797796],[-73.951998,40.797791],[-73.952028,40.797776],[-73.952056,40.797747],[-73.952082,40.797755],[-73.95209,40.79774],[-73.952088,40.797677],[-73.952054,40.797634],[-73.952003,40.797611],[-73.951909,40.797609],[-73.951938,40.797578],[-73.951943,40.797555],[-73.951938,40.797533],[-73.951903,40.797498],[-73.951847,40.797486],[-73.951819,40.79749],[-73.951791,40.797502],[-73.951763,40.797536],[-73.951734,40.797483],[-73.951692,40.797451],[-73.951632,40.797438],[-73.951542,40.797457],[-73.951552,40.797436],[-73.951547,40.797402],[-73.951503,40.797367],[-73.951449,40.797363],[-73.951415,40.797376],[-73.951393,40.797395]]]},"properties":{"name":"","meadow":false}},{"type":"Feature","geometry":{"type":"Polygon","coordinates":[[[-73.951369,40.797165],[-73.951301,40.797147],[-73.9513,40.797116],[-73.951338,40.797103],[-73.951384,40.79711],[-73.951369,40.797165]]]},"properties":{"name":"","meadow":false}},{"type":"Feature","geometry":{"type":"Polygon","coordinates":[[[-73.956928,40.799886],[-73.956936,40.799876],[-73.956994,40.799875],[-73.957026,40.799883],[-73.957021,40.799891],[-73.957047,40.7999],[-73.957053,40.799892],[-73.957086,40.799914],[-73.957121,40.799956],[-73.956928,40.799886]]]},"properties":{"name":"","meadow":false}},{"type":"Feature","geometry":{"type":"Polygon","coordinates":[[[-73.956786,40.799758],[-73.956822,40.799799],[-73.956879,40.799824],[-73.956963,40.799823],[-73.957016,40.799799],[-73.957023,40.799827],[-73.957047,40.799851],[-73.957026,40.799857],[-73.956863,40.799849],[-73.956731,40.799797],[-73.956767,40.799757],[-73.956778,40.799725],[-73.956786,40.799758]]]},"properties":{"name":"","meadow":false}},{"type":"Feature","geometry":{"type":"Polygon","coordinates":[[[-73.957488,40.799918],[-73.957482,40.799943],[-73.957223,40.799986],[-73.957177,40.799971],[-73.95711,40.799897],[-73.957073,40.799874],[-73.957074,40.799862],[-73.957116,40.799864],[-73.957161,40.799846],[-73.957172,40.799887],[-73.957186,40.799905],[-73.957212,40.799923],[-73.95726,40.799938],[-73.957321,40.799935],[-73.957379,40.799903],[-73.957418,40.799929],[-73.95746,40.79993],[-73.957488,40.799918]]]},"properties":{"name":"","meadow":false}},{"type":"Feature","geometry":{"type":"Polygon","coordinates":[[[-73.957719,40.800234],[-73.957539,40.800129],[-73.957302,40.800031],[-73.957284,40.80002],[-73.957281,40.800004],[-73.957468,40.799972],[-73.957541,40.799974],[-73.95755,40.799988],[-73.957557,40.800063],[-73.95757,40.800087],[-73.957689,40.800159],[-73.957732,40.80022],[-73.957733,40.800232],[-73.957719,40.800234]]]},"properties":{"name":"","meadow":false}},{"type":"Feature","geometry":{"type":"Polygon","coordinates":[[[-73.982556,40.77196],[-73.982452,40.771941],[-73.982434,40.771667],[-73.982446,40.771656],[-73.982487,40.771655],[-73.98268,40.771738],[-73.98269,40.771755],[-73.982694,40.771775],[-73.982556,40.77196]]]},"properties":{"name":"","meadow":false}}]}