{"type":"FeatureCollection","features":[{"type":"Feature","geometry":{"type":"LineString","coordinates":[[-73.9736957,40.7988107],[-73.9736086,40.7987755],[-73.9735328,40.7987442]]},"properties":{"kind":"sidewalk","major":false}},{"type":"Feature","geometry":{"type":"LineString","coordinates":[[-73.9859154,40.772991],[-73.9861224,40.7730767],[-73.9864701,40.7731898],[-73.986923,40.7733824],[-73.9869889,40.7734104],[-73.9873747,40.7735745],[-73.9874827,40.7736204]]},"properties":{"kind":"foot","name":"West 63rd Street","bridge":false,"len":144,"major":true}},{"type":"Feature","geometry":{"type":"LineString","coordinates":[[-73.9885023,40.7773393],[-73.9884525,40.7773196]]},"properties":{"kind":"foot","name":"West 67th Street","bridge":false,"len":5,"major":true}},{"type":"Feature","geometry":{"type":"LineString","coordinates":[[-73.9867858,40.7799016],[-73.986962,40.779977]]},"properties":{"kind":"foot","name":"West 71st Street","bridge":false,"len":16,"major":true}},{"type":"Feature","geometry":{"type":"LineString","coordinates":[[-73.9678182,40.8054333],[-73.9677415,40.8055498],[-73.9677298,40.8055673],[-73.9677221,40.8056077],[-73.9677251,40.805685],[-73.9677376,40.8057153]]},"properties":{"kind":"foot","name":"","bridge":false,"len":27,"major":false}},{"type":"Feature","geometry":{"type":"LineString","coordinates":[[-73.955944,40.8229664],[-73.9560038,40.8230079],[-73.9560771,40.8230349],[-73.9562043,40.8230763],[-73.9562977,40.8231025],[-73.9564071,40.82312],[-73.9572755,40.8232391],[-73.9574098,40.8232456]]},"properties":{"kind":"foot","name":"","bridge":true,"len":128,"major":false}},{"type":"Feature","geometry":{"type":"LineString","coordinates":[[-73.9493166,40.8342798],[-73.9495727,40.8343198]]},"properties":{"kind":"foot","name":"","bridge":true,"len":22,"major":false}},{"type":"Feature","geometry":{"type":"LineString","coordinates":[[-73.9504477,40.8289475],[-73.9505403,40.828984]]},"properties":{"kind":"foot","name":"","bridge":false,"len":8,"major":false}},{"type":"Feature","geometry":{"type":"LineString","coordinates":[[-73.9508321,40.8291158],[-73.9513562,40.8293638]]},"properties":{"kind":"foot","name":"","bridge":true,"len":49,"major":false}},{"type":"Feature","geometry":{"type":"LineString","coordinates":[[-73.9515404,40.8294319],[-73.9518756,40.8295654]]},"properties":{"kind":"foot","name":"","bridge":false,"len":31,"major":false}},{"type":"Feature","geometry":{"type":"LineString","coordinates":[[-73.9518756,40.8295654],[-73.9519778,40.8296061],[-73.9518759,40.8297393],[-73.9516335,40.8301018],[-73.9516039,40.8302068],[-73.951666,40.8303926],[-73.951638,40.8305167]]},"properties":{"kind":"foot","name":"","bridge":false,"len":97,"major":false}},{"type":"Feature","geometry":{"type":"LineString","coordinates":[[-73.9495201,40.8345061],[-73.9495733,40.8345157],[-73.9499812,40.8345896]]},"properties":{"kind":"foot","name":"","bridge":false,"len":40,"major":false}},{"type":"Feature","geometry":{"type":"LineString","coordinates":[[-73.9610565,40.8068316],[-73.9611518,40.8068717],[-73.9611709,40.8068797],[-73.9612069,40.8068949],[-73.9612483,40.8069124],[-73.961974,40.8072178],[-73.9624361,40.8074124],[-73.9628969,40.8076063],[-73.9636087,40.807906],[-73.9636494,40.8079231],[-73.9636899,40.8079401],[-73.9637383,40.8079605],[-73.9638012,40.807987]]},"properties":{"kind":"foot","name":"College Walk","bridge":false,"len":253,"major":true}},{"type":"Feature","geometry":{"type":"LineString","coordinates":[[-73.9613248,40.8185354],[-73.9615318,40.8186206],[-73.9615556,40.8186304]]},"properties":{"kind":"foot","name":"","bridge":false,"len":21,"major":false}},{"type":"Feature","geometry":{"type":"LineString","coordinates":[[-73.9564464,40.8149983],[-73.9563742,40.8150317],[-73.9560455,40.8151839],[-73.9559101,40.8153717],[-73.9560194,40.815418],[-73.9559988,40.8154467],[-73.9559869,40.8154634]]},"properties":{"kind":"foot","name":"","bridge":false,"len":72,"major":false}},{"type":"Feature","geometry":{"type":"LineString","coordinates":[[-73.9536724,40.8280575],[-73.9537039,40.8278333],[-73.95372,40.8276507],[-73.9537147,40.8276101],[-73.9536074,40.8275411],[-73.95372,40.8275492]]},"properties":{"kind":"foot","name":"","bridge":false,"len":59,"major":false}},{"type":"Feature","geometry":{"type":"LineString","coordinates":[[-73.9866344,40.7715724],[-73.9867169,40.7716059],[-73.9867672,40.7716263]]},"properties":{"kind":"sidewalk","major":false}},{"type":"Feature","geometry":{"type":"LineString","coordinates":[[-73.9854531,40.7710038],[-73.9854217,40.7710102],[-73.9853921,40.7710203],[-73.985365,40.7710339],[-73.9853412,40.7710506],[-73.9853211,40.77107],[-73.9853055,40.7710915],[-73.9852946,40.7711147],[-73.9852921,40.7711251],[-73.9852888,40.7711389],[-73.9852882,40.7711635],[-73.9852928,40.7711879],[-73.9853025,40.7712114],[-73.985317,40.7712334],[-73.985336,40.7712533],[-73.985359,40.7712707],[-73.9853854,40.7712851],[-73.9854145,40.7712961],[-73.9854455,40.7713034],[-73.9854777,40.7713068],[-73.9855102,40.7713063],[-73.9855421,40.7713018],[-73.9855727,40.7712935],[-73.9856012,40.7712816],[-73.9856267,40.7712664],[-73.9856488,40.7712483],[-73.9856647,40.771231],[-73.98568,40.7712054],[-73.9856883,40.7711816],[-73.9856916,40.7711571],[-73.9856896,40.7711325],[-73.9856824,40.7711085],[-73.9856703,40.7710857],[-73.9856534,40.7710647],[-73.9856323,40.7710459],[-73.9856076,40.77103],[-73.9855797,40.7710173],[-73.9855496,40.7710081],[-73.9855179,40.7710027],[-73.9854854,40.7710013],[-73.9854531,40.7710038]]},"properties":{"kind":"foot","name":"","bridge":false,"len":95,"major":false}},{"type":"Feature","geometry":{"type":"LineString","coordinates":[[-73.9610644,40.8188031],[-73.9609991,40.8188761],[-73.9607921,40.8191083]]},"properties":{"kind":"cycle","name":"West Harlem Piers Park Path","bridge":false,"len":35,"major":true}},{"type":"Feature","geometry":{"type":"LineString","coordinates":[[-73.9948195,40.7715067],[-73.9947928,40.771551],[-73.9947721,40.7715841],[-73.9947494,40.7716188],[-73.9947267,40.7716514],[-73.9947064,40.7716775],[-73.9946752,40.771719],[-73.9946402,40.7717602],[-73.9946188,40.7717841],[-73.9945973,40.771808],[-73.9945704,40.7718424],[-73.9945444,40.7718776],[-73.9942898,40.772225],[-73.9942218,40.772318],[-73.9937912,40.772912],[-73.9937308,40.7729947]]},"properties":{"kind":"cycle","name":"Hudson River Greenway","bridge":false,"len":157,"major":true}},{"type":"Feature","geometry":{"type":"LineString","coordinates":[[-73.987938,40.7817595],[-73.9879061,40.7817774],[-73.9878605,40.7817907],[-73.9878163,40.7817934],[-73.9877722,40.7817901],[-73.9877523,40.7817852],[-73.9877185,40.7817769],[-73.9876456,40.7817569],[-73.9875793,40.7817491],[-73.9875407,40.7817491],[-73.9874996,40.7817492],[-73.987442,40.7817582],[-73.9874102,40.7817668]]},"properties":{"kind":"cycle","name":"Hudson River Greenway","bridge":false,"len":46,"major":true}},{"type":"Feature","geometry":{"type":"LineString","coordinates":[[-73.9858333,40.7807177],[-73.9858549,40.7807082],[-73.9858801,40.7806888],[-73.9858962,40.7806644],[-73.9859016,40.7806375],[-73.9858956,40.7806106],[-73.985879,40.7805864],[-73.9858534,40.7805673],[-73.9858212,40.7805552],[-73.9857856,40.7805512],[-73.9857501,40.7805557],[-73.9857161,40.7805695],[-73.98569,40.7805911],[-73.9856749,40.780618],[-73.9856724,40.7806472],[-73.9856828,40.7806754],[-73.9856874,40.7806803],[-73.985705,40.7806993],[-73.9857364,40.7807164],[-73.9857599,40.7807228],[-73.9857846,40.7807252],[-73.9858095,40.7807234],[-73.9858333,40.7807177]]},"properties":{"kind":"cycle","name":"","bridge":false,"len":54,"major":true}},{"type":"Feature","geometry":{"type":"LineString","coordinates":[[-73.9886496,40.7783032],[-73.988666,40.7783008],[-73.9887751,40.7782847]]},"properties":{"kind":"cycle","name":"","bridge":false,"len":11,"major":true}},{"type":"Feature","geometry":{"type":"LineString","coordinates":[[-73.9856819,40.780473],[-73.9857266,40.7804997]]},"properties":{"kind":"foot","name":"","bridge":false,"len":4,"major":false}},{"type":"Feature","geometry":{"type":"LineString","coordinates":[[-73.988821,40.7796359],[-73.9887431,40.7796595],[-73.9886808,40.7796878],[-73.9886276,40.7797266],[-73.9886097,40.7797451],[-73.9885879,40.7797676],[-73.9885603,40.7798185],[-73.9885499,40.7798829],[-73.9885528,40.7798965],[-73.988558,40.7799212],[-73.9885856,40.7799762],[-73.9886475,40.7800408],[-73.9887322,40.780086],[-73.9887988,40.7801037],[-73.9888295,40.7801106],[-73.9888744,40.7801165]]},"properties":{"kind":"foot","name":"","bridge":false,"len":70,"major":false}},{"type":"Feature","geometry":{"type":"LineString","coordinates":[[-73.9543819,40.8272766],[-73.9541217,40.8273321],[-73.95282,40.8274094],[-73.9527074,40.8274094],[-73.9525196,40.8273728],[-73.9523426,40.8272998]]},"properties":{"kind":"foot","name":"","bridge":true,"len":176,"major":false}},{"type":"Feature","geometry":{"type":"LineString","coordinates":[[-73.9545826,40.8272256],[-73.954964,40.8273682],[-73.9550217,40.8273897],[-73.9555401,40.8275814],[-73.9556689,40.827587],[-73.9562932,40.827837],[-73.9567403,40.8271621],[-73.9565518,40.8267216],[-73.9564135,40.8263986]]},"properties":{"kind":"foot","name":"","bridge":false,"len":294,"major":true}},{"type":"Feature","geometry":{"type":"LineString","coordinates":[[-73.9570311,40.8269791],[-73.9572564,40.8270643],[-73.9575107,40.8266795],[-73.957766,40.8262931]]},"properties":{"kind":"foot","name":"","bridge":false,"len":99,"major":false}},{"type":"Feature","geometry":{"type":"LineString","coordinates":[[-73.9557409,40.8254042],[-73.9561406,40.8248642],[-73.9567713,40.8240554],[-73.9570562,40.8236929],[-73.9574098,40.8232456]]},"properties":{"kind":"foot","name":"","bridge":false,"len":232,"major":true}},{"type":"Feature","geometry":{"type":"LineString","coordinates":[[-73.9570562,40.8236929],[-73.9576209,40.8239006],[-73.9587227,40.8243203],[-73.958993,40.8244216],[-73.9593683,40.8238307],[-73.9580238,40.8233202],[-73.9577858,40.8232476],[-73.9575931,40.8233012],[-73.9574098,40.8232456]]},"properties":{"kind":"foot","name":"","bridge":false,"len":412,"major":true}},{"type":"Feature","geometry":{"type":"LineString","coordinates":[[-73.9538208,40.8276053],[-73.9538714,40.8275352],[-73.954697,40.8278532],[-73.9550217,40.8273897]]},"properties":{"kind":"foot","name":"","bridge":false,"len":131,"major":false}},{"type":"Feature","geometry":{"type":"LineString","coordinates":[[-73.9523426,40.8272998],[-73.9521683,40.827235],[-73.9521237,40.8272151]]},"properties":{"kind":"foot","name":"","bridge":false,"len":20,"major":false}},{"type":"Feature","geometry":{"type":"LineString","coordinates":[[-73.9567713,40.8240554],[-73.9570043,40.8241498],[-73.9570686,40.8241254],[-73.9571759,40.824093],[-73.9572832,40.8240808],[-73.957369,40.8240727],[-73.9575085,40.8241011],[-73.9575925,40.8241344],[-73.9576212,40.8241457],[-73.9577285,40.8242107],[-73.9578196,40.8242756],[-73.957943,40.8242107],[-73.9581305,40.8242801],[-73.9584473,40.8243974],[-73.9585438,40.824572],[-73.9586253,40.8246051],[-73.9587755,40.8246763],[-73.9577318,40.8262251],[-73.957369,40.826078],[-73.9570203,40.8266057],[-73.9565518,40.8267216],[-73.9563329,40.8267805],[-73.9551603,40.8270793],[-73.9545826,40.8272256],[-73.9543819,40.8272766]]},"properties":{"kind":"foot","name":"","bridge":false,"len":669,"major":true}},{"type":"Feature","geometry":{"type":"LineString","coordinates":[[-73.9573047,40.8265285],[-73.9573476,40.8265204],[-73.9574119,40.8265529],[-73.957428,40.8266097],[-73.9574763,40.8266625],[-73.9575107,40.8266795]]},"properties":{"kind":"foot","name":"","bridge":false,"len":24,"major":false}},{"type":"Feature","geometry":{"type":"LineString","coordinates":[[-73.9587227,40.8243203],[-73.9587101,40.8243487],[-73.9582005,40.824166],[-73.9581305,40.8242801]]},"properties":{"kind":"foot","name":"","bridge":false,"len":60,"major":false}},{"type":"Feature","geometry":{"type":"LineString","coordinates":[[-73.9552144,40.8263471],[-73.9558795,40.8261599]]},"properties":{"kind":"foot","name":"","bridge":false,"len":59,"major":false}},{"type":"Feature","geometry":{"type":"LineString","coordinates":[[-73.9575925,40.8241344],[-73.9576909,40.8239631]]},"properties":{"kind":"foot","name":"","bridge":false,"len":17,"major":false}},{"type":"Feature","geometry":{"type":"LineString","coordinates":[[-73.9563329,40.8267805],[-73.9552144,40.8263471],[-73.9551244,40.8263151]]},"properties":{"kind":"foot","name":"","bridge":false,"len":110,"major":false}},{"type":"Feature","geometry":{"type":"LineString","coordinates":[[-73.9588764,40.8244116],[-73.9587101,40.8243487]]},"properties":{"kind":"foot","name":"","bridge":false,"len":15,"major":false}},{"type":"Feature","geometry":{"type":"LineString","coordinates":[[-73.9575997,40.8239286],[-73.9576209,40.8239006]]},"properties":{"kind":"foot","name":"","bridge":false,"len":3,"major":false}},{"type":"Feature","geometry":{"type":"LineString","coordinates":[[-73.9566542,40.8258385],[-73.9571813,40.8257309],[-73.9578572,40.8246978],[-73.9581305,40.8242801]]},"properties":{"kind":"foot","name":"","bridge":false,"len":193,"major":false}},{"type":"Feature","geometry":{"type":"LineString","coordinates":[[-73.9562693,40.8256883],[-73.9561567,40.8253818],[-73.9568675,40.8242574],[-73.9569077,40.8242127],[-73.956956,40.8241762],[-73.9570043,40.8241498]]},"properties":{"kind":"foot","name":"","bridge":false,"len":156,"major":false}},{"type":"Feature","geometry":{"type":"LineString","coordinates":[[-73.9580238,40.8233202],[-73.9578704,40.8235411],[-73.9576209,40.8239006]]},"properties":{"kind":"foot","name":"","bridge":false,"len":60,"major":false}},{"type":"Feature","geometry":{"type":"LineString","coordinates":[[-73.9578572,40.8246978],[-73.9578867,40.8245841],[-73.9578894,40.8245131],[-73.9578787,40.8244421],[-73.9578678,40.8243689],[-73.9578196,40.8242756]]},"properties":{"kind":"foot","name":"","bridge":false,"len":37,"major":false}},{"type":"Feature","geometry":{"type":"LineString","coordinates":[[-73.9586253,40.8246051],[-73.9587619,40.8244089]]},"properties":{"kind":"foot","name":"","bridge":false,"len":20,"major":false}},{"type":"Feature","geometry":{"type":"LineString","coordinates":[[-73.9636308,40.8123181],[-73.963477,40.812631],[-73.9633567,40.812874]]},"properties":{"kind":"foot","name":"","bridge":false,"len":53,"major":false}},{"type":"Feature","geometry":{"type":"LineString","coordinates":[[-73.9828949,40.7849261],[-73.9830822,40.784763]]},"properties":{"kind":"sidewalk","major":false}},{"type":"Feature","geometry":{"type":"LineString","coordinates":[[-73.9846893,40.7861492],[-73.9846018,40.7861981],[-73.9845834,40.7862116],[-73.9845165,40.78627],[-73.984402,40.7863784],[-73.9843551,40.7864624],[-73.9843278,40.7865311],[-73.9843102,40.7865855]]},"properties":{"kind":"foot","name":"","bridge":false,"len":51,"major":false}},{"type":"Feature","geometry":{"type":"LineString","coordinates":[[-73.9848539,40.7858919],[-73.9846658,40.7858209]]},"properties":{"kind":"foot","name":"","bridge":false,"len":17,"major":false}},{"type":"Feature","geometry":{"type":"LineString","coordinates":[[-73.9852047,40.7856863],[-73.9851577,40.7855897],[-73.9851261,40.785499],[-73.9851129,40.7854199],[-73.9851201,40.7853754],[-73.9851245,40.7853172],[-73.985118,40.7852471],[-73.9851009,40.7851405]]},"properties":{"kind":"cycle","name":"","bridge":false,"len":48,"major":true}},{"type":"Feature","geometry":{"type":"LineString","coordinates":[[-73.9848928,40.7859067],[-73.9848013,40.7860385]]},"properties":{"kind":"foot","name":"","bridge":false,"len":14,"major":false}},{"type":"Feature","geometry":{"type":"LineString","coordinates":[[-73.9830822,40.784763],[-73.9831419,40.7847019],[-73.9832146,40.7846309],[-73.9833714,40.7844978],[-73.9835076,40.7843889],[-73.9836082,40.7843188],[-73.9836129,40.7843153],[-73.9837194,40.7842378],[-73.9838197,40.7841647],[-73.9839234,40.7840886],[-73.9840199,40.7840127],[-73.9841209,40.7839163],[-73.9842899,40.7837602],[-73.9844261,40.7836369],[-73.9845496,40.7835089],[-73.9846347,40.7834092],[-73.9847076,40.7833079],[-73.9847835,40.7831772],[-73.9848365,40.783075],[-73.9848473,40.7830542],[-73.9848665,40.7830051],[-73.9849114,40.7828902],[-73.984955,40.7827628]]},"properties":{"kind":"sidewalk","major":false}},{"type":"Feature","geometry":{"type":"LineString","coordinates":[[-73.9758244,40.7989997],[-73.9757574,40.7990516],[-73.9757191,40.7990749],[-73.9756392,40.7991129],[-73.975584,40.7991359],[-73.9755443,40.7991493],[-73.9754789,40.799165],[-73.9753974,40.7991772],[-73.9753232,40.7991842],[-73.9752,40.7991744]]},"properties":{"kind":"foot","name":"","bridge":false,"len":57,"major":false}},{"type":"Feature","geometry":{"type":"LineString","coordinates":[[-73.9753232,40.7991842],[-73.9753459,40.7992472],[-73.9753891,40.7994014],[-73.9754031,40.7994775],[-73.9753968,40.7995211],[-73.975384,40.7995903]]},"properties":{"kind":"foot","name":"","bridge":false,"len":36,"major":false}},{"type":"Feature","geometry":{"type":"LineString","coordinates":[[-73.9567777,40.8101664],[-73.9568463,40.8101862],[-73.9569322,40.8102077],[-73.956954,40.8102102],[-73.9569762,40.8102083],[-73.9570144,40.8101986],[-73.9570604,40.8101755],[-73.9570897,40.8101571],[-73.9571337,40.810134]]},"properties":{"kind":"foot","name":"","bridge":false,"len":32,"major":false}},{"type":"Feature","geometry":{"type":"LineString","coordinates":[[-73.95679176565709,40.80983360381634],[-73.9568149,40.8098574],[-73.9568921,40.8099051]]},"properties":{"kind":"foot","name":"","bridge":false,"len":21,"major":false}},{"type":"Feature","geometry":{"type":"LineString","coordinates":[[-73.9570175,40.8100438],[-73.9570603,40.8100308]]},"properties":{"kind":"foot","name":"","bridge":false,"len":4,"major":false}},{"type":"Feature","geometry":{"type":"LineString","coordinates":[[-73.9567535,40.8099123],[-73.9567749,40.8099157]]},"properties":{"kind":"foot","name":"","bridge":false,"len":2,"major":false}},{"type":"Feature","geometry":{"type":"LineString","coordinates":[[-73.9569947,40.8104359],[-73.9569275,40.8104085],[-73.9568602,40.8103632],[-73.9568174,40.8103274],[-73.9567954,40.8102986],[-73.9567816,40.8102704],[-73.9567674,40.8102282],[-73.9567659,40.810196],[-73.9567777,40.8101664],[-73.956794,40.8101357],[-73.95683,40.8100919],[-73.9568517,40.810064],[-73.9568606,40.810035],[-73.9568628,40.8100258],[-73.9568817,40.809954],[-73.9568921,40.8099051],[-73.9568862,40.8098653],[-73.9568833,40.8097163],[-73.95688594120848,40.80970461908019]]},"properties":{"kind":"foot","name":"","bridge":false,"len":328,"major":true}},{"type":"Feature","geometry":{"type":"LineString","coordinates":[[-73.973155,40.7941968],[-73.973454,40.7937908]]},"properties":{"kind":"foot","name":"Pomander Walk","bridge":false,"len":43,"major":true}},{"type":"Feature","geometry":{"type":"LineString","coordinates":[[-73.9731216,40.7942421],[-73.9731356,40.7942231]]},"properties":{"kind":"foot","name":"Pomander Walk","bridge":false,"len":2,"major":true}},{"type":"Feature","geometry":{"type":"LineString","coordinates":[[-73.9734769,40.7937597],[-73.973486,40.7937473]]},"properties":{"kind":"foot","name":"Pomander Walk","bridge":false,"len":1,"major":true}},{"type":"Feature","geometry":{"type":"LineString","coordinates":[[-73.9617143,40.8074412],[-73.9616809,40.8074873],[-73.961565,40.807641],[-73.961671,40.8076858],[-73.9618407,40.8077568],[-73.9619122,40.8077858],[-73.9621037,40.8078665],[-73.9623028,40.8079476],[-73.9623541,40.8079689],[-73.9625272,40.8080406],[-73.96266,40.8080956],[-73.962771,40.8079422],[-73.9628035,40.8078972]]},"properties":{"kind":"foot","name":"","bridge":false,"len":143,"major":false}},{"type":"Feature","geometry":{"type":"LineString","coordinates":[[-73.9621933,40.8077429],[-73.9622458,40.8076717],[-73.962308,40.8075899]]},"properties":{"kind":"foot","name":"","bridge":false,"len":16,"major":false}},{"type":"Feature","geometry":{"type":"LineString","coordinates":[[-73.9625272,40.8080406],[-73.9624027,40.8082127],[-73.96235,40.8082856],[-73.9621767,40.8085251],[-73.9621157,40.8086096],[-73.9620272,40.8087318],[-73.9620223,40.8087386],[-73.9619006,40.8089069],[-73.9619662,40.8089341],[-73.9619351,40.8089771],[-73.9617881,40.8091803],[-73.9615551,40.8095024]]},"properties":{"kind":"foot","name":"","bridge":false,"len":157,"major":false}},{"type":"Feature","geometry":{"type":"LineString","coordinates":[[-73.9629822,40.8074839],[-73.9629631,40.8075108],[-73.9628969,40.8076063],[-73.9628279,40.8077039]]},"properties":{"kind":"foot","name":"","bridge":false,"len":23,"major":false}},{"type":"Feature","geometry":{"type":"LineString","coordinates":[[-73.9610401,40.8085551],[-73.9612085,40.8086201],[-73.9614667,40.8087271],[-73.9617397,40.8088402],[-73.9619006,40.8089069]]},"properties":{"kind":"foot","name":"","bridge":false,"len":79,"major":false}},{"type":"Feature","geometry":{"type":"LineString","coordinates":[[-73.961671,40.8076858],[-73.9615487,40.807854],[-73.9614957,40.807927],[-73.9614097,40.8080454],[-73.9613295,40.8081558],[-73.9612578,40.8082543],[-73.9611748,40.808369],[-73.9610401,40.8085551],[-73.9609708,40.8085277],[-73.9606537,40.8083986],[-73.9604687,40.8083216],[-73.9602888,40.8082467]]},"properties":{"kind":"foot","name":"","bridge":false,"len":160,"major":false}},{"type":"Feature","geometry":{"type":"LineString","coordinates":[[-73.9615551,40.8095024],[-73.9616327,40.809534],[-73.9615912,40.8095912],[-73.9616882,40.809631],[-73.9616503,40.8096834],[-73.9614871,40.8099091]]},"properties":{"kind":"foot","name":"","bridge":false,"len":51,"major":false}},{"type":"Feature","geometry":{"type":"LineString","coordinates":[[-73.9613835,40.8096048],[-73.9606046,40.8092831]]},"properties":{"kind":"foot","name":"","bridge":false,"len":72,"major":false}},{"type":"Feature","geometry":{"type":"LineString","coordinates":[[-73.9743635,40.7980038],[-73.974351,40.7980642],[-73.9743557,40.7981002],[-73.9743714,40.7981434],[-73.9743894,40.7981786],[-73.9744223,40.798213],[-73.9744426,40.7982318],[-73.974465,40.7982437],[-73.9744895,40.7982594]]},"properties":{"kind":"foot","name":"","bridge":false,"len":27,"major":false}},{"type":"Feature","geometry":{"type":"LineString","coordinates":[[-73.9746011,40.7966791],[-73.974666,40.7967159],[-73.9746963,40.796733]]},"properties":{"kind":"foot","name":"","bridge":false,"len":9,"major":false}},{"type":"Feature","geometry":{"type":"LineString","coordinates":[[-73.9740469,40.7979137],[-73.9741126,40.7979009],[-73.9742296,40.7978932]]},"properties":{"kind":"sidewalk","major":false}},{"type":"Feature","geometry":{"type":"LineString","coordinates":[[-73.9746755,40.7959799],[-73.975098,40.7961708],[-73.9751826,40.7962113],[-73.9752971,40.7962702],[-73.9753762,40.7963226],[-73.9754318,40.7963753],[-73.9754724,40.796431],[-73.9755053,40.796501],[-73.9755265,40.7965931],[-73.9755378,40.7966741],[-73.9755429,40.7968144],[-73.9755375,40.7968517],[-73.9755116,40.7969728],[-73.9754721,40.797094],[-73.9754383,40.7971725],[-73.9754,40.7972399],[-73.9753392,40.7973354],[-73.9752559,40.7974536],[-73.9746439,40.7983268],[-73.9745749,40.7984234],[-73.9744596,40.798582],[-73.9744098,40.7986658],[-73.9743746,40.7987512]]},"properties":{"kind":"foot","name":"","bridge":false,"len":306,"major":true}},{"type":"Feature","geometry":{"type":"LineString","coordinates":[[-73.9745231,40.7966346],[-73.974483,40.7966151],[-73.9744426,40.7965955]]},"properties":{"kind":"sidewalk","major":false}},{"type":"Feature","geometry":{"type":"LineString","coordinates":[[-73.9743745,40.797961],[-73.9743635,40.7980038]]},"properties":{"kind":"foot","name":"","bridge":false,"len":4,"major":false}},{"type":"Feature","geometry":{"type":"LineString","coordinates":[[-73.9741251,40.7994275],[-73.9741553,40.7993916],[-73.9741867,40.7993503],[-73.9742203,40.7993044],[-73.9742605,40.7992299],[-73.974294,40.7991521],[-73.9743227,40.7990471],[-73.974361,40.7988062],[-73.9743746,40.7987512],[-73.9744349,40.7984352],[-73.9744737,40.7983101],[-73.9744895,40.7982594],[-73.9745134,40.7981749],[-73.9745294,40.7980398],[-73.9745375,40.7979286],[-73.9745524,40.7977218],[-73.9745435,40.7974782],[-73.9745145,40.7971649],[-73.974503,40.7970594],[-73.9745059,40.7970024],[-73.9745176,40.7969667],[-73.9745655,40.796853],[-73.9746082,40.7967771],[-73.974666,40.7967159],[-73.9747333,40.7966478],[-73.9747853,40.7966045],[-73.974824,40.7965807],[-73.9748807,40.7965574],[-73.9749522,40.7965406],[-73.9750024,40.7965297],[-73.9750704,40.7965227],[-73.9751556,40.7965228],[-73.9752344,40.7965317],[-73.9753028,40.7965546],[-73.9753896,40.7965952],[-73.9753852,40.7965904],[-73.9754464,40.7966453],[-73.9754936,40.7967047],[-73.9755429,40.7968144]]},"properties":{"kind":"foot","name":"","bridge":false,"len":333,"major":true}},{"type":"Feature","geometry":{"type":"LineString","coordinates":[[-73.9753762,40.7963226],[-73.9753441,40.7963889],[-73.9752919,40.796464],[-73.9752344,40.7965317]]},"properties":{"kind":"foot","name":"","bridge":false,"len":22,"major":false}},{"type":"Feature","geometry":{"type":"LineString","coordinates":[[-73.9744895,40.7982594],[-73.9745127,40.7982717],[-73.9745503,40.7982894],[-73.9746439,40.7983268]]},"properties":{"kind":"foot","name":"","bridge":false,"len":14,"major":false}},{"type":"Feature","geometry":{"type":"LineString","coordinates":[[-73.9667339,40.8101246],[-73.9669148,40.8099933],[-73.9670397,40.8098954],[-73.9671978,40.8097245],[-73.9676539,40.8090386]]},"properties":{"kind":"foot","name":"","bridge":false,"len":122,"major":false}},{"type":"Feature","geometry":{"type":"LineString","coordinates":[[-73.9731481,40.8004782],[-73.97312,40.800471],[-73.9730891,40.800461],[-73.9730631,40.8004547],[-73.9730317,40.8004499],[-73.9729926,40.8004487],[-73.9729598,40.8004523],[-73.9729222,40.8004641],[-73.9728644,40.8004949],[-73.9727624,40.8005787],[-73.9725987,40.8007093],[-73.9724063,40.8008432],[-73.9722426,40.800932],[-73.9720414,40.8010575],[-73.9719632,40.8011106],[-73.9718689,40.8011747],[-73.9717738,40.8012584],[-73.9717715,40.8012607],[-73.9716566,40.801379],[-73.97163,40.8014058],[-73.9715864,40.8014494],[-73.9715393,40.8015018],[-73.9714642,40.8015899],[-73.9713908,40.80168],[-73.9713049,40.8017975],[-73.971098,40.8021384],[-73.9708763,40.8024156],[-73.970679,40.802658],[-73.9704955,40.802951],[-73.970376,40.8031117],[-73.9703677,40.8031226],[-73.9703053,40.8032038],[-73.9702231,40.8033077],[-73.9701658,40.8033699],[-73.9700992,40.8034454],[-73.9699915,40.8035831],[-73.9699199,40.8036886],[-73.9698126,40.8038418],[-73.9697584,40.8039104],[-73.9696705,40.8040241],[-73.9695799,40.8041848],[-73.9695351,40.8042914],[-73.9694709,40.8044726],[-73.9694243,40.8046242],[-73.9693783,40.8047423],[-73.9693277,40.804845],[-73.969248,40.8049484],[-73.9691743,40.8050306],[-73.9690871,40.8051422],[-73.9689997,40.8052549],[-73.9689492,40.8053469],[-73.9688909,40.8054967],[-73.9688339,40.8056049],[-73.9687804,40.8056877],[-73.9687304,40.8057716],[-73.9687084,40.8058045],[-73.9686394,40.8059079],[-73.9685796,40.8059996],[-73.9684852,40.806199],[-73.9684122,40.8063328],[-73.9683443,40.8064488],[-73.9682956,40.8065184],[-73.9682715,40.8065552],[-73.968142,40.8067624],[-73.9680109,40.8069147],[-73.9679319,40.8070406],[-73.9678895,40.807158],[-73.967845,40.8072563],[-73.9677912,40.8073762],[-73.9677418,40.8074644],[-73.9676755,40.8075566],[-73.9676004,40.8076424],[-73.9675072,40.8077367],[-73.9674152,40.8078366],[-73.9673247,40.8079759],[-73.9672342,40.808142],[-73.9672237,40.80816],[-73.9671774,40.8082302],[-73.9670976,40.808322],[-73.9670634,40.8083554],[-73.9670086,40.808409],[-73.9669504,40.8084578],[-73.966912,40.8085019],[-73.9668813,40.8085507],[-73.9668414,40.8086273],[-73.9667847,40.8087167],[-73.9667018,40.8088096],[-73.9665898,40.8089258],[-73.9665312,40.8089785],[-73.9664763,40.8090279],[-73.9663076,40.8091638],[-73.9662063,40.8092393],[-73.9661434,40.8092996],[-73.9661228,40.8093318],[-73.9660848,40.80941],[-73.966053,40.8094806],[-73.9659777,40.8095481],[-73.9658351,40.8096851],[-73.9657349,40.809786],[-73.9656698,40.8098747],[-73.9655245,40.8100898],[-73.9652867,40.8104437],[-73.9651794,40.8105877],[-73.9651195,40.8107003],[-73.9650582,40.8108385],[-73.9650509,40.8108548],[-73.9649999,40.8109697],[-73.9649554,40.8110591],[-73.9649136,40.8111397]]},"properties":{"kind":"foot","name":"","bridge":false,"len":1171,"major":true}},{"type":"Feature","geometry":{"type":"LineString","coordinates":[[-73.9786037,40.7944974],[-73.9786343,40.7945077],[-73.9786701,40.7945142],[-73.9787391,40.7945167],[-73.9788129,40.7945043],[-73.9788988,40.7944711],[-73.9789481,40.7944487],[-73.9790406,40.7944062],[-73.9791295,40.7943536]]},"properties":{"kind":"foot","name":"","bridge":false,"len":48,"major":false}},{"type":"Feature","geometry":{"type":"LineString","coordinates":[[-73.97163,40.8014058],[-73.9715426,40.8015652],[-73.9715118,40.8016544],[-73.9714921,40.8017341],[-73.971492,40.8018448],[-73.9715135,40.8019271],[-73.9715876,40.8020417],[-73.9716287,40.8020847],[-73.9716896,40.8021332],[-73.9717683,40.802188],[-73.9718147,40.8021995],[-73.9719161,40.8022356],[-73.9720218,40.8022768],[-73.9720765,40.8022982]]},"properties":{"kind":"foot","name":"","bridge":false,"len":106,"major":false}},{"type":"Feature","geometry":{"type":"LineString","coordinates":[[-73.9824893,40.7850358],[-73.9825606,40.7850612],[-73.9826218,40.785083]]},"properties":{"kind":"sidewalk","major":false}},{"type":"Feature","geometry":{"type":"LineString","coordinates":[[-73.9783259,40.7935396],[-73.9782602,40.7935434],[-73.9781699,40.7935487],[-73.9780945,40.7935532],[-73.9780324,40.793553],[-73.9779709,40.7935495],[-73.9779053,40.7935395],[-73.9778187,40.7935239],[-73.9777129,40.7935049],[-73.9776558,40.7934896],[-73.9776134,40.7934728],[-73.9775775,40.7934541],[-73.9775458,40.7934329],[-73.9774911,40.7933883],[-73.9774404,40.7933381],[-73.9774037,40.7932941]]},"properties":{"kind":"foot","name":"","bridge":false,"len":85,"major":false}},{"type":"Feature","geometry":{"type":"LineString","coordinates":[[-73.9843102,40.7865855],[-73.9842857,40.7866424],[-73.9842299,40.7867248],[-73.9840142,40.7869751],[-73.9838773,40.7871737],[-73.9837717,40.7873635],[-73.9837213,40.7874358],[-73.983665,40.7875175],[-73.983567,40.78764],[-73.9835187,40.7877047],[-73.9834872,40.7877515],[-73.9834514,40.7878163]]},"properties":{"kind":"foot","name":"","bridge":false,"len":128,"major":false}},{"type":"Feature","geometry":{"type":"LineString","coordinates":[[-73.9831198,40.7857251],[-73.9831691,40.7857195],[-73.9832764,40.7856987],[-73.983392,40.7856704],[-73.9834532,40.7856486],[-73.9835501,40.7856086],[-73.9836771,40.7855649],[-73.9837132,40.7855551],[-73.9837459,40.7855484],[-73.9837702,40.7855443],[-73.9837964,40.7855456],[-73.9838132,40.7855509],[-73.9840644,40.7856628],[-73.9840683,40.7856664],[-73.9840882,40.7856795],[-73.9840993,40.7856901],[-73.9841086,40.7857042],[-73.9841156,40.7857205],[-73.9841221,40.7857541]]},"properties":{"kind":"foot","name":"","bridge":false,"len":94,"major":false}},{"type":"Feature","geometry":{"type":"LineString","coordinates":[[-73.9829618,40.7857285],[-73.9831198,40.7857251]]},"properties":{"kind":"foot","name":"","bridge":false,"len":13,"major":false}},{"type":"Feature","geometry":{"type":"LineString","coordinates":[[-73.9827596,40.7857175],[-73.982868,40.7857273],[-73.9829618,40.7857285]]},"properties":{"kind":"foot","name":"","bridge":false,"len":17,"major":false}},{"type":"Feature","geometry":{"type":"LineString","coordinates":[[-73.9658111,40.8111248],[-73.965724,40.8113413]]},"properties":{"kind":"foot","name":"","bridge":false,"len":20,"major":false}},{"type":"Feature","geometry":{"type":"LineString","coordinates":[[-73.9656655,40.8088906],[-73.965723,40.8089139]]},"properties":{"kind":"sidewalk","major":false}},{"type":"Feature","geometry":{"type":"LineString","coordinates":[[-73.9642288,40.8117821],[-73.9641615,40.8118136]]},"properties":{"kind":"foot","name":"","bridge":false,"len":6,"major":false}},{"type":"Feature","geometry":{"type":"LineString","coordinates":[[-73.9819486,40.7886644],[-73.9818093,40.7886099]]},"properties":{"kind":"cycle","name":"","bridge":false,"len":13,"major":true}},{"type":"Feature","geometry":{"type":"LineString","coordinates":[[-73.9790861,40.7930389],[-73.9789566,40.7929588]]},"properties":{"kind":"foot","name":"","bridge":false,"len":13,"major":false}},{"type":"Feature","geometry":{"type":"LineString","coordinates":[[-73.9656955,40.8113861],[-73.965724,40.8113413]]},"properties":{"kind":"foot","name":"","bridge":false,"len":5,"major":false}},{"type":"Feature","geometry":{"type":"LineString","coordinates":[[-73.9827949,40.788578],[-73.9824871,40.7885061]]},"properties":{"kind":"cycle","name":"","bridge":false,"len":27,"major":true}},{"type":"Feature","geometry":{"type":"LineString","coordinates":[[-73.9807505,40.7907867],[-73.9806001,40.7907426]]},"properties":{"kind":"foot","name":"","bridge":false,"len":13,"major":false}},{"type":"Feature","geometry":{"type":"LineString","coordinates":[[-73.9798164,40.7922504],[-73.9796753,40.7921895]]},"properties":{"kind":"foot","name":"","bridge":false,"len":13,"major":false}},{"type":"Feature","geometry":{"type":"LineString","coordinates":[[-73.9822313,40.7882521],[-73.9820878,40.7881937]]},"properties":{"kind":"cycle","name":"","bridge":false,"len":13,"major":true}},{"type":"Feature","geometry":{"type":"LineString","coordinates":[[-73.9822711,40.7880987],[-73.9822959,40.7880968],[-73.982317,40.7880891],[-73.9823323,40.788078],[-73.9823431,40.7880627],[-73.9823469,40.7880438],[-73.9823424,40.7880264],[-73.9823323,40.7880127],[-73.9823093,40.787998],[-73.982293,40.7879933],[-73.9822711,40.7879919],[-73.9822496,40.7879957],[-73.9822319,40.7880035],[-73.9822156,40.7880176],[-73.9822078,40.7880315],[-73.9822055,40.7880475],[-73.9822101,40.7880645],[-73.9822291,40.7880853],[-73.9822439,40.788093],[-73.9822576,40.788097],[-73.9822711,40.7880987]]},"properties":{"kind":"cycle","name":"","bridge":false,"len":33,"major":true}},{"type":"Feature","geometry":{"type":"LineString","coordinates":[[-73.9784832,40.7934152],[-73.9788692,40.7930433],[-73.9789566,40.7929588],[-73.9790391,40.7928791],[-73.9793354,40.79258],[-73.9794877,40.79241],[-73.9796753,40.7921895],[-73.9799103,40.7918804],[-73.9801194,40.7915809],[-73.9802772,40.7913407],[-73.9804891,40.7909602],[-73.9806001,40.7907426],[-73.9806391,40.7906661],[-73.9807809,40.7903712],[-73.980984,40.7899762],[-73.9810483,40.7898501],[-73.981247,40.7895053],[-73.9813849,40.7892668],[-73.9816188,40.7888875],[-73.9818093,40.7886099],[-73.9820241,40.7882889],[-73.9820878,40.7881937],[-73.9822055,40.7880475]]},"properties":{"kind":"foot","name":"","bridge":false,"len":559,"major":true}},{"type":"Feature","geometry":{"type":"LineString","coordinates":[[-73.9786119,40.7934953],[-73.9790861,40.7930389],[-73.9793998,40.7927325],[-73.9795836,40.7925247],[-73.9796244,40.7924785],[-73.9798164,40.7922504],[-73.9798368,40.7922254],[-73.9800646,40.7919251],[-73.9802771,40.7916231],[-73.9806136,40.7910726],[-73.9807505,40.7907867],[-73.9808089,40.7906649],[-73.9809402,40.7904168],[-73.9811399,40.7900208],[-73.9813959,40.7895529],[-73.9815261,40.7893173],[-73.9817678,40.788928],[-73.9819486,40.7886644],[-73.9822313,40.7882521],[-73.9822662,40.7881914],[-73.982317,40.7880891]]},"properties":{"kind":"foot","name":"","bridge":false,"len":561,"major":true}},{"type":"Feature","geometry":{"type":"LineString","coordinates":[[-73.9811399,40.7900208],[-73.9811861,40.7900085],[-73.9812196,40.7899932],[-73.9812631,40.7899715],[-73.981308,40.7899424],[-73.9813891,40.7898655],[-73.9815265,40.7897193],[-73.9816279,40.7895963],[-73.9817555,40.7894423],[-73.981946,40.789187],[-73.9820821,40.7889851],[-73.9821424,40.7888918],[-73.9821905,40.7888068],[-73.9822348,40.7887099],[-73.9822943,40.7885687],[-73.9823106,40.7885409],[-73.9823242,40.7885221],[-73.9823441,40.7885035],[-73.9823738,40.7884974],[-73.9823967,40.7884967],[-73.9824325,40.7884982],[-73.9824871,40.7885061]]},"properties":{"kind":"cycle","name":"","bridge":false,"len":180,"major":true}},{"type":"Feature","geometry":{"type":"LineString","coordinates":[[-73.9761945,40.7954765],[-73.9762786,40.7954903],[-73.976335,40.7954939],[-73.9763753,40.7954964],[-73.9764404,40.7954972],[-73.9765066,40.7954922],[-73.9765629,40.795483],[-73.9766015,40.7954705],[-73.976649,40.7954429],[-73.9766854,40.795417],[-73.9767262,40.7953744],[-73.9768179,40.7952622],[-73.976873,40.7951948],[-73.9770937,40.7949283],[-73.9773199,40.794671],[-73.9774732,40.7945065],[-73.977588,40.7943853],[-73.9776652,40.7943076],[-73.9777601,40.7942316],[-73.9778363,40.7941823],[-73.9779336,40.7941363],[-73.9780934,40.7940595],[-73.978239,40.7940052],[-73.9783339,40.793971],[-73.978447,40.7939254],[-73.978538,40.7938895],[-73.9786153,40.7938528],[-73.9786544,40.7938193],[-73.9786775,40.7937891]]},"properties":{"kind":"foot","name":"","bridge":false,"len":267,"major":true}},{"type":"Feature","geometry":{"type":"LineString","coordinates":[[-73.9785391,40.7936343],[-73.9786017,40.7935764],[-73.9786225,40.7935573],[-73.9786119,40.7934953],[-73.9786085,40.7934754],[-73.9785095,40.7934134],[-73.9784832,40.7934152],[-73.9783934,40.7934214],[-73.9783219,40.7934905],[-73.9783259,40.7935396],[-73.9783291,40.7935799],[-73.9784305,40.7936412],[-73.9785391,40.7936343]]},"properties":{"kind":"foot","name":"","bridge":false,"len":72,"major":false}},{"type":"Feature","geometry":{"type":"LineString","coordinates":[[-73.9772971,40.7928832],[-73.9773154,40.7929287],[-73.9773276,40.7929524],[-73.9773539,40.7929976],[-73.977372,40.7930702],[-73.9773879,40.7931546],[-73.977398,40.7932214],[-73.9774037,40.7932941],[-73.9774129,40.7934299],[-73.977403,40.7935565],[-73.9773755,40.7936959],[-73.9773452,40.7937922],[-73.9773043,40.7939329],[-73.9772821,40.7939675],[-73.9772573,40.794016],[-73.9771974,40.7941647],[-73.9771214,40.7943426],[-73.9770546,40.7944977],[-73.9769429,40.7947127],[-73.9768306,40.7949071],[-73.9767611,40.7950425],[-73.9767441,40.7950808],[-73.976737,40.7951179],[-73.9767426,40.7951451],[-73.9767489,40.7951706],[-73.9767703,40.7952077],[-73.9767977,40.7952395],[-73.9768179,40.7952622]]},"properties":{"kind":"foot","name":"","bridge":false,"len":218,"major":true}},{"type":"Feature","geometry":{"type":"LineString","coordinates":[[-73.9649136,40.8111397],[-73.9650921,40.8111497]]},"properties":{"kind":"foot","name":"","bridge":false,"len":15,"major":false}},{"type":"Feature","geometry":{"type":"LineString","coordinates":[[-73.9786017,40.7935764],[-73.9786194,40.7935874],[-73.9786334,40.793611],[-73.9786553,40.79364],[-73.978674,40.7936748]]},"properties":{"kind":"foot","name":"","bridge":false,"len":11,"major":false}},{"type":"Feature","geometry":{"type":"LineString","coordinates":[[-73.9650921,40.8111497],[-73.9650428,40.8110315],[-73.9650385,40.8109724],[-73.9650428,40.8109207],[-73.9650509,40.8108548]]},"properties":{"kind":"foot","name":"","bridge":false,"len":26,"major":false}},{"type":"Feature","geometry":{"type":"LineString","coordinates":[[-73.9843981,40.786707],[-73.9843632,40.7866735],[-73.9843336,40.7866197],[-73.9843102,40.7865855],[-73.9842651,40.7865346],[-73.9842193,40.7865043],[-73.9841321,40.786449]]},"properties":{"kind":"foot","name":"","bridge":false,"len":32,"major":false}},{"type":"Feature","geometry":{"type":"LineString","coordinates":[[-73.9779709,40.7935495],[-73.9778274,40.7936105],[-73.977645,40.7936684],[-73.9775311,40.793733],[-73.9774517,40.7937913],[-73.9773975,40.793842],[-73.9773476,40.7938881],[-73.9773043,40.7939329]]},"properties":{"kind":"foot","name":"","bridge":false,"len":66,"major":false}},{"type":"Feature","geometry":{"type":"LineString","coordinates":[[-73.9830651,40.788778],[-73.9830752,40.7887271],[-73.9830752,40.7887024],[-73.9830688,40.7886825],[-73.9830529,40.7886584],[-73.9830219,40.7886331],[-73.9829917,40.7886163],[-73.9829638,40.7886066]]},"properties":{"kind":"cycle","name":"","bridge":false,"len":20,"major":true}},{"type":"Feature","geometry":{"type":"LineString","coordinates":[[-73.9832829,40.7884697],[-73.9831738,40.7885494],[-73.9830999,40.7885801],[-73.9830569,40.7885952],[-73.9830092,40.7886036],[-73.9829638,40.7886066],[-73.9829113,40.7886048],[-73.9828509,40.7885934],[-73.9827949,40.788578]]},"properties":{"kind":"cycle","name":"","bridge":false,"len":45,"major":true}},{"type":"Feature","geometry":{"type":"LineString","coordinates":[[-73.9842877,40.7859575],[-73.9843665,40.7858774]]},"properties":{"kind":"foot","name":"","bridge":false,"len":10,"major":false}},{"type":"Feature","geometry":{"type":"LineString","coordinates":[[-73.96235,40.8082856],[-73.9625157,40.8083599],[-73.9628185,40.8084903],[-73.9629342,40.8085402],[-73.9629474,40.8086034],[-73.9628968,40.8086784],[-73.9628563,40.8087297],[-73.9627959,40.8087447],[-73.9626673,40.8087348],[-73.9623404,40.8085904],[-73.9621767,40.8085251]]},"properties":{"kind":"foot","name":"","bridge":false,"len":135,"major":false}},{"type":"Feature","geometry":{"type":"LineString","coordinates":[[-73.9600818,40.8074249],[-73.9600478,40.8074119],[-73.9597532,40.8072898]]},"properties":{"kind":"foot","name":"","bridge":false,"len":30,"major":false}},{"type":"Feature","geometry":{"type":"LineString","coordinates":[[-73.9606263,40.8075619],[-73.9609163,40.8071662]]},"properties":{"kind":"foot","name":"","bridge":false,"len":42,"major":false}},{"type":"Feature","geometry":{"type":"LineString","coordinates":[[-73.9607072,40.8088886],[-73.9604978,40.808802]]},"properties":{"kind":"foot","name":"","bridge":false,"len":19,"major":false}},{"type":"Feature","geometry":{"type":"LineString","coordinates":[[-73.9604687,40.8083216],[-73.9607614,40.8079187]]},"properties":{"kind":"foot","name":"","bridge":false,"len":42,"major":false}},{"type":"Feature","geometry":{"type":"LineString","coordinates":[[-73.9605519,40.8093561],[-73.9604071,40.8092971]]},"properties":{"kind":"foot","name":"","bridge":false,"len":13,"major":false}},{"type":"Feature","geometry":{"type":"LineString","coordinates":[[-73.9631359,40.8087845],[-73.9630855,40.8087608],[-73.9630488,40.8087435]]},"properties":{"kind":"foot","name":"","bridge":false,"len":8,"major":false}},{"type":"Feature","geometry":{"type":"LineString","coordinates":[[-73.9616809,40.8074873],[-73.9613273,40.8073389],[-73.9613104,40.8073318],[-73.9612302,40.8072981],[-73.9610625,40.8072276]]},"properties":{"kind":"foot","name":"","bridge":false,"len":57,"major":false}},{"type":"Feature","geometry":{"type":"LineString","coordinates":[[-73.9629785,40.8082772],[-73.9631139,40.8083362]]},"properties":{"kind":"foot","name":"","bridge":false,"len":13,"major":false}},{"type":"Feature","geometry":{"type":"LineString","coordinates":[[-73.9614097,40.8080454],[-73.961217,40.8079628],[-73.9611511,40.8079343]]},"properties":{"kind":"foot","name":"","bridge":false,"len":24,"major":false}},{"type":"Feature","geometry":{"type":"LineString","coordinates":[[-73.9606537,40.8083986],[-73.9607667,40.8082435]]},"properties":{"kind":"foot","name":"","bridge":false,"len":16,"major":false}},{"type":"Feature","geometry":{"type":"LineString","coordinates":[[-73.9604732,40.8091452],[-73.9603737,40.8092828],[-73.9603443,40.8093219]]},"properties":{"kind":"foot","name":"","bridge":false,"len":19,"major":false}},{"type":"Feature","geometry":{"type":"LineString","coordinates":[[-73.9607892,40.8098138],[-73.9607066,40.80978],[-73.9607034,40.8097787],[-73.9606267,40.8097473]]},"properties":{"kind":"foot","name":"","bridge":false,"len":15,"major":false}},{"type":"Feature","geometry":{"type":"LineString","coordinates":[[-73.9611684,40.8080228],[-73.961217,40.8079628],[-73.9612592,40.8079072]]},"properties":{"kind":"foot","name":"","bridge":false,"len":12,"major":false}},{"type":"Feature","geometry":{"type":"LineString","coordinates":[[-73.9610223,40.8098727],[-73.9610021,40.8099009],[-73.9609551,40.8098817]]},"properties":{"kind":"foot","name":"","bridge":false,"len":7,"major":false}},{"type":"Feature","geometry":{"type":"LineString","coordinates":[[-73.96266,40.8080956],[-73.962646,40.8081149],[-73.9629896,40.8082624]]},"properties":{"kind":"foot","name":"","bridge":false,"len":34,"major":false}},{"type":"Feature","geometry":{"type":"LineString","coordinates":[[-73.9619351,40.8089771],[-73.9623366,40.8091457],[-73.9623543,40.8091531],[-73.9626163,40.8092631]]},"properties":{"kind":"foot","name":"","bridge":false,"len":63,"major":false}},{"type":"Feature","geometry":{"type":"LineString","coordinates":[[-73.960405,40.8074201],[-73.9601615,40.8073184],[-73.9598322,40.8071801]]},"properties":{"kind":"foot","name":"","bridge":false,"len":53,"major":false}},{"type":"Feature","geometry":{"type":"LineString","coordinates":[[-73.9604611,40.8096796],[-73.9603979,40.8096537],[-73.9604233,40.8096181]]},"properties":{"kind":"foot","name":"","bridge":false,"len":10,"major":false}},{"type":"Feature","geometry":{"type":"LineString","coordinates":[[-73.961238,40.8098059],[-73.9611117,40.8097511],[-73.9610973,40.8097676]]},"properties":{"kind":"foot","name":"","bridge":false,"len":14,"major":false}},{"type":"Feature","geometry":{"type":"LineString","coordinates":[[-73.9625157,40.8083599],[-73.9624309,40.8084738],[-73.9623404,40.8085904]]},"properties":{"kind":"foot","name":"","bridge":false,"len":25,"major":false}},{"type":"Feature","geometry":{"type":"LineString","coordinates":[[-73.962771,40.8079422],[-73.9631131,40.808094],[-73.9633966,40.808206]]},"properties":{"kind":"foot","name":"","bridge":false,"len":58,"major":false}},{"type":"Feature","geometry":{"type":"LineString","coordinates":[[-73.9616503,40.8096834],[-73.9619206,40.8097952],[-73.9617541,40.8100198]]},"properties":{"kind":"foot","name":"","bridge":false,"len":49,"major":false}},{"type":"Feature","geometry":{"type":"LineString","coordinates":[[-73.9626673,40.8087348],[-73.9625579,40.8088753],[-73.9625099,40.8089399],[-73.9624645,40.808999],[-73.9623543,40.8091531]]},"properties":{"kind":"foot","name":"","bridge":false,"len":44,"major":false}},{"type":"Feature","geometry":{"type":"LineString","coordinates":[[-73.9609109,40.8077346],[-73.9609402,40.8076937],[-73.961101,40.8074782]]},"properties":{"kind":"foot","name":"","bridge":false,"len":27,"major":false}},{"type":"Feature","geometry":{"type":"LineString","coordinates":[[-73.9612085,40.8086201],[-73.9613393,40.8084419],[-73.9614234,40.8083229],[-73.9612578,40.8082543]]},"properties":{"kind":"foot","name":"","bridge":false,"len":46,"major":false}},{"type":"Feature","geometry":{"type":"LineString","coordinates":[[-73.9617397,40.8088402],[-73.9618689,40.8086626],[-73.9619547,40.8085429],[-73.9621157,40.8086096]]},"properties":{"kind":"foot","name":"","bridge":false,"len":46,"major":false}},{"type":"Feature","geometry":{"type":"LineString","coordinates":[[-73.9610012,40.8072019],[-73.9609163,40.8071662],[-73.9608992,40.807159]]},"properties":{"kind":"foot","name":"","bridge":false,"len":9,"major":false}},{"type":"Feature","geometry":{"type":"LineString","coordinates":[[-73.9630841,40.8081335],[-73.9629896,40.8082624],[-73.9629785,40.8082772],[-73.9628185,40.8084903]]},"properties":{"kind":"foot","name":"","bridge":false,"len":38,"major":false}},{"type":"Feature","geometry":{"type":"LineString","coordinates":[[-73.9607093,40.8075966],[-73.9606263,40.8075619],[-73.9606096,40.8075549]]},"properties":{"kind":"foot","name":"","bridge":false,"len":9,"major":false}},{"type":"Feature","geometry":{"type":"LineString","coordinates":[[-73.9606878,40.8077499],[-73.9606846,40.8077681],[-73.9606846,40.8077872],[-73.9606976,40.8078227],[-73.9606869,40.8078394]]},"properties":{"kind":"foot","name":"","bridge":false,"len":8,"major":false}},{"type":"Feature","geometry":{"type":"LineString","coordinates":[[-73.9614957,40.807927],[-73.9613286,40.8078568],[-73.9613049,40.8078469],[-73.9609402,40.8076937],[-73.9609049,40.8076789]]},"properties":{"kind":"foot","name":"","bridge":false,"len":54,"major":false}},{"type":"Feature","geometry":{"type":"LineString","coordinates":[[-73.9606878,40.8077499],[-73.9606983,40.8077373],[-73.9607091,40.8077277],[-73.9607208,40.8077219],[-73.9607352,40.8077161],[-73.9607514,40.8077116],[-73.9607882,40.8077087],[-73.9608031,40.8076879]]},"properties":{"kind":"foot","name":"","bridge":false,"len":12,"major":false}},{"type":"Feature","geometry":{"type":"LineString","coordinates":[[-73.9607632,40.8078716],[-73.9607363,40.8079082],[-73.9607614,40.8079187],[-73.9609469,40.8079961],[-73.9610007,40.8080185],[-73.9611287,40.808072],[-73.9613099,40.8081476]]},"properties":{"kind":"foot","name":"","bridge":false,"len":57,"major":false}},{"type":"Feature","geometry":{"type":"LineString","coordinates":[[-73.9601615,40.8073184],[-73.9600818,40.8074249]]},"properties":{"kind":"foot","name":"","bridge":false,"len":11,"major":false}},{"type":"Feature","geometry":{"type":"LineString","coordinates":[[-73.9625099,40.8089399],[-73.9623343,40.8088673],[-73.9620223,40.8087386]]},"properties":{"kind":"foot","name":"","bridge":false,"len":45,"major":false}},{"type":"Feature","geometry":{"type":"LineString","coordinates":[[-73.959738,40.820304],[-73.9597268,40.8203589],[-73.9596576,40.8204553],[-73.9590503,40.821183],[-73.9588022,40.8215001],[-73.9586754,40.8215836],[-73.958591,40.821609],[-73.9585216,40.8216069],[-73.9584622,40.8216051],[-73.9583145,40.8216251],[-73.9582193,40.8216844],[-73.9576372,40.8224415],[-73.957414,40.8226782],[-73.9571374,40.8228732],[-73.9569228,40.823078],[-73.9564585,40.8235124],[-73.9560439,40.8239712],[-73.9550206,40.8250199],[-73.954482,40.8255536],[-73.9542897,40.8257197],[-73.9536895,40.8263686],[-73.9532405,40.8268991],[-73.953064,40.8271043],[-73.9529572,40.8272622],[-73.9529516,40.8273796],[-73.9530147,40.8274784],[-73.9531245,40.8275404],[-73.9531517,40.8275551],[-73.9533874,40.8276831],[-73.9535986,40.8279598],[-73.953638,40.8280133],[-73.9536724,40.8280575]]},"properties":{"kind":"cycle","name":"Riverside Walk","bridge":false,"len":933,"major":true}},{"type":"Feature","geometry":{"type":"LineString","coordinates":[[-73.9561526,40.8230924],[-73.9559603,40.8233828],[-73.9555525,40.8237131]]},"properties":{"kind":"foot","name":"","bridge":false,"len":74,"major":false}},{"type":"Feature","geometry":{"type":"LineString","coordinates":[[-73.94945,40.8208827],[-73.9494753,40.8208747],[-73.9494913,40.8208774],[-73.9495008,40.8208825],[-73.9495114,40.8209018],[-73.949505,40.8209173],[-73.9495008,40.8209211],[-73.9494753,40.820929],[-73.949457,40.8209252],[-73.94945,40.820921],[-73.9494396,40.8209018],[-73.94945,40.8208827]]},"properties":{"kind":"foot","name":"","bridge":false,"len":17,"major":false}},{"type":"Feature","geometry":{"type":"LineString","coordinates":[[-73.9492741,40.8211256],[-73.9492992,40.8211176],[-73.9493153,40.8211203],[-73.9493248,40.8211253],[-73.9493356,40.8211446],[-73.9493291,40.8211603],[-73.9493249,40.8211641],[-73.9492992,40.8211719],[-73.949281,40.8211679],[-73.949274,40.8211637],[-73.9492638,40.8211446],[-73.9492741,40.8211256]]},"properties":{"kind":"foot","name":"","bridge":false,"len":17,"major":false}},{"type":"Feature","geometry":{"type":"LineString","coordinates":[[-73.9493373,40.82101],[-73.9493496,40.8209943],[-73.9493861,40.8209824],[-73.9494121,40.8209876],[-73.949423,40.8209939],[-73.9494381,40.8210219],[-73.9494304,40.8210418],[-73.9494224,40.8210494],[-73.9493861,40.8210604],[-73.9493634,40.8210562],[-73.9493502,40.821049],[-73.949335,40.8210219],[-73.9493373,40.82101]]},"properties":{"kind":"foot","name":"","bridge":false,"len":24,"major":false}},{"type":"Feature","geometry":{"type":"LineString","coordinates":[[-73.94877838278316,40.8208088947529],[-73.9487985,40.8208189],[-73.9488818,40.8208421],[-73.9488943,40.8208228],[-73.9489169,40.8207881],[-73.9488367,40.8207587],[-73.94882019097678,40.82075163340703]]},"properties":{"kind":"foot","name":"","bridge":false,"len":61,"major":false}},{"type":"Feature","geometry":{"type":"LineString","coordinates":[[-73.949242,40.8209696],[-73.9491551,40.8209329]]},"properties":{"kind":"foot","name":"","bridge":false,"len":8,"major":false}},{"type":"Feature","geometry":{"type":"LineString","coordinates":[[-73.9498209,40.8212026],[-73.9499415,40.8212522]]},"properties":{"kind":"foot","name":"","bridge":false,"len":11,"major":false}},{"type":"Feature","geometry":{"type":"LineString","coordinates":[[-73.9493153,40.8211203],[-73.9493634,40.8210562]]},"properties":{"kind":"foot","name":"","bridge":false,"len":7,"major":false}},{"type":"Feature","geometry":{"type":"LineString","coordinates":[[-73.9499703,40.8212641],[-73.9500896,40.8213132]]},"properties":{"kind":"foot","name":"","bridge":false,"len":11,"major":false}},{"type":"Feature","geometry":{"type":"LineString","coordinates":[[-73.9495373,40.8206792],[-73.9493905,40.8206188]]},"properties":{"kind":"foot","name":"","bridge":false,"len":13,"major":false}},{"type":"Feature","geometry":{"type":"LineString","coordinates":[[-73.9494121,40.8209876],[-73.949457,40.8209252]]},"properties":{"kind":"foot","name":"","bridge":false,"len":7,"major":false}},{"type":"Feature","geometry":{"type":"LineString","coordinates":[[-73.949443,40.8214574],[-73.9494664,40.8214671]]},"properties":{"kind":"foot","name":"","bridge":false,"len":2,"major":false}},{"type":"Feature","geometry":{"type":"LineString","coordinates":[[-73.9501162,40.8213241],[-73.9502393,40.8213748],[-73.9502643,40.8213882],[-73.9503643,40.8214397]]},"properties":{"kind":"foot","name":"","bridge":false,"len":23,"major":false}},{"type":"Feature","geometry":{"type":"LineString","coordinates":[[-73.9490757,40.8213062],[-73.9489472,40.8212532]]},"properties":{"kind":"foot","name":"","bridge":false,"len":12,"major":false}},{"type":"Feature","geometry":{"type":"LineString","coordinates":[[-73.9492638,40.8209788],[-73.9492828,40.820986],[-73.9493373,40.82101]]},"properties":{"kind":"foot","name":"","bridge":false,"len":7,"major":false}},{"type":"Feature","geometry":{"type":"LineString","coordinates":[[-73.9494913,40.8208774],[-73.9495126,40.8208478],[-73.9495694,40.8207687]]},"properties":{"kind":"foot","name":"","bridge":false,"len":11,"major":false}},{"type":"Feature","geometry":{"type":"LineString","coordinates":[[-73.9494304,40.8210418],[-73.949482,40.821063],[-73.9495051,40.8210725]]},"properties":{"kind":"foot","name":"","bridge":false,"len":7,"major":false}},{"type":"Feature","geometry":{"type":"LineString","coordinates":[[-73.9495616,40.8210958],[-73.9496707,40.8211407],[-73.9498025,40.821195]]},"properties":{"kind":"foot","name":"","bridge":false,"len":22,"major":false}},{"type":"Feature","geometry":{"type":"LineString","coordinates":[[-73.9508143,40.8208228],[-73.9507061,40.8207793],[-73.9506843,40.8207705],[-73.9501116,40.8205348],[-73.949535,40.8202975]]},"properties":{"kind":"foot","name":"","bridge":false,"len":118,"major":false}},{"type":"Feature","geometry":{"type":"LineString","coordinates":[[-73.9496483,40.8206593],[-73.9496117,40.8207099],[-73.9495511,40.8206849]]},"properties":{"kind":"foot","name":"","bridge":false,"len":11,"major":false}},{"type":"Feature","geometry":{"type":"LineString","coordinates":[[-73.9495866,40.8207449],[-73.9496117,40.8207099],[-73.9496643,40.8207316]]},"properties":{"kind":"foot","name":"","bridge":false,"len":8,"major":false}},{"type":"Feature","geometry":{"type":"LineString","coordinates":[[-73.9491354,40.8209246],[-73.9490854,40.8209035],[-73.9489904,40.8208627],[-73.9489128,40.8208306],[-73.9488943,40.8208228]]},"properties":{"kind":"foot","name":"","bridge":false,"len":22,"major":false}},{"type":"Feature","geometry":{"type":"LineString","coordinates":[[-73.94912,40.821394],[-73.9491586,40.8213403],[-73.9492311,40.8212394]]},"properties":{"kind":"foot","name":"","bridge":false,"len":16,"major":false}},{"type":"Feature","geometry":{"type":"LineString","coordinates":[[-73.949678,40.8207372],[-73.9498963,40.8208271],[-73.9499608,40.8208531]]},"properties":{"kind":"foot","name":"","bridge":false,"len":26,"major":false}},{"type":"Feature","geometry":{"type":"LineString","coordinates":[[-73.9492131,40.8213627],[-73.9491586,40.8213403],[-73.9490956,40.8213143]]},"properties":{"kind":"foot","name":"","bridge":false,"len":11,"major":false}},{"type":"Feature","geometry":{"type":"LineString","coordinates":[[-73.9492426,40.8212234],[-73.9492583,40.8212025],[-73.949281,40.8211679]]},"properties":{"kind":"foot","name":"","bridge":false,"len":6,"major":false}},{"type":"Feature","geometry":{"type":"LineString","coordinates":[[-73.9492872,40.8203012],[-73.94918165635374,40.82025656313044]]},"properties":{"kind":"foot","name":"","bridge":false,"len":130,"major":false}},{"type":"Feature","geometry":{"type":"LineString","coordinates":[[-73.9501116,40.8205348],[-73.9498963,40.8208271],[-73.9496707,40.8211407],[-73.949443,40.8214574],[-73.9492393,40.8213735]]},"properties":{"kind":"foot","name":"","bridge":false,"len":116,"major":false}},{"type":"Feature","geometry":{"type":"LineString","coordinates":[[-73.9495126,40.8208478],[-73.9496102,40.820889],[-73.949482,40.821063],[-73.9493592,40.8212417],[-73.9492583,40.8212025],[-73.9491627,40.8211621],[-73.9492828,40.820986],[-73.9494128,40.8208053],[-73.9495126,40.8208478]]},"properties":{"kind":"foot","name":"","bridge":false,"len":110,"major":false}},{"type":"Feature","geometry":{"type":"LineString","coordinates":[[-73.94926807601526,40.820138201017635],[-73.9493718,40.8201816]]},"properties":{"kind":"foot","name":"","bridge":false,"len":30,"major":false}},{"type":"Feature","geometry":{"type":"LineString","coordinates":[[-73.94936398504741,40.82000684207125],[-73.9494694,40.8200501]]},"properties":{"kind":"foot","name":"","bridge":false,"len":49,"major":false}},{"type":"Feature","geometry":{"type":"LineString","coordinates":[[-73.9888744,40.7801165],[-73.9888784,40.7801722],[-73.9888776,40.7801993],[-73.9888703,40.7802199],[-73.988852,40.7802515],[-73.9881826,40.7812103],[-73.9881417,40.7812987]]},"properties":{"kind":"foot","name":"Riverside Park South Esplanade","bridge":false,"len":120,"major":true}},{"type":"Feature","geometry":{"type":"LineString","coordinates":[[-73.9561863,40.8230432],[-73.9562138,40.8230043],[-73.9563367,40.8229094],[-73.9564242,40.822829],[-73.9564861,40.8227424],[-73.9565281,40.82267],[-73.9566262,40.8224588],[-73.9566449,40.8223767],[-73.9566402,40.822306],[-73.9566338,40.8222119]]},"properties":{"kind":"foot","name":"","bridge":false,"len":85,"major":false}},{"type":"Feature","geometry":{"type":"LineString","coordinates":[[-73.9610484,40.8074585],[-73.9610628,40.8074639]]},"properties":{"kind":"foot","name":"","bridge":false,"len":1,"major":false}},{"type":"Feature","geometry":{"type":"LineString","coordinates":[[-73.9643092,40.803324],[-73.9641253,40.803576],[-73.9639743,40.8037844]]},"properties":{"kind":"foot","name":"","bridge":false,"len":48,"major":false}},{"type":"Feature","geometry":{"type":"LineString","coordinates":[[-73.9659485,40.8043337],[-73.9648251,40.8038629],[-73.9644833,40.8037246],[-73.9641253,40.803576]]},"properties":{"kind":"foot","name":"","bridge":false,"len":168,"major":false}},{"type":"Feature","geometry":{"type":"LineString","coordinates":[[-73.9652532,40.8044872],[-73.9650811,40.804729],[-73.963615,40.8041185]]},"properties":{"kind":"foot","name":"","bridge":false,"len":160,"major":false}},{"type":"Feature","geometry":{"type":"LineString","coordinates":[[-73.98523370761734,40.770878945998795],[-73.9852369,40.770883],[-73.9853183,40.7709174],[-73.985646,40.7709228],[-73.9856649,40.7709305],[-73.9857585,40.770798],[-73.9858441,40.7708338]]},"properties":{"kind":"foot","name":"","bridge":false,"len":155,"major":false}},{"type":"Feature","geometry":{"type":"LineString","coordinates":[[-73.9796026,40.7909777],[-73.9797542,40.7910405],[-73.9798212,40.7910903],[-73.9797931,40.7913034],[-73.9796982,40.791496],[-73.9795745,40.7916823],[-73.9792693,40.7920268],[-73.9791424,40.7921875],[-73.9789756,40.7924433],[-73.9788495,40.7926365],[-73.9787624,40.7927602],[-73.9788174,40.792877],[-73.9789566,40.7929588]]},"properties":{"kind":"foot","name":"","bridge":false,"len":216,"major":true}},{"type":"Feature","geometry":{"type":"LineString","coordinates":[[-73.973281,40.7986368],[-73.9733125,40.7985771],[-73.9732686,40.7985587]]},"properties":{"kind":"foot","name":"","bridge":false,"len":10,"major":false}},{"type":"Feature","geometry":{"type":"LineString","coordinates":[[-73.95195,40.8311114],[-73.9518848,40.8312059],[-73.951795,40.831336],[-73.951681,40.83153],[-73.9514544,40.8317989],[-73.951384,40.831877],[-73.9513621,40.8319338],[-73.9513653,40.8319883],[-73.951389,40.832079],[-73.9513887,40.8321599],[-73.9513282,40.8322626],[-73.9509946,40.8325978],[-73.9508913,40.8326989],[-73.9508077,40.8328121],[-73.9507835,40.8328907],[-73.9507765,40.8329972],[-73.9507897,40.8331008],[-73.9507773,40.8331773],[-73.9507262,40.833305],[-73.950637,40.8334739],[-73.950544,40.8336251],[-73.9503405,40.833861],[-73.9501872,40.8341],[-73.9500904,40.8342389],[-73.9500129,40.8343354],[-73.9499896,40.8344014],[-73.9500022,40.8345141],[-73.9499812,40.8345896],[-73.9498992,40.8347536],[-73.94983022290543,40.835084877746716]]},"properties":{"kind":"cycle","name":"Riverside Walk","bridge":false,"len":552,"major":true}},{"type":"Feature","geometry":{"type":"LineString","coordinates":[[-73.9668343,40.8083611],[-73.9669537,40.8084116]]},"properties":{"kind":"foot","name":"","bridge":false,"len":11,"major":false}},{"type":"Feature","geometry":{"type":"LineString","coordinates":[[-73.9716707,40.8006719],[-73.9716833,40.8006858],[-73.9716915,40.8006916],[-73.9717064,40.8006981],[-73.9718178,40.8007452],[-73.9719222,40.8007897]]},"properties":{"kind":"sidewalk","major":false}},{"type":"Feature","geometry":{"type":"LineString","coordinates":[[-73.9698134,40.8036746],[-73.9698593,40.8036674]]},"properties":{"kind":"foot","name":"","bridge":false,"len":4,"major":false}},{"type":"Feature","geometry":{"type":"LineString","coordinates":[[-73.9696397,40.8037257],[-73.969751,40.8037633]]},"properties":{"kind":"foot","name":"","bridge":false,"len":10,"major":false}},{"type":"Feature","geometry":{"type":"LineString","coordinates":[[-73.9664245,40.8089716],[-73.9665312,40.8089785]]},"properties":{"kind":"foot","name":"","bridge":false,"len":9,"major":false}},{"type":"Feature","geometry":{"type":"LineString","coordinates":[[-73.9670216,40.808345],[-73.9670634,40.8083554]]},"properties":{"kind":"foot","name":"","bridge":false,"len":4,"major":false}},{"type":"Feature","geometry":{"type":"LineString","coordinates":[[-73.966884,40.8084752],[-73.966912,40.8085019]]},"properties":{"kind":"foot","name":"","bridge":false,"len":3,"major":false}},{"type":"Feature","geometry":{"type":"LineString","coordinates":[[-73.9718104,40.800947],[-73.9718099,40.8009796],[-73.971821,40.8010203],[-73.9718717,40.8010592],[-73.9719632,40.8011106]]},"properties":{"kind":"foot","name":"","bridge":false,"len":21,"major":false}},{"type":"Feature","geometry":{"type":"LineString","coordinates":[[-73.9836465,40.7844223],[-73.9836838,40.784368],[-73.9836901,40.784361],[-73.9837388,40.7843061],[-73.9837738,40.7842752],[-73.9838142,40.7842395],[-73.9840044,40.7841008],[-73.9840349,40.7841018],[-73.9840736,40.7840951],[-73.9841254,40.7840801],[-73.9843496,40.7839858],[-73.984497,40.7839249],[-73.9846479,40.7838594],[-73.9847492,40.7838154],[-73.9849024,40.7837322],[-73.9850218,40.7836381],[-73.9850707,40.7835901],[-73.9851225,40.7835302],[-73.9852212,40.7833659],[-73.9852863,40.7832235],[-73.9853163,40.7831117],[-73.9853271,40.7830022],[-73.9853152,40.7828475],[-73.9852697,40.7826583],[-73.9852257,40.7824711],[-73.9851977,40.7823554],[-73.9851895,40.7822584],[-73.9852026,40.782203],[-73.9852372,40.7820785],[-73.9852682,40.7819859],[-73.9852886,40.7819296],[-73.9853449,40.7818435],[-73.9853996,40.7817777],[-73.9854176,40.7817567],[-73.9854822,40.7816809],[-73.9855771,40.7815837],[-73.9856772,40.7815199],[-73.9857837,40.7814643],[-73.9859828,40.7814113],[-73.9861085,40.7813922],[-73.9862456,40.7813876],[-73.9863824,40.7813985],[-73.9864948,40.7814221]]},"properties":{"kind":"foot","name":"","bridge":false,"len":412,"major":true}},{"type":"Feature","geometry":{"type":"LineString","coordinates":[[-73.9860095,40.7809285],[-73.9860059,40.7810295],[-73.9859804,40.7811337],[-73.9859404,40.7812336],[-73.9858653,40.7813663],[-73.9857837,40.7814643]]},"properties":{"kind":"foot","name":"","bridge":false,"len":51,"major":false}},{"type":"Feature","geometry":{"type":"LineString","coordinates":[[-73.9867169,40.7815154],[-73.9865006,40.7814242],[-73.9864948,40.7814221],[-73.9863682,40.781341],[-73.9862743,40.7812703],[-73.9861843,40.7811838],[-73.9861144,40.7811038],[-73.9860095,40.7809285],[-73.9859745,40.7808527],[-73.9859301,40.7807825],[-73.9858815,40.7807308],[-73.9858549,40.7807082]]},"properties":{"kind":"cycle","name":"","bridge":false,"len":103,"major":true}},{"type":"Feature","geometry":{"type":"LineString","coordinates":[[-73.9754877,40.7994554],[-73.9754031,40.7994775]]},"properties":{"kind":"foot","name":"","bridge":false,"len":7,"major":false}},{"type":"Feature","geometry":{"type":"LineString","coordinates":[[-73.9643236,40.8114039],[-73.9641769,40.8113295]]},"properties":{"kind":"foot","name":"","bridge":false,"len":14,"major":false}},{"type":"Feature","geometry":{"type":"LineString","coordinates":[[-73.962807,40.8139225],[-73.9627767,40.8139797],[-73.9627519,40.8141332],[-73.96273,40.8142985],[-73.9627245,40.8143236],[-73.9627091,40.8143724],[-73.9626844,40.8144287],[-73.9626703,40.814461],[-73.9626498,40.8144975],[-73.962498,40.8147147],[-73.9622651,40.8146706],[-73.9621939,40.8146642],[-73.9621368,40.8146611],[-73.9621221,40.8146628],[-73.9619675,40.8146805],[-73.9618511,40.8147184],[-73.9617741,40.8147691],[-73.961741,40.8148303],[-73.9617272,40.8148727],[-73.9617182,40.8149255],[-73.9617188,40.8150107],[-73.9617461,40.8151272],[-73.9617683,40.8151968],[-73.9617792,40.8152377],[-73.9617857,40.8152724],[-73.9617853,40.8153159],[-73.9617756,40.8153588],[-73.9617671,40.8153825],[-73.9617442,40.8154228]]},"properties":{"kind":"foot","name":"","bridge":false,"len":196,"major":false}},{"type":"Feature","geometry":{"type":"LineString","coordinates":[[-73.9622651,40.8146706],[-73.9622053,40.8148233],[-73.9623161,40.8148482],[-73.9621447,40.8152688],[-73.9620515,40.8152495],[-73.9620326,40.8153049],[-73.9621553,40.8153311],[-73.9621495,40.815347],[-73.9621629,40.8153581],[-73.9621757,40.8153698],[-73.9621837,40.8153812]]},"properties":{"kind":"foot","name":"","bridge":false,"len":92,"major":false}},{"type":"Feature","geometry":{"type":"LineString","coordinates":[[-73.9618158,40.8162426],[-73.9617928,40.8162007],[-73.9617828,40.8161346],[-73.9617793,40.8160683],[-73.961788,40.8160206],[-73.9618001,40.8159771],[-73.9618196,40.8159297],[-73.9618455,40.8158751],[-73.9618744,40.8158292],[-73.9619165,40.8157741],[-73.9619545,40.8157246],[-73.9620048,40.815651],[-73.9620305,40.8155877]]},"properties":{"kind":"foot","name":"","bridge":false,"len":62,"major":false}},{"type":"Feature","geometry":{"type":"LineString","coordinates":[[-73.9617442,40.8154228],[-73.9617138,40.8154637],[-73.9616829,40.8155007],[-73.961618,40.815559],[-73.9615164,40.8156532],[-73.9614536,40.8157091],[-73.9614158,40.8157505],[-73.9613979,40.8157751],[-73.961383,40.8157996],[-73.9613655,40.8158332],[-73.961352,40.8158666],[-73.9613289,40.8159397],[-73.9613236,40.8159848],[-73.9613236,40.8160219],[-73.9613264,40.8160695]]},"properties":{"kind":"foot","name":"","bridge":false,"len":68,"major":false}},{"type":"Feature","geometry":{"type":"LineString","coordinates":[[-73.9617793,40.8160683],[-73.9616934,40.8160511],[-73.961647,40.8160438],[-73.9616076,40.8160402],[-73.9615649,40.8160388],[-73.9615204,40.8160396],[-73.9614744,40.8160424],[-73.961433,40.8160464],[-73.9613922,40.8160531],[-73.9613536,40.8160619],[-73.9613264,40.8160695],[-73.9612988,40.8160768]]},"properties":{"kind":"foot","name":"","bridge":false,"len":41,"major":false}},{"type":"Feature","geometry":{"type":"LineString","coordinates":[[-73.9786775,40.7937891],[-73.9786675,40.7938278],[-73.9786566,40.7938673],[-73.9786433,40.7938952],[-73.9786252,40.7939234],[-73.9785724,40.7939693],[-73.9785058,40.7940145],[-73.9783739,40.7940983],[-73.9783153,40.7941341],[-73.9782919,40.7941507],[-73.9782726,40.7941727],[-73.9782592,40.794195],[-73.9782428,40.7942303],[-73.9782439,40.7942431],[-73.9782532,40.7942638],[-73.9782597,40.7942758],[-73.9782756,40.7942896],[-73.9783118,40.7943123]]},"properties":{"kind":"foot","name":"","bridge":false,"len":64,"major":false}},{"type":"Feature","geometry":{"type":"LineString","coordinates":[[-73.978674,40.7936748],[-73.9786834,40.7937085],[-73.9786849,40.7937411],[-73.9786775,40.7937891]]},"properties":{"kind":"foot","name":"","bridge":false,"len":10,"major":false}},{"type":"Feature","geometry":{"type":"LineString","coordinates":[[-73.9811399,40.7900208],[-73.980984,40.7899762]]},"properties":{"kind":"foot","name":"","bridge":false,"len":14,"major":false}},{"type":"Feature","geometry":{"type":"LineString","coordinates":[[-73.9917893,40.7762434],[-73.9918199,40.7761885],[-73.9918512,40.7760617],[-73.991848,40.7759948],[-73.9918292,40.7759065],[-73.9918026,40.7758206],[-73.9917919,40.7757454],[-73.9918026,40.7756195],[-73.9918214,40.7755687],[-73.9918697,40.7754956],[-73.9919528,40.7754042],[-73.9919845,40.7753318],[-73.992036,40.7752458],[-73.9920923,40.7751727],[-73.992162,40.7751239],[-73.9922291,40.7750447],[-73.9922452,40.7749675],[-73.9924856,40.7749697]]},"properties":{"kind":"foot","name":"","bridge":false,"len":143,"major":false}},{"type":"Feature","geometry":{"type":"LineString","coordinates":[[-73.9894019,40.7785484],[-73.9895394,40.7786066],[-73.9896127,40.778641],[-73.9895706,40.7787036],[-73.9894385,40.7787034],[-73.989383,40.7787018]]},"properties":{"kind":"foot","name":"","bridge":false,"len":42,"major":false}},{"type":"Feature","geometry":{"type":"LineString","coordinates":[[-73.9923384,40.7755908],[-73.9918026,40.7756195]]},"properties":{"kind":"foot","name":"","bridge":false,"len":46,"major":false}},{"type":"Feature","geometry":{"type":"LineString","coordinates":[[-73.990478,40.7774022],[-73.9903581,40.7774902],[-73.9902634,40.7775739],[-73.9902004,40.7776322],[-73.9901007,40.7777541],[-73.9900068,40.7778924],[-73.9898887,40.7781002],[-73.9897892,40.7782853],[-73.9896878,40.7784325],[-73.9896405,40.7784922],[-73.9896037,40.778535],[-73.9895394,40.7786066],[-73.9894385,40.7787034],[-73.9894049,40.7787355],[-73.9892545,40.7788837],[-73.9891663,40.7790094],[-73.9890933,40.7791431],[-73.989071,40.7792207],[-73.9890592,40.7793204],[-73.9890382,40.7793783],[-73.9890079,40.7794322],[-73.9888916,40.7796014],[-73.9888553,40.7796518],[-73.9888301,40.7796867],[-73.9888337,40.7797213],[-73.9888347,40.7797366],[-73.9888475,40.7798803],[-73.9888485,40.7798875]]},"properties":{"kind":"foot","name":"Riverside Park South Esplanade","bridge":false,"len":260,"major":true}},{"type":"Feature","geometry":{"type":"LineString","coordinates":[[-73.9924856,40.7749697],[-73.9924356,40.7750792],[-73.9924249,40.7751584],[-73.9924383,40.7752783],[-73.9924437,40.7753534],[-73.9924249,40.7754387],[-73.992382,40.7755261],[-73.9923384,40.7755908]]},"properties":{"kind":"foot","name":"Riverside Park South Esplanade","bridge":true,"len":56,"major":true}},{"type":"Feature","geometry":{"type":"LineString","coordinates":[[-73.9626682,40.8100705],[-73.9630209,40.8102282],[-73.9633629,40.8103726]]},"properties":{"kind":"foot","name":"","bridge":false,"len":64,"major":false}},{"type":"Feature","geometry":{"type":"LineString","coordinates":[[-73.9522643,40.8306563],[-73.9518772,40.8304914],[-73.9518123,40.8304791],[-73.9517036,40.8304897],[-73.951638,40.8305167],[-73.9516097,40.8305284],[-73.9515395,40.8305847],[-73.9514821,40.8306577],[-73.9514472,40.8307338],[-73.951446,40.8307532],[-73.9514446,40.8307746]]},"properties":{"kind":"cycle","name":"","bridge":false,"len":85,"major":true}},{"type":"Feature","geometry":{"type":"LineString","coordinates":[[-73.9627819,40.8138048],[-73.9627646,40.8138248],[-73.9627566,40.8138464],[-73.9627572,40.8138689],[-73.9627665,40.8138903],[-73.9627836,40.8139086],[-73.962807,40.8139225],[-73.962839,40.8139312],[-73.962873,40.8139313],[-73.9629052,40.8139229],[-73.9629318,40.8139069],[-73.9629499,40.8138851],[-73.9629574,40.8138599],[-73.9629544,40.8138373],[-73.9629428,40.8138163],[-73.9629235,40.8137989],[-73.9628983,40.8137865],[-73.9628677,40.8137802],[-73.9628361,40.8137813],[-73.9628066,40.8137898],[-73.9627819,40.8138048]]},"properties":{"kind":"foot","name":"","bridge":false,"len":47,"major":false}},{"type":"Feature","geometry":{"type":"LineString","coordinates":[[-73.9629566,40.8136678],[-73.9632204,40.8137453],[-73.9634593,40.8132798],[-73.9634045,40.8132637],[-73.9634532,40.8131689],[-73.9634918,40.8130938],[-73.963528,40.8130233],[-73.9635721,40.8129373],[-73.9634687,40.8129069],[-73.9633567,40.812874],[-73.9632372,40.8128388],[-73.9631298,40.8128072],[-73.963086,40.8128925],[-73.9630449,40.8129726],[-73.9630082,40.8130439],[-73.9629608,40.8131362],[-73.9629081,40.8131207],[-73.9626705,40.8135836],[-73.9629566,40.8136678]]},"properties":{"kind":"foot","name":"","bridge":false,"len":249,"major":true}},{"type":"Feature","geometry":{"type":"LineString","coordinates":[[-73.962308,40.8075899],[-73.961884,40.80741],[-73.9618271,40.807494],[-73.9619764,40.807557]]},"properties":{"kind":"foot","name":"","bridge":false,"len":62,"major":false}},{"type":"Feature","geometry":{"type":"LineString","coordinates":[[-73.9623663,40.8075087],[-73.9624361,40.8074124],[-73.962502,40.8073187]]},"properties":{"kind":"foot","name":"","bridge":false,"len":20,"major":false}},{"type":"Feature","geometry":{"type":"LineString","coordinates":[[-73.9821375,40.7780586],[-73.9821372,40.7781448],[-73.9820894,40.77817],[-73.9820235,40.7785882],[-73.9820159,40.7786365],[-73.9819857,40.7786636],[-73.981812,40.7785902],[-73.9817767,40.7785753],[-73.9817845,40.7785505],[-73.9820254,40.7782079],[-73.9820259,40.7781347],[-73.9820921,40.7780453]]},"properties":{"kind":"sidewalk","major":false}},{"type":"Feature","geometry":{"type":"LineString","coordinates":[[-73.9824179,40.7773056],[-73.9824343,40.7773123],[-73.9824471,40.7773231],[-73.9824464,40.7773426],[-73.9823457,40.7774875],[-73.9822573,40.7776183],[-73.9822366,40.7776454],[-73.9822385,40.7776153],[-73.9822754,40.7772928],[-73.9822811,40.7772733],[-73.982314,40.7772635],[-73.9824179,40.7773056]]},"properties":{"kind":"foot","name":"","bridge":false,"len":80,"major":false}},{"type":"Feature","geometry":{"type":"LineString","coordinates":[[-73.98446,40.7760047],[-73.9847526,40.7761234]]},"properties":{"kind":"foot","name":"","bridge":false,"len":27,"major":false}},{"type":"Feature","geometry":{"type":"LineString","coordinates":[[-73.98446,40.7760047],[-73.9840587,40.7765554]]},"properties":{"kind":"foot","name":"","bridge":false,"len":58,"major":false}},{"type":"Feature","geometry":{"type":"LineString","coordinates":[[-73.9842891,40.7767657],[-73.9842162,40.776736],[-73.9841189,40.7766964],[-73.9840666,40.7766751],[-73.983988,40.7766431]]},"properties":{"kind":"foot","name":"","bridge":false,"len":28,"major":false}},{"type":"Feature","geometry":{"type":"LineString","coordinates":[[-73.9851095,40.7752306],[-73.9850017,40.7753802],[-73.9846692,40.7758416],[-73.9840337,40.775569]]},"properties":{"kind":"sidewalk","major":false}},{"type":"Feature","geometry":{"type":"LineString","coordinates":[[-73.9870528,40.7760444],[-73.9868496,40.7759593],[-73.9866941,40.7758942],[-73.9866194,40.7758629],[-73.9865703,40.7758423],[-73.9857666,40.7755058],[-73.9857081,40.7754813],[-73.9856289,40.7754481],[-73.9853662,40.7753381],[-73.9853191,40.7753184],[-73.9852534,40.7752908],[-73.9851095,40.7752306],[-73.9850795,40.775218],[-73.9844755,40.7749651],[-73.9844512,40.7749549]]},"properties":{"kind":"sidewalk","major":false}},{"type":"Feature","geometry":{"type":"LineString","coordinates":[[-73.9849222,40.7770064],[-73.9855886,40.7772811],[-73.9858781,40.7774008],[-73.986019,40.7774591]]},"properties":{"kind":"foot","name":"","bridge":false,"len":101,"major":false}},{"type":"Feature","geometry":{"type":"LineString","coordinates":[[-73.9853267,40.7757124],[-73.985438,40.7755604]]},"properties":{"kind":"foot","name":"","bridge":false,"len":16,"major":false}},{"type":"Feature","geometry":{"type":"LineString","coordinates":[[-73.9867462,40.7764638],[-73.9863568,40.776306],[-73.9861921,40.7765324],[-73.9861185,40.7765012],[-73.9860535,40.7764717],[-73.9861898,40.7762798],[-73.986122,40.7762515],[-73.985631,40.7760303]]},"properties":{"kind":"foot","name":"","bridge":false,"len":144,"major":false}},{"type":"Feature","geometry":{"type":"LineString","coordinates":[[-73.9851894,40.7766383],[-73.9853696,40.776925]]},"properties":{"kind":"foot","name":"","bridge":false,"len":29,"major":false}},{"type":"Feature","geometry":{"type":"LineString","coordinates":[[-73.9867009,40.7770179],[-73.9865567,40.7769569],[-73.9864259,40.7769018]]},"properties":{"kind":"sidewalk","major":false}},{"type":"Feature","geometry":{"type":"LineString","coordinates":[[-73.9851682,40.7766675],[-73.9851159,40.7766472],[-73.9848342,40.7765381]]},"properties":{"kind":"foot","name":"","bridge":false,"len":30,"major":false}},{"type":"Feature","geometry":{"type":"LineString","coordinates":[[-73.9851159,40.7766472],[-73.9849681,40.776663]]},"properties":{"kind":"foot","name":"","bridge":false,"len":13,"major":false}},{"type":"Feature","geometry":{"type":"LineString","coordinates":[[-73.9852235,40.7765908],[-73.9851237,40.7765483],[-73.984897,40.7764519]]},"properties":{"kind":"foot","name":"","bridge":false,"len":30,"major":false}},{"type":"Feature","geometry":{"type":"LineString","coordinates":[[-73.9580586,40.8117929],[-73.9581344,40.8118242],[-73.9582065,40.8118539],[-73.9583098,40.8118965],[-73.9583847,40.8119295],[-73.9584468,40.8119708],[-73.9587904,40.8122106],[-73.9592752,40.8123695],[-73.9595691,40.8124191],[-73.9596798,40.8124636]]},"properties":{"kind":"foot","name":"","bridge":false,"len":151,"major":false}},{"type":"Feature","geometry":{"type":"LineString","coordinates":[[-73.9578733,40.8113734],[-73.9578939,40.811381],[-73.9583141,40.8115552],[-73.9598295,40.8121997],[-73.9601307,40.8123242],[-73.9602852,40.8123907],[-73.9604012,40.8124397]]},"properties":{"kind":"sidewalk","major":false}},{"type":"Feature","geometry":{"type":"LineString","coordinates":[[-73.9574778,40.8118936],[-73.9573827,40.8118527],[-73.9572896,40.811812]]},"properties":{"kind":"sidewalk","major":false}},{"type":"Feature","geometry":{"type":"LineString","coordinates":[[-73.9567919,40.8109068],[-73.956651,40.8111188],[-73.9566373,40.8111998]]},"properties":{"kind":"foot","name":"","bridge":false,"len":29,"major":false}},{"type":"Feature","geometry":{"type":"LineString","coordinates":[[-73.9566373,40.8111998],[-73.9565967,40.8113568],[-73.9565016,40.8114455],[-73.9563931,40.8115119]]},"properties":{"kind":"foot","name":"","bridge":false,"len":36,"major":false}},{"type":"Feature","geometry":{"type":"LineString","coordinates":[[-73.955773,40.8117375],[-73.95534045853519,40.81182134334555]]},"properties":{"kind":"foot","name":"","bridge":false,"len":55,"major":false}},{"type":"Feature","geometry":{"type":"LineString","coordinates":[[-73.9562025,40.8117112],[-73.9561256,40.8115164],[-73.9560297,40.8112733]]},"properties":{"kind":"foot","name":"","bridge":false,"len":40,"major":false}},{"type":"Feature","geometry":{"type":"LineString","coordinates":[[-73.9591699,40.813433],[-73.9592019,40.8133919],[-73.9590185,40.8133158],[-73.9585896,40.8131379],[-73.9584228,40.813066],[-73.9584544,40.8130198],[-73.9580915,40.8128683],[-73.9578124,40.8127458]]},"properties":{"kind":"foot","name":"","bridge":false,"len":140,"major":false}},{"type":"Feature","geometry":{"type":"LineString","coordinates":[[-73.9613286,40.8078568],[-73.9613745,40.8077893]]},"properties":{"kind":"foot","name":"","bridge":false,"len":7,"major":false}},{"type":"Feature","geometry":{"type":"LineString","coordinates":[[-73.9615236,40.807642],[-73.961444,40.8076093],[-73.9613143,40.807556],[-73.961198,40.8075058],[-73.9611291,40.8074764],[-73.961101,40.8074782]]},"properties":{"kind":"foot","name":"","bridge":false,"len":39,"major":false}},{"type":"Feature","geometry":{"type":"LineString","coordinates":[[-73.9624385,40.8065193],[-73.9621107,40.8063821]]},"properties":{"kind":"foot","name":"","bridge":false,"len":30,"major":false}},{"type":"Feature","geometry":{"type":"LineString","coordinates":[[-73.9621107,40.8063821],[-73.9620785,40.8064249],[-73.9619163,40.8063577],[-73.961953,40.8063078],[-73.9619956,40.8062498],[-73.9621585,40.8063152],[-73.9621107,40.8063821]]},"properties":{"kind":"foot","name":"","bridge":false,"len":53,"major":false}},{"type":"Feature","geometry":{"type":"LineString","coordinates":[[-73.9872547,40.782],[-73.9871943,40.7820306],[-73.9871296,40.7820757],[-73.9870363,40.7821505],[-73.9869623,40.7822391],[-73.9868962,40.782335],[-73.986843,40.7824447],[-73.9868169,40.7825376],[-73.986813,40.7826033],[-73.9868206,40.7826572],[-73.9868433,40.7826998],[-73.9868922,40.7827276],[-73.9869493,40.7827427],[-73.987015,40.782744],[-73.9870812,40.7827256],[-73.9871196,40.7826941],[-73.9874844,40.7821691],[-73.9874967,40.7821277],[-73.9874987,40.7820909],[-73.9874744,40.7820511],[-73.9874247,40.7820138],[-73.9873678,40.7819962],[-73.9873066,40.7819924],[-73.9872547,40.782]]},"properties":{"kind":"foot","name":"74th Street Track","bridge":false,"len":186,"major":true}},{"type":"Feature","geometry":{"type":"LineString","coordinates":[[-73.9592456,40.821273],[-73.9590503,40.821183]]},"properties":{"kind":"foot","name":"","bridge":true,"len":18,"major":false}},{"type":"Feature","geometry":{"type":"LineString","coordinates":[[-73.9650921,40.8111497],[-73.9652134,40.8111655],[-73.9652691,40.8111387],[-73.965302,40.8110889],[-73.9653355,40.8109594],[-73.9653669,40.810832],[-73.9653956,40.8107271],[-73.9653693,40.8106253],[-73.9655799,40.8103394],[-73.9657589,40.8099741],[-73.9659561,40.8098619],[-73.9661521,40.8098156],[-73.9663193,40.8096945],[-73.9664671,40.8095515],[-73.9667215,40.8094268],[-73.9668418,40.8093488]]},"properties":{"kind":"foot","name":"","bridge":false,"len":234,"major":true}},{"type":"Feature","geometry":{"type":"LineString","coordinates":[[-73.9705388,40.8032948],[-73.9704674,40.8033162]]},"properties":{"kind":"foot","name":"","bridge":false,"len":6,"major":false}},{"type":"Feature","geometry":{"type":"LineString","coordinates":[[-73.9688861,40.8067305],[-73.968704,40.8067251],[-73.9686094,40.8067159],[-73.9685426,40.8066819]]},"properties":{"kind":"foot","name":"","bridge":false,"len":30,"major":false}},{"type":"Feature","geometry":{"type":"LineString","coordinates":[[-73.9697211,40.8054278],[-73.9694525,40.8053315]]},"properties":{"kind":"foot","name":"","bridge":false,"len":24,"major":false}},{"type":"Feature","geometry":{"type":"LineString","coordinates":[[-73.9641615,40.8118136],[-73.9641517,40.8118457]]},"properties":{"kind":"foot","name":"","bridge":false,"len":3,"major":false}},{"type":"Feature","geometry":{"type":"LineString","coordinates":[[-73.9668814,40.8092573],[-73.9669798,40.8091537],[-73.9671176,40.8090383],[-73.967278,40.8089908],[-73.9674499,40.808965],[-73.9675052,40.8089821],[-73.9676539,40.8090386]]},"properties":{"kind":"foot","name":"","bridge":false,"len":75,"major":false}},{"type":"Feature","geometry":{"type":"LineString","coordinates":[[-73.9706188,40.8045381],[-73.9704277,40.8048211]]},"properties":{"kind":"foot","name":"","bridge":false,"len":29,"major":false}},{"type":"Feature","geometry":{"type":"LineString","coordinates":[[-73.9640987,40.8127076],[-73.9641297,40.8126866],[-73.9641578,40.8126555],[-73.9641741,40.8126275],[-73.9642047,40.8125204],[-73.9642108,40.8124456],[-73.9642077,40.8123572],[-73.9641995,40.8122519],[-73.96418,40.812082],[-73.9641517,40.8118457]]},"properties":{"kind":"foot","name":"","bridge":false,"len":77,"major":false}},{"type":"Feature","geometry":{"type":"LineString","coordinates":[[-73.9874102,40.7817668],[-73.9873048,40.7818189],[-73.9872094,40.7818674],[-73.9870719,40.7819492],[-73.9869642,40.7820472],[-73.9868674,40.7821531],[-73.9868328,40.7821967],[-73.986748,40.7823035],[-73.9866794,40.7823956],[-73.98654,40.7825986],[-73.9864445,40.782721],[-73.9860901,40.7830762],[-73.9860002,40.7831729],[-73.9859409,40.7832584],[-73.9858912,40.7833488],[-73.9858536,40.7834525],[-73.9857708,40.7836461],[-73.9856643,40.7838982],[-73.98558,40.7840658],[-73.9855492,40.7841165],[-73.9853132,40.7844753],[-73.9852376,40.7845997],[-73.9851914,40.7847177],[-73.9851618,40.7848334],[-73.9851322,40.784982],[-73.9851159,40.7850823],[-73.9851009,40.7851405]]},"properties":{"kind":"cycle","name":"Hudson River Greenway","bridge":false,"len":357,"major":true}},{"type":"Feature","geometry":{"type":"LineString","coordinates":[[-73.9863781,40.7839458],[-73.98622,40.7838843],[-73.986107,40.7838735],[-73.9860281,40.7838807],[-73.9859495,40.7839001],[-73.9858399,40.7839432],[-73.9857416,40.783997],[-73.9856699,40.7840354],[-73.9856212,40.7840557],[-73.98558,40.7840658]]},"properties":{"kind":"foot","name":"","bridge":false,"len":72,"major":false}},{"type":"Feature","geometry":{"type":"LineString","coordinates":[[-73.9914768,40.776371],[-73.9914911,40.7764886],[-73.9914714,40.7766291],[-73.9914152,40.7767631],[-73.9913552,40.7768394],[-73.9912727,40.7769022],[-73.9911032,40.7770073],[-73.9909655,40.7771037],[-73.9908784,40.7772122],[-73.9908362,40.7772846],[-73.9907884,40.7774144],[-73.9907631,40.7775163]]},"properties":{"kind":"foot","name":"","bridge":false,"len":122,"major":false}},{"type":"Feature","geometry":{"type":"LineString","coordinates":[[-73.990554,40.7796946],[-73.990398,40.7796806],[-73.9903135,40.7796864],[-73.9901856,40.7797118],[-73.9900783,40.7797282],[-73.9899841,40.7797274],[-73.989892,40.7797126],[-73.9897999,40.7796946],[-73.9897143,40.7796929],[-73.9896254,40.7797093],[-73.989555,40.7797315],[-73.9894748,40.7797536],[-73.9894044,40.779761],[-73.9893263,40.7797561]]},"properties":{"kind":"foot","name":"","bridge":false,"len":106,"major":false}},{"type":"Feature","geometry":{"type":"LineString","coordinates":[[-73.9906009,40.7773236],[-73.9908362,40.7772846],[-73.9910105,40.777225],[-73.9911201,40.7771462],[-73.9911988,40.7770739],[-73.9912383,40.7770049],[-73.9912727,40.7769022],[-73.9912831,40.7767482],[-73.9912961,40.7767031],[-73.9913112,40.7766503],[-73.991373,40.7765631],[-73.9914911,40.7764886],[-73.9916513,40.7764035],[-73.9916935,40.7763674]]},"properties":{"kind":"foot","name":"","bridge":false,"len":135,"major":false}},{"type":"Feature","geometry":{"type":"LineString","coordinates":[[-73.9905052,40.7797922],[-73.9914035,40.7797463],[-73.9915195,40.7795961],[-73.991371,40.7796027],[-73.9913342,40.7796511],[-73.9913028,40.7796724],[-73.9912627,40.7796896],[-73.9911901,40.7796938],[-73.9910958,40.7796806],[-73.9910384,40.7796667],[-73.9909734,40.7796601],[-73.990891,40.7796667],[-73.9907772,40.7796855],[-73.9906732,40.7796946],[-73.9906071,40.779697],[-73.9905746,40.7796954]]},"properties":{"kind":"foot","name":"","bridge":false,"len":176,"major":false}},{"type":"Feature","geometry":{"type":"LineString","coordinates":[[-73.9889948,40.7801061],[-73.9889632,40.7801123],[-73.9889333,40.7801153],[-73.9889065,40.7801162]]},"properties":{"kind":"foot","name":"","bridge":true,"len":8,"major":false}},{"type":"Feature","geometry":{"type":"LineString","coordinates":[[-73.9914284,40.7761183],[-73.9914706,40.7761388]]},"properties":{"kind":"foot","name":"","bridge":false,"len":4,"major":false}},{"type":"Feature","geometry":{"type":"LineString","coordinates":[[-73.9912291,40.776751],[-73.9911885,40.7767881],[-73.9911671,40.7767987]]},"properties":{"kind":"foot","name":"","bridge":false,"len":7,"major":false}},{"type":"Feature","geometry":{"type":"LineString","coordinates":[[-73.991266,40.7763571],[-73.9913224,40.7763577]]},"properties":{"kind":"foot","name":"","bridge":false,"len":5,"major":false}},{"type":"Feature","geometry":{"type":"LineString","coordinates":[[-73.9918512,40.7760617],[-73.9920229,40.7760529]]},"properties":{"kind":"foot","name":"Pier D","bridge":false,"len":15,"major":true}},{"type":"Feature","geometry":{"type":"LineString","coordinates":[[-73.9921942,40.7753287],[-73.9919845,40.7753318]]},"properties":{"kind":"foot","name":"Pier B","bridge":true,"len":18,"major":true}},{"type":"Feature","geometry":{"type":"LineString","coordinates":[[-73.9841321,40.786449],[-73.9842112,40.7864337],[-73.984278,40.7864177],[-73.9843425,40.7863999],[-73.984402,40.7863784]]},"properties":{"kind":"foot","name":"","bridge":false,"len":24,"major":false}},{"type":"Feature","geometry":{"type":"LineString","coordinates":[[-73.9888475,40.7798803],[-73.9892266,40.7798575]]},"properties":{"kind":"foot","name":"","bridge":false,"len":32,"major":false}},{"type":"Feature","geometry":{"type":"LineString","coordinates":[[-73.9892449,40.7798565],[-73.9904836,40.7797933]]},"properties":{"kind":"foot","name":"","bridge":false,"len":105,"major":false}},{"type":"Feature","geometry":{"type":"LineString","coordinates":[[-73.9926462,40.7746178],[-73.9926782,40.7747938]]},"properties":{"kind":"foot","name":"","bridge":false,"len":15,"major":false}},{"type":"Feature","geometry":{"type":"LineString","coordinates":[[-73.9928457,40.7744177],[-73.9925955,40.7744675]]},"properties":{"kind":"foot","name":"","bridge":false,"len":22,"major":false}},{"type":"Feature","geometry":{"type":"LineString","coordinates":[[-73.992531,40.7745901],[-73.9926462,40.7746178],[-73.9927989,40.7746151]]},"properties":{"kind":"foot","name":"","bridge":false,"len":23,"major":false}},{"type":"Feature","geometry":{"type":"LineString","coordinates":[[-73.9928457,40.7742581],[-73.9928457,40.7744177],[-73.9929162,40.7744413]]},"properties":{"kind":"foot","name":"","bridge":false,"len":20,"major":false}},{"type":"Feature","geometry":{"type":"LineString","coordinates":[[-73.98622,40.7838843],[-73.9863473,40.783701],[-73.9864048,40.7836182],[-73.9865096,40.7834673],[-73.9866124,40.7833193],[-73.9866694,40.7832372],[-73.9867516,40.7831189]]},"properties":{"kind":"foot","name":"","bridge":false,"len":79,"major":false}},{"type":"Feature","geometry":{"type":"LineString","coordinates":[[-73.9917919,40.7757454],[-73.9919301,40.7757523],[-73.9919753,40.7757401]]},"properties":{"kind":"foot","name":"","bridge":false,"len":16,"major":false}},{"type":"Feature","geometry":{"type":"LineString","coordinates":[[-73.9930273,40.7742769],[-73.9928457,40.7742581],[-73.9927458,40.7742149]]},"properties":{"kind":"foot","name":"","bridge":false,"len":25,"major":false}},{"type":"Feature","geometry":{"type":"LineString","coordinates":[[-73.9893014,40.7797512],[-73.9892082,40.77972],[-73.9888347,40.7797366]]},"properties":{"kind":"foot","name":"","bridge":false,"len":40,"major":false}},{"type":"Feature","geometry":{"type":"LineString","coordinates":[[-73.9842299,40.7867248],[-73.9842767,40.7867143],[-73.9843425,40.7867081],[-73.9843981,40.786707]]},"properties":{"kind":"foot","name":"","bridge":false,"len":14,"major":false}},{"type":"Feature","geometry":{"type":"LineString","coordinates":[[-73.9902634,40.7775739],[-73.9908222,40.77754],[-73.9907631,40.7775163],[-73.990478,40.7774022]]},"properties":{"kind":"foot","name":"","bridge":true,"len":79,"major":false}},{"type":"Feature","geometry":{"type":"LineString","coordinates":[[-73.9949757,40.771421],[-73.9950059,40.7713163],[-73.9950515803154,40.770980763808275]]},"properties":{"kind":"foot","name":"Hudson River Park Esplanade","bridge":false,"len":150,"major":true}},{"type":"Feature","geometry":{"type":"LineString","coordinates":[[-73.9909823,40.7770094],[-73.9911032,40.7770073],[-73.9912383,40.7770049],[-73.9913311,40.7770032]]},"properties":{"kind":"foot","name":"","bridge":false,"len":30,"major":false}},{"type":"Feature","geometry":{"type":"LineString","coordinates":[[-73.9866794,40.7823956],[-73.9866877,40.78243],[-73.9866854,40.7824712],[-73.9866669,40.782544],[-73.9866528,40.7826156],[-73.9866442,40.7826784],[-73.9866446,40.7827379],[-73.9866547,40.7828317],[-73.9866733,40.7828998],[-73.986706,40.782962],[-73.9867575,40.7830385],[-73.9867969,40.7830546],[-73.9869722,40.7831252]]},"properties":{"kind":"foot","name":"","bridge":false,"len":77,"major":false}},{"type":"Feature","geometry":{"type":"LineString","coordinates":[[-73.983845,40.7874756],[-73.9838204,40.7874458],[-73.9837854,40.7873958],[-73.9837717,40.7873635]]},"properties":{"kind":"foot","name":"","bridge":false,"len":11,"major":false}},{"type":"Feature","geometry":{"type":"LineString","coordinates":[[-73.9921325,40.7757701],[-73.9920447,40.7758905],[-73.9919436,40.7759565],[-73.991848,40.7759948],[-73.9916709,40.7760651],[-73.9915497,40.7761464]]},"properties":{"kind":"foot","name":"","bridge":false,"len":60,"major":false}},{"type":"Feature","geometry":{"type":"LineString","coordinates":[[-73.9933115,40.7738651],[-73.9932897,40.7738967],[-73.9930273,40.7742769],[-73.9929162,40.7744413],[-73.9927989,40.7746151],[-73.9926782,40.7747938],[-73.992649,40.774837],[-73.9925338,40.774903],[-73.9924856,40.7749697]]},"properties":{"kind":"foot","name":"Riverside Park South Esplanade","bridge":false,"len":118,"major":true}},{"type":"Feature","geometry":{"type":"LineString","coordinates":[[-73.9880499,40.7814974],[-73.9880007,40.7816168],[-73.987938,40.7817595]]},"properties":{"kind":"cycle","name":"Riverside Walk","bridge":false,"len":24,"major":true}},{"type":"Feature","geometry":{"type":"LineString","coordinates":[[-73.9617416,40.8181157],[-73.9617315,40.81811],[-73.9617095,40.8180977],[-73.9616563,40.8180682],[-73.9616326,40.818055]]},"properties":{"kind":"sidewalk","major":false}},{"type":"Feature","geometry":{"type":"LineString","coordinates":[[-73.9619439,40.8179759],[-73.9619049,40.8179596],[-73.9618447,40.8179345]]},"properties":{"kind":"sidewalk","major":false}},{"type":"Feature","geometry":{"type":"LineString","coordinates":[[-73.960129,40.8198148],[-73.9600792,40.8197912],[-73.9600408,40.819773]]},"properties":{"kind":"sidewalk","major":false}},{"type":"Feature","geometry":{"type":"LineString","coordinates":[[-73.9601451,40.8196524],[-73.9601786,40.8196685],[-73.9602336,40.8196949]]},"properties":{"kind":"sidewalk","major":false}},{"type":"Feature","geometry":{"type":"LineString","coordinates":[[-73.959738,40.820304],[-73.9596909,40.8202796],[-73.9596268,40.8202464]]},"properties":{"kind":"sidewalk","major":false}},{"type":"Feature","geometry":{"type":"LineString","coordinates":[[-73.9864259,40.7769018],[-73.9853204,40.776458]]},"properties":{"kind":"foot","name":"","bridge":false,"len":101,"major":false}},{"type":"Feature","geometry":{"type":"LineString","coordinates":[[-73.9837023,40.7767992],[-73.983656,40.7768661]]},"properties":{"kind":"foot","name":"","bridge":false,"len":7,"major":false}},{"type":"Feature","geometry":{"type":"LineString","coordinates":[[-73.9856289,40.7754481],[-73.9855985,40.775502],[-73.9856028,40.7755365],[-73.9856548,40.7756005],[-73.9863286,40.7758909],[-73.986437,40.7759401],[-73.9865106,40.7759614],[-73.9865994,40.775968],[-73.9866558,40.775945],[-73.9866941,40.7758942]]},"properties":{"kind":"sidewalk","major":false}},{"type":"Feature","geometry":{"type":"LineString","coordinates":[[-73.9852425,40.7755868],[-73.985438,40.7755604],[-73.9856028,40.7755365]]},"properties":{"kind":"foot","name":"","bridge":false,"len":31,"major":false}},{"type":"Feature","geometry":{"type":"LineString","coordinates":[[-73.9873212,40.7761567],[-73.9869675,40.7766477],[-73.9869356,40.776692],[-73.9869117,40.7767253],[-73.9867937,40.776889],[-73.9867009,40.7770179],[-73.9866658,40.7770666],[-73.9861945,40.777721],[-73.9861385,40.7777986],[-73.9860019,40.7779882],[-73.9859663,40.7780377],[-73.9856625,40.7784595]]},"properties":{"kind":"sidewalk","major":false}},{"type":"Feature","geometry":{"type":"LineString","coordinates":[[-73.9519247,40.8170046],[-73.9518965,40.8170073],[-73.9518624,40.8170018],[-73.9517746,40.8169793],[-73.9516897,40.8169545],[-73.95161310047823,40.81692640817816]]},"properties":{"kind":"foot","name":"","bridge":false,"len":55,"major":false}},{"type":"Feature","geometry":{"type":"LineString","coordinates":[[-73.9514267815268,40.81718159437493],[-73.9519186,40.8170738],[-73.951935,40.8170627],[-73.9519381,40.8170419],[-73.951934,40.8170241],[-73.9519247,40.8170046],[-73.9519206,40.8169852],[-73.9519329,40.8169526],[-73.9519442,40.8169037],[-73.9519473,40.8168633],[-73.9519381,40.8167957],[-73.9519186,40.8167335],[-73.9519124,40.8167211],[-73.9518991,40.8167033],[-73.95182422845267,40.816637243042685]]},"properties":{"kind":"foot","name":"","bridge":false,"len":142,"major":false}},{"type":"Feature","geometry":{"type":"LineString","coordinates":[[-73.9614234,40.8083229],[-73.9615226,40.8082893]]},"properties":{"kind":"foot","name":"","bridge":false,"len":9,"major":false}},{"type":"Feature","geometry":{"type":"LineString","coordinates":[[-73.9619547,40.8085429],[-73.9619231,40.8084597]]},"properties":{"kind":"foot","name":"","bridge":false,"len":8,"major":false}},{"type":"Feature","geometry":{"type":"LineString","coordinates":[[-73.9624027,40.8082127],[-73.9622321,40.8081368],[-73.9623541,40.8079689]]},"properties":{"kind":"foot","name":"","bridge":false,"len":34,"major":false}},{"type":"Feature","geometry":{"type":"LineString","coordinates":[[-73.9622321,40.8081368],[-73.9621427,40.8081536]]},"properties":{"kind":"foot","name":"","bridge":false,"len":8,"major":false}},{"type":"Feature","geometry":{"type":"LineString","coordinates":[[-73.9615487,40.807854],[-73.9617254,40.8079238],[-73.9618407,40.8077568]]},"properties":{"kind":"foot","name":"","bridge":false,"len":33,"major":false}},{"type":"Feature","geometry":{"type":"LineString","coordinates":[[-73.9617254,40.8079238],[-73.9617452,40.8079881]]},"properties":{"kind":"foot","name":"","bridge":false,"len":6,"major":false}},{"type":"Feature","geometry":{"type":"LineString","coordinates":[[-73.9629748,40.8066729],[-73.9629914,40.8066506]]},"properties":{"kind":"foot","name":"","bridge":false,"len":2,"major":false}},{"type":"Feature","geometry":{"type":"LineString","coordinates":[[-73.9628279,40.8077039],[-73.9629013,40.8077335],[-73.9635443,40.8079927],[-73.9635879,40.8080103],[-73.9636275,40.8080263]]},"properties":{"kind":"foot","name":"","bridge":false,"len":73,"major":false}},{"type":"Feature","geometry":{"type":"LineString","coordinates":[[-73.9612359,40.8067912],[-73.9612714,40.806806],[-73.9613138,40.8068236],[-73.9620099,40.8071136],[-73.9620382,40.8071255],[-73.9623814,40.8072684],[-73.962502,40.8073187],[-73.9626402,40.8073762],[-73.9629631,40.8075108],[-73.9630076,40.8075293],[-73.9636802,40.8078095],[-73.9637185,40.8078255],[-73.9637603,40.8078429]]},"properties":{"kind":"foot","name":"","bridge":false,"len":232,"major":true}},{"type":"Feature","geometry":{"type":"LineString","coordinates":[[-73.9635443,40.8079927],[-73.9636087,40.807906],[-73.9636802,40.8078095]]},"properties":{"kind":"foot","name":"","bridge":false,"len":19,"major":false}},{"type":"Feature","geometry":{"type":"LineString","coordinates":[[-73.9619089,40.8073103],[-73.9618444,40.8072826],[-73.9611833,40.8070001],[-73.9611432,40.806983],[-73.961105,40.8069672]]},"properties":{"kind":"foot","name":"","bridge":false,"len":74,"major":false}},{"type":"Feature","geometry":{"type":"LineString","coordinates":[[-73.9611833,40.8070001],[-73.9612483,40.8069124],[-73.9613138,40.8068236]]},"properties":{"kind":"foot","name":"","bridge":false,"len":19,"major":false}},{"type":"Feature","geometry":{"type":"LineString","coordinates":[[-73.9757644,40.7954024],[-73.975733,40.7954267],[-73.9756734,40.7954731]]},"properties":{"kind":"sidewalk","major":false}},{"type":"Feature","geometry":{"type":"LineString","coordinates":[[-73.9756826,40.7955046],[-73.9757173,40.7955232],[-73.9758285,40.795583],[-73.975965,40.7956563]]},"properties":{"kind":"sidewalk","major":false}},{"type":"Feature","geometry":{"type":"LineString","coordinates":[[-73.9761218,40.7955896],[-73.9761692,40.7955605],[-73.9762308,40.7955227]]},"properties":{"kind":"sidewalk","major":false}},{"type":"Feature","geometry":{"type":"LineString","coordinates":[[-73.974986,40.7962087],[-73.9753683,40.7959856]]},"properties":{"kind":"sidewalk","major":false}},{"type":"Feature","geometry":{"type":"LineString","coordinates":[[-73.9618628,40.8180792],[-73.9618186,40.8181577],[-73.961796,40.8181978],[-73.9617695,40.8182393],[-73.9617585,40.8182828],[-73.9617585,40.8183234],[-73.9617586,40.8183665],[-73.9615318,40.8186206]]},"properties":{"kind":"foot","name":"Riverside Walk","bridge":false,"len":56,"major":true}},{"type":"Feature","geometry":{"type":"LineString","coordinates":[[-73.9615318,40.8186206],[-73.9611522,40.8190522],[-73.9609727,40.8192555]]},"properties":{"kind":"foot","name":"Riverside Walk","bridge":false,"len":72,"major":true}},{"type":"Feature","geometry":{"type":"LineString","coordinates":[[-73.960749,40.8191571],[-73.9607773,40.8191695],[-73.9608006,40.8191798],[-73.9609727,40.8192555]]},"properties":{"kind":"foot","name":"West Harlem Piers Park Path","bridge":false,"len":21,"major":true}},{"type":"Feature","geometry":{"type":"LineString","coordinates":[[-73.9609727,40.8192555],[-73.9604456,40.8198482]]},"properties":{"kind":"foot","name":"Riverside Walk","bridge":false,"len":67,"major":true}},{"type":"Feature","geometry":{"type":"LineString","coordinates":[[-73.9607921,40.8191083],[-73.9608006,40.8191798],[-73.9604456,40.8198482]]},"properties":{"kind":"foot","name":"West Harlem Piers Park Path","bridge":false,"len":70,"major":true}},{"type":"Feature","geometry":{"type":"LineString","coordinates":[[-73.9604456,40.8198482],[-73.9604111,40.8198704],[-73.9602001,40.8200063],[-73.959738,40.820304]]},"properties":{"kind":"foot","name":"Riverside Walk","bridge":false,"len":72,"major":true}},{"type":"Feature","geometry":{"type":"LineString","coordinates":[[-73.9609991,40.8188761],[-73.9611522,40.8190522],[-73.9611707,40.8190724],[-73.9613986,40.8193225],[-73.9604869,40.8198717]]},"properties":{"kind":"foot","name":"","bridge":false,"len":141,"major":false}},{"type":"Feature","geometry":{"type":"LineString","coordinates":[[-73.9602001,40.8200063],[-73.9604502,40.8198862],[-73.9604869,40.8198717]]},"properties":{"kind":"foot","name":"","bridge":false,"len":27,"major":false}},{"type":"Feature","geometry":{"type":"LineString","coordinates":[[-73.9604456,40.8198482],[-73.96047,40.8198637],[-73.9604869,40.8198717]]},"properties":{"kind":"foot","name":"","bridge":false,"len":4,"major":false}},{"type":"Feature","geometry":{"type":"LineString","coordinates":[[-73.9936779,40.7730699],[-73.9936518,40.7731054],[-73.9936337,40.7731259],[-73.9936066,40.7731523],[-73.9935731,40.7731761],[-73.9935351,40.7732003],[-73.9934956,40.7732178],[-73.99345,40.773235],[-73.9934109,40.7732477],[-73.9933699,40.7732606],[-73.9932977,40.7732298],[-73.9921248,40.7747417],[-73.9903027,40.7773252],[-73.9902826,40.777353],[-73.989373,40.7785362],[-73.9891615,40.7788324],[-73.9885317,40.7797146],[-73.9883167,40.7800158]]},"properties":{"kind":"cycle","name":"Riverside Park South Bike Path","bridge":false,"len":754,"major":true}},{"type":"Feature","geometry":{"type":"LineString","coordinates":[[-73.966055,40.8128256],[-73.9660881,40.8127894],[-73.9661208,40.812737],[-73.9661274,40.8127157],[-73.9661255,40.8126621]]},"properties":{"kind":"foot","name":"Cherry Walk","bridge":false,"len":16,"major":true}},{"type":"Feature","geometry":{"type":"LineString","coordinates":[[-73.9758244,40.7989997],[-73.9757491,40.7991192],[-73.9754877,40.7994554],[-73.9754757,40.7994708],[-73.975384,40.7995903],[-73.9753249,40.7996795],[-73.9726309,40.8035544],[-73.9725574,40.8036479],[-73.9724133,40.8038154],[-73.9723369,40.8039127],[-73.9723066,40.8039616],[-73.9722888,40.8039992],[-73.9722808,40.8040232],[-73.9722728,40.8040441],[-73.9722568,40.8040679],[-73.9722361,40.8040954],[-73.972205,40.8041282],[-73.9721151,40.8042366],[-73.9720134,40.8043674],[-73.9718857,40.8045372],[-73.9718338,40.8045921],[-73.9717807,40.8046404],[-73.9717498,40.8046745],[-73.9717207,40.8047178],[-73.9716887,40.8047689],[-73.9716573,40.8048195],[-73.9714366,40.8051041],[-73.9713174,40.8052639],[-73.9712943,40.8052956],[-73.9712581,40.8053649],[-73.9712448,40.8054012],[-73.9712287,40.805433],[-73.9712091,40.805465],[-73.9709278,40.8057946],[-73.9708751,40.8058561],[-73.9707598,40.8060255],[-73.9705148,40.8064145],[-73.9702763,40.8066523],[-73.9701528,40.8068442],[-73.9700517,40.8069616],[-73.97003,40.8069886],[-73.9700099,40.807005],[-73.9699682,40.8070392],[-73.9699317,40.8070672],[-73.9699024,40.8070985],[-73.9698832,40.8071224],[-73.9698689,40.8071476],[-73.969849,40.8071895],[-73.9698219,40.8072555],[-73.9698004,40.8072991],[-73.9695653,40.8075839],[-73.9694518,40.8077337],[-73.9692419,40.8080658],[-73.9690691,40.8083247],[-73.968957,40.8084745],[-73.9688792,40.8085618],[-73.9687941,40.8086533],[-73.9687491,40.8087053],[-73.9686246,40.8088615],[-73.9685089,40.8090176],[-73.9684788,40.8090624],[-73.9684628,40.8090907],[-73.9684526,40.8091172],[-73.9684318,40.8092122],[-73.9684196,40.8092481],[-73.9683911,40.8093027],[-73.9683522,40.8093624],[-73.9682131,40.809535],[-73.9681176,40.8096718],[-73.968065,40.809756],[-73.9680095,40.8098617],[-73.9679619,40.809938],[-73.9678864,40.8100319],[-73.9678434,40.810091],[-73.9677096,40.8103085],[-73.967596,40.8104795],[-73.9673839,40.8108717],[-73.967249,40.8110548],[-73.9667922,40.811737],[-73.9663192,40.8123862],[-73.9662883,40.8124368],[-73.9661255,40.8126621]]},"properties":{"kind":"cycle","name":"Cherry Walk","bridge":false,"len":1429,"major":true}},{"type":"Feature","geometry":{"type":"LineString","coordinates":[[-73.9631524,40.8073126],[-73.9634726,40.8074451],[-73.9636097,40.8075028],[-73.9636364,40.807514]]},"properties":{"kind":"foot","name":"","bridge":false,"len":45,"major":false}},{"type":"Feature","geometry":{"type":"LineString","coordinates":[[-73.9637608,40.8070679],[-73.9635113,40.8073949]]},"properties":{"kind":"foot","name":"","bridge":false,"len":35,"major":false}},{"type":"Feature","geometry":{"type":"LineString","coordinates":[[-73.9630805,40.8038236],[-73.9630544,40.803811],[-73.9622313,40.8033685]]},"properties":{"kind":"foot","name":"","bridge":false,"len":82,"major":false}},{"type":"Feature","geometry":{"type":"LineString","coordinates":[[-73.963297,40.8035279],[-73.9633298,40.8035416]]},"properties":{"kind":"foot","name":"","bridge":false,"len":3,"major":false}},{"type":"Feature","geometry":{"type":"LineString","coordinates":[[-73.9632563,40.8036348],[-73.9633524,40.8036825],[-73.9634418,40.8037274]]},"properties":{"kind":"sidewalk","major":false}},{"type":"Feature","geometry":{"type":"LineString","coordinates":[[-73.9621818,40.8027367],[-73.9621028,40.8027023]]},"properties":{"kind":"foot","name":"","bridge":false,"len":7,"major":false}},{"type":"Feature","geometry":{"type":"LineString","coordinates":[[-73.9841321,40.786449],[-73.9840679,40.786511],[-73.9839968,40.7865699],[-73.9838875,40.7866588],[-73.9838001,40.7867639],[-73.9837113,40.7868849],[-73.9835651,40.7870961],[-73.9835133,40.7871983],[-73.9834739,40.7873107],[-73.9834593,40.7873976],[-73.9834582,40.7874794],[-73.9834469,40.7876702],[-73.9834514,40.7878163]]},"properties":{"kind":"cycle","name":"Hudson River Greenway","bridge":false,"len":137,"major":true}},{"type":"Feature","geometry":{"type":"LineString","coordinates":[[-73.9621407,40.8026433],[-73.9621224,40.8026741],[-73.9621028,40.8027023]]},"properties":{"kind":"foot","name":"","bridge":false,"len":6,"major":false}},{"type":"Feature","geometry":{"type":"LineString","coordinates":[[-73.990083,40.7709461],[-73.989788,40.7708246],[-73.9896358,40.7707619],[-73.989239,40.7705984],[-73.9890776,40.770532]]},"properties":{"kind":"foot","name":"","bridge":false,"len":92,"major":false}},{"type":"Feature","geometry":{"type":"LineString","coordinates":[[-73.989788,40.7708246],[-73.989833,40.7707676],[-73.9898734,40.7707153],[-73.9893239,40.7704835],[-73.989239,40.7705984]]},"properties":{"kind":"foot","name":"","bridge":false,"len":75,"major":false}},{"type":"Feature","geometry":{"type":"LineString","coordinates":[[-73.9889711,40.7706748],[-73.9895316,40.7709088],[-73.9899242,40.7710679],[-73.9899809,40.7710909]]},"properties":{"kind":"foot","name":"","bridge":false,"len":93,"major":false}},{"type":"Feature","geometry":{"type":"LineString","coordinates":[[-73.9896358,40.7707619],[-73.9896056,40.7708044],[-73.9895316,40.7709088]]},"properties":{"kind":"foot","name":"","bridge":false,"len":15,"major":false}},{"type":"Feature","geometry":{"type":"LineString","coordinates":[[-73.9931832,40.7727128],[-73.9931505,40.7727644],[-73.9931196,40.7728156]]},"properties":{"kind":"sidewalk","major":false}},{"type":"Feature","geometry":{"type":"LineString","coordinates":[[-73.9936283,40.7720834],[-73.9936029,40.7721236],[-73.9935733,40.7721704]]},"properties":{"kind":"sidewalk","major":false}},{"type":"Feature","geometry":{"type":"LineString","coordinates":[[-73.9932886,40.772735],[-73.993671,40.7728778]]},"properties":{"kind":"sidewalk","major":false}},{"type":"Feature","geometry":{"type":"LineString","coordinates":[[-73.99402,40.7712723],[-73.9940439,40.7712884],[-73.994084,40.7713363],[-73.9941001,40.771381],[-73.9940821,40.7714299]]},"properties":{"kind":"sidewalk","major":false}},{"type":"Feature","geometry":{"type":"LineString","coordinates":[[-73.9941289,40.770644],[-73.9941258,40.7706651],[-73.9940894,40.7709534],[-73.9940384,40.7710479],[-73.9939081,40.7712209]]},"properties":{"kind":"sidewalk","major":false}},{"type":"Feature","geometry":{"type":"LineString","coordinates":[[-73.9935733,40.7721704],[-73.9935583,40.7721922],[-73.9931952,40.7727008],[-73.9931832,40.7727128]]},"properties":{"kind":"sidewalk","major":false}},{"type":"Feature","geometry":{"type":"LineString","coordinates":[[-73.9936283,40.7720834],[-73.9936371,40.7720591],[-73.9939992,40.7715739],[-73.9940172,40.7715477],[-73.9940316,40.7715174]]},"properties":{"kind":"sidewalk","major":false}},{"type":"Feature","geometry":{"type":"LineString","coordinates":[[-73.9824711,40.7849978],[-73.9825457,40.7849307],[-73.9826135,40.7848698]]},"properties":{"kind":"sidewalk","major":false}},{"type":"Feature","geometry":{"type":"LineString","coordinates":[[-73.9857266,40.7804997],[-73.985741,40.7804228]]},"properties":{"kind":"cycle","name":"","bridge":false,"len":7,"major":true}},{"type":"Feature","geometry":{"type":"LineString","coordinates":[[-73.9826691,40.785129],[-73.9826903,40.7851598],[-73.9827116,40.7851968],[-73.9827201,40.7853047],[-73.9827142,40.7854081],[-73.9827322,40.7854663],[-73.982748,40.7855447],[-73.9827596,40.7857175],[-73.9827594,40.7857725],[-73.9827833,40.7860789],[-73.9827937,40.786212],[-73.9827949,40.7863635],[-73.9827885,40.7864806],[-73.9827565,40.7867215],[-73.9827158,40.7869861],[-73.9826658,40.7871834],[-73.9826557,40.7872193],[-73.982621,40.787345],[-73.9825611,40.7875212],[-73.9824797,40.7877343],[-73.9824279,40.7878567],[-73.9823424,40.7880264]]},"properties":{"kind":"foot","name":"","bridge":false,"len":254,"major":true}},{"type":"Feature","geometry":{"type":"LineString","coordinates":[[-73.961886,40.8163356],[-73.9618571,40.8163011],[-73.9618303,40.816269],[-73.9618158,40.8162426]]},"properties":{"kind":"sidewalk","major":false}},{"type":"Feature","geometry":{"type":"LineString","coordinates":[[-73.9497755,40.8322555],[-73.9497411,40.8321295],[-73.9497868,40.8321234],[-73.9498396,40.832084],[-73.9498397,40.831879],[-73.9499402,40.8315621],[-73.94998,40.8315734],[-73.9498883,40.8318683],[-73.9499271,40.831879],[-73.9500822,40.8314082],[-73.9500231,40.8313234],[-73.9499814,40.8313178],[-73.9499633,40.8312624]]},"properties":{"kind":"cycle","name":"","bridge":false,"len":159,"major":true}},{"type":"Feature","geometry":{"type":"LineString","coordinates":[[-73.9815657,40.7784777],[-73.9815773,40.7784584],[-73.9817819,40.7781988]]},"properties":{"kind":"sidewalk","major":false}},{"type":"Feature","geometry":{"type":"LineString","coordinates":[[-73.9821495,40.7787051],[-73.9820803,40.7786693],[-73.9820159,40.7786365]]},"properties":{"kind":"sidewalk","major":false}},{"type":"Feature","geometry":{"type":"LineString","coordinates":[[-73.9822917,40.7780549],[-73.9822916,40.7779951],[-73.9822916,40.7779438]]},"properties":{"kind":"sidewalk","major":false}},{"type":"Feature","geometry":{"type":"LineString","coordinates":[[-73.9821504,40.7776596],[-73.9821916,40.7776389],[-73.9822385,40.7776153]]},"properties":{"kind":"sidewalk","major":false}},{"type":"Feature","geometry":{"type":"LineString","coordinates":[[-73.9815657,40.7784777],[-73.9815075,40.7785561],[-73.9814503,40.7786347]]},"properties":{"kind":"sidewalk","major":false}},{"type":"Feature","geometry":{"type":"LineString","coordinates":[[-73.9821314,40.778918],[-73.9821527,40.7788322],[-73.9821743,40.7787401]]},"properties":{"kind":"sidewalk","major":false}},{"type":"Feature","geometry":{"type":"LineString","coordinates":[[-73.9820505,40.777844],[-73.9820561,40.7778192],[-73.9820742,40.7776972],[-73.9821504,40.7776596]]},"properties":{"kind":"foot","name":"","bridge":false,"len":20,"major":false}},{"type":"Feature","geometry":{"type":"LineString","coordinates":[[-73.9817845,40.7785505],[-73.9816772,40.7785026],[-73.981607,40.7784713]]},"properties":{"kind":"sidewalk","major":false}},{"type":"Feature","geometry":{"type":"LineString","coordinates":[[-73.981974,40.7788746],[-73.9820221,40.7788973],[-73.9820918,40.7789287]]},"properties":{"kind":"sidewalk","major":false}},{"type":"Feature","geometry":{"type":"LineString","coordinates":[[-73.981812,40.7785902],[-73.9817596,40.7786634],[-73.9817032,40.7787422]]},"properties":{"kind":"sidewalk","major":false}},{"type":"Feature","geometry":{"type":"LineString","coordinates":[[-73.9821743,40.7787401],[-73.9821796,40.7787198],[-73.9822856,40.7781167],[-73.9822911,40.7780792],[-73.9822917,40.7780549]]},"properties":{"kind":"sidewalk","major":false}},{"type":"Feature","geometry":{"type":"LineString","coordinates":[[-73.9816594,40.7787519],[-73.9815387,40.7786995],[-73.9814583,40.7786642]]},"properties":{"kind":"sidewalk","major":false}},{"type":"Feature","geometry":{"type":"LineString","coordinates":[[-73.9817819,40.7781988],[-73.9818349,40.7778802],[-73.9818375,40.7778615]]},"properties":{"kind":"sidewalk","major":false}},{"type":"Feature","geometry":{"type":"LineString","coordinates":[[-73.9819857,40.7786636],[-73.9819687,40.778751],[-73.9819492,40.7788455]]},"properties":{"kind":"sidewalk","major":false}},{"type":"Feature","geometry":{"type":"LineString","coordinates":[[-73.9822559,40.7780782],[-73.9821913,40.7780675],[-73.9821375,40.7780586]]},"properties":{"kind":"sidewalk","major":false}},{"type":"Feature","geometry":{"type":"LineString","coordinates":[[-73.9818375,40.7778615],[-73.9818419,40.7778035],[-73.9818457,40.7777556]]},"properties":{"kind":"sidewalk","major":false}},{"type":"Feature","geometry":{"type":"LineString","coordinates":[[-73.9818586,40.7778966],[-73.9819607,40.7779616],[-73.9820291,40.7780052],[-73.9820921,40.7780453]]},"properties":{"kind":"sidewalk","major":false}},{"type":"Feature","geometry":{"type":"LineString","coordinates":[[-73.9822994,40.7778169],[-73.9822757,40.777705],[-73.9822573,40.7776183]]},"properties":{"kind":"sidewalk","major":false}},{"type":"Feature","geometry":{"type":"LineString","coordinates":[[-73.9820372,40.7778132],[-73.9819731,40.7777896],[-73.9818697,40.7777509]]},"properties":{"kind":"sidewalk","major":false}},{"type":"Feature","geometry":{"type":"LineString","coordinates":[[-73.982296,40.777903],[-73.9822994,40.7778169]]},"properties":{"kind":"sidewalk","major":false}},{"type":"Feature","geometry":{"type":"LineString","coordinates":[[-73.9822811,40.7772733],[-73.9822099,40.7772387],[-73.982,40.7771366],[-73.9819242,40.7770997]]},"properties":{"kind":"sidewalk","major":false}},{"type":"Feature","geometry":{"type":"LineString","coordinates":[[-73.982314,40.7772635],[-73.9823204,40.7771869],[-73.9823237,40.7771481]]},"properties":{"kind":"sidewalk","major":false}},{"type":"Feature","geometry":{"type":"LineString","coordinates":[[-73.9820657,40.7770111],[-73.9820035,40.7769843],[-73.9819112,40.7769446]]},"properties":{"kind":"sidewalk","major":false}},{"type":"Feature","geometry":{"type":"LineString","coordinates":[[-73.9827306,40.7772856],[-73.9826128,40.7772375],[-73.9825326,40.7772047]]},"properties":{"kind":"sidewalk","major":false}},{"type":"Feature","geometry":{"type":"LineString","coordinates":[[-73.9814503,40.7786347],[-73.9814345,40.7786543],[-73.9810507,40.7791931],[-73.9810408,40.7792072]]},"properties":{"kind":"sidewalk","major":false}},{"type":"Feature","geometry":{"type":"LineString","coordinates":[[-73.9810026,40.7793171],[-73.9810717,40.7793463],[-73.9811256,40.7793691]]},"properties":{"kind":"sidewalk","major":false}},{"type":"Feature","geometry":{"type":"LineString","coordinates":[[-73.9817389,40.7796297],[-73.9818074,40.7796588],[-73.9818887,40.7796934]]},"properties":{"kind":"sidewalk","major":false}},{"type":"Feature","geometry":{"type":"LineString","coordinates":[[-73.9819378,40.779589],[-73.9819453,40.7795634],[-73.9821255,40.7789462],[-73.9821314,40.778918]]},"properties":{"kind":"sidewalk","major":false}},{"type":"Feature","geometry":{"type":"LineString","coordinates":[[-73.9825326,40.7772047],[-73.9825026,40.7771927],[-73.9823256,40.7771221],[-73.9822901,40.7771076]]},"properties":{"kind":"sidewalk","major":false}},{"type":"Feature","geometry":{"type":"LineString","coordinates":[[-73.9818833,40.7769535],[-73.9818839,40.7770022],[-73.9818845,40.7770515]]},"properties":{"kind":"sidewalk","major":false}},{"type":"Feature","geometry":{"type":"LineString","coordinates":[[-73.9819144,40.7796793],[-73.9819284,40.7796254],[-73.9819378,40.779589]]},"properties":{"kind":"sidewalk","major":false}},{"type":"Feature","geometry":{"type":"LineString","coordinates":[[-73.982488,40.7772117],[-73.9824632,40.7772449],[-73.9824179,40.7773056]]},"properties":{"kind":"sidewalk","major":false}},{"type":"Feature","geometry":{"type":"LineString","coordinates":[[-73.9811985,40.7794],[-73.9812175,40.7794081],[-73.9813637,40.7794703],[-73.981504,40.7795299],[-73.9815417,40.7795459]]},"properties":{"kind":"sidewalk","major":false}},{"type":"Feature","geometry":{"type":"LineString","coordinates":[[-73.9815386,40.7794164],[-73.9815264,40.7794559],[-73.981509,40.7795122]]},"properties":{"kind":"sidewalk","major":false}},{"type":"Feature","geometry":{"type":"LineString","coordinates":[[-73.9818845,40.7770515],[-73.9818826,40.7770822],[-73.9818468,40.777742],[-73.9818457,40.7777556]]},"properties":{"kind":"sidewalk","major":false}},{"type":"Feature","geometry":{"type":"LineString","coordinates":[[-73.9819209,40.7795531],[-73.9818528,40.7795157],[-73.9818057,40.7794898]]},"properties":{"kind":"sidewalk","major":false}},{"type":"Feature","geometry":{"type":"LineString","coordinates":[[-73.9826389,40.7774123],[-73.9825087,40.7773651],[-73.9824464,40.7773426]]},"properties":{"kind":"sidewalk","major":false}},{"type":"Feature","geometry":{"type":"LineString","coordinates":[[-73.9822916,40.7779438],[-73.982296,40.777903],[-73.982662,40.777421]]},"properties":{"kind":"sidewalk","major":false}},{"type":"Feature","geometry":{"type":"LineString","coordinates":[[-73.9826763,40.7774022],[-73.9827139,40.7773528],[-73.9827415,40.7773165]]},"properties":{"kind":"sidewalk","major":false}},{"type":"Feature","geometry":{"type":"LineString","coordinates":[[-73.9810408,40.7792072],[-73.9810129,40.7792423],[-73.9809795,40.7792844]]},"properties":{"kind":"sidewalk","major":false}},{"type":"Feature","geometry":{"type":"LineString","coordinates":[[-73.9812698,40.7792765],[-73.9811541,40.7792325],[-73.9810826,40.7792054]]},"properties":{"kind":"sidewalk","major":false}},{"type":"Feature","geometry":{"type":"LineString","coordinates":[[-73.9812948,40.7793071],[-73.9812663,40.7793444],[-73.9812268,40.779396]]},"properties":{"kind":"sidewalk","major":false}},{"type":"Feature","geometry":{"type":"LineString","coordinates":[[-73.9857364,40.7807164],[-73.9855998,40.7810488],[-73.9855359,40.7811965],[-73.9854765,40.7813449],[-73.9854311,40.7814694],[-73.985387,40.7816018],[-73.9853378,40.7817657],[-73.9852948,40.7819087],[-73.9852886,40.7819296]]},"properties":{"kind":"foot","name":"","bridge":false,"len":110,"major":false}},{"type":"Feature","geometry":{"type":"LineString","coordinates":[[-73.9852426,40.7810812],[-73.9852621,40.7810325],[-73.9852776,40.7809937]]},"properties":{"kind":"sidewalk","major":false}},{"type":"Feature","geometry":{"type":"LineString","coordinates":[[-73.9854808,40.7810186],[-73.9854032,40.7809994],[-73.9853237,40.7809796]]},"properties":{"kind":"sidewalk","major":false}},{"type":"Feature","geometry":{"type":"LineString","coordinates":[[-73.9854185,40.781164],[-73.9853425,40.7811415],[-73.9852724,40.7811191]]},"properties":{"kind":"sidewalk","major":false}},{"type":"Feature","geometry":{"type":"LineString","coordinates":[[-73.987171,40.7758915],[-73.9871104,40.7759698],[-73.9870528,40.7760444]]},"properties":{"kind":"sidewalk","major":false}},{"type":"Feature","geometry":{"type":"LineString","coordinates":[[-73.9851634,40.7756946],[-73.9850352,40.7757477],[-73.9850077,40.7757706],[-73.9847526,40.7761234],[-73.9843512,40.7766797],[-73.9842891,40.7767657],[-73.9841352,40.7769784]]},"properties":{"kind":"foot","name":"","bridge":false,"len":141,"major":false}},{"type":"Feature","geometry":{"type":"LineString","coordinates":[[-73.9873212,40.7761567],[-73.9873767,40.776082],[-73.9874397,40.7759972]]},"properties":{"kind":"sidewalk","major":false}},{"type":"Feature","geometry":{"type":"LineString","coordinates":[[-73.9873212,40.7761567],[-73.987614,40.7762817],[-73.9879122,40.7764087],[-73.9882832,40.7765662]]},"properties":{"kind":"sidewalk","major":false}},{"type":"Feature","geometry":{"type":"LineString","coordinates":[[-73.9853662,40.7753381],[-73.9852366,40.7755086],[-73.98523,40.7755522],[-73.9852425,40.7755868],[-73.9853267,40.7757124],[-73.9854447,40.7758991],[-73.985475,40.7759221],[-73.9855162,40.7759401],[-73.9855487,40.7759581],[-73.985631,40.7760303]]},"properties":{"kind":"sidewalk","major":false}},{"type":"Feature","geometry":{"type":"LineString","coordinates":[[-73.9882832,40.7765662],[-73.9880822,40.7769523],[-73.9880343,40.7770443]]},"properties":{"kind":"sidewalk","major":false}},{"type":"Feature","geometry":{"type":"LineString","coordinates":[[-73.9870528,40.7760444],[-73.9867986,40.7763921],[-73.9867462,40.7764638],[-73.9864259,40.7769018],[-73.9863755,40.7769707],[-73.9861687,40.7772536],[-73.9860455,40.7774221],[-73.986019,40.7774591],[-73.9859361,40.7775742],[-73.9858528,40.7776885]]},"properties":{"kind":"sidewalk","major":false}},{"type":"Feature","geometry":{"type":"LineString","coordinates":[[-73.9852534,40.7752908],[-73.9851111,40.7754965],[-73.9851027,40.7755319],[-73.9851087,40.7755768],[-73.9851302,40.7756284],[-73.9851634,40.7756946],[-73.9852519,40.7758324],[-73.9852621,40.775868],[-73.9852661,40.7759096],[-73.9852545,40.775954],[-73.984897,40.7764519],[-73.9848342,40.7765381],[-73.984426,40.7770988]]},"properties":{"kind":"sidewalk","major":false}},{"type":"Feature","geometry":{"type":"LineString","coordinates":[[-73.9873212,40.7761567],[-73.9871837,40.7760992],[-73.9870528,40.7760444]]},"properties":{"kind":"sidewalk","major":false}},{"type":"Feature","geometry":{"type":"LineString","coordinates":[[-73.985631,40.7760303],[-73.9853204,40.776458],[-73.9852235,40.7765908],[-73.9851894,40.7766383],[-73.9851682,40.7766675],[-73.9849222,40.7770064],[-73.9847559,40.7772354]]},"properties":{"kind":"sidewalk","major":false}},{"type":"Feature","geometry":{"type":"LineString","coordinates":[[-73.983988,40.7766431],[-73.9838317,40.7768528]]},"properties":{"kind":"foot","name":"","bridge":false,"len":22,"major":false}},{"type":"Feature","geometry":{"type":"LineString","coordinates":[[-73.9861385,40.7777986],[-73.985986,40.7777396],[-73.9858528,40.7776885]]},"properties":{"kind":"sidewalk","major":false}},{"type":"Feature","geometry":{"type":"LineString","coordinates":[[-73.9858528,40.7776885],[-73.9858149,40.7777407],[-73.9857924,40.7777717]]},"properties":{"kind":"sidewalk","major":false}},{"type":"Feature","geometry":{"type":"LineString","coordinates":[[-73.9858528,40.7776885],[-73.9858223,40.7776761],[-73.9847559,40.7772354]]},"properties":{"kind":"sidewalk","major":false}},{"type":"Feature","geometry":{"type":"LineString","coordinates":[[-73.9831854,40.7767193],[-73.9832104,40.7766855],[-73.9832326,40.7766556]]},"properties":{"kind":"sidewalk","major":false}},{"type":"Feature","geometry":{"type":"LineString","coordinates":[[-73.9846829,40.7717463],[-73.98461985933952,40.7717196849908]]},"properties":{"kind":"sidewalk","major":false}},{"type":"Feature","geometry":{"type":"LineString","coordinates":[[-73.9866344,40.7715724],[-73.9866033,40.7715613],[-73.986291,40.7714289],[-73.9860573,40.7713266],[-73.9860982,40.7712707],[-73.9860875,40.7712169],[-73.9860392,40.7711712],[-73.9860225,40.7711664],[-73.9859533,40.7711498],[-73.9858849,40.771159],[-73.9858273,40.7711884],[-73.9857209,40.7713342]]},"properties":{"kind":"sidewalk","major":false}},{"type":"Feature","geometry":{"type":"LineString","coordinates":[[-73.9857209,40.7713342],[-73.9857145,40.7713432],[-73.9856433,40.7714429],[-73.9856522,40.7714469]]},"properties":{"kind":"foot","name":"","bridge":false,"len":12,"major":false}},{"type":"Feature","geometry":{"type":"LineString","coordinates":[[-73.9514446,40.8307746],[-73.9514603,40.8308653],[-73.9515006,40.8309322],[-73.9515408,40.8309607],[-73.95195,40.8311114]]},"properties":{"kind":"cycle","name":"","bridge":false,"len":56,"major":true}},{"type":"Feature","geometry":{"type":"LineString","coordinates":[[-73.9500337,40.8310792],[-73.950094,40.8310838],[-73.9511589,40.8311596]]},"properties":{"kind":"cycle","name":"Herman \u201cDenny\u201d Farrell Pedestrian Bridge","bridge":true,"len":96,"major":true}},{"type":"Feature","geometry":{"type":"LineString","coordinates":[[-73.9480922,40.8245499],[-73.9481473,40.824518],[-73.9488816,40.8240836]]},"properties":{"kind":"foot","name":"Hamilton Place","bridge":false,"len":78,"major":true}},{"type":"Feature","geometry":{"type":"LineString","coordinates":[[-73.9575931,40.8233012],[-73.9575976,40.8234047],[-73.9576057,40.8234386],[-73.9578704,40.8235411]]},"properties":{"kind":"foot","name":"","bridge":false,"len":36,"major":false}},{"type":"Feature","geometry":{"type":"LineString","coordinates":[[-73.9668343,40.8083611],[-73.9666864,40.8083033]]},"properties":{"kind":"foot","name":"","bridge":false,"len":13,"major":false}},{"type":"Feature","geometry":{"type":"LineString","coordinates":[[-73.9787624,40.7927602],[-73.9786721,40.792891],[-73.978557,40.7930708],[-73.9784251,40.7932487],[-73.9782506,40.7933895],[-73.9779709,40.7935495]]},"properties":{"kind":"foot","name":"","bridge":false,"len":97,"major":false}},{"type":"Feature","geometry":{"type":"LineString","coordinates":[[-73.9634519,40.8089196],[-73.9634982,40.8089383],[-73.9635363,40.8089534],[-73.9637088,40.809022]]},"properties":{"kind":"foot","name":"","bridge":false,"len":24,"major":false}},{"type":"Feature","geometry":{"type":"LineString","coordinates":[[-73.9621545,40.8069096],[-73.9618264,40.8067737],[-73.9617523,40.806743],[-73.9616622,40.8067057],[-73.9615432,40.8066565]]},"properties":{"kind":"foot","name":"","bridge":false,"len":56,"major":false}},{"type":"Feature","geometry":{"type":"LineString","coordinates":[[-73.9626204,40.8062268],[-73.9626098,40.8062223],[-73.9625991,40.8062178]]},"properties":{"kind":"foot","name":"","bridge":false,"len":2,"major":false}},{"type":"Feature","geometry":{"type":"LineString","coordinates":[[-73.9619163,40.8063577],[-73.9617171,40.8066298],[-73.9617071,40.8066414]]},"properties":{"kind":"foot","name":"","bridge":false,"len":30,"major":false}},{"type":"Feature","geometry":{"type":"LineString","coordinates":[[-73.9600478,40.8074119],[-73.9599212,40.8075913],[-73.9596271,40.8074686],[-73.9597532,40.8072898],[-73.9598322,40.8071801],[-73.9595393,40.8070516]]},"properties":{"kind":"foot","name":"","bridge":false,"len":103,"major":false}},{"type":"Feature","geometry":{"type":"LineString","coordinates":[[-73.9625466,40.8061956],[-73.9624669,40.8063023],[-73.9622759,40.8062227],[-73.9623548,40.8061162]]},"properties":{"kind":"foot","name":"","bridge":false,"len":40,"major":false}},{"type":"Feature","geometry":{"type":"LineString","coordinates":[[-73.9593826,40.8069835],[-73.9593646,40.8069706],[-73.9593586,40.8069563],[-73.9593665,40.8069447],[-73.9593835,40.8069405],[-73.9594131,40.8069472],[-73.9596018,40.8070267],[-73.9597118,40.8070721],[-73.95974,40.80705],[-73.9597821,40.8070169],[-73.9598337,40.8069538],[-73.9599441,40.8068181],[-73.9601318,40.8065874],[-73.9601562,40.8065578]]},"properties":{"kind":"foot","name":"","bridge":false,"len":94,"major":false}},{"type":"Feature","geometry":{"type":"LineString","coordinates":[[-73.9855797,40.7710173],[-73.985646,40.7709228]]},"properties":{"kind":"foot","name":"","bridge":false,"len":10,"major":false}},{"type":"Feature","geometry":{"type":"LineString","coordinates":[[-73.9851144,40.7710495],[-73.9850486,40.7711415],[-73.98504354254571,40.771139399919434]]},"properties":{"kind":"foot","name":"","bridge":false,"len":25,"major":false}},{"type":"Feature","geometry":{"type":"LineString","coordinates":[[-73.9852369,40.770883],[-73.9851144,40.7710495]]},"properties":{"kind":"foot","name":"","bridge":false,"len":18,"major":false}},{"type":"Feature","geometry":{"type":"LineString","coordinates":[[-73.9851144,40.7710495],[-73.9851104172944,40.77104780691375]]},"properties":{"kind":"foot","name":"","bridge":false,"len":87,"major":false}},{"type":"Feature","geometry":{"type":"LineString","coordinates":[[-73.9501272,40.8307579],[-73.9501613,40.8307771],[-73.9500337,40.8310792]]},"properties":{"kind":"foot","name":"","bridge":false,"len":31,"major":false}},{"type":"Feature","geometry":{"type":"LineString","coordinates":[[-73.949971,40.8309467],[-73.9498815,40.830922],[-73.949733,40.830881],[-73.9496118,40.8308493]]},"properties":{"kind":"foot","name":"","bridge":false,"len":32,"major":false}},{"type":"Feature","geometry":{"type":"LineString","coordinates":[[-73.9639358,40.8088417],[-73.9642037,40.8089493],[-73.9641845,40.8089767],[-73.9642211,40.8089914]]},"properties":{"kind":"foot","name":"","bridge":false,"len":31,"major":false}},{"type":"Feature","geometry":{"type":"LineString","coordinates":[[-73.9570463,40.8218257],[-73.9569904,40.8218019]]},"properties":{"kind":"foot","name":"","bridge":false,"len":5,"major":false}},{"type":"Feature","geometry":{"type":"LineString","coordinates":[[-73.9556549,40.8227708],[-73.9557251,40.8227976],[-73.9558115,40.8228306],[-73.9559038,40.8228659]]},"properties":{"kind":"sidewalk","major":false}},{"type":"Feature","geometry":{"type":"LineString","coordinates":[[-73.9606481,40.8159239],[-73.960728,40.8159592]]},"properties":{"kind":"foot","name":"","bridge":false,"len":7,"major":false}},{"type":"Feature","geometry":{"type":"LineString","coordinates":[[-73.9612988,40.8160768],[-73.9612706,40.8160849],[-73.9612072,40.8161024],[-73.9611247,40.8161254]]},"properties":{"kind":"sidewalk","major":false}},{"type":"Feature","geometry":{"type":"LineString","coordinates":[[-73.9606481,40.8159239],[-73.9606044,40.8160433],[-73.9606218,40.8161313],[-73.960671,40.8162691],[-73.9607315,40.8164399],[-73.9607508,40.816525],[-73.9607695,40.816581],[-73.9607991,40.816629],[-73.9608489,40.8166634],[-73.960939,40.8167054],[-73.9610411,40.816756]]},"properties":{"kind":"foot","name":"","bridge":false,"len":87,"major":false}},{"type":"Feature","geometry":{"type":"LineString","coordinates":[[-73.9610411,40.816756],[-73.961333,40.8168842]]},"properties":{"kind":"foot","name":"","bridge":false,"len":27,"major":false}},{"type":"Feature","geometry":{"type":"LineString","coordinates":[[-73.961333,40.8168842],[-73.9614519,40.8169441]]},"properties":{"kind":"foot","name":"","bridge":false,"len":11,"major":false}},{"type":"Feature","geometry":{"type":"LineString","coordinates":[[-73.9633284,40.8088669],[-73.9632563,40.808836]]},"properties":{"kind":"foot","name":"","bridge":false,"len":7,"major":false}},{"type":"Feature","geometry":{"type":"LineString","coordinates":[[-73.962634,40.8089919],[-73.9626198,40.8089862],[-73.9625099,40.8089399]]},"properties":{"kind":"foot","name":"","bridge":false,"len":11,"major":false}},{"type":"Feature","geometry":{"type":"LineString","coordinates":[[-73.9624645,40.808999],[-73.9622908,40.8089256],[-73.9623343,40.8088673],[-73.9623833,40.8088015],[-73.9625579,40.8088753]]},"properties":{"kind":"foot","name":"","bridge":false,"len":45,"major":false}},{"type":"Feature","geometry":{"type":"LineString","coordinates":[[-73.9618673,40.8132543],[-73.9617323,40.8132008]]},"properties":{"kind":"foot","name":"","bridge":false,"len":12,"major":false}},{"type":"Feature","geometry":{"type":"LineString","coordinates":[[-73.9620943,40.8133515],[-73.9619774,40.8133006]]},"properties":{"kind":"foot","name":"","bridge":false,"len":11,"major":false}},{"type":"Feature","geometry":{"type":"LineString","coordinates":[[-73.9619858,40.8132774],[-73.9619841,40.8132644],[-73.9619815,40.813258],[-73.9619763,40.8132503],[-73.961967,40.8132416],[-73.9619579,40.813236],[-73.961945,40.8132311],[-73.9619324,40.8132286],[-73.9619192,40.8132282],[-73.9619054,40.8132301],[-73.9618941,40.8132336],[-73.9618847,40.8132382],[-73.9618741,40.8132462],[-73.9618673,40.8132543],[-73.9618626,40.8132638],[-73.9618608,40.8132727],[-73.9618616,40.8132835],[-73.961865,40.8132927],[-73.9618712,40.8133018],[-73.96188,40.8133097],[-73.9618899,40.8133156],[-73.9619039,40.8133206],[-73.9619143,40.8133224],[-73.9619254,40.8133229],[-73.9619402,40.8133211],[-73.961951,40.813318],[-73.9619632,40.813312],[-73.9619707,40.8133064],[-73.9619774,40.8133006],[-73.9619837,40.8132881],[-73.9619858,40.8132774]]},"properties":{"kind":"foot","name":"","bridge":false,"len":29,"major":false}},{"type":"Feature","geometry":{"type":"LineString","coordinates":[[-73.9627547,40.8128111],[-73.9627075,40.8127914],[-73.96254,40.8127211]]},"properties":{"kind":"foot","name":"","bridge":false,"len":20,"major":false}},{"type":"Feature","geometry":{"type":"LineString","coordinates":[[-73.9616862,40.8133601],[-73.9615627,40.8133834]]},"properties":{"kind":"foot","name":"","bridge":false,"len":11,"major":false}},{"type":"Feature","geometry":{"type":"LineString","coordinates":[[-73.9617737,40.8134516],[-73.9616551,40.8136241]]},"properties":{"kind":"foot","name":"","bridge":false,"len":18,"major":false}},{"type":"Feature","geometry":{"type":"LineString","coordinates":[[-73.9619362,40.8134686],[-73.9619887,40.8135809],[-73.9620425,40.8136966]]},"properties":{"kind":"foot","name":"","bridge":false,"len":21,"major":false}},{"type":"Feature","geometry":{"type":"LineString","coordinates":[[-73.9622315,40.8125258],[-73.962219,40.8125431],[-73.9617323,40.8132008],[-73.9616993,40.8132518],[-73.9616819,40.8133006],[-73.9616802,40.8133444],[-73.9616862,40.8133601],[-73.961691,40.8133728],[-73.9617151,40.8134053],[-73.9617285,40.8134215],[-73.9617527,40.8134398],[-73.9617737,40.8134516],[-73.9617773,40.8134537],[-73.961805,40.8134631],[-73.9618304,40.8134662],[-73.9618653,40.8134702],[-73.9619136,40.8134723],[-73.9619362,40.8134686],[-73.9619511,40.8134662],[-73.961986,40.813452],[-73.9620128,40.8134398],[-73.9620432,40.8134136],[-73.9620732,40.8133819],[-73.9620943,40.8133515]]},"properties":{"kind":"foot","name":"","bridge":false,"len":128,"major":false}},{"type":"Feature","geometry":{"type":"LineString","coordinates":[[-73.9640732,40.8086502],[-73.9642383,40.8087165],[-73.9643209,40.8085987],[-73.9641557,40.8085325],[-73.9640732,40.8086502]]},"properties":{"kind":"foot","name":"","bridge":false,"len":55,"major":false}},{"type":"Feature","geometry":{"type":"LineString","coordinates":[[-73.963718,40.8065385],[-73.9635137,40.8068132],[-73.9634346,40.8069293],[-73.9631524,40.8073126],[-73.9631347,40.8073324],[-73.9631205,40.8073449],[-73.9630911,40.8073683],[-73.9630617,40.8073924],[-73.963046,40.8074069],[-73.9630189,40.8074363],[-73.9629968,40.807463]]},"properties":{"kind":"foot","name":"","bridge":false,"len":100,"major":false}},{"type":"Feature","geometry":{"type":"LineString","coordinates":[[-73.9636483,40.8074529],[-73.9639015,40.8071259]]},"properties":{"kind":"foot","name":"","bridge":false,"len":35,"major":false}},{"type":"Feature","geometry":{"type":"LineString","coordinates":[[-73.95674835643372,40.809893057964885],[-73.9567535,40.8099123]]},"properties":{"kind":"foot","name":"","bridge":false,"len":129,"major":false}},{"type":"Feature","geometry":{"type":"LineString","coordinates":[[-73.9616863,40.8066714],[-73.9616622,40.8067057]]},"properties":{"kind":"foot","name":"","bridge":false,"len":4,"major":false}},{"type":"Feature","geometry":{"type":"LineString","coordinates":[[-73.9617171,40.8066298],[-73.9618787,40.8066973]]},"properties":{"kind":"foot","name":"","bridge":false,"len":15,"major":false}},{"type":"Feature","geometry":{"type":"LineString","coordinates":[[-73.9618425,40.8067485],[-73.9618264,40.8067737]]},"properties":{"kind":"foot","name":"","bridge":false,"len":3,"major":false}},{"type":"Feature","geometry":{"type":"LineString","coordinates":[[-73.9620785,40.8064249],[-73.9618787,40.8066973],[-73.96187,40.8067089]]},"properties":{"kind":"foot","name":"","bridge":false,"len":30,"major":false}},{"type":"Feature","geometry":{"type":"LineString","coordinates":[[-73.9682282,40.8019126],[-73.9682733,40.8019345],[-73.9682888,40.8019413]]},"properties":{"kind":"foot","name":"","bridge":false,"len":6,"major":false}},{"type":"Feature","geometry":{"type":"LineString","coordinates":[[-73.9681102,40.8019804],[-73.9681271,40.8019827],[-73.968143,40.8019816],[-73.9681581,40.8019767],[-73.9681741,40.8019694],[-73.9681888,40.8019561],[-73.9682045,40.8019401],[-73.9682181,40.801924],[-73.9682282,40.8019126],[-73.9682334,40.8019033],[-73.9682361,40.8018915],[-73.9682351,40.8018845],[-73.9682315,40.8018764],[-73.9682237,40.80187],[-73.9681962,40.8018512]]},"properties":{"kind":"foot","name":"","bridge":false,"len":19,"major":false}},{"type":"Feature","geometry":{"type":"LineString","coordinates":[[-73.968074,40.8018422],[-73.9680847,40.8018426]]},"properties":{"kind":"foot","name":"","bridge":false,"len":1,"major":false}},{"type":"Feature","geometry":{"type":"LineString","coordinates":[[-73.9682564,40.8016292],[-73.9682468,40.8016449],[-73.9682252,40.8016806]]},"properties":{"kind":"foot","name":"","bridge":false,"len":5,"major":false}},{"type":"Feature","geometry":{"type":"LineString","coordinates":[[-73.9857976,40.7719877],[-73.9858628,40.7718959]]},"properties":{"kind":"foot","name":"","bridge":false,"len":10,"major":false}},{"type":"Feature","geometry":{"type":"LineString","coordinates":[[-73.9858929,40.7718523],[-73.9859543,40.7717674],[-73.9859535,40.7717401]]},"properties":{"kind":"foot","name":"","bridge":false,"len":11,"major":false}},{"type":"Feature","geometry":{"type":"LineString","coordinates":[[-73.9858628,40.7718959],[-73.985892,40.7719075]]},"properties":{"kind":"foot","name":"","bridge":false,"len":3,"major":false}},{"type":"Feature","geometry":{"type":"LineString","coordinates":[[-73.9856755,40.7715795],[-73.985691,40.7715587],[-73.9859023,40.7716484],[-73.9859239,40.771658],[-73.9860213,40.7717002]]},"properties":{"kind":"foot","name":"","bridge":false,"len":33,"major":false}},{"type":"Feature","geometry":{"type":"LineString","coordinates":[[-73.98441778495996,40.77199645013998],[-73.9844632,40.7720149],[-73.9844691,40.772007],[-73.98442388651873,40.77198809332192]]},"properties":{"kind":"foot","name":"","bridge":false,"len":21,"major":false}},{"type":"Feature","geometry":{"type":"LineString","coordinates":[[-73.985097,40.7719212],[-73.985084,40.7719399],[-73.9850471,40.7719899]]},"properties":{"kind":"foot","name":"","bridge":false,"len":7,"major":false}},{"type":"Feature","geometry":{"type":"LineString","coordinates":[[-73.9847913,40.7717921],[-73.9847773,40.7718108],[-73.984741,40.7718595]]},"properties":{"kind":"foot","name":"","bridge":false,"len":7,"major":false}},{"type":"Feature","geometry":{"type":"LineString","coordinates":[[-73.9854957,40.7728178],[-73.9853131,40.7727398],[-73.9846903,40.7724738]]},"properties":{"kind":"foot","name":"","bridge":false,"len":74,"major":false}},{"type":"Feature","geometry":{"type":"LineString","coordinates":[[-73.9850471,40.7719899],[-73.9849386,40.7719435],[-73.9848575,40.7719088],[-73.984741,40.7718595]]},"properties":{"kind":"foot","name":"","bridge":false,"len":28,"major":false}},{"type":"Feature","geometry":{"type":"LineString","coordinates":[[-73.984741,40.7718595],[-73.9845718,40.7720894],[-73.984515,40.7721666],[-73.9844611,40.7722399],[-73.9844023,40.7723199],[-73.9843405,40.7724039]]},"properties":{"kind":"foot","name":"","bridge":false,"len":57,"major":false}},{"type":"Feature","geometry":{"type":"LineString","coordinates":[[-73.9850471,40.7719899],[-73.9850156,40.7720326],[-73.9848006,40.7723242],[-73.9847699,40.7723658],[-73.984709,40.7724483],[-73.9846903,40.7724738],[-73.9846477,40.7725315],[-73.9845363,40.7724853],[-73.9844392,40.7724449],[-73.9843405,40.7724039],[-73.98424,40.7723622],[-73.98417151236305,40.77233375005979]]},"properties":{"kind":"foot","name":"","bridge":false,"len":103,"major":false}},{"type":"Feature","geometry":{"type":"LineString","coordinates":[[-73.9861272,40.7709822],[-73.9860388,40.7711026],[-73.9859397,40.7710953],[-73.9859144,40.771131]]},"properties":{"kind":"foot","name":"","bridge":false,"len":25,"major":false}},{"type":"Feature","geometry":{"type":"LineString","coordinates":[[-73.9859144,40.771131],[-73.9860316,40.7711522]]},"properties":{"kind":"foot","name":"","bridge":false,"len":10,"major":false}},{"type":"Feature","geometry":{"type":"LineString","coordinates":[[-73.9860316,40.7711522],[-73.9860225,40.7711664]]},"properties":{"kind":"foot","name":"","bridge":false,"len":1,"major":false}},{"type":"Feature","geometry":{"type":"LineString","coordinates":[[-73.987938,40.7817595],[-73.9878729,40.781861],[-73.9872675,40.782687],[-73.9869722,40.7831252],[-73.9869294,40.7831878],[-73.9868469,40.7833013],[-73.9865058,40.7837702],[-73.9863781,40.7839458],[-73.9858544,40.784718],[-73.9854261,40.7853531],[-73.9852047,40.7856863]]},"properties":{"kind":"foot","name":"Riverside Walk","bridge":false,"len":407,"major":true}},{"type":"Feature","geometry":{"type":"LineString","coordinates":[[-73.9832829,40.7884697],[-73.983111,40.7887123],[-73.9830651,40.788778]]},"properties":{"kind":"cycle","name":"Riverside Walk","bridge":false,"len":32,"major":true}},{"type":"Feature","geometry":{"type":"LineString","coordinates":[[-73.9832829,40.7884697],[-73.983239,40.788345]]},"properties":{"kind":"cycle","name":"Hudson River Greenway","bridge":false,"len":11,"major":true}},{"type":"Feature","geometry":{"type":"LineString","coordinates":[[-73.983239,40.788345],[-73.9831406,40.7884419],[-73.9830666,40.7885148],[-73.9830237,40.7885457],[-73.9829781,40.7885682],[-73.982921,40.7885847],[-73.9828509,40.7885934]]},"properties":{"kind":"cycle","name":"","bridge":false,"len":40,"major":true}},{"type":"Feature","geometry":{"type":"LineString","coordinates":[[-73.9874102,40.7817668],[-73.9873469,40.7817626],[-73.9872995,40.7817558]]},"properties":{"kind":"foot","name":"","bridge":false,"len":9,"major":false}},{"type":"Feature","geometry":{"type":"LineString","coordinates":[[-73.9793441,40.7940465],[-73.9791295,40.7943536],[-73.9787354,40.7949007],[-73.9781172,40.7957666],[-73.9777615,40.7962682],[-73.976784,40.7976465],[-73.9761768,40.7985028],[-73.9758244,40.7989997]]},"properties":{"kind":"cycle","name":"Riverside Walk","bridge":false,"len":516,"major":true}},{"type":"Feature","geometry":{"type":"LineString","coordinates":[[-73.9830651,40.788778],[-73.9829702,40.7889139],[-73.9819231,40.7904138],[-73.9817623,40.7906605],[-73.9816963,40.7907782],[-73.98166,40.7908502]]},"properties":{"kind":"cycle","name":"Riverside Walk","bridge":false,"len":213,"major":true}},{"type":"Feature","geometry":{"type":"LineString","coordinates":[[-73.9618628,40.8180792],[-73.9617778,40.818124],[-73.9617691,40.8181304],[-73.961766,40.8181326],[-73.96172,40.8181662],[-73.9615309,40.8183521],[-73.9613248,40.8185354],[-73.9611878,40.818677],[-73.9611578,40.818708],[-73.9610644,40.8188031]]},"properties":{"kind":"cycle","name":"West Harlem Piers Park Bike Path","bridge":false,"len":92,"major":true}},{"type":"Feature","geometry":{"type":"LineString","coordinates":[[-73.9804077,40.792606],[-73.9802978,40.7927221],[-73.9802407,40.7927937],[-73.9800341,40.7930963],[-73.9796973,40.7935592],[-73.9793441,40.7940465]]},"properties":{"kind":"cycle","name":"Riverside Walk","bridge":false,"len":152,"major":true}},{"type":"Feature","geometry":{"type":"LineString","coordinates":[[-73.98166,40.7908502],[-73.9816201,40.7909433],[-73.9815649,40.7910494],[-73.9815386,40.7910905],[-73.9815006,40.7911501],[-73.9807368,40.7922279],[-73.9806448,40.7923555],[-73.9805604,40.792457],[-73.9804077,40.792606]]},"properties":{"kind":"cycle","name":"Riverside Walk","bridge":true,"len":184,"major":true}},{"type":"Feature","geometry":{"type":"LineString","coordinates":[[-73.9800797,40.7910055],[-73.9802078,40.7908203],[-73.9803097,40.7907666],[-73.980452,40.7907169],[-73.9805094,40.7907137],[-73.9805561,40.7907225],[-73.9806001,40.7907426]]},"properties":{"kind":"foot","name":"","bridge":false,"len":55,"major":false}},{"type":"Feature","geometry":{"type":"LineString","coordinates":[[-73.9788118,40.7923746],[-73.9786583,40.7923136],[-73.9784793,40.7922313],[-73.9785352,40.7921523],[-73.978637,40.7920187],[-73.9787594,40.7918335]]},"properties":{"kind":"foot","name":"","bridge":false,"len":72,"major":false}},{"type":"Feature","geometry":{"type":"LineString","coordinates":[[-73.9787594,40.7918335],[-73.9790745,40.7919416],[-73.9791422,40.7919648],[-73.9791299,40.7920196]]},"properties":{"kind":"foot","name":"","bridge":false,"len":39,"major":false}},{"type":"Feature","geometry":{"type":"LineString","coordinates":[[-73.9791422,40.7919648],[-73.9792186,40.7919261]]},"properties":{"kind":"foot","name":"","bridge":false,"len":7,"major":false}},{"type":"Feature","geometry":{"type":"LineString","coordinates":[[-73.9784793,40.7922313],[-73.9782876,40.7922129],[-73.978128,40.7922208],[-73.9780052,40.7922512],[-73.9778365,40.7923205],[-73.9777088,40.7923935],[-73.9776309,40.7924476],[-73.9775549,40.7925129],[-73.977486,40.7925985],[-73.9773582,40.7927543],[-73.9772971,40.7928832]]},"properties":{"kind":"foot","name":"","bridge":false,"len":124,"major":false}},{"type":"Feature","geometry":{"type":"LineString","coordinates":[[-73.9820921,40.7780453],[-73.9820717,40.7779466],[-73.982061,40.7778947],[-73.9820505,40.777844]]},"properties":{"kind":"sidewalk","major":false}},{"type":"Feature","geometry":{"type":"LineString","coordinates":[[-73.9594921,40.8085916],[-73.9595101,40.8085662]]},"properties":{"kind":"foot","name":"","bridge":false,"len":3,"major":false}},{"type":"Feature","geometry":{"type":"LineString","coordinates":[[-73.9590163,40.8093824],[-73.958807,40.8096761],[-73.9586383,40.8099036],[-73.9586227,40.8099248]]},"properties":{"kind":"sidewalk","major":false}},{"type":"Feature","geometry":{"type":"LineString","coordinates":[[-73.9572557,40.8099196],[-73.9572801,40.8099145]]},"properties":{"kind":"sidewalk","major":false}},{"type":"Feature","geometry":{"type":"LineString","coordinates":[[-73.9581877,40.8098496],[-73.9581556,40.8098932],[-73.9580795,40.8098632]]},"properties":{"kind":"sidewalk","major":false}},{"type":"Feature","geometry":{"type":"LineString","coordinates":[[-73.9572697,40.8097361],[-73.9572806,40.8097369]]},"properties":{"kind":"sidewalk","major":false}},{"type":"Feature","geometry":{"type":"LineString","coordinates":[[-73.9572992,40.8099104],[-73.9573074,40.8099087]]},"properties":{"kind":"sidewalk","major":false}},{"type":"Feature","geometry":{"type":"LineString","coordinates":[[-73.9572907,40.8099122],[-73.9572969,40.8099109]]},"properties":{"kind":"sidewalk","major":false}},{"type":"Feature","geometry":{"type":"LineString","coordinates":[[-73.9572313,40.8097334],[-73.9572475,40.8097345]]},"properties":{"kind":"sidewalk","major":false}},{"type":"Feature","geometry":{"type":"LineString","coordinates":[[-73.9571572,40.809427],[-73.9571049,40.8094066]]},"properties":{"kind":"sidewalk","major":false}},{"type":"Feature","geometry":{"type":"LineString","coordinates":[[-73.9572895,40.8094806],[-73.9572178,40.8094516],[-73.9571572,40.809427]]},"properties":{"kind":"sidewalk","major":false}},{"type":"Feature","geometry":{"type":"LineString","coordinates":[[-73.9936131,40.7734055],[-73.9935764,40.773402],[-73.9935453,40.7734107]]},"properties":{"kind":"foot","name":"","bridge":false,"len":6,"major":false}},{"type":"Feature","geometry":{"type":"LineString","coordinates":[[-73.9934552,40.7734219],[-73.9932547,40.7735447],[-73.9931397,40.7736364],[-73.993139,40.7736595],[-73.993235,40.7736649],[-73.993238,40.7736843],[-73.9931577,40.773743],[-73.9931199,40.7737768],[-73.9931781,40.7738178]]},"properties":{"kind":"foot","name":"","bridge":false,"len":63,"major":false}},{"type":"Feature","geometry":{"type":"LineString","coordinates":[[-73.9933115,40.7738651],[-73.9934361,40.7736846]]},"properties":{"kind":"foot","name":"Riverside South Park Esplanade","bridge":false,"len":19,"major":true}},{"type":"Feature","geometry":{"type":"LineString","coordinates":[[-73.9585568,40.8100128],[-73.9581877,40.8098496],[-73.9574309,40.809536],[-73.9573177,40.8094915],[-73.9572895,40.8094806]]},"properties":{"kind":"sidewalk","major":false}},{"type":"Feature","geometry":{"type":"LineString","coordinates":[[-73.9613143,40.807556],[-73.9612989,40.8075802],[-73.9612847,40.8075995],[-73.9612845,40.8076064],[-73.9612903,40.8076135],[-73.9613219,40.8076269]]},"properties":{"kind":"foot","name":"","bridge":false,"len":9,"major":false}},{"type":"Feature","geometry":{"type":"LineString","coordinates":[[-73.9636929,40.8030471],[-73.9636592,40.8030323],[-73.9634511,40.8029423],[-73.9622135001826,40.80240788677093]]},"properties":{"kind":"sidewalk","major":false}},{"type":"Feature","geometry":{"type":"LineString","coordinates":[[-73.9636851,40.8029843],[-73.9636592,40.8030323],[-73.9635788,40.8031421],[-73.9635475,40.8031851],[-73.963297,40.8035279],[-73.9632167,40.8036379],[-73.9630805,40.8038236],[-73.9630532,40.8038613],[-73.962835,40.8041599],[-73.9627571,40.8042709],[-73.9626053,40.8044741],[-73.9625822,40.8045057],[-73.9623883,40.804771],[-73.9623669,40.8048003]]},"properties":{"kind":"sidewalk","major":false}},{"type":"Feature","geometry":{"type":"LineString","coordinates":[[-73.9639552,40.8031002],[-73.9639255,40.8031424],[-73.9635537,40.8036311]]},"properties":{"kind":"sidewalk","major":false}},{"type":"Feature","geometry":{"type":"LineString","coordinates":[[-73.9638549,40.8031132],[-73.9637844,40.8030841],[-73.9636929,40.8030471]]},"properties":{"kind":"sidewalk","major":false}},{"type":"Feature","geometry":{"type":"LineString","coordinates":[[-73.9634786,40.8037256],[-73.9634667,40.80374],[-73.9630936,40.8042656],[-73.9630816,40.8042824]]},"properties":{"kind":"sidewalk","major":false}},{"type":"Feature","geometry":{"type":"LineString","coordinates":[[-73.9635363,40.8036508],[-73.9635094,40.8036819],[-73.9634786,40.8037256]]},"properties":{"kind":"sidewalk","major":false}},{"type":"Feature","geometry":{"type":"LineString","coordinates":[[-73.9633298,40.8035416],[-73.9634264,40.8035799],[-73.9635206,40.8036162],[-73.9635537,40.8036311]]},"properties":{"kind":"sidewalk","major":false}},{"type":"Feature","geometry":{"type":"LineString","coordinates":[[-73.9626223,40.8048992],[-73.9625889,40.8049437],[-73.9625576,40.8049853]]},"properties":{"kind":"sidewalk","major":false}},{"type":"Feature","geometry":{"type":"LineString","coordinates":[[-73.9630816,40.8042824],[-73.9630586,40.8043137],[-73.9630273,40.8043561]]},"properties":{"kind":"sidewalk","major":false}},{"type":"Feature","geometry":{"type":"LineString","coordinates":[[-73.96306,40.8042523],[-73.9629659,40.8042133],[-73.9628658,40.8041724]]},"properties":{"kind":"sidewalk","major":false}},{"type":"Feature","geometry":{"type":"LineString","coordinates":[[-73.962977,40.8043588],[-73.9628856,40.8043223],[-73.9627855,40.8042822]]},"properties":{"kind":"sidewalk","major":false}},{"type":"Feature","geometry":{"type":"LineString","coordinates":[[-73.9623366,40.8091457],[-73.962298,40.8092034]]},"properties":{"kind":"foot","name":"","bridge":false,"len":6,"major":false}},{"type":"Feature","geometry":{"type":"LineString","coordinates":[[-73.9617523,40.806743],[-73.9617304,40.8067733]]},"properties":{"kind":"foot","name":"","bridge":false,"len":3,"major":false}},{"type":"Feature","geometry":{"type":"LineString","coordinates":[[-73.9585703,40.8099946],[-73.9585568,40.8100128],[-73.9581975,40.8105065],[-73.9581801,40.8105289]]},"properties":{"kind":"sidewalk","major":false}},{"type":"Feature","geometry":{"type":"LineString","coordinates":[[-73.9586733,40.8099174],[-73.9586383,40.8099036],[-73.9573714,40.8093792],[-73.9573449,40.8093685]]},"properties":{"kind":"sidewalk","major":false}},{"type":"Feature","geometry":{"type":"LineString","coordinates":[[-73.9573246,40.8094754],[-73.9573177,40.8094915],[-73.9572863,40.8095624],[-73.9572665,40.8096091],[-73.9572491,40.8096597],[-73.957239,40.8096972],[-73.9572317,40.8097293],[-73.9572313,40.8097334],[-73.9572294,40.8097545],[-73.9572291,40.8097891],[-73.9572327,40.8098237],[-73.9572397,40.8098654],[-73.9572501,40.8099024],[-73.9572557,40.8099196],[-73.9572614,40.809937],[-73.9572702,40.8099573],[-73.9572814,40.809981],[-73.9572961,40.8100043],[-73.957301,40.8100118],[-73.9573092,40.8100245],[-73.9573233,40.8100441],[-73.9573369,40.8100606],[-73.9573738,40.8101062],[-73.9573809,40.8101136],[-73.9573897,40.8101228],[-73.9574104,40.8101438],[-73.957436,40.8101659],[-73.9574542,40.8101795],[-73.9574819,40.8102006],[-73.957514,40.8102226],[-73.9575303,40.8102323],[-73.9575446,40.81024],[-73.9575621,40.8102484],[-73.9575998,40.8102651],[-73.9581975,40.8105065],[-73.9582312,40.8105199]]},"properties":{"kind":"sidewalk","major":false}},{"type":"Feature","geometry":{"type":"LineString","coordinates":[[-73.9576419,40.8087799],[-73.9576746,40.8087928],[-73.9590163,40.8093824],[-73.9590537,40.8093994]]},"properties":{"kind":"sidewalk","major":false}},{"type":"Feature","geometry":{"type":"LineString","coordinates":[[-73.9563931,40.8115119],[-73.9567095,40.8116416],[-73.9568053,40.8116808],[-73.9570947,40.8117994],[-73.9572201,40.8118508]]},"properties":{"kind":"foot","name":"","bridge":false,"len":76,"major":false}},{"type":"Feature","geometry":{"type":"LineString","coordinates":[[-73.9592752,40.8123695],[-73.9592945,40.812305],[-73.9593095,40.8122644],[-73.9593267,40.8122363],[-73.9593485,40.8122171],[-73.9593931,40.8122005],[-73.9594491,40.8121846],[-73.9595682,40.8121894],[-73.9596974,40.8121938],[-73.9597785,40.812212]]},"properties":{"kind":"foot","name":"","bridge":false,"len":52,"major":false}},{"type":"Feature","geometry":{"type":"LineString","coordinates":[[-73.9639919,40.8085277],[-73.9640324,40.808544],[-73.9639815,40.8086128],[-73.9640732,40.8086502]]},"properties":{"kind":"foot","name":"","bridge":false,"len":19,"major":false}},{"type":"Feature","geometry":{"type":"LineString","coordinates":[[-73.9558791,40.8120105],[-73.9562006,40.8119445],[-73.95623,40.8119448],[-73.9562858,40.8119523],[-73.9563308,40.8119668],[-73.9563681,40.8119842],[-73.956398,40.8120071],[-73.9564229,40.8120475],[-73.9564412,40.8121022],[-73.9564439,40.8121327],[-73.9564388,40.8121646],[-73.9564372,40.8121745],[-73.9564187,40.812206],[-73.9563925,40.8122327],[-73.9563583,40.8122571],[-73.9563247,40.8122734],[-73.9562609,40.812294],[-73.955718,40.8124198],[-73.9556276,40.8124262]]},"properties":{"kind":"foot","name":"","bridge":false,"len":135,"major":false}},{"type":"Feature","geometry":{"type":"LineString","coordinates":[[-73.9931781,40.7738178],[-73.9932897,40.7738967]]},"properties":{"kind":"foot","name":"","bridge":false,"len":12,"major":false}},{"type":"Feature","geometry":{"type":"LineString","coordinates":[[-73.9624032,40.8072402],[-73.9623814,40.8072684]]},"properties":{"kind":"foot","name":"","bridge":false,"len":3,"major":false}},{"type":"Feature","geometry":{"type":"LineString","coordinates":[[-73.9626278,40.8072742],[-73.9629926,40.8067594],[-73.9629984,40.8067451],[-73.9629969,40.8067318],[-73.9629748,40.8066729]]},"properties":{"kind":"foot","name":"","bridge":false,"len":61,"major":false}},{"type":"Feature","geometry":{"type":"LineString","coordinates":[[-73.9620971,40.8070477],[-73.9624364,40.8071928],[-73.9624922,40.8072165],[-73.9625567,40.8072438],[-73.9626278,40.8072742],[-73.9626948,40.8073015],[-73.9630189,40.8074363]]},"properties":{"kind":"foot","name":"","bridge":false,"len":85,"major":false}},{"type":"Feature","geometry":{"type":"LineString","coordinates":[[-73.9642056,40.8072307],[-73.9641446,40.8073123]]},"properties":{"kind":"foot","name":"","bridge":false,"len":9,"major":false}},{"type":"Feature","geometry":{"type":"LineString","coordinates":[[-73.9635137,40.8068132],[-73.9630838,40.8066307],[-73.9630243,40.8066051],[-73.9629663,40.8065805],[-73.9625207,40.8064016]]},"properties":{"kind":"foot","name":"","bridge":false,"len":91,"major":false}},{"type":"Feature","geometry":{"type":"LineString","coordinates":[[-73.9630095,40.8066256],[-73.9630243,40.8066051],[-73.9630476,40.8065728]]},"properties":{"kind":"foot","name":"","bridge":false,"len":6,"major":false}},{"type":"Feature","geometry":{"type":"LineString","coordinates":[[-73.9620902,40.8070555],[-73.9620971,40.8070477],[-73.9621864,40.8069234],[-73.9621545,40.8069096],[-73.9624385,40.8065193],[-73.9625207,40.8064016],[-73.9626418,40.8062358],[-73.9627967,40.8060225]]},"properties":{"kind":"foot","name":"","bridge":false,"len":110,"major":false}},{"type":"Feature","geometry":{"type":"LineString","coordinates":[[-73.9628279,40.8077039],[-73.9627923,40.8076884],[-73.9623663,40.8075087],[-73.9619458,40.8073263],[-73.9619089,40.8073103]]},"properties":{"kind":"foot","name":"","bridge":false,"len":85,"major":false}},{"type":"Feature","geometry":{"type":"LineString","coordinates":[[-73.9624364,40.8071928],[-73.9624252,40.8072088]]},"properties":{"kind":"foot","name":"","bridge":false,"len":2,"major":false}},{"type":"Feature","geometry":{"type":"LineString","coordinates":[[-73.9626948,40.8073015],[-73.9626836,40.8073183]]},"properties":{"kind":"foot","name":"","bridge":false,"len":2,"major":false}},{"type":"Feature","geometry":{"type":"LineString","coordinates":[[-73.9629748,40.8066729],[-73.9628926,40.8066909],[-73.9628783,40.8066984],[-73.9628707,40.8067087],[-73.9624922,40.8072165]]},"properties":{"kind":"foot","name":"","bridge":false,"len":63,"major":false}},{"type":"Feature","geometry":{"type":"LineString","coordinates":[[-73.9626609,40.8073494],[-73.9626402,40.8073762]]},"properties":{"kind":"foot","name":"","bridge":false,"len":3,"major":false}},{"type":"Feature","geometry":{"type":"LineString","coordinates":[[-73.957514,40.8102226],[-73.9575401,40.8101864]]},"properties":{"kind":"sidewalk","major":false}},{"type":"Feature","geometry":{"type":"LineString","coordinates":[[-73.9574801,40.8099025],[-73.9574762,40.8099078],[-73.9574698,40.809905]]},"properties":{"kind":"sidewalk","major":false}},{"type":"Feature","geometry":{"type":"LineString","coordinates":[[-73.9576477,40.8100359],[-73.9576237,40.8100258]]},"properties":{"kind":"sidewalk","major":false}},{"type":"Feature","geometry":{"type":"LineString","coordinates":[[-73.9573809,40.8101136],[-73.9574235,40.8100867],[-73.9574285,40.8100836]]},"properties":{"kind":"sidewalk","major":false}},{"type":"Feature","geometry":{"type":"LineString","coordinates":[[-73.9575477,40.8101756],[-73.9575515,40.8101704]]},"properties":{"kind":"sidewalk","major":false}},{"type":"Feature","geometry":{"type":"LineString","coordinates":[[-73.9575522,40.8101694],[-73.9576477,40.8100359],[-73.9576753,40.8099973],[-73.9576767,40.8099947],[-73.9576776,40.8099911],[-73.9576777,40.8099898],[-73.9576771,40.8099882],[-73.9576762,40.8099868],[-73.9576748,40.8099856],[-73.9576701,40.809983],[-73.9576658,40.8099813],[-73.9574801,40.8099025],[-73.9574302,40.8098814],[-73.9573911,40.809865]]},"properties":{"kind":"sidewalk","major":false}},{"type":"Feature","geometry":{"type":"LineString","coordinates":[[-73.9574285,40.8100836],[-73.9574325,40.8100794],[-73.9574459,40.8100617],[-73.9574467,40.8100587],[-73.9574465,40.8100547],[-73.9574354,40.8100386]]},"properties":{"kind":"sidewalk","major":false}},{"type":"Feature","geometry":{"type":"LineString","coordinates":[[-73.9567401,40.8099534],[-73.956748,40.8099325],[-73.9567516,40.8099173],[-73.9567535,40.8099123]]},"properties":{"kind":"foot","name":"","bridge":false,"len":4,"major":false}},{"type":"Feature","geometry":{"type":"LineString","coordinates":[[-73.9567164,40.8099862],[-73.9567305,40.809968]]},"properties":{"kind":"foot","name":"","bridge":false,"len":2,"major":false}},{"type":"Feature","geometry":{"type":"LineString","coordinates":[[-73.9621585,40.8063152],[-73.9623122,40.8060978],[-73.9623389,40.8060607]]},"properties":{"kind":"foot","name":"","bridge":false,"len":27,"major":false}},{"type":"Feature","geometry":{"type":"LineString","coordinates":[[-73.9567919,40.8099202],[-73.9568137,40.8099273]]},"properties":{"kind":"foot","name":"","bridge":false,"len":2,"major":false}},{"type":"Feature","geometry":{"type":"LineString","coordinates":[[-73.9566846,40.8100179],[-73.9567036,40.8100008]]},"properties":{"kind":"foot","name":"","bridge":false,"len":2,"major":false}},{"type":"Feature","geometry":{"type":"LineString","coordinates":[[-73.9568338,40.8099358],[-73.9568647,40.8099484]]},"properties":{"kind":"foot","name":"","bridge":false,"len":3,"major":false}},{"type":"Feature","geometry":{"type":"LineString","coordinates":[[-73.9566475,40.8100456],[-73.9566681,40.8100319]]},"properties":{"kind":"foot","name":"","bridge":false,"len":2,"major":false}},{"type":"Feature","geometry":{"type":"LineString","coordinates":[[-73.9623389,40.8060607],[-73.9622678,40.8060309],[-73.9621811,40.8059945],[-73.9619956,40.8062498]]},"properties":{"kind":"foot","name":"","bridge":false,"len":41,"major":false}},{"type":"Feature","geometry":{"type":"LineString","coordinates":[[-73.9569324,40.8100517],[-73.956949,40.8100544]]},"properties":{"kind":"foot","name":"","bridge":false,"len":1,"major":false}},{"type":"Feature","geometry":{"type":"LineString","coordinates":[[-73.9626418,40.8062358],[-73.9626311,40.8062313],[-73.9626204,40.8062268]]},"properties":{"kind":"foot","name":"","bridge":false,"len":2,"major":false}},{"type":"Feature","geometry":{"type":"LineString","coordinates":[[-73.9625466,40.8061956],[-73.9623548,40.8061162],[-73.9623122,40.8060978]]},"properties":{"kind":"foot","name":"","bridge":false,"len":22,"major":false}},{"type":"Feature","geometry":{"type":"LineString","coordinates":[[-73.9573642,40.8093937],[-73.9573426,40.8094383],[-73.9573246,40.8094754]]},"properties":{"kind":"sidewalk","major":false}},{"type":"Feature","geometry":{"type":"LineString","coordinates":[[-73.9573449,40.8093685],[-73.9572755,40.8093447],[-73.9572123,40.809323]]},"properties":{"kind":"sidewalk","major":false}},{"type":"Feature","geometry":{"type":"LineString","coordinates":[[-73.961977,40.8137599],[-73.9616551,40.8136241],[-73.9615796,40.8135924]]},"properties":{"kind":"foot","name":"","bridge":false,"len":37,"major":false}},{"type":"Feature","geometry":{"type":"LineString","coordinates":[[-73.9645627,40.8107678],[-73.9646161,40.8107912],[-73.9647284,40.8108388]]},"properties":{"kind":"sidewalk","major":false}},{"type":"Feature","geometry":{"type":"LineString","coordinates":[[-73.9581801,40.8105289],[-73.9581429,40.8105786],[-73.9581085,40.810624]]},"properties":{"kind":"sidewalk","major":false}},{"type":"Feature","geometry":{"type":"LineString","coordinates":[[-73.9581252,40.8106702],[-73.958213,40.8107103],[-73.9583027,40.8107514]]},"properties":{"kind":"sidewalk","major":false}},{"type":"Feature","geometry":{"type":"LineString","coordinates":[[-73.9572123,40.809323],[-73.95717364145015,40.80931057902189]]},"properties":{"kind":"sidewalk","major":false}},{"type":"Feature","geometry":{"type":"LineString","coordinates":[[-73.9581085,40.810624],[-73.9580862,40.8106523],[-73.9577228,40.8111547],[-73.957715,40.811182]]},"properties":{"kind":"sidewalk","major":false}},{"type":"Feature","geometry":{"type":"LineString","coordinates":[[-73.957715,40.811182],[-73.957683,40.8112218],[-73.9576557,40.8112559]]},"properties":{"kind":"sidewalk","major":false}},{"type":"Feature","geometry":{"type":"LineString","coordinates":[[-73.9562515,40.8131722],[-73.956181,40.813276],[-73.9560928,40.8134059]]},"properties":{"kind":"sidewalk","major":false}},{"type":"Feature","geometry":{"type":"LineString","coordinates":[[-73.9576557,40.8112559],[-73.9576404,40.811268],[-73.9574216,40.8115714],[-73.9572581,40.8117982],[-73.9572201,40.8118508],[-73.9571922,40.8118899],[-73.9569778,40.8121814],[-73.9567212,40.8125303],[-73.9566614,40.8126116],[-73.9566434,40.8126362],[-73.9562731,40.8131429],[-73.9562515,40.8131722]]},"properties":{"kind":"sidewalk","major":false}},{"type":"Feature","geometry":{"type":"LineString","coordinates":[[-73.9582477,40.815424],[-73.9582359,40.8154107],[-73.958012,40.8151591],[-73.9579154,40.815046],[-73.9574996,40.8145736],[-73.957161,40.8141889],[-73.9570314,40.8140417],[-73.9567559,40.8137287],[-73.9564659,40.8133912],[-73.95645,40.8133684],[-73.9564233,40.8133327]]},"properties":{"kind":"sidewalk","major":false}},{"type":"Feature","geometry":{"type":"LineString","coordinates":[[-73.956306,40.813158],[-73.9562731,40.8131429],[-73.9562491,40.8131286],[-73.9559522,40.8128008],[-73.9556276,40.8124262],[-73.9553737,40.8121296],[-73.9552376,40.8119728],[-73.9552334072794,40.811967962906344]]},"properties":{"kind":"sidewalk","major":false}},{"type":"Feature","geometry":{"type":"LineString","coordinates":[[-73.9705202,40.7991661],[-73.9705056,40.7991828],[-73.9701285,40.7997046],[-73.9701178,40.7997232]]},"properties":{"kind":"sidewalk","major":false}},{"type":"Feature","geometry":{"type":"LineString","coordinates":[[-73.9704775,40.7991745],[-73.9705056,40.7991828],[-73.9707202,40.7992717],[-73.9715911,40.7996325],[-73.9718316,40.7997413]]},"properties":{"kind":"sidewalk","major":false}},{"type":"Feature","geometry":{"type":"LineString","coordinates":[[-73.9715911,40.7996325],[-73.9715807,40.7996475]]},"properties":{"kind":"sidewalk","major":false}},{"type":"Feature","geometry":{"type":"LineString","coordinates":[[-73.9700984,40.7996915],[-73.9701285,40.7997046],[-73.9702924,40.7997737],[-73.97145,40.8002529]]},"properties":{"kind":"sidewalk","major":false}},{"type":"Feature","geometry":{"type":"LineString","coordinates":[[-73.9718423,40.7997247],[-73.9718316,40.7997413],[-73.9715442,40.8001266],[-73.97145,40.8002529],[-73.9714373,40.8002701]]},"properties":{"kind":"sidewalk","major":false}},{"type":"Feature","geometry":{"type":"LineString","coordinates":[[-73.9700984,40.7996915],[-73.9700112,40.7996539],[-73.9699105,40.7996105]]},"properties":{"kind":"sidewalk","major":false}},{"type":"Feature","geometry":{"type":"LineString","coordinates":[[-73.9701178,40.7997232],[-73.9700924,40.7997574],[-73.9700621,40.7997995]]},"properties":{"kind":"sidewalk","major":false}},{"type":"Feature","geometry":{"type":"LineString","coordinates":[[-73.9714373,40.8002701],[-73.9714059,40.8003109],[-73.9713764,40.8003511]]},"properties":{"kind":"sidewalk","major":false}},{"type":"Feature","geometry":{"type":"LineString","coordinates":[[-73.9705701,40.7990925],[-73.9705446,40.7991282],[-73.9705202,40.7991661]]},"properties":{"kind":"sidewalk","major":false}},{"type":"Feature","geometry":{"type":"LineString","coordinates":[[-73.9702858,40.7990907],[-73.9703867,40.7991328],[-73.9704775,40.7991745]]},"properties":{"kind":"sidewalk","major":false}},{"type":"Feature","geometry":{"type":"LineString","coordinates":[[-73.9719034,40.7996515],[-73.9718746,40.7996856],[-73.9718423,40.7997247]]},"properties":{"kind":"sidewalk","major":false}},{"type":"Feature","geometry":{"type":"LineString","coordinates":[[-73.971394,40.8003786],[-73.971421,40.8003888],[-73.971452,40.8004008]]},"properties":{"kind":"sidewalk","major":false}},{"type":"Feature","geometry":{"type":"LineString","coordinates":[[-73.971573,40.7996585],[-73.9715058,40.7997543]]},"properties":{"kind":"sidewalk","major":false}},{"type":"Feature","geometry":{"type":"LineString","coordinates":[[-73.9715493,40.8005402],[-73.9715894,40.8005837],[-73.9716306,40.8006284],[-73.9716707,40.8006719]]},"properties":{"kind":"sidewalk","major":false}},{"type":"Feature","geometry":{"type":"LineString","coordinates":[[-73.971452,40.8004008],[-73.9714684,40.8004116],[-73.9714798,40.8004233],[-73.9714894,40.8004381],[-73.9715109,40.800483],[-73.9715168,40.8004968],[-73.9715254,40.8005099],[-73.9715375,40.8005256],[-73.9715439,40.8005335],[-73.9715493,40.8005402]]},"properties":{"kind":"sidewalk","major":false}},{"type":"Feature","geometry":{"type":"LineString","coordinates":[[-73.9713764,40.8003511],[-73.9713644,40.8003674]]},"properties":{"kind":"sidewalk","major":false}},{"type":"Feature","geometry":{"type":"LineString","coordinates":[[-73.9714977,40.7997659],[-73.9714939,40.7997713]]},"properties":{"kind":"sidewalk","major":false}},{"type":"Feature","geometry":{"type":"LineString","coordinates":[[-73.9713644,40.8003674],[-73.971394,40.8003786]]},"properties":{"kind":"sidewalk","major":false}},{"type":"Feature","geometry":{"type":"LineString","coordinates":[[-73.9609986,40.8118807],[-73.9611262,40.8119354]]},"properties":{"kind":"sidewalk","major":false}},{"type":"Feature","geometry":{"type":"LineString","coordinates":[[-73.9604765,40.8123419],[-73.9604505,40.8123747],[-73.9604119,40.8124256]]},"properties":{"kind":"sidewalk","major":false}},{"type":"Feature","geometry":{"type":"LineString","coordinates":[[-73.9579688,40.8112797],[-73.9579371,40.8113262],[-73.9579057,40.8113723]]},"properties":{"kind":"sidewalk","major":false}},{"type":"Feature","geometry":{"type":"LineString","coordinates":[[-73.9608791,40.8118046],[-73.9609182,40.8117536],[-73.9609512,40.8117084]]},"properties":{"kind":"sidewalk","major":false}},{"type":"Feature","geometry":{"type":"LineString","coordinates":[[-73.9579481,40.8112477],[-73.9579817,40.8112619],[-73.9604905,40.8123219]]},"properties":{"kind":"sidewalk","major":false}},{"type":"Feature","geometry":{"type":"LineString","coordinates":[[-73.9608791,40.8118046],[-73.9608631,40.8118261],[-73.9604905,40.8123219],[-73.9604765,40.8123419]]},"properties":{"kind":"sidewalk","major":false}},{"type":"Feature","geometry":{"type":"LineString","coordinates":[[-73.9583027,40.8107514],[-73.9583388,40.8107665],[-73.9608631,40.8118261],[-73.9608975,40.8118414]]},"properties":{"kind":"sidewalk","major":false}},{"type":"Feature","geometry":{"type":"LineString","coordinates":[[-73.9583592,40.8107383],[-73.9583388,40.8107665],[-73.9579817,40.8112619],[-73.9579688,40.8112797]]},"properties":{"kind":"sidewalk","major":false}},{"type":"Feature","geometry":{"type":"LineString","coordinates":[[-73.9584209,40.8106044],[-73.9584499,40.8106178]]},"properties":{"kind":"sidewalk","major":false}},{"type":"Feature","geometry":{"type":"LineString","coordinates":[[-73.9725645,40.7990895],[-73.9725875,40.7991014],[-73.9726054,40.7991124]]},"properties":{"kind":"sidewalk","major":false}},{"type":"Feature","geometry":{"type":"LineString","coordinates":[[-73.9725382,40.7990759],[-73.9725161,40.7990949]]},"properties":{"kind":"sidewalk","major":false}},{"type":"Feature","geometry":{"type":"LineString","coordinates":[[-73.9724435,40.7991659],[-73.9724279,40.7991721],[-73.971924,40.7996268],[-73.9719109,40.7996399],[-73.9719034,40.7996515]]},"properties":{"kind":"sidewalk","major":false}},{"type":"Feature","geometry":{"type":"LineString","coordinates":[[-73.973281,40.7986368],[-73.9732328,40.7986836],[-73.9731796,40.7986694]]},"properties":{"kind":"foot","name":"","bridge":false,"len":10,"major":false}},{"type":"Feature","geometry":{"type":"LineString","coordinates":[[-73.9726641,40.7991688],[-73.9726824,40.7991652],[-73.972714,40.7991593],[-73.9727337,40.7991547],[-73.972754,40.7991489],[-73.9727789,40.7991369],[-73.97281,40.7991141],[-73.972861,40.799087],[-73.9729003,40.7990745],[-73.9729248,40.7990616],[-73.972961,40.7990302],[-73.9729913,40.7990014],[-73.9730426,40.79895],[-73.9730898,40.7989062],[-73.9731305,40.7988707],[-73.9731622,40.798826],[-73.9731892,40.7987759],[-73.9732095,40.7987316],[-73.9732161,40.7987061]]},"properties":{"kind":"foot","name":"","bridge":false,"len":64,"major":false}},{"type":"Feature","geometry":{"type":"LineString","coordinates":[[-73.9725161,40.7990949],[-73.9724828,40.7991238],[-73.9724435,40.7991659]]},"properties":{"kind":"sidewalk","major":false}},{"type":"Feature","geometry":{"type":"LineString","coordinates":[[-73.9725382,40.7990759],[-73.9725645,40.7990895]]},"properties":{"kind":"sidewalk","major":false}},{"type":"Feature","geometry":{"type":"LineString","coordinates":[[-73.9630299,40.807498],[-73.9630076,40.8075293]]},"properties":{"kind":"foot","name":"","bridge":false,"len":3,"major":false}},{"type":"Feature","geometry":{"type":"LineString","coordinates":[[-73.9630911,40.8073683],[-73.9630796,40.8073847],[-73.9630779,40.8073896],[-73.9630776,40.8073944],[-73.9630804,40.8074023],[-73.9630829,40.8074145],[-73.9630826,40.8074207],[-73.9630815,40.8074243],[-73.9630798,40.8074276]]},"properties":{"kind":"foot","name":"","bridge":false,"len":5,"major":false}},{"type":"Feature","geometry":{"type":"LineString","coordinates":[[-73.9612992,40.8073753],[-73.9613273,40.8073389]]},"properties":{"kind":"foot","name":"","bridge":false,"len":4,"major":false}},{"type":"Feature","geometry":{"type":"LineString","coordinates":[[-73.9630798,40.8074276],[-73.9630299,40.807498]]},"properties":{"kind":"foot","name":"","bridge":false,"len":7,"major":false}},{"type":"Feature","geometry":{"type":"LineString","coordinates":[[-73.9681123,40.8018416],[-73.9681388,40.801841]]},"properties":{"kind":"foot","name":"","bridge":false,"len":2,"major":false}},{"type":"Feature","geometry":{"type":"LineString","coordinates":[[-73.9680909,40.8015396],[-73.9680887,40.8015652],[-73.9680568,40.8019283],[-73.9680578,40.8019377],[-73.9680612,40.8019441],[-73.9680675,40.8019536],[-73.9680726,40.8019602],[-73.9680818,40.801968],[-73.9680912,40.8019736],[-73.9681102,40.8019804]]},"properties":{"kind":"sidewalk","major":false}},{"type":"Feature","geometry":{"type":"LineString","coordinates":[[-73.9684773,40.8015146],[-73.9684328,40.8015851],[-73.9683979,40.8016404]]},"properties":{"kind":"sidewalk","major":false}},{"type":"Feature","geometry":{"type":"LineString","coordinates":[[-73.9684721,40.8017114],[-73.9685174,40.8017296],[-73.9685904,40.801759]]},"properties":{"kind":"sidewalk","major":false}},{"type":"Feature","geometry":{"type":"LineString","coordinates":[[-73.9681649,40.8018529],[-73.9681524,40.8018809],[-73.9681323,40.8019286],[-73.9681102,40.8019804],[-73.9681068,40.801986],[-73.9681039,40.801992],[-73.968082,40.8020373],[-73.9680204,40.8021793],[-73.9680067,40.8022148]]},"properties":{"kind":"foot","name":"","bridge":false,"len":34,"major":false}},{"type":"Feature","geometry":{"type":"LineString","coordinates":[[-73.9679816,40.8022045],[-73.9679194,40.8021783],[-73.9676997,40.802086],[-73.9676016,40.8020447]]},"properties":{"kind":"sidewalk","major":false}},{"type":"Feature","geometry":{"type":"LineString","coordinates":[[-73.9680593,40.801554],[-73.9680887,40.8015652],[-73.9682564,40.8016292],[-73.9683742,40.8016741],[-73.9684559,40.8017052],[-73.9684721,40.8017114]]},"properties":{"kind":"sidewalk","major":false}},{"type":"Feature","geometry":{"type":"LineString","coordinates":[[-73.9679816,40.8022045],[-73.9680067,40.8022148],[-73.9680718,40.8022415],[-73.968085,40.8022469]]},"properties":{"kind":"sidewalk","major":false}},{"type":"Feature","geometry":{"type":"LineString","coordinates":[[-73.9684559,40.8017052],[-73.9684457,40.801722],[-73.9682888,40.8019413],[-73.9680718,40.8022415]]},"properties":{"kind":"sidewalk","major":false}},{"type":"Feature","geometry":{"type":"LineString","coordinates":[[-73.9681649,40.8018529],[-73.9681756,40.801854],[-73.9681854,40.8018536],[-73.9681962,40.8018512],[-73.968206,40.8018445],[-73.9682126,40.8018373],[-73.9682297,40.8018125],[-73.96827,40.8017568],[-73.968283,40.801733],[-73.968283,40.8017222],[-73.9682781,40.8017123],[-73.96827,40.8017029],[-73.9682583,40.8016941],[-73.9682463,40.8016876],[-73.9682372,40.8016843],[-73.9682252,40.8016806],[-73.9682042,40.8016776],[-73.9681861,40.8016785],[-73.9681705,40.8016846],[-73.9681601,40.8016943],[-73.9681549,40.8017097],[-73.9681519,40.8017276],[-73.9681485,40.8017445],[-73.9681412,40.8017864],[-73.9681379,40.801806],[-73.9681363,40.8018206],[-73.968136,40.801833],[-73.9681388,40.801841],[-73.968144,40.8018457],[-73.9681536,40.80185],[-73.9681649,40.8018529]]},"properties":{"kind":"foot","name":"","bridge":false,"len":44,"major":false}},{"type":"Feature","geometry":{"type":"LineString","coordinates":[[-73.9683979,40.8016404],[-73.9683742,40.8016741]]},"properties":{"kind":"sidewalk","major":false}},{"type":"Feature","geometry":{"type":"LineString","coordinates":[[-73.9682007,40.8023041],[-73.9681488,40.8022784],[-73.968085,40.8022469]]},"properties":{"kind":"sidewalk","major":false}},{"type":"Feature","geometry":{"type":"LineString","coordinates":[[-73.961198,40.8075058],[-73.9612875,40.8073898]]},"properties":{"kind":"foot","name":"","bridge":false,"len":12,"major":false}},{"type":"Feature","geometry":{"type":"LineString","coordinates":[[-73.962861,40.81043],[-73.9628257,40.8104829]]},"properties":{"kind":"foot","name":"","bridge":false,"len":5,"major":false}},{"type":"Feature","geometry":{"type":"LineString","coordinates":[[-73.9629523,40.8103126],[-73.9629833,40.8103421],[-73.9629069,40.8104499],[-73.962861,40.81043],[-73.9628187,40.8104125],[-73.9629059,40.8103069],[-73.9629523,40.8103126]]},"properties":{"kind":"foot","name":"","bridge":false,"len":39,"major":false}},{"type":"Feature","geometry":{"type":"LineString","coordinates":[[-73.95798178041389,40.80820373558463],[-73.9577759,40.8085954],[-73.9577579,40.8086295]]},"properties":{"kind":"sidewalk","major":false}},{"type":"Feature","geometry":{"type":"LineString","coordinates":[[-73.9577579,40.8086295],[-73.9577181,40.8087098],[-73.9576871,40.8087735]]},"properties":{"kind":"sidewalk","major":false}},{"type":"Feature","geometry":{"type":"LineString","coordinates":[[-73.9576871,40.8087735],[-73.9576746,40.8087928],[-73.9575206,40.8090905],[-73.9573714,40.8093792],[-73.9573642,40.8093937]]},"properties":{"kind":"sidewalk","major":false}},{"type":"Feature","geometry":{"type":"LineString","coordinates":[[-73.9728904,40.7994916],[-73.9729549,40.7995331],[-73.9730294,40.7995809]]},"properties":{"kind":"sidewalk","major":false}},{"type":"Feature","geometry":{"type":"LineString","coordinates":[[-73.970974,40.7985374],[-73.9710001,40.798498],[-73.9710278,40.7984634]]},"properties":{"kind":"sidewalk","major":false}},{"type":"Feature","geometry":{"type":"LineString","coordinates":[[-73.9707473,40.7984637],[-73.9708452,40.7985053],[-73.9709385,40.7985461]]},"properties":{"kind":"sidewalk","major":false}},{"type":"Feature","geometry":{"type":"LineString","coordinates":[[-73.9726641,40.7991688],[-73.972669,40.7992007],[-73.9726762,40.7992388],[-73.9726918,40.7992818],[-73.9727041,40.7993136],[-73.9727336,40.7993596],[-73.9727598,40.799389],[-73.9727957,40.7994239],[-73.9728316,40.7994521],[-73.9728904,40.7994916]]},"properties":{"kind":"sidewalk","major":false}},{"type":"Feature","geometry":{"type":"LineString","coordinates":[[-73.9705575,40.7990636],[-73.9705817,40.7990745],[-73.9719109,40.7996399]]},"properties":{"kind":"sidewalk","major":false}},{"type":"Feature","geometry":{"type":"LineString","coordinates":[[-73.9702884,40.8045847],[-73.9701464,40.8045259],[-73.9701064,40.8045032],[-73.970084,40.8044807],[-73.9700417,40.8044396],[-73.9699524,40.8043582],[-73.9699036,40.8042964],[-73.9698092,40.804066]]},"properties":{"kind":"foot","name":"","bridge":false,"len":63,"major":false}},{"type":"Feature","geometry":{"type":"LineString","coordinates":[[-73.9707202,40.7992717],[-73.9707069,40.7992901]]},"properties":{"kind":"sidewalk","major":false}},{"type":"Feature","geometry":{"type":"LineString","coordinates":[[-73.9705575,40.7990636],[-73.9704658,40.799028],[-73.9703649,40.7989839]]},"properties":{"kind":"sidewalk","major":false}},{"type":"Feature","geometry":{"type":"LineString","coordinates":[[-73.970974,40.7985374],[-73.970965,40.7985534],[-73.9705817,40.7990745],[-73.9705701,40.7990925]]},"properties":{"kind":"sidewalk","major":false}},{"type":"Feature","geometry":{"type":"LineString","coordinates":[[-73.9703123,40.801819],[-73.9702875,40.8018085]]},"properties":{"kind":"sidewalk","major":false}},{"type":"Feature","geometry":{"type":"LineString","coordinates":[[-73.9702626,40.801798],[-73.9702404,40.8017886]]},"properties":{"kind":"foot","name":"","bridge":false,"len":2,"major":false}},{"type":"Feature","geometry":{"type":"LineString","coordinates":[[-73.9709385,40.7985461],[-73.970965,40.7985534],[-73.9724279,40.7991721]]},"properties":{"kind":"sidewalk","major":false}},{"type":"Feature","geometry":{"type":"LineString","coordinates":[[-73.9730294,40.7995809],[-73.9730761,40.7996045]]},"properties":{"kind":"sidewalk","major":false}},{"type":"Feature","geometry":{"type":"LineString","coordinates":[[-73.9586733,40.8099174],[-73.9587632,40.8099528],[-73.9588597,40.8099909]]},"properties":{"kind":"sidewalk","major":false}},{"type":"Feature","geometry":{"type":"LineString","coordinates":[[-73.9590537,40.8093994],[-73.9591421,40.8094385],[-73.9592378,40.8094804]]},"properties":{"kind":"sidewalk","major":false}},{"type":"Feature","geometry":{"type":"LineString","coordinates":[[-73.961238,40.8098059],[-73.9614871,40.8099091],[-73.9617541,40.8100198],[-73.9617808,40.8100317],[-73.9618332,40.8100568]]},"properties":{"kind":"foot","name":"","bridge":false,"len":55,"major":false}},{"type":"Feature","geometry":{"type":"LineString","coordinates":[[-73.9613104,40.8073318],[-73.9613266,40.8073089],[-73.9613481,40.8072781]]},"properties":{"kind":"foot","name":"","bridge":false,"len":6,"major":false}},{"type":"Feature","geometry":{"type":"LineString","coordinates":[[-73.9606606,40.8089496],[-73.9607072,40.8088886],[-73.9607676,40.8088043],[-73.9608363,40.8087104],[-73.9609708,40.8085277]]},"properties":{"kind":"foot","name":"","bridge":false,"len":45,"major":false}},{"type":"Feature","geometry":{"type":"LineString","coordinates":[[-73.9615551,40.8095024],[-73.96148,40.8094713],[-73.9613835,40.8096048],[-73.9612865,40.8097388],[-73.961238,40.8098059]]},"properties":{"kind":"foot","name":"","bridge":false,"len":42,"major":false}},{"type":"Feature","geometry":{"type":"LineString","coordinates":[[-73.9604877,40.809528],[-73.9604417,40.809509],[-73.9605519,40.8093561],[-73.9606046,40.8092831],[-73.9606535,40.8092153],[-73.9605082,40.8091581]]},"properties":{"kind":"foot","name":"","bridge":false,"len":48,"major":false}},{"type":"Feature","geometry":{"type":"LineString","coordinates":[[-73.9606258,40.8089933],[-73.9606606,40.8089496]]},"properties":{"kind":"foot","name":"","bridge":false,"len":5,"major":false}},{"type":"Feature","geometry":{"type":"LineString","coordinates":[[-73.9620272,40.8087318],[-73.9618689,40.8086626],[-73.961442,40.8084858],[-73.9613393,40.8084419],[-73.9611748,40.808369],[-73.9610717,40.8083255]]},"properties":{"kind":"foot","name":"","bridge":false,"len":88,"major":false}},{"type":"Feature","geometry":{"type":"LineString","coordinates":[[-73.958807,40.8096761],[-73.9586708,40.8096179],[-73.9586427,40.8096561]]},"properties":{"kind":"foot","name":"","bridge":false,"len":17,"major":false}},{"type":"Feature","geometry":{"type":"LineString","coordinates":[[-73.9709967,40.802732],[-73.9710764,40.8026469],[-73.9711521,40.8025479],[-73.9712369,40.8024437]]},"properties":{"kind":"foot","name":"","bridge":false,"len":32,"major":false}},{"type":"Feature","geometry":{"type":"LineString","coordinates":[[-73.9713963,40.8022408],[-73.9714557,40.8020953],[-73.9714781,40.8020299],[-73.9715135,40.8019271]]},"properties":{"kind":"foot","name":"","bridge":false,"len":28,"major":false}},{"type":"Feature","geometry":{"type":"LineString","coordinates":[[-73.9713513,40.802706],[-73.9712978,40.8026445],[-73.9712684,40.8025734],[-73.9712465,40.8025136],[-73.9712369,40.8024437],[-73.9712425,40.8024127],[-73.9712684,40.8023619],[-73.971304,40.8023191],[-73.9713399,40.8022891],[-73.9713724,40.8022625],[-73.9713963,40.8022408],[-73.9715078,40.8022078],[-73.9716249,40.8021823],[-73.9717683,40.802188]]},"properties":{"kind":"foot","name":"","bridge":false,"len":80,"major":false}},{"type":"Feature","geometry":{"type":"LineString","coordinates":[[-73.9720191,40.802536],[-73.9723164,40.8021097]]},"properties":{"kind":"foot","name":"","bridge":false,"len":44,"major":false}},{"type":"Feature","geometry":{"type":"LineString","coordinates":[[-73.9727947,40.8023023],[-73.9725331,40.802302],[-73.9723566,40.8023424],[-73.9721743,40.8024312],[-73.9720191,40.802536],[-73.9719024,40.8027134],[-73.9718891,40.8028641],[-73.9718974,40.8030108],[-73.9719484,40.8031623],[-73.9720383,40.8032813],[-73.972222,40.8033603]]},"properties":{"kind":"foot","name":"","bridge":false,"len":157,"major":false}},{"type":"Feature","geometry":{"type":"LineString","coordinates":[[-73.9692913,40.8066097],[-73.9692193,40.806584]]},"properties":{"kind":"foot","name":"","bridge":false,"len":6,"major":false}},{"type":"Feature","geometry":{"type":"LineString","coordinates":[[-73.9559522,40.8128008],[-73.9560074,40.8127493],[-73.9561961,40.8125782],[-73.9562242,40.812557],[-73.9562279,40.8125544],[-73.9562517,40.81254],[-73.9562795,40.8125287],[-73.9563014,40.812522],[-73.9563236,40.8125182],[-73.956343,40.8125161],[-73.9563663,40.8125176],[-73.9563825,40.8125201],[-73.95642,40.8125259],[-73.9564948,40.8125416],[-73.9566614,40.8126116]]},"properties":{"kind":"foot","name":"","bridge":false,"len":70,"major":false}},{"type":"Feature","geometry":{"type":"LineString","coordinates":[[-73.9570947,40.8117994],[-73.9569346,40.8113816]]},"properties":{"kind":"foot","name":"","bridge":false,"len":38,"major":false}},{"type":"Feature","geometry":{"type":"LineString","coordinates":[[-73.971821,40.8010203],[-73.9718731,40.8009414],[-73.9719034,40.8008934],[-73.9720085,40.8007343],[-73.9720678,40.8006533],[-73.9721395,40.8005691],[-73.9721782,40.8005291],[-73.9722654,40.8004546],[-73.9724593,40.8003117]]},"properties":{"kind":"foot","name":"","bridge":false,"len":82,"major":false}},{"type":"Feature","geometry":{"type":"LineString","coordinates":[[-73.9744426,40.7965955],[-73.9743414,40.7965506],[-73.97418,40.796479],[-73.9741401,40.7964613]]},"properties":{"kind":"sidewalk","major":false}},{"type":"Feature","geometry":{"type":"LineString","coordinates":[[-73.974086,40.7964572],[-73.9740418,40.7964916],[-73.973997,40.7965264]]},"properties":{"kind":"sidewalk","major":false}},{"type":"Feature","geometry":{"type":"LineString","coordinates":[[-73.9733346,40.7985477],[-73.9733579,40.7985301],[-73.9733845,40.7985059],[-73.973423,40.7984715],[-73.973455,40.7984454],[-73.9734765,40.7984189],[-73.9735012,40.7983861],[-73.9735167,40.7983598],[-73.9735282,40.7983274],[-73.9735432,40.7982944],[-73.9735685,40.7982541],[-73.9735866,40.7982302],[-73.9736147,40.7982008],[-73.9736373,40.7981745],[-73.973656,40.7981478],[-73.9736685,40.7981248],[-73.9736801,40.798099],[-73.9736929,40.7980664],[-73.9737022,40.7980347],[-73.9737122,40.7980144],[-73.9737286,40.7979927]]},"properties":{"kind":"foot","name":"","bridge":false,"len":59,"major":false}},{"type":"Feature","geometry":{"type":"LineString","coordinates":[[-73.9740089,40.7965575],[-73.9740416,40.7965711],[-73.9742462,40.7966559],[-73.9743514,40.7966996]]},"properties":{"kind":"sidewalk","major":false}},{"type":"Feature","geometry":{"type":"LineString","coordinates":[[-73.95758097044052,40.808752693014625],[-73.9576419,40.8087799]]},"properties":{"kind":"sidewalk","major":false}},{"type":"Feature","geometry":{"type":"LineString","coordinates":[[-73.9640732,40.8086502],[-73.9640172,40.80873]]},"properties":{"kind":"foot","name":"","bridge":false,"len":8,"major":false}},{"type":"Feature","geometry":{"type":"LineString","coordinates":[[-73.9639358,40.8088417],[-73.9638629,40.8088127],[-73.9637088,40.809022],[-73.9635532,40.8092494],[-73.963698,40.8093123],[-73.9635022,40.8095783],[-73.9633279,40.809826],[-73.9630209,40.8102282],[-73.9629523,40.8103126]]},"properties":{"kind":"foot","name":"","bridge":false,"len":172,"major":false}},{"type":"Feature","geometry":{"type":"LineString","coordinates":[[-73.9617068,40.8062113],[-73.9619066,40.8062895]]},"properties":{"kind":"foot","name":"","bridge":false,"len":18,"major":false}},{"type":"Feature","geometry":{"type":"LineString","coordinates":[[-73.9619066,40.8062895],[-73.961953,40.8063078]]},"properties":{"kind":"foot","name":"","bridge":false,"len":4,"major":false}},{"type":"Feature","geometry":{"type":"LineString","coordinates":[[-73.983965,40.7765156],[-73.9840587,40.7765554],[-73.9843512,40.7766797]]},"properties":{"kind":"foot","name":"","bridge":false,"len":36,"major":false}},{"type":"Feature","geometry":{"type":"LineString","coordinates":[[-73.9849227,40.7757368],[-73.9850077,40.7757706],[-73.9852396,40.7758628],[-73.9852621,40.775868],[-73.9853513,40.7758696]]},"properties":{"kind":"foot","name":"","bridge":false,"len":39,"major":false}},{"type":"Feature","geometry":{"type":"LineString","coordinates":[[-73.9829075,40.7766964],[-73.98299,40.7767243],[-73.9831258,40.7767702]]},"properties":{"kind":"sidewalk","major":false}},{"type":"Feature","geometry":{"type":"LineString","coordinates":[[-73.9829368,40.7765881],[-73.9829162,40.7766168],[-73.9828853,40.7766598]]},"properties":{"kind":"sidewalk","major":false}},{"type":"Feature","geometry":{"type":"LineString","coordinates":[[-73.9832326,40.7766255],[-73.9830822,40.7765917],[-73.9829985,40.7765729]]},"properties":{"kind":"sidewalk","major":false}},{"type":"Feature","geometry":{"type":"LineString","coordinates":[[-73.9831854,40.7767193],[-73.9831428,40.7767763],[-73.982757,40.7772967]]},"properties":{"kind":"sidewalk","major":false}},{"type":"Feature","geometry":{"type":"LineString","coordinates":[[-73.982488,40.7772117],[-73.9825026,40.7771927],[-73.9826252,40.7770209],[-73.9828698,40.7766813],[-73.9828853,40.7766598]]},"properties":{"kind":"sidewalk","major":false}},{"type":"Feature","geometry":{"type":"LineString","coordinates":[[-73.9845667,40.7748389],[-73.9845346,40.7748834],[-73.9844906,40.7749444]]},"properties":{"kind":"sidewalk","major":false}},{"type":"Feature","geometry":{"type":"LineString","coordinates":[[-73.984254,40.7747842],[-73.9842848,40.7747434],[-73.9843092,40.7747111]]},"properties":{"kind":"sidewalk","major":false}},{"type":"Feature","geometry":{"type":"LineString","coordinates":[[-73.9843673,40.7747033],[-73.9844357,40.7747361],[-73.9845472,40.7747895]]},"properties":{"kind":"sidewalk","major":false}},{"type":"Feature","geometry":{"type":"LineString","coordinates":[[-73.9844906,40.7749444],[-73.9844755,40.7749651],[-73.9841389,40.7754258],[-73.984136,40.7754297],[-73.9840891,40.7754936],[-73.9840512,40.7755452],[-73.9840337,40.775569],[-73.9836792,40.7760514],[-73.9835956,40.7761652],[-73.9835939,40.7761675],[-73.9832506,40.7766312],[-73.9832326,40.7766556]]},"properties":{"kind":"sidewalk","major":false}},{"type":"Feature","geometry":{"type":"LineString","coordinates":[[-73.9843625,40.774899],[-73.9843351,40.774876],[-73.9842752,40.7748255]]},"properties":{"kind":"sidewalk","major":false}},{"type":"Feature","geometry":{"type":"LineString","coordinates":[[-73.9840652,40.7754865],[-73.9839133,40.7754531],[-73.9838247,40.7754379]]},"properties":{"kind":"sidewalk","major":false}},{"type":"Feature","geometry":{"type":"LineString","coordinates":[[-73.9841157,40.7754175],[-73.9840913,40.7754073]]},"properties":{"kind":"sidewalk","major":false}},{"type":"Feature","geometry":{"type":"LineString","coordinates":[[-73.9838558,40.7753357],[-73.9838345,40.7753661],[-73.9838015,40.7754076]]},"properties":{"kind":"sidewalk","major":false}},{"type":"Feature","geometry":{"type":"LineString","coordinates":[[-73.9834941,40.7761227],[-73.9834415,40.7760999],[-73.9833695,40.7760696]]},"properties":{"kind":"sidewalk","major":false}},{"type":"Feature","geometry":{"type":"LineString","coordinates":[[-73.9833478,40.7760384],[-73.9833787,40.7759955],[-73.9834002,40.7759655]]},"properties":{"kind":"sidewalk","major":false}},{"type":"Feature","geometry":{"type":"LineString","coordinates":[[-73.9834554,40.7759566],[-73.9835249,40.7759861],[-73.9835799,40.7760093]]},"properties":{"kind":"sidewalk","major":false}},{"type":"Feature","geometry":{"type":"LineString","coordinates":[[-73.9837847,40.77543],[-73.983418,40.7759408]]},"properties":{"kind":"sidewalk","major":false}},{"type":"Feature","geometry":{"type":"LineString","coordinates":[[-73.9838558,40.7753357],[-73.9838699,40.7753162],[-73.9842425,40.7748001],[-73.984254,40.7747842]]},"properties":{"kind":"sidewalk","major":false}},{"type":"Feature","geometry":{"type":"LineString","coordinates":[[-73.9845472,40.7747895],[-73.9845898,40.7748074],[-73.987171,40.7758915]]},"properties":{"kind":"sidewalk","major":false}},{"type":"Feature","geometry":{"type":"LineString","coordinates":[[-73.9874397,40.7759972],[-73.9872986,40.7759417],[-73.987171,40.7758915]]},"properties":{"kind":"sidewalk","major":false}},{"type":"Feature","geometry":{"type":"LineString","coordinates":[[-73.9845667,40.7748389],[-73.9845898,40.7748074],[-73.9849655,40.7742947],[-73.9849756,40.7742784]]},"properties":{"kind":"sidewalk","major":false}},{"type":"Feature","geometry":{"type":"LineString","coordinates":[[-73.984777,40.7740591],[-73.9847401,40.7741143],[-73.9847111,40.7741578]]},"properties":{"kind":"sidewalk","major":false}},{"type":"Feature","geometry":{"type":"LineString","coordinates":[[-73.9850406,40.7741926],[-73.9850636,40.7741575],[-73.9854343,40.7736521],[-73.9854537,40.7736283]]},"properties":{"kind":"sidewalk","major":false}},{"type":"Feature","geometry":{"type":"LineString","coordinates":[[-73.9849756,40.7742784],[-73.9850078,40.7742359],[-73.9850406,40.7741926]]},"properties":{"kind":"sidewalk","major":false}},{"type":"Feature","geometry":{"type":"LineString","coordinates":[[-73.9850343,40.7741361],[-73.9850069,40.7741237]]},"properties":{"kind":"sidewalk","major":false}},{"type":"Feature","geometry":{"type":"LineString","coordinates":[[-73.9847385,40.7741936],[-73.9848079,40.7742265],[-73.9848625,40.7742508]]},"properties":{"kind":"sidewalk","major":false}},{"type":"Feature","geometry":{"type":"LineString","coordinates":[[-73.9847111,40.7741578],[-73.9846995,40.7741751],[-73.9843269,40.7746868],[-73.9843092,40.7747111]]},"properties":{"kind":"sidewalk","major":false}},{"type":"Feature","geometry":{"type":"LineString","coordinates":[[-73.9847931,40.774037],[-73.9851334,40.7735786],[-73.985181,40.7735103],[-73.9852371,40.7734357],[-73.9856448,40.7728745],[-73.9856885,40.7728141],[-73.9860446,40.7723215],[-73.9860568,40.7723044]]},"properties":{"kind":"sidewalk","major":false}},{"type":"Feature","geometry":{"type":"LineString","coordinates":[[-73.9863056,40.772425],[-73.986277,40.7724138]]},"properties":{"kind":"sidewalk","major":false}},{"type":"Feature","geometry":{"type":"LineString","coordinates":[[-73.9860568,40.7723044],[-73.9861133,40.772234],[-73.9861545,40.7721827]]},"properties":{"kind":"sidewalk","major":false}},{"type":"Feature","geometry":{"type":"LineString","coordinates":[[-73.9861924,40.7721757],[-73.986278,40.7722069],[-73.9863386,40.772229]]},"properties":{"kind":"sidewalk","major":false}},{"type":"Feature","geometry":{"type":"LineString","coordinates":[[-73.9868041,40.7717704],[-73.9867939,40.7717852],[-73.9864451,40.7722642],[-73.9864431,40.772267],[-73.9863861,40.7723455],[-73.9863231,40.7724323],[-73.9859154,40.772991],[-73.9855056,40.7735523],[-73.985486,40.7735781]]},"properties":{"kind":"sidewalk","major":false}},{"type":"Feature","geometry":{"type":"LineString","coordinates":[[-73.9854537,40.7736283],[-73.9854743,40.7735963],[-73.985486,40.7735781]]},"properties":{"kind":"sidewalk","major":false}},{"type":"Feature","geometry":{"type":"LineString","coordinates":[[-73.9853978,40.7736366],[-73.9853694,40.7736252]]},"properties":{"kind":"sidewalk","major":false}},{"type":"Feature","geometry":{"type":"LineString","coordinates":[[-73.9854888,40.7735443],[-73.9854575,40.7735304]]},"properties":{"kind":"sidewalk","major":false}},{"type":"Feature","geometry":{"type":"LineString","coordinates":[[-73.9859,40.7729839],[-73.9858664,40.7729694]]},"properties":{"kind":"sidewalk","major":false}},{"type":"Feature","geometry":{"type":"LineString","coordinates":[[-73.9847559,40.7772354],[-73.9846965,40.7772108],[-73.9844825,40.7771222],[-73.984426,40.7770988]]},"properties":{"kind":"sidewalk","major":false}},{"type":"Feature","geometry":{"type":"LineString","coordinates":[[-73.984426,40.7770988],[-73.9841352,40.7769784],[-73.9840652,40.7769495],[-73.9839606,40.7769061],[-73.9838317,40.7768528],[-73.9837399,40.7768148],[-73.9837023,40.7767992],[-73.9832506,40.7766312],[-73.9832326,40.7766255]]},"properties":{"kind":"sidewalk","major":false}},{"type":"Feature","geometry":{"type":"LineString","coordinates":[[-73.9851237,40.7765483],[-73.985111,40.7764663]]},"properties":{"kind":"foot","name":"","bridge":false,"len":7,"major":false}},{"type":"Feature","geometry":{"type":"LineString","coordinates":[[-73.95997,40.8081455],[-73.9599375,40.8081317],[-73.95848517884458,40.80751427093271]]},"properties":{"kind":"sidewalk","major":false}},{"type":"Feature","geometry":{"type":"LineString","coordinates":[[-73.95856667778513,40.80740264833867],[-73.9600208,40.8080174],[-73.9600498,40.8080296]]},"properties":{"kind":"sidewalk","major":false}},{"type":"Feature","geometry":{"type":"LineString","coordinates":[[-73.95710812426863,40.80940031267618],[-73.9571049,40.8094066],[-73.9570691,40.8094801],[-73.9570313,40.809561],[-73.9570055,40.8096401],[-73.9569898,40.809736],[-73.9569891,40.8098271],[-73.9569919,40.8098634],[-73.9569956,40.8098836],[-73.9570092,40.809925],[-73.9570227,40.8099612],[-73.9570603,40.8100308],[-73.9571016,40.8100893],[-73.9571337,40.810134],[-73.9571587,40.8101624],[-73.9571936,40.8101974],[-73.9572349,40.8102355],[-73.9572964,40.8102845],[-73.9573627,40.8103318],[-73.9574422,40.8103738],[-73.9580862,40.8106523],[-73.9581252,40.8106702]]},"properties":{"kind":"sidewalk","major":false}},{"type":"Feature","geometry":{"type":"LineString","coordinates":[[-73.9664551475664,40.79659844089519],[-73.9665137,40.7966231],[-73.9667525,40.7967238],[-73.9672975,40.7969534],[-73.9678732,40.797196],[-73.9679195,40.7972133]]},"properties":{"kind":"sidewalk","major":false}},{"type":"Feature","geometry":{"type":"LineString","coordinates":[[-73.9639546,40.8088156],[-73.9639358,40.8088417]]},"properties":{"kind":"foot","name":"","bridge":false,"len":3,"major":false}},{"type":"Feature","geometry":{"type":"LineString","coordinates":[[-73.9640172,40.80873],[-73.9639546,40.8088156]]},"properties":{"kind":"foot","name":"","bridge":false,"len":9,"major":false}},{"type":"Feature","geometry":{"type":"LineString","coordinates":[[-73.9577554,40.811168],[-73.9578513,40.811208],[-73.9579481,40.8112477]]},"properties":{"kind":"sidewalk","major":false}},{"type":"Feature","geometry":{"type":"LineString","coordinates":[[-73.9572896,40.811812],[-73.9572581,40.8117982]]},"properties":{"kind":"sidewalk","major":false}},{"type":"Feature","geometry":{"type":"LineString","coordinates":[[-73.9561904010836,40.8106572448749],[-73.9567919,40.8109068],[-73.9572622,40.811107],[-73.9576404,40.811268],[-73.9576684,40.8112807]]},"properties":{"kind":"sidewalk","major":false}},{"type":"Feature","geometry":{"type":"LineString","coordinates":[[-73.9566373,40.8111998],[-73.9567376,40.811469],[-73.9567521,40.8115799],[-73.9567095,40.8116416]]},"properties":{"kind":"foot","name":"","bridge":false,"len":40,"major":false}},{"type":"Feature","geometry":{"type":"LineString","coordinates":[[-73.9569887,40.8126276],[-73.9570012,40.8126103],[-73.9574416,40.8119971],[-73.957482,40.8119408],[-73.9575074,40.8119063],[-73.9578939,40.811381],[-73.9579057,40.8113723]]},"properties":{"kind":"sidewalk","major":false}},{"type":"Feature","geometry":{"type":"LineString","coordinates":[[-73.9574119,40.8119846],[-73.9574416,40.8119971]]},"properties":{"kind":"sidewalk","major":false}},{"type":"Feature","geometry":{"type":"LineString","coordinates":[[-73.957482,40.8119408],[-73.9574913,40.8119448],[-73.9577834,40.8120689],[-73.9580086,40.8121646],[-73.9584834,40.8123709],[-73.9590433,40.8126143],[-73.95926,40.812751],[-73.9593162,40.8127811],[-73.9593288,40.8127861],[-73.9597018,40.8129342]]},"properties":{"kind":"foot","name":"","bridge":false,"len":207,"major":true}},{"type":"Feature","geometry":{"type":"LineString","coordinates":[[-73.9574778,40.8118936],[-73.9575074,40.8119063]]},"properties":{"kind":"sidewalk","major":false}},{"type":"Feature","geometry":{"type":"LineString","coordinates":[[-73.9564323,40.8133919],[-73.95645,40.8133684],[-73.9567471,40.8129672],[-73.9569066,40.8127427],[-73.9569194,40.8127247]]},"properties":{"kind":"sidewalk","major":false}},{"type":"Feature","geometry":{"type":"LineString","coordinates":[[-73.9574119,40.8119846],[-73.9573168,40.8119433],[-73.9572237,40.8119029]]},"properties":{"kind":"sidewalk","major":false}},{"type":"Feature","geometry":{"type":"LineString","coordinates":[[-73.9563931,40.8115119],[-73.9563514,40.8115135],[-73.9562241,40.8115185],[-73.9561256,40.8115164],[-73.9561099,40.8115161],[-73.9560337,40.8115233],[-73.9559439,40.8115368],[-73.9558795,40.811562],[-73.9558394,40.8115897],[-73.955803,40.8116311],[-73.9557775,40.8116708],[-73.9557704,40.8117001],[-73.955773,40.8117375],[-73.9557786,40.8117607],[-73.9558791,40.8120105],[-73.9558862,40.8120621],[-73.9558869,40.8121064],[-73.9558792,40.8121487],[-73.9558622,40.8122032],[-73.9558344,40.8122595],[-73.9558033,40.8123065],[-73.955718,40.8124198]]},"properties":{"kind":"foot","name":"","bridge":false,"len":127,"major":false}},{"type":"Feature","geometry":{"type":"LineString","coordinates":[[-73.9572237,40.8119029],[-73.9571922,40.8118899]]},"properties":{"kind":"sidewalk","major":false}},{"type":"Feature","geometry":{"type":"LineString","coordinates":[[-73.9574216,40.8115714],[-73.95724,40.8114608],[-73.9572096,40.8114394],[-73.95719,40.8114238],[-73.9571698,40.8114072],[-73.9571597,40.811393],[-73.9571535,40.8113792],[-73.957149,40.8113658],[-73.957146,40.811353],[-73.9571435,40.8113389],[-73.9571456,40.811318],[-73.9571543,40.8112962],[-73.9571658,40.8112703],[-73.9572622,40.811107]]},"properties":{"kind":"sidewalk","major":false}},{"type":"Feature","geometry":{"type":"LineString","coordinates":[[-73.95627151008074,40.810546156355215],[-73.9574831,40.8110542],[-73.9577228,40.8111547],[-73.9577554,40.811168]]},"properties":{"kind":"sidewalk","major":false}},{"type":"Feature","geometry":{"type":"LineString","coordinates":[[-73.9569194,40.8127247],[-73.9569537,40.8126767],[-73.9569887,40.8126276]]},"properties":{"kind":"sidewalk","major":false}},{"type":"Feature","geometry":{"type":"LineString","coordinates":[[-73.9617738,40.8092706],[-73.9617849,40.8092553]]},"properties":{"kind":"foot","name":"","bridge":false,"len":2,"major":false}},{"type":"Feature","geometry":{"type":"LineString","coordinates":[[-73.9617976,40.8092376],[-73.9618282,40.8091953],[-73.9617881,40.8091803]]},"properties":{"kind":"foot","name":"","bridge":false,"len":8,"major":false}},{"type":"Feature","geometry":{"type":"LineString","coordinates":[[-73.9616879,40.8093895],[-73.9617594,40.8092905]]},"properties":{"kind":"foot","name":"","bridge":false,"len":10,"major":false}},{"type":"Feature","geometry":{"type":"LineString","coordinates":[[-73.9642712,40.8114947],[-73.9643236,40.8114039],[-73.9646656,40.8109264],[-73.9647284,40.8108388],[-73.9651775,40.8102208],[-73.9653386,40.8099991],[-73.9660316,40.8090455],[-73.9662661,40.8088104],[-73.9668343,40.8083611],[-73.9669036,40.8083071],[-73.967216,40.8078415],[-73.9673646,40.80762],[-73.9674264,40.8075279],[-73.9676363,40.8071723],[-73.9677549,40.8069714],[-73.9679767,40.8065957],[-73.9680701,40.8064088],[-73.9683015,40.8059459],[-73.9685396,40.8054695],[-73.9692451,40.804314],[-73.9695669,40.8038342],[-73.9696397,40.8037257],[-73.9696686,40.8036856],[-73.9702902,40.8028208],[-73.9704884,40.8025515],[-73.9705941,40.8024079],[-73.9714509,40.8012437],[-73.9715512,40.8011075],[-73.9718178,40.8007452],[-73.9719041,40.8006256],[-73.9720164,40.8005132],[-73.9720872,40.8004492],[-73.9722773,40.800319],[-73.9723769,40.8002438],[-73.9724741,40.8001704],[-73.9730364,40.7996491],[-73.9730761,40.7996045],[-73.9732919,40.7993625],[-73.9737542,40.7988355],[-73.9738715,40.7987018],[-73.9740065,40.79853],[-73.9741127,40.7983442],[-73.9741716,40.7982125],[-73.9742134,40.7981233],[-73.9742732,40.7978961],[-73.9743321,40.7974648],[-73.9742674,40.797095],[-73.9742739,40.7969285],[-73.9742993,40.7968644],[-73.9743327,40.7968005],[-73.9744029,40.796714],[-73.974483,40.7966151]]},"properties":{"kind":"foot","name":"","bridge":false,"len":1561,"major":true}},{"type":"Feature","geometry":{"type":"LineString","coordinates":[[-73.9641615,40.8118136],[-73.9641864,40.8116777],[-73.9642712,40.8114947]]},"properties":{"kind":"foot","name":"","bridge":false,"len":29,"major":false}},{"type":"Feature","geometry":{"type":"LineString","coordinates":[[-73.9642283,40.8072013],[-73.9642157,40.8072177]]},"properties":{"kind":"foot","name":"","bridge":false,"len":2,"major":false}},{"type":"Feature","geometry":{"type":"LineString","coordinates":[[-73.9646232,40.8073692],[-73.9645294,40.8073293],[-73.9643376,40.8072478],[-73.9642711,40.8072195],[-73.9642283,40.8072013]]},"properties":{"kind":"sidewalk","major":false}},{"type":"Feature","geometry":{"type":"LineString","coordinates":[[-73.9645462,40.8074771],[-73.9645828,40.8074258],[-73.9646232,40.8073692]]},"properties":{"kind":"sidewalk","major":false}},{"type":"Feature","geometry":{"type":"LineString","coordinates":[[-73.9641446,40.8073123],[-73.9641903,40.8073301],[-73.9642561,40.8073581],[-73.9643213,40.8073848],[-73.9643869,40.8074117],[-73.9644543,40.8074394],[-73.9645462,40.8074771]]},"properties":{"kind":"sidewalk","major":false}},{"type":"Feature","geometry":{"type":"LineString","coordinates":[[-73.9642056,40.8072307],[-73.9641652,40.8072143],[-73.964004,40.8071482],[-73.9639015,40.8071259],[-73.9637608,40.8070679],[-73.9635305,40.8069711],[-73.9634346,40.8069293]]},"properties":{"kind":"foot","name":"","bridge":false,"len":70,"major":false}},{"type":"Feature","geometry":{"type":"LineString","coordinates":[[-73.9582986,40.8115929],[-73.9583589,40.8116337],[-73.9584033,40.8116721],[-73.958435,40.8116985],[-73.9584714,40.8117376],[-73.9584929,40.8117707],[-73.9585015,40.8117947],[-73.958504,40.8118174],[-73.9585019,40.8118376],[-73.9584937,40.8118647],[-73.9584817,40.8118887],[-73.9584468,40.8119708]]},"properties":{"kind":"foot","name":"","bridge":false,"len":41,"major":false}},{"type":"Feature","geometry":{"type":"LineString","coordinates":[[-73.9566582,40.8119784],[-73.9568053,40.8116808]]},"properties":{"kind":"foot","name":"","bridge":false,"len":28,"major":false}},{"type":"Feature","geometry":{"type":"LineString","coordinates":[[-73.9640452,40.8081766],[-73.9640288,40.8081998],[-73.9639928,40.8082518],[-73.9638636,40.808438],[-73.9638426,40.8084682]]},"properties":{"kind":"sidewalk","major":false}},{"type":"Feature","geometry":{"type":"LineString","coordinates":[[-73.9640874,40.8081169],[-73.9640769,40.8081317],[-73.9640452,40.8081766]]},"properties":{"kind":"sidewalk","major":false}},{"type":"Feature","geometry":{"type":"LineString","coordinates":[[-73.9638426,40.8084682],[-73.9638724,40.8084798]]},"properties":{"kind":"sidewalk","major":false}},{"type":"Feature","geometry":{"type":"LineString","coordinates":[[-73.9778123,40.7871],[-73.9778268,40.7870812],[-73.9782274,40.7865617],[-73.9782388,40.7865449]]},"properties":{"kind":"sidewalk","major":false}},{"type":"Feature","geometry":{"type":"LineString","coordinates":[[-73.9781944,40.7865487],[-73.9782274,40.7865617],[-73.9791161,40.7869409],[-73.9787334,40.7874653],[-73.978722,40.7874809]]},"properties":{"kind":"sidewalk","major":false}},{"type":"Feature","geometry":{"type":"LineString","coordinates":[[-73.9782388,40.7865449],[-73.9782654,40.7865059],[-73.9782893,40.7864709]]},"properties":{"kind":"sidewalk","major":false}},{"type":"Feature","geometry":{"type":"LineString","coordinates":[[-73.9782893,40.7864709],[-73.9783067,40.7864454],[-73.9786929,40.7859355],[-73.9787092,40.7859177]]},"properties":{"kind":"sidewalk","major":false}},{"type":"Feature","geometry":{"type":"LineString","coordinates":[[-73.97784,40.7863906],[-73.9778294,40.7864061],[-73.9774391,40.7869142],[-73.9774243,40.7869339]]},"properties":{"kind":"sidewalk","major":false}},{"type":"Feature","geometry":{"type":"LineString","coordinates":[[-73.9778537,40.7864156],[-73.9778294,40.7864061],[-73.9765267,40.7858506]]},"properties":{"kind":"sidewalk","major":false}},{"type":"Feature","geometry":{"type":"LineString","coordinates":[[-73.9781944,40.7865487],[-73.9781277,40.7865226],[-73.9780494,40.7864921]]},"properties":{"kind":"sidewalk","major":false}},{"type":"Feature","geometry":{"type":"LineString","coordinates":[[-73.9779961,40.7864712],[-73.9779266,40.7864441],[-73.9778537,40.7864156]]},"properties":{"kind":"sidewalk","major":false}},{"type":"Feature","geometry":{"type":"LineString","coordinates":[[-73.9780494,40.7864921],[-73.9779961,40.7864712]]},"properties":{"kind":"sidewalk","major":false}},{"type":"Feature","geometry":{"type":"LineString","coordinates":[[-73.97784,40.7863906],[-73.9778746,40.7863399],[-73.9778974,40.7863065]]},"properties":{"kind":"sidewalk","major":false}},{"type":"Feature","geometry":{"type":"LineString","coordinates":[[-73.9781423,40.7863811],[-73.9780825,40.7863578]]},"properties":{"kind":"sidewalk","major":false}},{"type":"Feature","geometry":{"type":"LineString","coordinates":[[-73.9780825,40.7863578],[-73.9780092,40.7863291],[-73.9779378,40.7863012]]},"properties":{"kind":"sidewalk","major":false}},{"type":"Feature","geometry":{"type":"LineString","coordinates":[[-73.9781423,40.7863811],[-73.9782121,40.7864084],[-73.9782743,40.7864327]]},"properties":{"kind":"sidewalk","major":false}},{"type":"Feature","geometry":{"type":"LineString","coordinates":[[-73.9775653,40.7871241],[-73.9775121,40.7871012]]},"properties":{"kind":"sidewalk","major":false}},{"type":"Feature","geometry":{"type":"LineString","coordinates":[[-73.9776698,40.7870148],[-73.9776103,40.7869891]]},"properties":{"kind":"sidewalk","major":false}},{"type":"Feature","geometry":{"type":"LineString","coordinates":[[-73.9774653,40.7869265],[-73.9774391,40.7869142],[-73.9761458,40.7863698],[-73.9761283,40.7863624]]},"properties":{"kind":"sidewalk","major":false}},{"type":"Feature","geometry":{"type":"LineString","coordinates":[[-73.9760364,40.786476],[-73.9760631,40.7864873],[-73.9773507,40.7870318],[-73.9773882,40.7870477]]},"properties":{"kind":"sidewalk","major":false}},{"type":"Feature","geometry":{"type":"LineString","coordinates":[[-73.9782862,40.7881084],[-73.9782638,40.7880989],[-73.9773038,40.7876958]]},"properties":{"kind":"sidewalk","major":false}},{"type":"Feature","geometry":{"type":"LineString","coordinates":[[-73.9777534,40.7871781],[-73.9777901,40.7871294],[-73.9778123,40.7871]]},"properties":{"kind":"sidewalk","major":false}},{"type":"Feature","geometry":{"type":"LineString","coordinates":[[-73.9773607,40.7870184],[-73.9774019,40.7869661],[-73.9774243,40.7869339]]},"properties":{"kind":"sidewalk","major":false}},{"type":"Feature","geometry":{"type":"LineString","coordinates":[[-73.9775121,40.7871012],[-73.9774623,40.7870796],[-73.9773882,40.7870477]]},"properties":{"kind":"sidewalk","major":false}},{"type":"Feature","geometry":{"type":"LineString","coordinates":[[-73.9776103,40.7869891],[-73.9775521,40.786964],[-73.9774653,40.7869265]]},"properties":{"kind":"sidewalk","major":false}},{"type":"Feature","geometry":{"type":"LineString","coordinates":[[-73.9778055,40.7870722],[-73.9777297,40.7870401],[-73.9776698,40.7870148]]},"properties":{"kind":"sidewalk","major":false}},{"type":"Feature","geometry":{"type":"LineString","coordinates":[[-73.9777077,40.7871857],[-73.9776371,40.7871552],[-73.9775653,40.7871241]]},"properties":{"kind":"sidewalk","major":false}},{"type":"Feature","geometry":{"type":"LineString","coordinates":[[-73.9777534,40.7871781],[-73.9777365,40.7871976],[-73.9773038,40.7876958]]},"properties":{"kind":"sidewalk","major":false}},{"type":"Feature","geometry":{"type":"LineString","coordinates":[[-73.9584323,40.8106412],[-73.9583963,40.810689],[-73.9583592,40.8107383]]},"properties":{"kind":"sidewalk","major":false}},{"type":"Feature","geometry":{"type":"LineString","coordinates":[[-73.9621007,40.8056129],[-73.9620882,40.8056299],[-73.9617126,40.8061417],[-73.9616329,40.8062502],[-73.9612359,40.8067912],[-73.9611709,40.8068797],[-73.961105,40.8069672],[-73.9609661,40.8071606]]},"properties":{"kind":"sidewalk","major":false}},{"type":"Feature","geometry":{"type":"LineString","coordinates":[[-73.9582312,40.8105199],[-73.9583231,40.8105609],[-73.9584209,40.8106044]]},"properties":{"kind":"sidewalk","major":false}},{"type":"Feature","geometry":{"type":"LineString","coordinates":[[-73.9576684,40.8112807],[-73.9577662,40.811325],[-73.9578733,40.8113734]]},"properties":{"kind":"sidewalk","major":false}},{"type":"Feature","geometry":{"type":"LineString","coordinates":[[-73.9621407,40.8026433],[-73.9622569,40.8024836]]},"properties":{"kind":"foot","name":"","bridge":false,"len":17,"major":false}},{"type":"Feature","geometry":{"type":"LineString","coordinates":[[-73.9586227,40.8099248],[-73.9586028,40.8099513],[-73.9585703,40.8099946]]},"properties":{"kind":"sidewalk","major":false}},{"type":"Feature","geometry":{"type":"LineString","coordinates":[[-73.9846591,40.7723206],[-73.9845984,40.772402],[-73.9845363,40.7724853]]},"properties":{"kind":"foot","name":"","bridge":false,"len":17,"major":false}},{"type":"Feature","geometry":{"type":"LineString","coordinates":[[-73.9845591,40.7722799],[-73.9845002,40.7723609],[-73.9844392,40.7724449]]},"properties":{"kind":"foot","name":"","bridge":false,"len":17,"major":false}},{"type":"Feature","geometry":{"type":"LineString","coordinates":[[-73.9847699,40.7723658],[-73.9846591,40.7723206],[-73.9845591,40.7722799],[-73.9844611,40.7722399],[-73.9843591,40.7721983],[-73.98429073119591,40.77217046553982]]},"properties":{"kind":"foot","name":"","bridge":false,"len":56,"major":false}},{"type":"Feature","geometry":{"type":"LineString","coordinates":[[-73.9844692,40.7720467],[-73.9844132,40.7721238],[-73.9843591,40.7721983],[-73.9843014,40.7722777],[-73.98424,40.7723622]]},"properties":{"kind":"foot","name":"","bridge":false,"len":33,"major":false}},{"type":"Feature","geometry":{"type":"LineString","coordinates":[[-73.984709,40.7724483],[-73.9845984,40.772402],[-73.9845002,40.7723609],[-73.9844023,40.7723199],[-73.9843014,40.7722777],[-73.98423325824304,40.7722491816562]]},"properties":{"kind":"foot","name":"","bridge":false,"len":56,"major":false}},{"type":"Feature","geometry":{"type":"LineString","coordinates":[[-73.984515,40.7721666],[-73.9844132,40.7721238],[-73.98434551474492,40.772095432885294]]},"properties":{"kind":"foot","name":"","bridge":false,"len":28,"major":false}},{"type":"Feature","geometry":{"type":"LineString","coordinates":[[-73.9569669,40.8125949],[-73.9570012,40.8126103],[-73.9573883,40.8127852],[-73.9574904,40.8128272],[-73.9591772,40.8135369],[-73.95924,40.813564]]},"properties":{"kind":"sidewalk","major":false}},{"type":"Feature","geometry":{"type":"LineString","coordinates":[[-73.9578124,40.8127458],[-73.9577862,40.8127694],[-73.9577729,40.8127745],[-73.9577607,40.8127764],[-73.9577451,40.8127745],[-73.9576514,40.8127403],[-73.9575749,40.8127092],[-73.95756,40.8127478],[-73.9574904,40.8128272]]},"properties":{"kind":"foot","name":"","bridge":false,"len":35,"major":false}},{"type":"Feature","geometry":{"type":"LineString","coordinates":[[-73.9583098,40.8118965],[-73.9583177,40.8118582],[-73.9583171,40.8118386],[-73.9583091,40.8118203],[-73.9582901,40.8118068],[-73.9582642,40.8117938],[-73.9582493,40.8117833]]},"properties":{"kind":"foot","name":"","bridge":false,"len":13,"major":false}},{"type":"Feature","geometry":{"type":"LineString","coordinates":[[-73.9590185,40.8133158],[-73.9591118,40.8131826],[-73.9591207,40.8131621],[-73.9591662,40.813057],[-73.959202,40.8128728],[-73.9592135,40.8128227],[-73.95926,40.812751]]},"properties":{"kind":"foot","name":"","bridge":false,"len":53,"major":false}},{"type":"Feature","geometry":{"type":"LineString","coordinates":[[-73.9588267,40.8129063],[-73.9588888,40.8129361],[-73.9589637,40.8129827],[-73.9590699,40.8130246],[-73.9591662,40.813057],[-73.9592352,40.8130777]]},"properties":{"kind":"foot","name":"","bridge":false,"len":38,"major":false}},{"type":"Feature","geometry":{"type":"LineString","coordinates":[[-73.9589637,40.8129827],[-73.9590217,40.8129733],[-73.9590913,40.8129537],[-73.959202,40.8128728]]},"properties":{"kind":"foot","name":"","bridge":false,"len":23,"major":false}},{"type":"Feature","geometry":{"type":"LineString","coordinates":[[-73.9590185,40.8133158],[-73.9590181,40.8132832],[-73.9590101,40.813269],[-73.9589593,40.8132332],[-73.958796,40.8131353],[-73.9587495,40.8130888],[-73.9588263,40.8131015],[-73.9590699,40.8131569],[-73.9591207,40.8131621]]},"properties":{"kind":"foot","name":"","bridge":false,"len":63,"major":false}},{"type":"Feature","geometry":{"type":"LineString","coordinates":[[-73.960639,40.8076109],[-73.9606104,40.8076505],[-73.9602707,40.8081235],[-73.9601905,40.8082306],[-73.9598367,40.8087219],[-73.959776,40.808806],[-73.9597316,40.8088675],[-73.95942,40.8092997],[-73.9593956,40.8093336]]},"properties":{"kind":"sidewalk","major":false}},{"type":"Feature","geometry":{"type":"LineString","coordinates":[[-73.9609661,40.8071606],[-73.960639,40.8076109]]},"properties":{"kind":"sidewalk","major":false}},{"type":"Feature","geometry":{"type":"LineString","coordinates":[[-73.9593956,40.8093336],[-73.9593434,40.8094006],[-73.9592889,40.809475]]},"properties":{"kind":"sidewalk","major":false}},{"type":"Feature","geometry":{"type":"LineString","coordinates":[[-73.9592889,40.809475],[-73.9592737,40.8094919],[-73.9589039,40.8100118],[-73.9588912,40.8100296]]},"properties":{"kind":"sidewalk","major":false}},{"type":"Feature","geometry":{"type":"LineString","coordinates":[[-73.9588338,40.8101077],[-73.9588197,40.8101262],[-73.9584499,40.8106178],[-73.9584323,40.8106412]]},"properties":{"kind":"sidewalk","major":false}},{"type":"Feature","geometry":{"type":"LineString","coordinates":[[-73.9588912,40.8100296],[-73.9588689,40.81006],[-73.9588338,40.8101077]]},"properties":{"kind":"sidewalk","major":false}},{"type":"Feature","geometry":{"type":"LineString","coordinates":[[-73.96206501549676,40.80261125439386],[-73.9621407,40.8026433]]},"properties":{"kind":"foot","name":"","bridge":false,"len":13,"major":false}},{"type":"Feature","geometry":{"type":"LineString","coordinates":[[-73.9621818,40.8027367],[-73.9629444,40.8030535],[-73.9631385,40.8031321],[-73.9631852,40.8031481],[-73.9632087,40.8031512],[-73.9632241,40.8031522],[-73.9632523,40.8031471],[-73.9632711,40.803138],[-73.9632972,40.8031218],[-73.9633247,40.8031065],[-73.9633663,40.8030913],[-73.9633985,40.8030827],[-73.9634219,40.8030822],[-73.9634461,40.8030862],[-73.9635081,40.8031124],[-73.9635541,40.8031317],[-73.9635788,40.8031421]]},"properties":{"kind":"foot","name":"","bridge":false,"len":128,"major":false}},{"type":"Feature","geometry":{"type":"LineString","coordinates":[[-73.9634511,40.8029423],[-73.9634335,40.8029662],[-73.9634227,40.8029835],[-73.9634167,40.8030002],[-73.9634147,40.8030292],[-73.9634093,40.8030535],[-73.9633985,40.8030827]]},"properties":{"kind":"foot","name":"","bridge":false,"len":13,"major":false}},{"type":"Feature","geometry":{"type":"LineString","coordinates":[[-73.9704617,40.8016125],[-73.970454,40.8016224],[-73.9703123,40.801819],[-73.9700546,40.8021715],[-73.9700395,40.8021919]]},"properties":{"kind":"sidewalk","major":false}},{"type":"Feature","geometry":{"type":"LineString","coordinates":[[-73.9699519,40.8023111],[-73.9699354,40.8023336],[-73.9695452,40.8028751],[-73.9695327,40.8028924]]},"properties":{"kind":"sidewalk","major":false}},{"type":"Feature","geometry":{"type":"LineString","coordinates":[[-73.9705192,40.8015385],[-73.9704956,40.8015689],[-73.9704617,40.8016125]]},"properties":{"kind":"sidewalk","major":false}},{"type":"Feature","geometry":{"type":"LineString","coordinates":[[-73.9625576,40.8049853],[-73.9625482,40.8049983],[-73.9621737,40.8055126],[-73.9621627,40.8055277]]},"properties":{"kind":"sidewalk","major":false}},{"type":"Feature","geometry":{"type":"LineString","coordinates":[[-73.9621627,40.8055277],[-73.9621283,40.8055749],[-73.9621007,40.8056129]]},"properties":{"kind":"sidewalk","major":false}},{"type":"Feature","geometry":{"type":"LineString","coordinates":[[-73.9909807,40.7738088],[-73.9909718,40.7738208]]},"properties":{"kind":"foot","name":"","bridge":false,"len":1,"major":false}},{"type":"Feature","geometry":{"type":"LineString","coordinates":[[-73.9911489,40.7735618],[-73.9911072,40.7736202],[-73.9910932,40.7736398],[-73.9910879,40.7736473],[-73.9910727,40.7736688],[-73.9910365,40.7736545]]},"properties":{"kind":"foot","name":"","bridge":false,"len":14,"major":false}},{"type":"Feature","geometry":{"type":"LineString","coordinates":[[-73.9910932,40.7736398],[-73.9910579,40.7736259]]},"properties":{"kind":"foot","name":"","bridge":false,"len":3,"major":false}},{"type":"Feature","geometry":{"type":"LineString","coordinates":[[-73.9909944,40.7734946],[-73.9909519,40.7735558],[-73.9909334,40.7735824]]},"properties":{"kind":"foot","name":"","bridge":false,"len":9,"major":false}},{"type":"Feature","geometry":{"type":"LineString","coordinates":[[-73.9910579,40.7736259],[-73.990962,40.7735847],[-73.990939,40.7736183],[-73.9909398,40.7736173]]},"properties":{"kind":"foot","name":"","bridge":false,"len":12,"major":false}},{"type":"Feature","geometry":{"type":"LineString","coordinates":[[-73.9909718,40.7738208],[-73.9907708,40.7740935],[-73.990765,40.7741014]]},"properties":{"kind":"foot","name":"","bridge":false,"len":30,"major":false}},{"type":"Feature","geometry":{"type":"LineString","coordinates":[[-73.9908753,40.7736592],[-73.9908094,40.7737498]]},"properties":{"kind":"foot","name":"","bridge":false,"len":10,"major":false}},{"type":"Feature","geometry":{"type":"LineString","coordinates":[[-73.9862482,40.771718],[-73.986228,40.7717092]]},"properties":{"kind":"foot","name":"","bridge":false,"len":2,"major":false}},{"type":"Feature","geometry":{"type":"LineString","coordinates":[[-73.9871031,40.7714356],[-73.987115,40.77144]]},"properties":{"kind":"foot","name":"","bridge":false,"len":1,"major":false}},{"type":"Feature","geometry":{"type":"LineString","coordinates":[[-73.9871031,40.7714356],[-73.9870679,40.7714211]]},"properties":{"kind":"foot","name":"","bridge":false,"len":3,"major":false}},{"type":"Feature","geometry":{"type":"LineString","coordinates":[[-73.9871347,40.771448],[-73.9871453,40.7714523],[-73.9871548,40.7714562]]},"properties":{"kind":"foot","name":"","bridge":false,"len":2,"major":false}},{"type":"Feature","geometry":{"type":"LineString","coordinates":[[-73.9871453,40.7714523],[-73.9871574,40.771436]]},"properties":{"kind":"foot","name":"","bridge":false,"len":2,"major":false}},{"type":"Feature","geometry":{"type":"LineString","coordinates":[[-73.9869641,40.7716801],[-73.9870076,40.7716986],[-73.987013,40.7716917]]},"properties":{"kind":"foot","name":"","bridge":false,"len":5,"major":false}},{"type":"Feature","geometry":{"type":"LineString","coordinates":[[-73.9866906,40.7717425],[-73.9866329,40.7717189],[-73.9865512,40.7716855]]},"properties":{"kind":"sidewalk","major":false}},{"type":"Feature","geometry":{"type":"LineString","coordinates":[[-73.9905638,40.7737212],[-73.9904327,40.7739022]]},"properties":{"kind":"foot","name":"","bridge":false,"len":19,"major":false}},{"type":"Feature","geometry":{"type":"LineString","coordinates":[[-73.96202407188247,40.80266733159446],[-73.9621028,40.8027023]]},"properties":{"kind":"sidewalk","major":false}},{"type":"Feature","geometry":{"type":"LineString","coordinates":[[-73.9842129,40.7863704],[-73.9842319,40.7862995],[-73.9842423,40.7862344],[-73.9842432,40.7861976],[-73.9842305,40.7861723],[-73.9842044,40.7861437]]},"properties":{"kind":"foot","name":"","bridge":false,"len":21,"major":false}},{"type":"Feature","geometry":{"type":"LineString","coordinates":[[-73.9888198,40.7796163],[-73.9888144,40.7795207]]},"properties":{"kind":"foot","name":"","bridge":false,"len":8,"major":false}},{"type":"Feature","geometry":{"type":"LineString","coordinates":[[-73.9888727,40.7801015],[-73.9888485,40.7798875]]},"properties":{"kind":"foot","name":"Riverside Park South Esplanade","bridge":true,"len":18,"major":true}},{"type":"Feature","geometry":{"type":"LineString","coordinates":[[-73.98440163781235,40.772018565599275],[-73.9844692,40.7720467],[-73.9845718,40.7720894]]},"properties":{"kind":"foot","name":"","bridge":false,"len":28,"major":false}},{"type":"Feature","geometry":{"type":"LineString","coordinates":[[-73.9859091,40.7716779],[-73.9859239,40.771658]]},"properties":{"kind":"foot","name":"","bridge":false,"len":2,"major":false}},{"type":"Feature","geometry":{"type":"LineString","coordinates":[[-73.9865555,40.7710093],[-73.986558,40.7710057]]},"properties":{"kind":"foot","name":"","bridge":true,"len":0,"major":false}},{"type":"Feature","geometry":{"type":"LineString","coordinates":[[-73.986291,40.7714289],[-73.9863036,40.7714125],[-73.9864663,40.7711823],[-73.9865784,40.7710136]]},"properties":{"kind":"foot","name":"","bridge":false,"len":43,"major":false}},{"type":"Feature","geometry":{"type":"LineString","coordinates":[[-73.9820241,40.7882889],[-73.9818925,40.7881706],[-73.9819864,40.7880203],[-73.9820507,40.787936],[-73.9820735,40.7879086],[-73.9821017,40.7878842],[-73.9821285,40.787871],[-73.9821822,40.7878558],[-73.9822604,40.7878497],[-73.9822988,40.7878497],[-73.9824279,40.7878567]]},"properties":{"kind":"foot","name":"","bridge":false,"len":74,"major":false}},{"type":"Feature","geometry":{"type":"LineString","coordinates":[[-73.9818925,40.7881706],[-73.9818442,40.788197],[-73.9817879,40.7882284],[-73.9817302,40.7882589],[-73.9816779,40.7882863],[-73.9816256,40.7883056],[-73.9815679,40.7883198],[-73.9815022,40.7883269],[-73.9814365,40.7883198],[-73.9813815,40.7883076],[-73.9813279,40.7882904],[-73.9812769,40.7882711],[-73.9812126,40.7882646]]},"properties":{"kind":"foot","name":"","bridge":false,"len":61,"major":false}},{"type":"Feature","geometry":{"type":"LineString","coordinates":[[-73.9824797,40.7877343],[-73.9824663,40.7876935],[-73.9824383,40.7876578],[-73.982386,40.7875989],[-73.982326,40.7875449],[-73.9822564,40.7874896],[-73.9822311,40.7874725],[-73.9821909,40.7874502],[-73.9821647,40.7874435],[-73.9819351,40.7873921],[-73.9819023,40.7873857],[-73.9818444,40.7873877],[-73.9817865,40.7873938],[-73.9816967,40.787406],[-73.9816296,40.7874212],[-73.9815559,40.7874446],[-73.981533,40.7874567],[-73.9814928,40.7874781],[-73.9814459,40.7875075],[-73.9814046,40.7875359],[-73.9813632,40.7875524],[-73.9813258,40.7875603],[-73.9812959,40.78756]]},"properties":{"kind":"foot","name":"","bridge":false,"len":115,"major":false}},{"type":"Feature","geometry":{"type":"LineString","coordinates":[[-73.9822604,40.7878497],[-73.9822492,40.7877615],[-73.9822486,40.7876703],[-73.9822579,40.7876009],[-73.9822618,40.7875462],[-73.9822564,40.7874896]]},"properties":{"kind":"foot","name":"","bridge":false,"len":31,"major":false}},{"type":"Feature","geometry":{"type":"LineString","coordinates":[[-73.9826557,40.7872193],[-73.9825958,40.7872698],[-73.9825241,40.7873203],[-73.9824538,40.7873667],[-73.9823868,40.7873984],[-73.9823008,40.7874273],[-73.9821909,40.7874502]]},"properties":{"kind":"foot","name":"","bridge":false,"len":45,"major":false}},{"type":"Feature","geometry":{"type":"LineString","coordinates":[[-73.9819023,40.7873857],[-73.9818246,40.7873399],[-73.9817771,40.7872971],[-73.981706,40.7872113],[-73.9816417,40.7871158],[-73.9816245,40.787062],[-73.9816055,40.7869734],[-73.9816002,40.7868692],[-73.9816055,40.7867927],[-73.9816243,40.7866789],[-73.9816591,40.7865703],[-73.98169,40.7864931],[-73.9817423,40.7864139],[-73.9817905,40.7863378],[-73.9818482,40.7862565],[-73.9819314,40.7861702],[-73.9820729,40.786055],[-73.9822331,40.7859365],[-73.9823257,40.7858629],[-73.9824669,40.785751],[-73.9825738,40.7856656],[-73.9826195,40.7856131],[-73.9826667,40.7855219],[-73.9827142,40.7854081]]},"properties":{"kind":"foot","name":"","bridge":false,"len":216,"major":true}},{"type":"Feature","geometry":{"type":"LineString","coordinates":[[-73.9822331,40.7859365],[-73.9823341,40.7859177],[-73.982405,40.7859165],[-73.9824624,40.7859204],[-73.9825445,40.7859379],[-73.982612,40.7859653],[-73.9826829,40.786003],[-73.982736,40.7860413],[-73.9827833,40.7860789]]},"properties":{"kind":"foot","name":"","bridge":false,"len":51,"major":false}},{"type":"Feature","geometry":{"type":"LineString","coordinates":[[-73.981533,40.7874567],[-73.9815706,40.7873694],[-73.9816095,40.7872775],[-73.9816312,40.7871924],[-73.9816417,40.7871158]]},"properties":{"kind":"foot","name":"","bridge":false,"len":31,"major":false}},{"type":"Feature","geometry":{"type":"LineString","coordinates":[[-73.985892,40.7719075],[-73.9859221,40.7718647]]},"properties":{"kind":"foot","name":"","bridge":false,"len":4,"major":false}},{"type":"Feature","geometry":{"type":"LineString","coordinates":[[-73.9859221,40.7718647],[-73.9858929,40.7718523]]},"properties":{"kind":"foot","name":"","bridge":false,"len":3,"major":false}},{"type":"Feature","geometry":{"type":"LineString","coordinates":[[-73.9834568,40.7752117],[-73.9834118,40.7752735],[-73.9830421,40.7757816],[-73.9830001,40.7758393]]},"properties":{"kind":"foot","name":"","bridge":false,"len":66,"major":false}},{"type":"Feature","geometry":{"type":"LineString","coordinates":[[-73.9669553,40.7983924],[-73.966685,40.7982836],[-73.9663602,40.7981502],[-73.9660826,40.7980363],[-73.9656579,40.7978619],[-73.9656195,40.7978462],[-73.96556151283765,40.797822381057976]]},"properties":{"kind":"foot","name":"","bridge":false,"len":241,"major":true}},{"type":"Feature","geometry":{"type":"LineString","coordinates":[[-73.966685,40.7982836],[-73.9670096,40.7978178]]},"properties":{"kind":"foot","name":"","bridge":false,"len":48,"major":false}},{"type":"Feature","geometry":{"type":"LineString","coordinates":[[-73.9671712,40.7978847],[-73.9670096,40.7978178],[-73.9666838,40.7976818],[-73.9665596,40.7976289]]},"properties":{"kind":"foot","name":"","bridge":false,"len":56,"major":false}},{"type":"Feature","geometry":{"type":"LineString","coordinates":[[-73.9663602,40.7981502],[-73.9666838,40.7976818]]},"properties":{"kind":"foot","name":"","bridge":false,"len":48,"major":false}},{"type":"Feature","geometry":{"type":"LineString","coordinates":[[-73.9671712,40.7978847],[-73.9672259,40.7978711],[-73.9672577,40.7978264]]},"properties":{"kind":"foot","name":"","bridge":false,"len":9,"major":false}},{"type":"Feature","geometry":{"type":"LineString","coordinates":[[-73.9665596,40.7976289],[-73.9665334,40.7975846],[-73.9665659,40.7975373]]},"properties":{"kind":"foot","name":"","bridge":false,"len":9,"major":false}},{"type":"Feature","geometry":{"type":"LineString","coordinates":[[-73.9660826,40.7980363],[-73.9664857,40.7975051]]},"properties":{"kind":"foot","name":"","bridge":false,"len":57,"major":false}},{"type":"Feature","geometry":{"type":"LineString","coordinates":[[-73.9656195,40.7978462],[-73.965983,40.7973415]]},"properties":{"kind":"foot","name":"","bridge":false,"len":53,"major":false}},{"type":"Feature","geometry":{"type":"LineString","coordinates":[[-73.965207,40.7985031],[-73.9652679,40.7984164],[-73.9656579,40.7978619]]},"properties":{"kind":"foot","name":"","bridge":false,"len":67,"major":false}},{"type":"Feature","geometry":{"type":"LineString","coordinates":[[-73.966825,40.7963703],[-73.9667249,40.796328],[-73.96666964986557,40.79630465421646]]},"properties":{"kind":"foot","name":"","bridge":false,"len":42,"major":false}},{"type":"Feature","geometry":{"type":"LineString","coordinates":[[-73.9663508,40.7972894],[-73.966105,40.7971869],[-73.96604417966722,40.79716131082543]]},"properties":{"kind":"foot","name":"","bridge":false,"len":49,"major":false}},{"type":"Feature","geometry":{"type":"LineString","coordinates":[[-73.966105,40.7971869],[-73.9665137,40.7966231],[-73.9667249,40.796328],[-73.9668628,40.7961368],[-73.9669376,40.7960332]]},"properties":{"kind":"foot","name":"","bridge":false,"len":121,"major":false}},{"type":"Feature","geometry":{"type":"LineString","coordinates":[[-73.9936878,40.7730995],[-73.9937001,40.7732024],[-73.9937001,40.7733323],[-73.9936833,40.7734344],[-73.9936018,40.77356],[-73.9934361,40.7736846]]},"properties":{"kind":"foot","name":"Riverside Park South Esplanade","bridge":false,"len":59,"major":true}},{"type":"Feature","geometry":{"type":"LineString","coordinates":[[-73.9938075,40.7729417],[-73.9938215,40.7729234],[-73.9942178,40.7723784]]},"properties":{"kind":"sidewalk","major":false}},{"type":"Feature","geometry":{"type":"LineString","coordinates":[[-73.9956688,40.771283],[-73.9958693,40.7713637]]},"properties":{"kind":"foot","name":"","bridge":true,"len":18,"major":false}},{"type":"Feature","geometry":{"type":"LineString","coordinates":[[-73.9640046,40.8075558],[-73.9639959,40.8075677],[-73.9639681,40.807556]]},"properties":{"kind":"foot","name":"","bridge":false,"len":4,"major":false}},{"type":"Feature","geometry":{"type":"LineString","coordinates":[[-73.9636112,40.8080943],[-73.9636225,40.8080782],[-73.9635972,40.8080681]]},"properties":{"kind":"foot","name":"","bridge":false,"len":4,"major":false}},{"type":"Feature","geometry":{"type":"LineString","coordinates":[[-73.9639089,40.8076378],[-73.9639681,40.807556],[-73.9641446,40.8073123]]},"properties":{"kind":"sidewalk","major":false}},{"type":"Feature","geometry":{"type":"LineString","coordinates":[[-73.9634923,40.8082575],[-73.9634802,40.8082743],[-73.9634554,40.808264]]},"properties":{"kind":"foot","name":"","bridge":false,"len":4,"major":false}},{"type":"Feature","geometry":{"type":"LineString","coordinates":[[-73.963956,40.8082623],[-73.96397,40.8082425],[-73.9639928,40.8082518]]},"properties":{"kind":"foot","name":"","bridge":false,"len":4,"major":false}},{"type":"Feature","geometry":{"type":"LineString","coordinates":[[-73.9638636,40.808438],[-73.9638384,40.8084277],[-73.9638511,40.8084099]]},"properties":{"kind":"foot","name":"","bridge":false,"len":4,"major":false}},{"type":"Feature","geometry":{"type":"LineString","coordinates":[[-73.989115,40.7744202],[-73.9890407,40.7745237],[-73.9890392,40.774542],[-73.9890307,40.7745716],[-73.9889975,40.7746161],[-73.9889538,40.774643],[-73.9888677,40.7747613],[-73.9887556,40.7749162]]},"properties":{"kind":"foot","name":"","bridge":false,"len":53,"major":false}},{"type":"Feature","geometry":{"type":"LineString","coordinates":[[-73.9591857,40.8141129],[-73.9591591,40.8140959],[-73.9589285,40.8139434]]},"properties":{"kind":"foot","name":"","bridge":false,"len":26,"major":false}},{"type":"Feature","geometry":{"type":"LineString","coordinates":[[-73.9589285,40.8139434],[-73.9589132,40.8138965],[-73.958897,40.8138466],[-73.9589947,40.8136221]]},"properties":{"kind":"foot","name":"","bridge":false,"len":29,"major":false}},{"type":"Feature","geometry":{"type":"LineString","coordinates":[[-73.9589622,40.8144184],[-73.9589256,40.814415],[-73.9588512,40.8143723]]},"properties":{"kind":"foot","name":"","bridge":false,"len":10,"major":false}},{"type":"Feature","geometry":{"type":"LineString","coordinates":[[-73.9585706,40.8134426],[-73.9585186,40.8135203]]},"properties":{"kind":"foot","name":"","bridge":false,"len":8,"major":false}},{"type":"Feature","geometry":{"type":"LineString","coordinates":[[-73.9588512,40.8143723],[-73.9588166,40.8143333],[-73.9587367,40.8141119],[-73.9586231,40.8137877],[-73.9585186,40.8135203]]},"properties":{"kind":"foot","name":"","bridge":false,"len":78,"major":false}},{"type":"Feature","geometry":{"type":"LineString","coordinates":[[-73.9588041,40.8141012],[-73.9587367,40.8141119],[-73.9583993,40.8141851]]},"properties":{"kind":"foot","name":"","bridge":false,"len":35,"major":false}},{"type":"Feature","geometry":{"type":"LineString","coordinates":[[-73.9574996,40.8145736],[-73.9575774,40.8145291],[-73.9580224,40.8142744],[-73.9580678,40.8142278],[-73.9582031,40.8140565],[-73.9582613,40.8138663],[-73.9582853,40.8137608]]},"properties":{"kind":"foot","name":"","bridge":false,"len":101,"major":false}},{"type":"Feature","geometry":{"type":"LineString","coordinates":[[-73.9585221,40.8150196],[-73.9583376,40.8149351]]},"properties":{"kind":"foot","name":"","bridge":false,"len":17,"major":false}},{"type":"Feature","geometry":{"type":"LineString","coordinates":[[-73.9583376,40.8149351],[-73.9580678,40.8142278]]},"properties":{"kind":"foot","name":"","bridge":false,"len":64,"major":false}},{"type":"Feature","geometry":{"type":"LineString","coordinates":[[-73.9575316,40.8136177],[-73.957398,40.8132423],[-73.9572551,40.8128876]]},"properties":{"kind":"foot","name":"","bridge":false,"len":66,"major":false}},{"type":"Feature","geometry":{"type":"LineString","coordinates":[[-73.957874,40.8131487],[-73.9576601,40.8131858],[-73.9574379,40.8132337],[-73.957398,40.8132423],[-73.9572714,40.8132696]]},"properties":{"kind":"foot","name":"","bridge":false,"len":52,"major":false}},{"type":"Feature","geometry":{"type":"LineString","coordinates":[[-73.9582853,40.8137608],[-73.9580719,40.8132322]]},"properties":{"kind":"foot","name":"","bridge":false,"len":48,"major":false}},{"type":"Feature","geometry":{"type":"LineString","coordinates":[[-73.9570314,40.8140417],[-73.9574511,40.8138247]]},"properties":{"kind":"foot","name":"","bridge":false,"len":40,"major":false}},{"type":"Feature","geometry":{"type":"LineString","coordinates":[[-73.9575316,40.8136177],[-73.9574784,40.8137527],[-73.9574511,40.8138247]]},"properties":{"kind":"foot","name":"","bridge":false,"len":19,"major":false}},{"type":"Feature","geometry":{"type":"LineString","coordinates":[[-73.9586299,40.8146966],[-73.9584733,40.8146145],[-73.9584244,40.8144942],[-73.9584774,40.8143701],[-73.9585074,40.8143611]]},"properties":{"kind":"foot","name":"","bridge":false,"len":40,"major":false}},{"type":"Feature","geometry":{"type":"LineString","coordinates":[[-73.9586806,40.8147894],[-73.9586299,40.8146966],[-73.9585074,40.8143611],[-73.9584757,40.8142789],[-73.9583993,40.8141851],[-73.958314,40.8141193],[-73.9582031,40.8140565]]},"properties":{"kind":"foot","name":"","bridge":false,"len":77,"major":false}},{"type":"Feature","geometry":{"type":"LineString","coordinates":[[-73.9578779,40.8137496],[-73.9578072,40.8135754],[-73.9576601,40.8131858]]},"properties":{"kind":"foot","name":"","bridge":false,"len":51,"major":false}},{"type":"Feature","geometry":{"type":"LineString","coordinates":[[-73.9579424,40.8137345],[-73.9578779,40.8137496],[-73.957725,40.813783]]},"properties":{"kind":"foot","name":"","bridge":false,"len":19,"major":false}},{"type":"Feature","geometry":{"type":"LineString","coordinates":[[-73.9575665,40.8137777],[-73.9574784,40.8137527],[-73.9570773,40.8135739]]},"properties":{"kind":"foot","name":"","bridge":false,"len":45,"major":false}},{"type":"Feature","geometry":{"type":"LineString","coordinates":[[-73.9570773,40.8135739],[-73.9569644,40.8136209]]},"properties":{"kind":"foot","name":"","bridge":false,"len":10,"major":false}},{"type":"Feature","geometry":{"type":"LineString","coordinates":[[-73.9576065,40.8139495],[-73.9575601,40.8138155],[-73.9575665,40.8137777]]},"properties":{"kind":"foot","name":"","bridge":false,"len":15,"major":false}},{"type":"Feature","geometry":{"type":"LineString","coordinates":[[-73.957725,40.813783],[-73.9576749,40.8137864],[-73.95762,40.8137832],[-73.9575665,40.8137777]]},"properties":{"kind":"foot","name":"","bridge":false,"len":14,"major":false}},{"type":"Feature","geometry":{"type":"LineString","coordinates":[[-73.9586231,40.8137877],[-73.9585684,40.8137996],[-73.9583253,40.8138524],[-73.9582613,40.8138663]]},"properties":{"kind":"foot","name":"","bridge":false,"len":31,"major":false}},{"type":"Feature","geometry":{"type":"LineString","coordinates":[[-73.9560297,40.8112733],[-73.95580868785942,40.81118004701173]]},"properties":{"kind":"foot","name":"","bridge":false,"len":126,"major":false}},{"type":"Feature","geometry":{"type":"LineString","coordinates":[[-73.9569778,40.8121814],[-73.9566582,40.8119784]]},"properties":{"kind":"foot","name":"","bridge":false,"len":32,"major":false}},{"type":"Feature","geometry":{"type":"LineString","coordinates":[[-73.9856399,40.7722971],[-73.9856775,40.7722474],[-73.9858377,40.7723129],[-73.985817,40.7723418],[-73.9858515,40.772356],[-73.9859056,40.7722856],[-73.9859182,40.7722681]]},"properties":{"kind":"foot","name":"","bridge":false,"len":36,"major":false}},{"type":"Feature","geometry":{"type":"LineString","coordinates":[[-73.9854248,40.7725872],[-73.9853131,40.7727398]]},"properties":{"kind":"foot","name":"","bridge":false,"len":16,"major":false}},{"type":"Feature","geometry":{"type":"LineString","coordinates":[[-73.9621337,40.8033605],[-73.9621571,40.8033286],[-73.9624714,40.8029003]]},"properties":{"kind":"foot","name":"","bridge":false,"len":49,"major":false}},{"type":"Feature","geometry":{"type":"LineString","coordinates":[[-73.9618605,40.8032206],[-73.9618828,40.8031867],[-73.9621625,40.802765],[-73.9621818,40.8027367]]},"properties":{"kind":"foot","name":"","bridge":false,"len":49,"major":false}},{"type":"Feature","geometry":{"type":"LineString","coordinates":[[-73.9607743,40.8071066],[-73.960748,40.8070956],[-73.9604851,40.8074543]]},"properties":{"kind":"foot","name":"","bridge":false,"len":40,"major":false}},{"type":"Feature","geometry":{"type":"LineString","coordinates":[[-73.9608992,40.807159],[-73.9607743,40.8071066]]},"properties":{"kind":"foot","name":"","bridge":true,"len":12,"major":false}},{"type":"Feature","geometry":{"type":"LineString","coordinates":[[-73.9604847,40.8075025],[-73.960458,40.8074913],[-73.9604851,40.8074543],[-73.960405,40.8074201]]},"properties":{"kind":"foot","name":"","bridge":false,"len":14,"major":false}},{"type":"Feature","geometry":{"type":"LineString","coordinates":[[-73.9606096,40.8075549],[-73.9604847,40.8075025]]},"properties":{"kind":"foot","name":"","bridge":true,"len":12,"major":false}},{"type":"Feature","geometry":{"type":"LineString","coordinates":[[-73.9661592,40.8091052],[-73.9661268,40.8091381],[-73.9660927,40.8092012],[-73.9660802,40.8092379],[-73.9660723,40.8092841],[-73.9660708,40.809367],[-73.9660848,40.80941],[-73.966113,40.8094486],[-73.9661353,40.8094646],[-73.9661913,40.8094794],[-73.9662561,40.8094906],[-73.9663257,40.8094921],[-73.9664101,40.8094818],[-73.9664633,40.8094699],[-73.9665556,40.8094321],[-73.9667088,40.8093539],[-73.9668814,40.8092573]]},"properties":{"kind":"foot","name":"116th Street Entrance to Riverside Park","bridge":false,"len":103,"major":true}},{"type":"Feature","geometry":{"type":"LineString","coordinates":[[-73.95924,40.813564],[-73.9597018,40.8129342],[-73.9601307,40.8123242]]},"properties":{"kind":"foot","name":"","bridge":false,"len":130,"major":false}},{"type":"Feature","geometry":{"type":"LineString","coordinates":[[-73.9578124,40.8127458],[-73.9576917,40.812614]]},"properties":{"kind":"foot","name":"","bridge":false,"len":15,"major":false}},{"type":"Feature","geometry":{"type":"LineString","coordinates":[[-73.9576917,40.812614],[-73.9579113,40.8123026],[-73.9580086,40.8121646]]},"properties":{"kind":"foot","name":"","bridge":false,"len":47,"major":false}},{"type":"Feature","geometry":{"type":"LineString","coordinates":[[-73.9580317,40.8125757],[-73.9579113,40.8123026]]},"properties":{"kind":"foot","name":"","bridge":false,"len":25,"major":false}},{"type":"Feature","geometry":{"type":"LineString","coordinates":[[-73.9634554,40.808264],[-73.9630855,40.8087608]]},"properties":{"kind":"sidewalk","major":false}},{"type":"Feature","geometry":{"type":"LineString","coordinates":[[-73.9623168,40.8105505],[-73.9623374,40.8105224],[-73.9626505,40.8100951],[-73.9626682,40.8100705],[-73.9627273,40.8099903],[-73.963109,40.8094694],[-73.9631964,40.8093507],[-73.9634982,40.8089383],[-73.9638426,40.8084682]]},"properties":{"kind":"sidewalk","major":false}},{"type":"Feature","geometry":{"type":"LineString","coordinates":[[-73.9638584,40.8081401],[-73.963786,40.8081099]]},"properties":{"kind":"foot","name":"","bridge":false,"len":7,"major":false}},{"type":"Feature","geometry":{"type":"LineString","coordinates":[[-73.9641365,40.807994],[-73.9640678,40.8079667],[-73.9640041,40.8079415]]},"properties":{"kind":"sidewalk","major":false}},{"type":"Feature","geometry":{"type":"LineString","coordinates":[[-73.9861991,40.7716753],[-73.9861844,40.7716699],[-73.9861274,40.7717477],[-73.986057,40.7717162],[-73.9860213,40.7717002]]},"properties":{"kind":"foot","name":"","bridge":false,"len":19,"major":false}},{"type":"Feature","geometry":{"type":"LineString","coordinates":[[-73.9863491,40.7717319],[-73.9863492,40.7717262],[-73.9863494,40.7717182],[-73.9863447,40.7717026],[-73.98633,40.7716905],[-73.9863031,40.7716855],[-73.9862769,40.7716917],[-73.9862642,40.7716998],[-73.9862505,40.7717141],[-73.9862482,40.771718],[-73.9862424,40.7717279],[-73.9862421,40.771741],[-73.9862439,40.7717535],[-73.9862454,40.7717559],[-73.9862531,40.7717683],[-73.986266,40.7717753],[-73.9862872,40.7717788],[-73.9863045,40.7717758],[-73.9863211,40.7717701],[-73.986334,40.7717596],[-73.9863417,40.771752],[-73.9863452,40.771746],[-73.9863491,40.7717319]]},"properties":{"kind":"foot","name":"","bridge":false,"len":27,"major":false}},{"type":"Feature","geometry":{"type":"LineString","coordinates":[[-73.9863335,40.7718123],[-73.9863177,40.7718036],[-73.9863073,40.7717926],[-73.9863045,40.7717758]]},"properties":{"kind":"foot","name":"","bridge":false,"len":4,"major":false}},{"type":"Feature","geometry":{"type":"LineString","coordinates":[[-73.9864227,40.7716942],[-73.9864066,40.7717152],[-73.986391,40.7717237],[-73.9863492,40.7717262]]},"properties":{"kind":"foot","name":"","bridge":false,"len":7,"major":false}},{"type":"Feature","geometry":{"type":"LineString","coordinates":[[-73.9861892,40.7717503],[-73.9862099,40.7717573],[-73.9862201,40.7717586],[-73.9862454,40.7717559]]},"properties":{"kind":"foot","name":"","bridge":false,"len":5,"major":false}},{"type":"Feature","geometry":{"type":"LineString","coordinates":[[-73.9863785,40.7717676],[-73.9863417,40.771752]]},"properties":{"kind":"foot","name":"","bridge":false,"len":3,"major":false}},{"type":"Feature","geometry":{"type":"LineString","coordinates":[[-73.9862558,40.7716259],[-73.9862439,40.7716427],[-73.9862488,40.7716591],[-73.9862769,40.7716917]]},"properties":{"kind":"foot","name":"","bridge":false,"len":7,"major":false}},{"type":"Feature","geometry":{"type":"LineString","coordinates":[[-73.9883641,40.7747265],[-73.9884504,40.7747137]]},"properties":{"kind":"foot","name":"","bridge":false,"len":7,"major":false}},{"type":"Feature","geometry":{"type":"LineString","coordinates":[[-73.9888677,40.7747613],[-73.9887999,40.7747858],[-73.9887479,40.774792],[-73.9886827,40.7747769],[-73.9886454,40.7747458],[-73.988598,40.7746872],[-73.9885964,40.77461],[-73.9886289,40.7745219],[-73.9886844,40.7744703],[-73.9887782,40.7744087],[-73.9888367,40.7744096],[-73.9889251,40.7744179],[-73.9889711,40.7744343],[-73.9890099,40.7744791],[-73.9890392,40.774542]]},"properties":{"kind":"foot","name":"","bridge":false,"len":85,"major":false}},{"type":"Feature","geometry":{"type":"LineString","coordinates":[[-73.9892062,40.7750022],[-73.9891332,40.7749613],[-73.9890698,40.7749155],[-73.9890017,40.7748425],[-73.9889489,40.7748041],[-73.9888677,40.7747613]]},"properties":{"kind":"foot","name":"","bridge":false,"len":36,"major":false}},{"type":"Feature","geometry":{"type":"LineString","coordinates":[[-73.9885438,40.774486],[-73.9886289,40.7745219]]},"properties":{"kind":"foot","name":"","bridge":false,"len":8,"major":false}},{"type":"Feature","geometry":{"type":"LineString","coordinates":[[-73.9894648,40.7746476],[-73.989354,40.774603],[-73.9892388,40.7745914],[-73.9891186,40.7745908],[-73.9890392,40.774542]]},"properties":{"kind":"foot","name":"","bridge":false,"len":38,"major":false}},{"type":"Feature","geometry":{"type":"LineString","coordinates":[[-73.9591523,40.8169435],[-73.9587738,40.8174564],[-73.9587616,40.8174737]]},"properties":{"kind":"sidewalk","major":false}},{"type":"Feature","geometry":{"type":"LineString","coordinates":[[-73.9864701,40.7731898],[-73.9867862,40.7727628],[-73.9869294,40.7725695],[-73.9870875,40.7723559],[-73.987165,40.7723331]]},"properties":{"kind":"foot","name":"","bridge":false,"len":95,"major":false}},{"type":"Feature","geometry":{"type":"LineString","coordinates":[[-73.9869889,40.7734104],[-73.9873089,40.7729821],[-73.9874721,40.7727638]]},"properties":{"kind":"foot","name":"","bridge":false,"len":69,"major":false}},{"type":"Feature","geometry":{"type":"LineString","coordinates":[[-73.9879919,40.773841],[-73.9880226,40.7737988],[-73.9883115,40.7734028],[-73.9886062,40.7729987],[-73.9886457,40.7729446]]},"properties":{"kind":"foot","name":"","bridge":false,"len":94,"major":false}},{"type":"Feature","geometry":{"type":"LineString","coordinates":[[-73.9867862,40.7727628],[-73.9873089,40.7729821],[-73.9883115,40.7734028],[-73.9887632,40.7735923],[-73.9890504,40.7731873],[-73.9887018,40.7730392],[-73.9886062,40.7729987]]},"properties":{"kind":"foot","name":"","bridge":false,"len":265,"major":true}},{"type":"Feature","geometry":{"type":"LineString","coordinates":[[-73.9863861,40.7723455],[-73.9869294,40.7725695]]},"properties":{"kind":"foot","name":"","bridge":false,"len":50,"major":false}},{"type":"Feature","geometry":{"type":"LineString","coordinates":[[-73.9646232,40.8073692],[-73.9657539,40.807846],[-73.9664242,40.8081287]]},"properties":{"kind":"sidewalk","major":false}},{"type":"Feature","geometry":{"type":"LineString","coordinates":[[-73.9668282,40.8076055],[-73.9668255,40.8076273],[-73.9667127,40.8077908],[-73.9666209,40.8079214],[-73.9665308,40.8080207],[-73.9664242,40.8081287]]},"properties":{"kind":"sidewalk","major":false}},{"type":"Feature","geometry":{"type":"LineString","coordinates":[[-73.9668546,40.8076445],[-73.9668255,40.8076273],[-73.9661231,40.8073299],[-73.9650176,40.8068618],[-73.964973,40.8068431]]},"properties":{"kind":"sidewalk","major":false}},{"type":"Feature","geometry":{"type":"LineString","coordinates":[[-73.9646232,40.8073692],[-73.9650176,40.8068618],[-73.9650293,40.8068453]]},"properties":{"kind":"sidewalk","major":false}},{"type":"Feature","geometry":{"type":"LineString","coordinates":[[-73.965822,40.8086996],[-73.9657701,40.8086777],[-73.9650658,40.8083829],[-73.964871,40.8083013],[-73.9641699,40.8080085],[-73.9641365,40.807994]]},"properties":{"kind":"sidewalk","major":false}},{"type":"Feature","geometry":{"type":"LineString","coordinates":[[-73.9645462,40.8074771],[-73.9641699,40.8080085],[-73.9641519,40.8080326]]},"properties":{"kind":"sidewalk","major":false}},{"type":"Feature","geometry":{"type":"LineString","coordinates":[[-73.9607921,40.8191083],[-73.960749,40.8191571],[-73.9602638,40.8197093],[-73.9601558,40.8198275],[-73.9599139,40.8201025],[-73.959738,40.820304]]},"properties":{"kind":"cycle","name":"West Harlem Piers Park Bike Path","bridge":false,"len":135,"major":true}},{"type":"Feature","geometry":{"type":"LineString","coordinates":[[-73.9888301,40.7796867],[-73.988821,40.7796359],[-73.9888198,40.7796163]]},"properties":{"kind":"foot","name":"","bridge":false,"len":6,"major":false}},{"type":"Feature","geometry":{"type":"LineString","coordinates":[[-73.9934361,40.7736846],[-73.9931781,40.7738178],[-73.9930043,40.7739378],[-73.9928731,40.7740463],[-73.992798,40.7741368],[-73.9927458,40.7742149],[-73.9926631,40.774339],[-73.9925955,40.7744675],[-73.992531,40.7745901],[-73.9923595,40.7748306],[-73.9925338,40.774903]]},"properties":{"kind":"foot","name":"Riverside Park South Path","bridge":false,"len":153,"major":true}},{"type":"Feature","geometry":{"type":"LineString","coordinates":[[-73.9949757,40.771421],[-73.9949021,40.7715145]]},"properties":{"kind":"foot","name":"Hudson River Park Esplanade","bridge":false,"len":10,"major":true}},{"type":"Feature","geometry":{"type":"LineString","coordinates":[[-73.99532195183853,40.77109471636282],[-73.9950914,40.7714014],[-73.9949757,40.771421]]},"properties":{"kind":"foot","name":"","bridge":false,"len":178,"major":false}},{"type":"Feature","geometry":{"type":"LineString","coordinates":[[-73.9673646,40.80762],[-73.9672162,40.807558],[-73.9671872,40.8076035],[-73.9670771,40.8077763],[-73.967216,40.8078415]]},"properties":{"kind":"foot","name":"","bridge":false,"len":49,"major":false}},{"type":"Feature","geometry":{"type":"LineString","coordinates":[[-73.9712803,40.8011697],[-73.9714509,40.8012437]]},"properties":{"kind":"foot","name":"","bridge":false,"len":16,"major":false}},{"type":"Feature","geometry":{"type":"LineString","coordinates":[[-73.9634835,40.8122751],[-73.9634655,40.8122498],[-73.9634512,40.8122296]]},"properties":{"kind":"sidewalk","major":false}},{"type":"Feature","geometry":{"type":"LineString","coordinates":[[-73.971377,40.8010361],[-73.971316,40.8010111],[-73.9712246,40.8009737],[-73.9711735,40.8009528]]},"properties":{"kind":"sidewalk","major":false}},{"type":"Feature","geometry":{"type":"LineString","coordinates":[[-73.9663267,40.8082302],[-73.966427,40.8082699],[-73.9665197,40.8083066],[-73.966579,40.8083302]]},"properties":{"kind":"sidewalk","major":false}},{"type":"Feature","geometry":{"type":"LineString","coordinates":[[-73.9679136,40.8058293],[-73.9679861,40.8058511],[-73.9680826,40.8058801],[-73.968141,40.8058977]]},"properties":{"kind":"sidewalk","major":false}},{"type":"Feature","geometry":{"type":"LineString","coordinates":[[-73.9640819,40.8115081],[-73.9641207,40.8115227],[-73.9642219,40.8115039]]},"properties":{"kind":"foot","name":"","bridge":false,"len":12,"major":false}},{"type":"Feature","geometry":{"type":"LineString","coordinates":[[-73.9662661,40.8088104],[-73.966127,40.808744],[-73.9660623,40.8088013],[-73.9658947,40.8089846]]},"properties":{"kind":"foot","name":"","bridge":false,"len":42,"major":false}},{"type":"Feature","geometry":{"type":"LineString","coordinates":[[-73.9668546,40.8076445],[-73.9669068,40.8076755],[-73.9669874,40.8077232],[-73.9670463,40.8077592]]},"properties":{"kind":"sidewalk","major":false}},{"type":"Feature","geometry":{"type":"LineString","coordinates":[[-73.963811,40.8122487],[-73.9637978,40.8122726],[-73.9637665,40.812329]]},"properties":{"kind":"sidewalk","major":false}},{"type":"Feature","geometry":{"type":"LineString","coordinates":[[-73.9676224,40.8069243],[-73.9675208,40.8068995],[-73.9674207,40.8068752],[-73.9673406,40.8068567]]},"properties":{"kind":"sidewalk","major":false}},{"type":"Feature","geometry":{"type":"LineString","coordinates":[[-73.9666697,40.8082407],[-73.9666134,40.8082124],[-73.9665208,40.8081714],[-73.9664242,40.8081287]]},"properties":{"kind":"sidewalk","major":false}},{"type":"Feature","geometry":{"type":"LineString","coordinates":[[-73.9705941,40.8024079],[-73.9704399,40.8023395],[-73.9703301,40.8024812],[-73.9704884,40.8025515]]},"properties":{"kind":"foot","name":"","bridge":false,"len":44,"major":false}},{"type":"Feature","geometry":{"type":"LineString","coordinates":[[-73.9657503,40.8087046],[-73.9657257,40.8087394],[-73.9657065,40.8087666]]},"properties":{"kind":"sidewalk","major":false}},{"type":"Feature","geometry":{"type":"LineString","coordinates":[[-73.9673406,40.8068567],[-73.9672172,40.8068086],[-73.9671942,40.8067975]]},"properties":{"kind":"sidewalk","major":false}},{"type":"Feature","geometry":{"type":"LineString","coordinates":[[-73.9678981,40.806355],[-73.9680701,40.8064088]]},"properties":{"kind":"foot","name":"","bridge":false,"len":15,"major":false}},{"type":"Feature","geometry":{"type":"LineString","coordinates":[[-73.9645462,40.8074771],[-73.9663267,40.8082302],[-73.9658711,40.8086057],[-73.9658396,40.8086299],[-73.9658019,40.8086558],[-73.9657701,40.8086777],[-73.9657503,40.8087046]]},"properties":{"kind":"sidewalk","major":false}},{"type":"Feature","geometry":{"type":"LineString","coordinates":[[-73.9664242,40.8081287],[-73.9663755,40.8081796],[-73.9663267,40.8082302]]},"properties":{"kind":"sidewalk","major":false}},{"type":"Feature","geometry":{"type":"LineString","coordinates":[[-73.9666864,40.8083033],[-73.9666697,40.8082407]]},"properties":{"kind":"foot","name":"","bridge":false,"len":6,"major":false}},{"type":"Feature","geometry":{"type":"LineString","coordinates":[[-73.9637665,40.812329],[-73.9637539,40.8123517],[-73.9636308,40.8123181],[-73.9635231,40.8122915],[-73.9634919,40.812287],[-73.9634835,40.8122751]]},"properties":{"kind":"sidewalk","major":false}},{"type":"Feature","geometry":{"type":"LineString","coordinates":[[-73.9701621,40.8023398],[-73.9702101,40.8023762],[-73.9702781,40.8024369],[-73.9703301,40.8024812]]},"properties":{"kind":"sidewalk","major":false}},{"type":"Feature","geometry":{"type":"LineString","coordinates":[[-73.9641602,40.811321],[-73.9641068,40.8112923],[-73.9640717,40.8112734]]},"properties":{"kind":"sidewalk","major":false}},{"type":"Feature","geometry":{"type":"LineString","coordinates":[[-73.9660377,40.8087914],[-73.9659845,40.8087684],[-73.9658835,40.8087257],[-73.965822,40.8086996]]},"properties":{"kind":"sidewalk","major":false}},{"type":"Feature","geometry":{"type":"LineString","coordinates":[[-73.9677549,40.8069714],[-73.9676224,40.8069243],[-73.9675102,40.8071052],[-73.9674988,40.8071234],[-73.9676363,40.8071723]]},"properties":{"kind":"foot","name":"","bridge":false,"len":44,"major":false}},{"type":"Feature","geometry":{"type":"LineString","coordinates":[[-73.966579,40.8083302],[-73.9666864,40.8083033]]},"properties":{"kind":"foot","name":"","bridge":false,"len":9,"major":false}},{"type":"Feature","geometry":{"type":"LineString","coordinates":[[-73.9670843,40.8069193],[-73.9671074,40.8069294],[-73.9673249,40.8070242],[-73.9674186,40.8070651],[-73.9675102,40.8071052]]},"properties":{"kind":"sidewalk","major":false}},{"type":"Feature","geometry":{"type":"LineString","coordinates":[[-73.968141,40.8058977],[-73.9683015,40.8059459]]},"properties":{"kind":"foot","name":"","bridge":false,"len":14,"major":false}},{"type":"Feature","geometry":{"type":"LineString","coordinates":[[-73.9715512,40.8011075],[-73.971377,40.8010361]]},"properties":{"kind":"foot","name":"","bridge":false,"len":16,"major":false}},{"type":"Feature","geometry":{"type":"LineString","coordinates":[[-73.9676882,40.8062724],[-73.9677579,40.8062998],[-73.9678466,40.8063347],[-73.9678981,40.806355]]},"properties":{"kind":"sidewalk","major":false}},{"type":"Feature","geometry":{"type":"LineString","coordinates":[[-73.9690396,40.8036241],[-73.9690753,40.8036388],[-73.9691506,40.8036672],[-73.9692444,40.8037053],[-73.9693303,40.8037403],[-73.9693767,40.8037592]]},"properties":{"kind":"sidewalk","major":false}},{"type":"Feature","geometry":{"type":"LineString","coordinates":[[-73.9680456,40.8047974],[-73.9680874,40.8047739],[-73.968164,40.8047299]]},"properties":{"kind":"sidewalk","major":false}},{"type":"Feature","geometry":{"type":"LineString","coordinates":[[-73.9691108,40.8037629],[-73.9690974,40.8037436],[-73.9691066,40.8037304],[-73.9691506,40.8036672]]},"properties":{"kind":"foot","name":"","bridge":false,"len":10,"major":false}},{"type":"Feature","geometry":{"type":"LineString","coordinates":[[-73.9676935,40.8054032],[-73.9676703,40.80544],[-73.9676434,40.8054773]]},"properties":{"kind":"sidewalk","major":false}},{"type":"Feature","geometry":{"type":"LineString","coordinates":[[-73.9679828,40.8048069],[-73.9680157,40.8048142],[-73.9680388,40.8048239],[-73.9680545,40.8048385],[-73.9680715,40.8048576],[-73.9680757,40.804865],[-73.9680883,40.8048974],[-73.9680935,40.8049241],[-73.9680952,40.804986],[-73.9680849,40.8050388],[-73.968072,40.8050928],[-73.9680501,40.8051589],[-73.9680247,40.8052149],[-73.9678486,40.8055275],[-73.9678396,40.8055851],[-73.9678504,40.8056175],[-73.9678666,40.8056595],[-73.9678912,40.8056944],[-73.9679341,40.8057288],[-73.967947,40.8057552],[-73.9679379,40.8057754],[-73.9679136,40.8058293]]},"properties":{"kind":"foot","name":"","bridge":false,"len":101,"major":false}},{"type":"Feature","geometry":{"type":"LineString","coordinates":[[-73.968164,40.8047299],[-73.9682454,40.804819]]},"properties":{"kind":"foot","name":"","bridge":false,"len":10,"major":false}},{"type":"Feature","geometry":{"type":"LineString","coordinates":[[-73.9689637,40.8039743],[-73.9691108,40.8037629]]},"properties":{"kind":"sidewalk","major":false}},{"type":"Feature","geometry":{"type":"LineString","coordinates":[[-73.9679859,40.8046472],[-73.9679439,40.8046942],[-73.9678743,40.8047658]]},"properties":{"kind":"sidewalk","major":false}},{"type":"Feature","geometry":{"type":"LineString","coordinates":[[-73.9682454,40.804819],[-73.9682704,40.8048004],[-73.9682849,40.8047896],[-73.968327,40.8047388],[-73.9683596,40.804683],[-73.9683726,40.8046461],[-73.9683821,40.8046249],[-73.968411,40.8046038],[-73.9684391,40.8045938],[-73.9684851,40.8045457],[-73.9685062,40.8045154],[-73.968509,40.8045128],[-73.9686005,40.8044286],[-73.9686759,40.804349],[-73.9687107,40.8043072],[-73.9687698,40.8042385],[-73.9688071,40.8041983],[-73.9688447,40.8041446],[-73.9688792,40.804091],[-73.9689144,40.8040434],[-73.9689637,40.8039743]]},"properties":{"kind":"foot","name":"","bridge":false,"len":95,"major":false}},{"type":"Feature","geometry":{"type":"LineString","coordinates":[[-73.9696686,40.8036856],[-73.9695125,40.8036245],[-73.9694851,40.8036645],[-73.9694109,40.8037731],[-73.9695669,40.8038342]]},"properties":{"kind":"foot","name":"","bridge":false,"len":44,"major":false}},{"type":"Feature","geometry":{"type":"LineString","coordinates":[[-73.9726631,40.7958383],[-73.9726375,40.7958279],[-73.9715328,40.7953682],[-73.9715018,40.7953553]]},"properties":{"kind":"sidewalk","major":false}},{"type":"Feature","geometry":{"type":"LineString","coordinates":[[-73.9697207,40.7947658],[-73.9698302,40.7948045],[-73.9699274,40.7948389]]},"properties":{"kind":"sidewalk","major":false}},{"type":"Feature","geometry":{"type":"LineString","coordinates":[[-73.9727724,40.7960385],[-73.9728125,40.7960552],[-73.9739813,40.7965459],[-73.9740089,40.7965575]]},"properties":{"kind":"sidewalk","major":false}},{"type":"Feature","geometry":{"type":"LineString","coordinates":[[-73.96824176539654,40.79415145305165],[-73.9694174,40.7946406],[-73.9696992,40.7947593],[-73.9697207,40.7947658]]},"properties":{"kind":"sidewalk","major":false}},{"type":"Feature","geometry":{"type":"LineString","coordinates":[[-73.9922424,40.7734546],[-73.9918717,40.7732384],[-73.9915909,40.7730747],[-73.9915179,40.7730303],[-73.9914609,40.7729736],[-73.9911223,40.7728016],[-73.9910656,40.7727735]]},"properties":{"kind":"foot","name":"","bridge":false,"len":116,"major":false}},{"type":"Feature","geometry":{"type":"LineString","coordinates":[[-73.9922424,40.7734546],[-73.9922325,40.773559]]},"properties":{"kind":"foot","name":"","bridge":false,"len":9,"major":false}},{"type":"Feature","geometry":{"type":"LineString","coordinates":[[-73.9922705,40.7730161],[-73.9922737,40.7729659],[-73.9922762,40.7729256],[-73.9922979,40.7725869]]},"properties":{"kind":"foot","name":"","bridge":false,"len":37,"major":false}},{"type":"Feature","geometry":{"type":"LineString","coordinates":[[-73.9922638,40.7731201],[-73.9919193,40.7729784],[-73.9916786,40.7728742],[-73.9915757,40.7728321],[-73.9914661,40.7727877],[-73.991229,40.7726918],[-73.9911899,40.772676]]},"properties":{"kind":"foot","name":"","bridge":false,"len":99,"major":false}},{"type":"Feature","geometry":{"type":"LineString","coordinates":[[-73.9922762,40.7729256],[-73.9922183,40.7729114],[-73.9919512,40.7729332]]},"properties":{"kind":"foot","name":"","bridge":false,"len":28,"major":false}},{"type":"Feature","geometry":{"type":"LineString","coordinates":[[-73.9919512,40.7729332],[-73.991778,40.7728331],[-73.9917491,40.7728164],[-73.9917268,40.7728045],[-73.9916786,40.7728742]]},"properties":{"kind":"foot","name":"","bridge":false,"len":29,"major":false}},{"type":"Feature","geometry":{"type":"LineString","coordinates":[[-73.9922638,40.7731201],[-73.992531,40.7730793]]},"properties":{"kind":"foot","name":"","bridge":false,"len":23,"major":false}},{"type":"Feature","geometry":{"type":"LineString","coordinates":[[-73.9926084,40.7730512],[-73.9926088,40.7730644],[-73.992531,40.7730793],[-73.9925719,40.7732069]]},"properties":{"kind":"foot","name":"","bridge":false,"len":19,"major":false}},{"type":"Feature","geometry":{"type":"LineString","coordinates":[[-73.9925719,40.7732069],[-73.9925144,40.7732315],[-73.9923654,40.7733046]]},"properties":{"kind":"foot","name":"","bridge":true,"len":19,"major":false}},{"type":"Feature","geometry":{"type":"LineString","coordinates":[[-73.9922979,40.7725869],[-73.9920362,40.7724267]]},"properties":{"kind":"foot","name":"","bridge":false,"len":26,"major":false}},{"type":"Feature","geometry":{"type":"LineString","coordinates":[[-73.9926084,40.7730512],[-73.9923356,40.772968],[-73.9922737,40.7729659]]},"properties":{"kind":"foot","name":"","bridge":false,"len":30,"major":false}},{"type":"Feature","geometry":{"type":"LineString","coordinates":[[-73.992296,40.7733386],[-73.9923813,40.7734347],[-73.9923373,40.7735787],[-73.9923214,40.7736306]]},"properties":{"kind":"foot","name":"","bridge":false,"len":28,"major":false}},{"type":"Feature","geometry":{"type":"LineString","coordinates":[[-73.9905674,40.7718199],[-73.9906618,40.7718602]]},"properties":{"kind":"foot","name":"","bridge":false,"len":9,"major":false}},{"type":"Feature","geometry":{"type":"LineString","coordinates":[[-73.9906618,40.7718602],[-73.9906762,40.7718664],[-73.9906844,40.7718698]]},"properties":{"kind":"foot","name":"","bridge":false,"len":2,"major":false}},{"type":"Feature","geometry":{"type":"LineString","coordinates":[[-73.9906762,40.7718664],[-73.990716,40.7718127]]},"properties":{"kind":"foot","name":"","bridge":false,"len":6,"major":false}},{"type":"Feature","geometry":{"type":"LineString","coordinates":[[-73.9611029,40.8175173],[-73.961102,40.8175624],[-73.9610335,40.8175979]]},"properties":{"kind":"sidewalk","major":false}},{"type":"Feature","geometry":{"type":"LineString","coordinates":[[-73.9674499,40.808965],[-73.9673976,40.8089102],[-73.9673855,40.8088444],[-73.9673991,40.8087979]]},"properties":{"kind":"foot","name":"","bridge":false,"len":16,"major":false}},{"type":"Feature","geometry":{"type":"LineString","coordinates":[[-73.9497698,40.8314728],[-73.949567,40.8314541]]},"properties":{"kind":"foot","name":"","bridge":false,"len":17,"major":false}},{"type":"Feature","geometry":{"type":"LineString","coordinates":[[-73.9496118,40.8308493],[-73.9497675,40.8305532],[-73.9497916,40.830471],[-73.9497876,40.8304],[-73.9497447,40.8303432],[-73.9497179,40.8302894],[-73.949688,40.830244]]},"properties":{"kind":"foot","name":"","bridge":false,"len":58,"major":false}},{"type":"Feature","geometry":{"type":"LineString","coordinates":[[-73.9511433,40.8310808],[-73.9511544,40.8310906],[-73.9511591,40.8310943],[-73.9511766,40.8311014],[-73.951199,40.8310982],[-73.9512089,40.831086],[-73.9512863,40.8307567]]},"properties":{"kind":"cycle","name":"Herman \u201cDenny\u201d Farrell Pedestrian Bridge","bridge":true,"len":35,"major":true}},{"type":"Feature","geometry":{"type":"LineString","coordinates":[[-73.9511589,40.8311596],[-73.9511689,40.8311495],[-73.9511749,40.8311377],[-73.9512583,40.8307846],[-73.9512571,40.8307726],[-73.9512522,40.8307636],[-73.9512312,40.8307593],[-73.9512201,40.8307654],[-73.9512139,40.8307747],[-73.9511433,40.8310808]]},"properties":{"kind":"cycle","name":"Herman \u201cDenny\u201d Farrell Pedestrian Bridge","bridge":true,"len":66,"major":true}},{"type":"Feature","geometry":{"type":"LineString","coordinates":[[-73.949687,40.8322728],[-73.9497755,40.8322555],[-73.9498728,40.8322361],[-73.9499398,40.8320038],[-73.9500699,40.8315698],[-73.9501262,40.8314115],[-73.9501182,40.8313648],[-73.9501061,40.8313496],[-73.9500632,40.8312968],[-73.9499633,40.8312624],[-73.9499551,40.8312121],[-73.9500337,40.8310792]]},"properties":{"kind":"cycle","name":"Herman \u201cDenny\u201d Farrell Pedestrian Bridge","bridge":false,"len":127,"major":true}},{"type":"Feature","geometry":{"type":"LineString","coordinates":[[-73.9668814,40.8092573],[-73.9668418,40.8093488],[-73.9667809,40.8095264],[-73.9667426,40.8096716],[-73.9667319,40.809754],[-73.9667303,40.8098655],[-73.966738,40.8100664],[-73.9667339,40.8101246]]},"properties":{"kind":"foot","name":"","bridge":false,"len":76,"major":false}},{"type":"Feature","geometry":{"type":"LineString","coordinates":[[-73.9684105,40.807924],[-73.9682234,40.8078608]]},"properties":{"kind":"foot","name":"","bridge":false,"len":17,"major":false}},{"type":"Feature","geometry":{"type":"LineString","coordinates":[[-73.9671176,40.8090383],[-73.967265,40.8089193],[-73.9673991,40.8087979],[-73.967445,40.8087595],[-73.9675142,40.8086903],[-73.9676022,40.8086113],[-73.9676604,40.8085429],[-73.9677167,40.8084776],[-73.9678328,40.8083567],[-73.9678673,40.8083194],[-73.9679906,40.8081859],[-73.9681606,40.8079604],[-73.9682234,40.8078608],[-73.9684511,40.8074876],[-73.968602,40.8072357],[-73.9686302,40.8071883],[-73.9687354,40.8070113],[-73.9688861,40.8067305],[-73.9689255,40.806599],[-73.9689842,40.8065059],[-73.969018,40.8064524],[-73.9690669,40.8061703],[-73.9692025,40.8058354],[-73.9694525,40.8053315],[-73.9696698,40.8049868],[-73.9699539,40.8045842],[-73.9700417,40.8044396],[-73.9700706,40.8043809],[-73.9700905,40.8042746],[-73.9701015,40.8042018],[-73.9701236,40.8041106],[-73.9701568,40.8040143],[-73.9702141,40.8038846],[-73.9702751,40.803739],[-73.9703361,40.8036124],[-73.9704049,40.8034999],[-73.9705388,40.8032948],[-73.9705676,40.8032596],[-73.9707818,40.8029731],[-73.9709022,40.8028299],[-73.9709664,40.802766],[-73.9709967,40.802732],[-73.9710551,40.8027128],[-73.971107,40.8026984],[-73.9711876,40.8026903],[-73.9712639,40.8026947],[-73.9713513,40.802706],[-73.9714287,40.8027429],[-73.9715309,40.8027848]]},"properties":{"kind":"foot","name":"","bridge":false,"len":686,"major":true}},{"type":"Feature","geometry":{"type":"LineString","coordinates":[[-73.9658117,40.8089504],[-73.965723,40.8089139]]},"properties":{"kind":"sidewalk","major":false}},{"type":"Feature","geometry":{"type":"LineString","coordinates":[[-73.9744647,40.7995535],[-73.974482,40.7995877],[-73.9744918,40.7996202],[-73.9745016,40.7996618],[-73.9745046,40.7996932],[-73.9745054,40.7997343],[-73.9745013,40.7997736],[-73.9744885,40.799826],[-73.9744725,40.7998695],[-73.9744161,40.7999985],[-73.9743671,40.8001058],[-73.9742755,40.8002823],[-73.9741551,40.8004992],[-73.9739517,40.8008483],[-73.9737701,40.801164],[-73.9737347,40.801217],[-73.9736925,40.8012718],[-73.9736556,40.8013128],[-73.9736059,40.8013698],[-73.9735562,40.8014206],[-73.9734922,40.801493],[-73.9734342,40.8015665],[-73.973392,40.8016258],[-73.9733378,40.8017102],[-73.9732783,40.8018128],[-73.9732053,40.8019433],[-73.9731352,40.8020642],[-73.9730637,40.8021674],[-73.9729237,40.8023524],[-73.9727632,40.8025836],[-73.9724431,40.8030413],[-73.9722977,40.8032506],[-73.972222,40.8033603],[-73.9721667,40.803437],[-73.9721042,40.8035117],[-73.9720402,40.8035784],[-73.9719747,40.8036633],[-73.9717239,40.8040316],[-73.9713691,40.8045441],[-73.9713593,40.804557],[-73.9713472,40.8045661],[-73.9713239,40.8045855],[-73.9713025,40.8045997],[-73.9712892,40.8046146],[-73.971279,40.8046322],[-73.9712748,40.8046525],[-73.9712752,40.8046684],[-73.9712737,40.8046863],[-73.9712622,40.8046973],[-73.9712526,40.8047016],[-73.9712414,40.8047032],[-73.9712197,40.804698],[-73.9711524,40.8046706],[-73.9711193,40.8047139],[-73.9711005,40.8047435],[-73.9710399,40.8048302],[-73.9709767,40.8049127],[-73.9706413,40.8054059],[-73.9705105,40.8055888],[-73.9702778,40.8059183],[-73.9702091,40.8058914],[-73.9699134,40.806302],[-73.9697324,40.8065489],[-73.9696322,40.8067008],[-73.969592,40.8068061],[-73.9695346,40.8068652],[-73.9694545,40.8068908],[-73.9693742,40.8068951],[-73.9693079,40.8068792],[-73.9692562,40.806849],[-73.9692249,40.8068138],[-73.9692118,40.8067656]]},"properties":{"kind":"foot","name":"","bridge":false,"len":803,"major":true}},{"type":"Feature","geometry":{"type":"LineString","coordinates":[[-73.9676539,40.8090386],[-73.9677636,40.8088736],[-73.9683114,40.8080752],[-73.9684105,40.807924],[-73.968787,40.8073496],[-73.9688373,40.8072611],[-73.9692193,40.806584],[-73.9698326,40.8054681],[-73.9697211,40.8054278],[-73.9700915,40.8048861],[-73.9702884,40.8045847],[-73.9703426,40.8045045],[-73.9706181,40.804096],[-73.970707,40.8039642],[-73.9711309,40.8033618],[-73.9713442,40.8030587],[-73.9715309,40.8027848],[-73.9717201,40.802516],[-73.9719042,40.8022511],[-73.9719161,40.8022356],[-73.9719742,40.8021565],[-73.972308,40.8016691],[-73.9726664,40.8011457],[-73.9727984,40.800961],[-73.9728215,40.8009308],[-73.9731481,40.8004782],[-73.9734719,40.8000265],[-73.9735866,40.7998671],[-73.9737184,40.799675],[-73.9737311,40.7996574],[-73.9737771,40.7995934],[-73.9738231,40.7995433],[-73.9738667,40.7995056],[-73.9739066,40.7994817],[-73.9739488,40.7994612],[-73.9739933,40.7994435],[-73.9740452,40.7994332],[-73.9740814,40.7994281],[-73.9741251,40.7994275],[-73.974172,40.7994308],[-73.9742261,40.7994421],[-73.974284,40.7994562],[-73.9743435,40.7994748],[-73.9744068,40.7995142],[-73.9744647,40.7995535]]},"properties":{"kind":"foot","name":"","bridge":false,"len":1035,"major":true}},{"type":"Feature","geometry":{"type":"LineString","coordinates":[[-73.9536724,40.8280575],[-73.9537287,40.8283288],[-73.9537184,40.8284842],[-73.9536571,40.8286178],[-73.953575,40.828745],[-73.953169,40.829309],[-73.952839,40.829819],[-73.952567,40.830195],[-73.952493,40.830325],[-73.9522643,40.8306563],[-73.95195,40.8311114]]},"properties":{"kind":"cycle","name":"Riverside Walk","bridge":false,"len":306,"major":true}},{"type":"Feature","geometry":{"type":"LineString","coordinates":[[-73.9631323,40.8139343],[-73.9632825,40.8139763]]},"properties":{"kind":"foot","name":"","bridge":false,"len":13,"major":false}},{"type":"Feature","geometry":{"type":"LineString","coordinates":[[-73.9667339,40.8101246],[-73.9667058,40.8102568],[-73.9666751,40.810352],[-73.9666365,40.8104317],[-73.966589,40.8105074],[-73.9665142,40.810597],[-73.9664421,40.8106839],[-73.9663403,40.8107709],[-73.9661627,40.8109105],[-73.965994,40.8110128],[-73.9658802,40.8110844],[-73.9658111,40.8111248],[-73.9657602,40.8111435]]},"properties":{"kind":"foot","name":"","bridge":false,"len":125,"major":false}},{"type":"Feature","geometry":{"type":"LineString","coordinates":[[-73.9649136,40.8111397],[-73.9648066,40.8112495],[-73.9646317,40.8114609]]},"properties":{"kind":"foot","name":"","bridge":false,"len":36,"major":false}},{"type":"Feature","geometry":{"type":"LineString","coordinates":[[-73.9618251,40.8164329],[-73.9618234,40.8164638],[-73.9618185,40.8165162],[-73.9618085,40.8165515]]},"properties":{"kind":"foot","name":"","bridge":false,"len":10,"major":false}},{"type":"Feature","geometry":{"type":"LineString","coordinates":[[-73.9777615,40.7962682],[-73.9775288,40.7961902],[-73.977337,40.7961862],[-73.9771036,40.7962237],[-73.9768917,40.7962978],[-73.9767201,40.7963882],[-73.9765954,40.7964867],[-73.9765498,40.7965456],[-73.9764613,40.7966745],[-73.9763902,40.7967974],[-73.9763499,40.7968918],[-73.9763231,40.7970065],[-73.9763231,40.7971202],[-73.9763499,40.7972471],[-73.9764103,40.7973669],[-73.976476,40.797438],[-73.9765511,40.7975131],[-73.9766235,40.7975629],[-73.9766386,40.7975725],[-73.9766986,40.7976106],[-73.976784,40.7976465]]},"properties":{"kind":"foot","name":"","bridge":false,"len":229,"major":true}},{"type":"Feature","geometry":{"type":"LineString","coordinates":[[-73.9783118,40.7943123],[-73.9783515,40.7943339],[-73.9784459,40.7943845],[-73.9784983,40.7944171],[-73.978536,40.7944463],[-73.9785649,40.7944712]]},"properties":{"kind":"foot","name":"","bridge":false,"len":25,"major":false}},{"type":"Feature","geometry":{"type":"LineString","coordinates":[[-73.9786037,40.7944974],[-73.9786511,40.7945457],[-73.9786787,40.7945875],[-73.9787019,40.7946284],[-73.978714,40.7946614],[-73.9787251,40.7947086],[-73.978735,40.7947829],[-73.9787377,40.7948243],[-73.9787354,40.7949007]]},"properties":{"kind":"foot","name":"","bridge":false,"len":38,"major":false}},{"type":"Feature","geometry":{"type":"LineString","coordinates":[[-73.9513183,40.8307597],[-73.9513527,40.8307638],[-73.9514019,40.8307696]]},"properties":{"kind":"sidewalk","major":false}},{"type":"Feature","geometry":{"type":"LineString","coordinates":[[-73.9900482,40.7742958],[-73.99007,40.7743035],[-73.9900883,40.7743074],[-73.9901061,40.774307],[-73.9901219,40.7743039],[-73.9901371,40.774297],[-73.9901488,40.7742866],[-73.9901559,40.7742762],[-73.9901673,40.7742014]]},"properties":{"kind":"foot","name":"","bridge":false,"len":17,"major":false}},{"type":"Feature","geometry":{"type":"MultiLineString","coordinates":[[[-73.9482737,40.8323676],[-73.9482473,40.8323159],[-73.9482212,40.8322917],[-73.948186,40.8322744],[-73.948127,40.8322623],[-73.9480748,40.832263],[-73.9480278,40.8322691],[-73.9479724,40.8322896],[-73.9479213,40.8323213],[-73.9478797,40.8323527],[-73.9478504,40.8323792],[-73.9477523,40.8324714],[-73.9476215,40.8325844],[-73.9475032,40.8326763],[-73.9473849,40.8327599],[-73.9472308,40.8328365],[-73.9471738,40.8328551]],[[-73.9471738,40.8328551],[-73.9470938,40.8328813],[-73.9470284,40.832893],[-73.9469662,40.8328848],[-73.9468743,40.8328565],[-73.9468012,40.8328259],[-73.9467296,40.8327882],[-73.9466829,40.8327564],[-73.9466455,40.8327246],[-73.9466019,40.832674],[-73.9465692,40.8326304],[-73.9465577,40.8326019],[-73.9465521,40.832588],[-73.9465521,40.832482],[-73.9465583,40.8324278],[-73.9465832,40.8323607],[-73.9466081,40.8323265],[-73.9466595,40.8323041],[-73.94677,40.8322947],[-73.9468172,40.8323005],[-73.946837,40.832303],[-73.9470315,40.832323],[-73.9470705,40.8323477],[-73.9471343,40.8323795],[-73.947181,40.8324113],[-73.9472479,40.8324431],[-73.9473258,40.8324714],[-73.947346,40.8324902],[-73.9473647,40.8325303],[-73.9473444,40.8325868],[-73.9471738,40.8328551]]]},"properties":{"kind":"foot","name":"","bridge":false,"len":303,"major":true}},{"type":"Feature","geometry":{"type":"LineString","coordinates":[[-73.9473647,40.8325303],[-73.9473974,40.8324667],[-73.9474192,40.8324184],[-73.9474285,40.8323724],[-73.9474285,40.8323041],[-73.9474192,40.8322311],[-73.9473834,40.8320697],[-73.9473429,40.8319626],[-73.9473055,40.8319001],[-73.9472822,40.831873],[-73.9472308,40.8318142],[-73.9471607,40.8317635],[-73.947139,40.8317541]]},"properties":{"kind":"foot","name":"","bridge":false,"len":76,"major":false}},{"type":"Feature","geometry":{"type":"LineString","coordinates":[[-73.9468172,40.8323005],[-73.9468541,40.8322747],[-73.9468759,40.8322476],[-73.946893,40.8322064],[-73.9468977,40.8321557],[-73.9468697,40.8321004],[-73.9468276,40.8320403]]},"properties":{"kind":"foot","name":"","bridge":false,"len":26,"major":false}},{"type":"Feature","geometry":{"type":"LineString","coordinates":[[-73.9472479,40.8324431],[-73.9473149,40.8324502],[-73.9473584,40.8324443],[-73.9473958,40.8324313],[-73.9474192,40.8324184]]},"properties":{"kind":"foot","name":"","bridge":false,"len":15,"major":false}},{"type":"Feature","geometry":{"type":"LineString","coordinates":[[-73.9465577,40.8326019],[-73.9464898,40.832608],[-73.9464556,40.8326198],[-73.9464385,40.8326339],[-73.946412,40.8326622],[-73.9463637,40.8326928],[-73.9463046,40.8327022],[-73.9462361,40.8326916],[-73.9461785,40.8326669]]},"properties":{"kind":"foot","name":"","bridge":false,"len":35,"major":false}},{"type":"Feature","geometry":{"type":"LineString","coordinates":[[-73.9876503,40.7769272],[-73.9874702,40.7771654],[-73.9872075,40.7770618],[-73.9871599,40.7771267],[-73.9864135,40.7781429],[-73.9864015,40.7781593],[-73.9860019,40.7779882]]},"properties":{"kind":"foot","name":"","bridge":false,"len":202,"major":true}},{"type":"Feature","geometry":{"type":"LineString","coordinates":[[-73.9871599,40.7771267],[-73.9874708,40.7772463],[-73.9867114,40.7782698],[-73.9864135,40.7781429]]},"properties":{"kind":"foot","name":"","bridge":false,"len":164,"major":false}},{"type":"Feature","geometry":{"type":"LineString","coordinates":[[-73.9624236,40.804786],[-73.9623883,40.804771],[-73.9623211,40.8047424],[-73.9622354,40.8047061],[-73.9619554,40.8045877],[-73.9615289,40.8044149],[-73.9610989,40.8042319],[-73.96093287790367,40.80416185289387]]},"properties":{"kind":"sidewalk","major":false}},{"type":"Feature","geometry":{"type":"LineString","coordinates":[[-73.9623211,40.8047424],[-73.9625064,40.8044759],[-73.9624263,40.8044435]]},"properties":{"kind":"foot","name":"","bridge":false,"len":35,"major":false}},{"type":"Feature","geometry":{"type":"LineString","coordinates":[[-73.9622354,40.8047061],[-73.9624263,40.8044435]]},"properties":{"kind":"foot","name":"","bridge":false,"len":28,"major":false}},{"type":"Feature","geometry":{"type":"LineString","coordinates":[[-73.9625064,40.8044759],[-73.9625822,40.8045057]]},"properties":{"kind":"foot","name":"","bridge":false,"len":7,"major":false}},{"type":"Feature","geometry":{"type":"LineString","coordinates":[[-73.9762308,40.7955227],[-73.9762786,40.7954903]]},"properties":{"kind":"foot","name":"","bridge":false,"len":5,"major":false}},{"type":"Feature","geometry":{"type":"LineString","coordinates":[[-73.9753683,40.7959856],[-73.975938,40.7956892],[-73.9759881,40.7956632],[-73.9761218,40.7955896]]},"properties":{"kind":"sidewalk","major":false}},{"type":"Feature","geometry":{"type":"LineString","coordinates":[[-73.975846,40.7954048],[-73.9760747,40.7954516],[-73.9761945,40.7954765]]},"properties":{"kind":"sidewalk","major":false}},{"type":"Feature","geometry":{"type":"LineString","coordinates":[[-73.9624959,40.8077424],[-73.9625078,40.8077472],[-73.9625169,40.8077548],[-73.962522,40.8077643],[-73.9625226,40.8077745],[-73.9625186,40.8077843],[-73.9625113,40.8077918],[-73.9625012,40.8077973],[-73.9624894,40.8078001],[-73.962477,40.8078],[-73.9624652,40.807797],[-73.9624553,40.8077913],[-73.9624482,40.8077836],[-73.9624447,40.8077746],[-73.9624451,40.8077652],[-73.9624493,40.8077563],[-73.9624577,40.8077484],[-73.9624693,40.807743],[-73.9624825,40.807741],[-73.9624959,40.8077424]]},"properties":{"kind":"foot","name":"","bridge":false,"len":18,"major":false}},{"type":"Feature","geometry":{"type":"LineString","coordinates":[[-73.9625186,40.8077843],[-73.9625798,40.8078079],[-73.9626742,40.8078423],[-73.9627297,40.8077689],[-73.962308,40.8075899]]},"properties":{"kind":"foot","name":"","bridge":false,"len":61,"major":false}},{"type":"Feature","geometry":{"type":"LineString","coordinates":[[-73.9619764,40.807557],[-73.9619849,40.807549],[-73.9619964,40.8075437],[-73.9620096,40.8075416],[-73.962023,40.8075431],[-73.9620349,40.8075479],[-73.962044,40.8075554],[-73.9620492,40.8075649],[-73.9620498,40.8075751],[-73.9620458,40.8075849],[-73.9620384,40.8075925],[-73.9620284,40.8075979],[-73.9620165,40.8076008],[-73.9620041,40.8076006],[-73.9619924,40.8075976],[-73.9619825,40.8075919],[-73.9619754,40.8075842],[-73.9619718,40.8075752],[-73.9619722,40.8075658],[-73.9619764,40.807557]]},"properties":{"kind":"foot","name":"","bridge":false,"len":18,"major":false}},{"type":"Feature","geometry":{"type":"LineString","coordinates":[[-73.9620458,40.8075849],[-73.9622458,40.8076717],[-73.9624493,40.8077563]]},"properties":{"kind":"foot","name":"","bridge":false,"len":37,"major":false}},{"type":"Feature","geometry":{"type":"LineString","coordinates":[[-73.9635305,40.8069711],[-73.9635608,40.8069321]]},"properties":{"kind":"foot","name":"","bridge":false,"len":4,"major":false}},{"type":"Feature","geometry":{"type":"LineString","coordinates":[[-73.9591962,40.8092006],[-73.9592869,40.8092431],[-73.9593844,40.8092838]]},"properties":{"kind":"sidewalk","major":false}},{"type":"Feature","geometry":{"type":"LineString","coordinates":[[-73.9590163,40.8093824],[-73.9590356,40.8093553]]},"properties":{"kind":"sidewalk","major":false}},{"type":"Feature","geometry":{"type":"LineString","coordinates":[[-73.9590356,40.8093553],[-73.9590828,40.8092899],[-73.9591394,40.8092133]]},"properties":{"kind":"sidewalk","major":false}},{"type":"Feature","geometry":{"type":"LineString","coordinates":[[-73.9591394,40.8092133],[-73.95916,40.8091852],[-73.9594731,40.8087588],[-73.9594899,40.808736]]},"properties":{"kind":"sidewalk","major":false}},{"type":"Feature","geometry":{"type":"LineString","coordinates":[[-73.9593844,40.8092838],[-73.95942,40.8092997]]},"properties":{"kind":"sidewalk","major":false}},{"type":"Feature","geometry":{"type":"LineString","coordinates":[[-73.9577416,40.8085806],[-73.9577759,40.8085954],[-73.95916,40.8091852],[-73.9591962,40.8092006]]},"properties":{"kind":"sidewalk","major":false}},{"type":"Feature","geometry":{"type":"LineString","coordinates":[[-73.9577416,40.8085806],[-73.95771241334296,40.80857266616224]]},"properties":{"kind":"sidewalk","major":false}},{"type":"Feature","geometry":{"type":"LineString","coordinates":[[-73.9595097,40.8087743],[-73.9594731,40.8087588],[-73.95802435193163,40.80814542877462]]},"properties":{"kind":"sidewalk","major":false}},{"type":"Feature","geometry":{"type":"LineString","coordinates":[[-73.9596984,40.8088538],[-73.9596547,40.8088363],[-73.9596046,40.8088146],[-73.9595097,40.8087743]]},"properties":{"kind":"sidewalk","major":false}},{"type":"Feature","geometry":{"type":"LineString","coordinates":[[-73.9597316,40.8088675],[-73.9596984,40.8088538]]},"properties":{"kind":"sidewalk","major":false}},{"type":"Feature","geometry":{"type":"LineString","coordinates":[[-73.9595875,40.8086586],[-73.9597001,40.8086878],[-73.9597994,40.8087133]]},"properties":{"kind":"sidewalk","major":false}},{"type":"Feature","geometry":{"type":"LineString","coordinates":[[-73.9594899,40.808736],[-73.9595168,40.8087008],[-73.9595393,40.8086684]]},"properties":{"kind":"sidewalk","major":false}},{"type":"Feature","geometry":{"type":"LineString","coordinates":[[-73.9595875,40.8086586],[-73.9595565,40.8086453],[-73.95810306777919,40.80803761796089]]},"properties":{"kind":"sidewalk","major":false}},{"type":"Feature","geometry":{"type":"LineString","coordinates":[[-73.9597994,40.8087133],[-73.9598367,40.8087219]]},"properties":{"kind":"sidewalk","major":false}},{"type":"Feature","geometry":{"type":"LineString","coordinates":[[-73.9587821,40.8101111],[-73.9586791,40.8100677],[-73.9585852,40.8100286]]},"properties":{"kind":"sidewalk","major":false}},{"type":"Feature","geometry":{"type":"LineString","coordinates":[[-73.9585852,40.8100286],[-73.9585568,40.8100128]]},"properties":{"kind":"sidewalk","major":false}},{"type":"Feature","geometry":{"type":"LineString","coordinates":[[-73.9588197,40.8101262],[-73.9587821,40.8101111]]},"properties":{"kind":"sidewalk","major":false}},{"type":"Feature","geometry":{"type":"LineString","coordinates":[[-73.9610242,40.8067004],[-73.9609867,40.8066848],[-73.95953528145843,40.80607602919616]]},"properties":{"kind":"sidewalk","major":false}},{"type":"Feature","geometry":{"type":"LineString","coordinates":[[-73.9608955,40.8068778],[-73.9608576,40.8068614],[-73.9601995,40.8065765]]},"properties":{"kind":"sidewalk","major":false}},{"type":"Feature","geometry":{"type":"LineString","coordinates":[[-73.9600067,40.8080367],[-73.9600208,40.8080174],[-73.9603682,40.807546],[-73.9604049,40.8074958]]},"properties":{"kind":"sidewalk","major":false}},{"type":"Feature","geometry":{"type":"LineString","coordinates":[[-73.9604049,40.8074958],[-73.9607032,40.8070703]]},"properties":{"kind":"sidewalk","major":false}},{"type":"Feature","geometry":{"type":"LineString","coordinates":[[-73.9595393,40.8086684],[-73.9595565,40.8086453],[-73.9599375,40.8081317],[-73.9599517,40.8081126]]},"properties":{"kind":"sidewalk","major":false}},{"type":"Feature","geometry":{"type":"LineString","coordinates":[[-73.9599517,40.8081126],[-73.9599801,40.8080734],[-73.9600067,40.8080367]]},"properties":{"kind":"sidewalk","major":false}},{"type":"Feature","geometry":{"type":"LineString","coordinates":[[-73.9601631,40.808219],[-73.9600691,40.8081832],[-73.95997,40.8081455]]},"properties":{"kind":"sidewalk","major":false}},{"type":"Feature","geometry":{"type":"LineString","coordinates":[[-73.9602428,40.808112],[-73.9601498,40.8080723],[-73.9600498,40.8080296]]},"properties":{"kind":"sidewalk","major":false}},{"type":"Feature","geometry":{"type":"LineString","coordinates":[[-73.9602707,40.8081235],[-73.9602428,40.808112]]},"properties":{"kind":"sidewalk","major":false}},{"type":"Feature","geometry":{"type":"LineString","coordinates":[[-73.9601905,40.8082306],[-73.9601631,40.808219]]},"properties":{"kind":"sidewalk","major":false}},{"type":"Feature","geometry":{"type":"LineString","coordinates":[[-73.9605904,40.8076416],[-73.9604917,40.8075989],[-73.9603954,40.8075574]]},"properties":{"kind":"sidewalk","major":false}},{"type":"Feature","geometry":{"type":"LineString","coordinates":[[-73.9603954,40.8075574],[-73.9603682,40.807546]]},"properties":{"kind":"sidewalk","major":false}},{"type":"Feature","geometry":{"type":"LineString","coordinates":[[-73.9606104,40.8076505],[-73.9605904,40.8076416]]},"properties":{"kind":"sidewalk","major":false}},{"type":"Feature","geometry":{"type":"LineString","coordinates":[[-73.9604732,40.8091452],[-73.9605782,40.8090028]]},"properties":{"kind":"foot","name":"","bridge":false,"len":15,"major":false}},{"type":"Feature","geometry":{"type":"LineString","coordinates":[[-73.9605782,40.8090028],[-73.9605869,40.8089909],[-73.9606258,40.8089933]]},"properties":{"kind":"foot","name":"","bridge":false,"len":5,"major":false}},{"type":"Feature","geometry":{"type":"LineString","coordinates":[[-73.9603443,40.8093219],[-73.9603095,40.8093715]]},"properties":{"kind":"foot","name":"","bridge":false,"len":5,"major":false}},{"type":"Feature","geometry":{"type":"LineString","coordinates":[[-73.9604071,40.8092971],[-73.9603737,40.8092828]]},"properties":{"kind":"foot","name":"","bridge":false,"len":3,"major":false}},{"type":"Feature","geometry":{"type":"LineString","coordinates":[[-73.9605082,40.8091581],[-73.9604732,40.8091452]]},"properties":{"kind":"foot","name":"","bridge":false,"len":3,"major":false}},{"type":"Feature","geometry":{"type":"LineString","coordinates":[[-73.96088,40.8068311],[-73.9609214,40.8067743],[-73.9609688,40.8067094]]},"properties":{"kind":"sidewalk","major":false}},{"type":"Feature","geometry":{"type":"LineString","coordinates":[[-73.961105,40.8069672],[-73.9610864,40.8069592],[-73.9610647,40.8069499]]},"properties":{"kind":"sidewalk","major":false}},{"type":"Feature","geometry":{"type":"LineString","coordinates":[[-73.9607032,40.8070703],[-73.9608576,40.8068614],[-73.96088,40.8068311]]},"properties":{"kind":"sidewalk","major":false}},{"type":"Feature","geometry":{"type":"LineString","coordinates":[[-73.95993019167658,40.80553515219002],[-73.9613753,40.8061511],[-73.9614109,40.8061658]]},"properties":{"kind":"sidewalk","major":false}},{"type":"Feature","geometry":{"type":"LineString","coordinates":[[-73.9610242,40.8067004],[-73.9611217,40.8067422],[-73.9611978,40.8067749]]},"properties":{"kind":"sidewalk","major":false}},{"type":"Feature","geometry":{"type":"LineString","coordinates":[[-73.9616066,40.8062407],[-73.9616329,40.8062502]]},"properties":{"kind":"sidewalk","major":false}},{"type":"Feature","geometry":{"type":"LineString","coordinates":[[-73.9616818,40.8061284],[-73.9615954,40.8060926],[-73.9614986,40.806051]]},"properties":{"kind":"sidewalk","major":false}},{"type":"Feature","geometry":{"type":"LineString","coordinates":[[-73.9614109,40.8061658],[-73.961513,40.8062057],[-73.9616066,40.8062407]]},"properties":{"kind":"sidewalk","major":false}},{"type":"Feature","geometry":{"type":"LineString","coordinates":[[-73.96000690579243,40.80543008298845],[-73.9603838,40.8055881],[-73.9614614,40.8060357],[-73.9614986,40.806051]]},"properties":{"kind":"sidewalk","major":false}},{"type":"Feature","geometry":{"type":"LineString","coordinates":[[-73.9603865571965,40.80491010476206],[-73.9618381,40.8055267],[-73.9618695,40.8055405]]},"properties":{"kind":"sidewalk","major":false}},{"type":"Feature","geometry":{"type":"LineString","coordinates":[[-73.9698004,40.8072991],[-73.9698501,40.8072586],[-73.9698897,40.807218],[-73.9699259,40.8071693],[-73.969944,40.8071394],[-73.9699708,40.8070988],[-73.9699876,40.8070592],[-73.97003,40.8069886]]},"properties":{"kind":"foot","name":"Cherry Walk","bridge":false,"len":33,"major":true}},{"type":"Feature","geometry":{"type":"LineString","coordinates":[[-73.9887751,40.7782847],[-73.9889076,40.7782156],[-73.9890288,40.7781137],[-73.9893492,40.7778311],[-73.9896115,40.7775485],[-73.9897242,40.7774195],[-73.9898126,40.7773149],[-73.9898696,40.7772511],[-73.9898903,40.7772323],[-73.98992,40.7772215],[-73.9899607,40.7772181],[-73.9899921,40.7772201],[-73.9900354,40.7772339],[-73.9901649,40.7772961],[-73.9902826,40.777353]]},"properties":{"kind":"cycle","name":"","bridge":false,"len":167,"major":true}},{"type":"Feature","geometry":{"type":"LineString","coordinates":[[-73.9887751,40.7782847],[-73.9888386,40.7782241],[-73.9888763,40.7781913],[-73.9889358,40.7781247],[-73.9889834,40.7780646],[-73.9890515,40.7779771],[-73.9892078,40.7777913],[-73.9892554,40.7777291],[-73.989284,40.7776892],[-73.9893102,40.7776502],[-73.9893342,40.7776146],[-73.9893465,40.7775963],[-73.9893826,40.7775424],[-73.9894711,40.7774102],[-73.9895896,40.7772085],[-73.9895997,40.7771913],[-73.9896307,40.7771414],[-73.9896397,40.777127],[-73.9896925,40.7770543],[-73.9897448,40.7769644],[-73.9897808,40.7768857],[-73.9897911,40.7768631],[-73.9898584,40.7767618],[-73.9899386,40.776639],[-73.9899718,40.7765722],[-73.9899988,40.776503],[-73.9900071,40.776471],[-73.9900215,40.7764079],[-73.9900314,40.7763456],[-73.9900313,40.7762826],[-73.9899024,40.7762309],[-73.989836,40.7762021],[-73.9897636,40.7761719]]},"properties":{"kind":"foot","name":"","bridge":false,"len":228,"major":true}},{"type":"Feature","geometry":{"type":"LineString","coordinates":[[-73.9899844,40.7763266],[-73.9900314,40.7763456]]},"properties":{"kind":"foot","name":"","bridge":false,"len":4,"major":false}},{"type":"Feature","geometry":{"type":"LineString","coordinates":[[-73.9900215,40.7764079],[-73.9898303,40.7763279],[-73.9897649,40.776301],[-73.9896877,40.7762685]]},"properties":{"kind":"foot","name":"","bridge":false,"len":31,"major":false}},{"type":"Feature","geometry":{"type":"LineString","coordinates":[[-73.9897649,40.776301],[-73.989836,40.7762021]]},"properties":{"kind":"foot","name":"","bridge":false,"len":10,"major":false}},{"type":"Feature","geometry":{"type":"LineString","coordinates":[[-73.9896925,40.7770543],[-73.9897368,40.7770732],[-73.9898077,40.7769738],[-73.9898723,40.7768875],[-73.9899155,40.7768314],[-73.9900419,40.7766907],[-73.990121,40.7766097],[-73.9902327,40.7765054],[-73.990224,40.77655],[-73.9902149,40.7765916],[-73.9901658,40.7767232],[-73.9901053,40.7768576],[-73.9900449,40.7769739],[-73.9899316,40.7771529],[-73.9900567,40.7772106],[-73.9901868,40.7772699],[-73.9902773,40.7773137]]},"properties":{"kind":"foot","name":"","bridge":false,"len":162,"major":false}},{"type":"Feature","geometry":{"type":"LineString","coordinates":[[-73.9902327,40.7765054],[-73.9902368,40.7764858],[-73.9902393,40.7764628],[-73.9902377,40.776443],[-73.9902305,40.7764336],[-73.9902091,40.7764225]]},"properties":{"kind":"foot","name":"","bridge":false,"len":8,"major":false}},{"type":"Feature","geometry":{"type":"LineString","coordinates":[[-73.9900071,40.776471],[-73.9897689,40.7764105],[-73.9897497,40.7764071],[-73.9895428,40.776692],[-73.9895263,40.7767227],[-73.9894596,40.7768471],[-73.9894265,40.7768966],[-73.9893768,40.7769706],[-73.9893587,40.7769976],[-73.9893398,40.7770187],[-73.9893056,40.7770565],[-73.9892699,40.7771063],[-73.9892628,40.7771274],[-73.9893108,40.7771395],[-73.9892835,40.7771755],[-73.9892591,40.7772136],[-73.9892,40.7773059],[-73.9891367,40.7773964],[-73.9891297,40.7774082],[-73.9890724,40.7775051],[-73.9890472,40.7775392],[-73.988988,40.7776194],[-73.9891093,40.7776692],[-73.9892554,40.7777291]]},"properties":{"kind":"foot","name":"","bridge":false,"len":175,"major":false}},{"type":"Feature","geometry":{"type":"LineString","coordinates":[[-73.9855886,40.7772811],[-73.9855607,40.7773204]]},"properties":{"kind":"foot","name":"","bridge":false,"len":4,"major":false}},{"type":"Feature","geometry":{"type":"LineString","coordinates":[[-73.9867801,40.7771444],[-73.9868166,40.7771608]]},"properties":{"kind":"foot","name":"","bridge":false,"len":3,"major":false}},{"type":"Feature","geometry":{"type":"LineString","coordinates":[[-73.9866658,40.7770666],[-73.9867271,40.7770944]]},"properties":{"kind":"foot","name":"","bridge":false,"len":6,"major":false}},{"type":"Feature","geometry":{"type":"LineString","coordinates":[[-73.9867271,40.7770944],[-73.9867532,40.7771195],[-73.9867801,40.7771444]]},"properties":{"kind":"sidewalk","major":false}},{"type":"Feature","geometry":{"type":"LineString","coordinates":[[-73.9858781,40.7774008],[-73.9859361,40.7775742]]},"properties":{"kind":"foot","name":"","bridge":false,"len":16,"major":false}},{"type":"Feature","geometry":{"type":"LineString","coordinates":[[-73.9833353,40.7760559],[-73.9829557,40.7765627],[-73.9829368,40.7765881]]},"properties":{"kind":"sidewalk","major":false}},{"type":"Feature","geometry":{"type":"LineString","coordinates":[[-73.9863996,40.7708655],[-73.9863879,40.7708821],[-73.9863736,40.7708919],[-73.9863542,40.770896],[-73.9863387,40.7708963],[-73.9863225,40.7708921],[-73.986228,40.7708543],[-73.9861238,40.7708098],[-73.986105,40.7708012],[-73.9860976,40.7707883],[-73.9860979,40.7707719],[-73.9861028,40.7707616],[-73.9861136,40.7707455]]},"properties":{"kind":"foot","name":"","bridge":false,"len":33,"major":false}},{"type":"Feature","geometry":{"type":"LineString","coordinates":[[-73.9856647,40.771231],[-73.9857221,40.7712544]]},"properties":{"kind":"foot","name":"","bridge":false,"len":5,"major":false}},{"type":"Feature","geometry":{"type":"LineString","coordinates":[[-73.9850486,40.7711415],[-73.9850143,40.7711882],[-73.9856133,40.7714392]]},"properties":{"kind":"foot","name":"","bridge":false,"len":60,"major":false}},{"type":"Feature","geometry":{"type":"LineString","coordinates":[[-73.9852921,40.7711251],[-73.9851144,40.7710495]]},"properties":{"kind":"foot","name":"","bridge":false,"len":16,"major":false}},{"type":"Feature","geometry":{"type":"LineString","coordinates":[[-73.973883,40.792154],[-73.9738999,40.7921303],[-73.9742685,40.7916147],[-73.9742824,40.7915952]]},"properties":{"kind":"sidewalk","major":false}},{"type":"Feature","geometry":{"type":"LineString","coordinates":[[-73.9743671,40.7908414],[-73.9743349,40.7908281],[-73.9732394,40.7903607],[-73.9732012,40.7903497]]},"properties":{"kind":"sidewalk","major":false}},{"type":"Feature","geometry":{"type":"LineString","coordinates":[[-73.9739077,40.7914675],[-73.9739835,40.7914985],[-73.974167,40.7915731],[-73.97424,40.7916033]]},"properties":{"kind":"sidewalk","major":false}},{"type":"Feature","geometry":{"type":"LineString","coordinates":[[-73.9734548,40.7920906],[-73.9735266,40.7921159],[-73.9737054,40.7921973],[-73.9737799,40.7922312]]},"properties":{"kind":"sidewalk","major":false}},{"type":"Feature","geometry":{"type":"LineString","coordinates":[[-73.9725386,40.7908606],[-73.9725246,40.7908836],[-73.9721439,40.7913951],[-73.9721288,40.7914166]]},"properties":{"kind":"sidewalk","major":false}},{"type":"Feature","geometry":{"type":"LineString","coordinates":[[-73.972834,40.7908577],[-73.9727268,40.7908128],[-73.9726399,40.7907764]]},"properties":{"kind":"sidewalk","major":false}},{"type":"Feature","geometry":{"type":"LineString","coordinates":[[-73.9739077,40.7914675],[-73.9738766,40.7914541],[-73.9727842,40.7909852],[-73.9727471,40.7909757]]},"properties":{"kind":"sidewalk","major":false}},{"type":"Feature","geometry":{"type":"LineString","coordinates":[[-73.9722887,40.7916057],[-73.9721917,40.7915639],[-73.972099,40.7915235]]},"properties":{"kind":"sidewalk","major":false}},{"type":"Feature","geometry":{"type":"LineString","coordinates":[[-73.9716714,40.7920427],[-73.9716858,40.7920216],[-73.9720615,40.7915049],[-73.9720816,40.7914955]]},"properties":{"kind":"sidewalk","major":false}},{"type":"Feature","geometry":{"type":"LineString","coordinates":[[-73.9734548,40.7920906],[-73.9734227,40.7920759],[-73.9723204,40.7916204],[-73.9722887,40.7916057]]},"properties":{"kind":"sidewalk","major":false}},{"type":"Feature","geometry":{"type":"LineString","coordinates":[[-73.9716188,40.7921114],[-73.9716087,40.7921248],[-73.9712348,40.7926494],[-73.9712178,40.7926831]]},"properties":{"kind":"sidewalk","major":false}},{"type":"Feature","geometry":{"type":"LineString","coordinates":[[-73.9716396,40.7921463],[-73.971733,40.792187],[-73.9718355,40.7922318]]},"properties":{"kind":"sidewalk","major":false}},{"type":"Feature","geometry":{"type":"LineString","coordinates":[[-73.9714793,40.7927817],[-73.9714944,40.7927616],[-73.9716199,40.7925763],[-73.9718626,40.7922402],[-73.9718756,40.7922227]]},"properties":{"kind":"sidewalk","major":false}},{"type":"Feature","geometry":{"type":"LineString","coordinates":[[-73.9713822,40.7928608],[-73.9714131,40.7928702],[-73.9725052,40.793328],[-73.9725405,40.7933488]]},"properties":{"kind":"sidewalk","major":false}},{"type":"Feature","geometry":{"type":"LineString","coordinates":[[-73.9711833,40.7927673],[-73.9712873,40.7928123],[-73.9713822,40.7928608]]},"properties":{"kind":"sidewalk","major":false}},{"type":"Feature","geometry":{"type":"LineString","coordinates":[[-73.9710134,40.7934052],[-73.9710286,40.7933837],[-73.9714131,40.7928702],[-73.9714184,40.7928564]]},"properties":{"kind":"sidewalk","major":false}},{"type":"Feature","geometry":{"type":"LineString","coordinates":[[-73.9711833,40.7927673],[-73.9711454,40.7927605],[-73.96970332823493,40.79214966708612]]},"properties":{"kind":"sidewalk","major":false}},{"type":"Feature","geometry":{"type":"LineString","coordinates":[[-73.9720531,40.7939672],[-73.9720257,40.7939555],[-73.9709494,40.7934964],[-73.9709211,40.7934843]]},"properties":{"kind":"sidewalk","major":false}},{"type":"Feature","geometry":{"type":"LineString","coordinates":[[-73.9710006,40.7933718],[-73.9709059,40.7933332],[-73.9708079,40.7932934]]},"properties":{"kind":"sidewalk","major":false}},{"type":"Feature","geometry":{"type":"LineString","coordinates":[[-73.9725148,40.793315],[-73.9725052,40.793328],[-73.9721218,40.7938474],[-73.9721067,40.7938649]]},"properties":{"kind":"sidewalk","major":false}},{"type":"Feature","geometry":{"type":"LineString","coordinates":[[-73.9725148,40.793315],[-73.9725439,40.7932758],[-73.9725704,40.7932401]]},"properties":{"kind":"sidewalk","major":false}},{"type":"Feature","geometry":{"type":"LineString","coordinates":[[-73.9721635,40.7940126],[-73.9721128,40.7939917],[-73.9720531,40.7939672]]},"properties":{"kind":"sidewalk","major":false}},{"type":"Feature","geometry":{"type":"LineString","coordinates":[[-73.9723282,40.7940803],[-73.9723064,40.7940713],[-73.9722411,40.7940445],[-73.9721807,40.7940196],[-73.9721635,40.7940126]]},"properties":{"kind":"sidewalk","major":false}},{"type":"Feature","geometry":{"type":"LineString","coordinates":[[-73.9723952,40.7939606],[-73.972381,40.7939548],[-73.9722603,40.7939049],[-73.9722512,40.7939011]]},"properties":{"kind":"sidewalk","major":false}},{"type":"Feature","geometry":{"type":"LineString","coordinates":[[-73.9722493,40.7939236],[-73.9722249,40.7939585],[-73.9721956,40.7940005]]},"properties":{"kind":"sidewalk","major":false}},{"type":"Feature","geometry":{"type":"LineString","coordinates":[[-73.9723693,40.793973],[-73.9723461,40.7940091],[-73.972316,40.7940561]]},"properties":{"kind":"sidewalk","major":false}},{"type":"Feature","geometry":{"type":"LineString","coordinates":[[-73.9721067,40.7938649],[-73.9720779,40.7938972],[-73.9720417,40.7939378]]},"properties":{"kind":"sidewalk","major":false}},{"type":"Feature","geometry":{"type":"LineString","coordinates":[[-73.9724706,40.794118],[-73.9725003,40.7940744],[-73.9725228,40.7940415]]},"properties":{"kind":"sidewalk","major":false}},{"type":"Feature","geometry":{"type":"LineString","coordinates":[[-73.972441,40.7941266],[-73.9723555,40.7940914],[-73.9723282,40.7940803]]},"properties":{"kind":"sidewalk","major":false}},{"type":"Feature","geometry":{"type":"LineString","coordinates":[[-73.9720417,40.7939378],[-73.9720257,40.7939555],[-73.9716366,40.7944862],[-73.971614,40.7945171]]},"properties":{"kind":"sidewalk","major":false}},{"type":"Feature","geometry":{"type":"LineString","coordinates":[[-73.9724706,40.794118],[-73.9724588,40.7941342],[-73.972071,40.7946651],[-73.972046,40.7946981]]},"properties":{"kind":"sidewalk","major":false}},{"type":"Feature","geometry":{"type":"LineString","coordinates":[[-73.9709211,40.7934843],[-73.9708242,40.7934461],[-73.9707232,40.7934084]]},"properties":{"kind":"sidewalk","major":false}},{"type":"Feature","geometry":{"type":"LineString","coordinates":[[-73.9725035,40.7940054],[-73.972436,40.7939775],[-73.9723952,40.7939606]]},"properties":{"kind":"sidewalk","major":false}},{"type":"Feature","geometry":{"type":"LineString","coordinates":[[-73.9687191748628,40.793497583410016],[-73.9701806,40.7941073],[-73.9702051,40.7941165]]},"properties":{"kind":"sidewalk","major":false}},{"type":"Feature","geometry":{"type":"LineString","coordinates":[[-73.96886032626912,40.79330425959472],[-73.9703084,40.7939148],[-73.9703368,40.7939264]]},"properties":{"kind":"sidewalk","major":false}},{"type":"Feature","geometry":{"type":"LineString","coordinates":[[-73.9711246,40.7952178],[-73.9710972,40.7952545],[-73.9710685,40.795293]]},"properties":{"kind":"sidewalk","major":false}},{"type":"Feature","geometry":{"type":"LineString","coordinates":[[-73.9715236,40.7953806],[-73.9714961,40.7954221],[-73.9714665,40.7954668]]},"properties":{"kind":"sidewalk","major":false}},{"type":"Feature","geometry":{"type":"LineString","coordinates":[[-73.9705404,40.7940145],[-73.9705616,40.794024],[-73.9716366,40.7944862],[-73.9716657,40.7944987]]},"properties":{"kind":"sidewalk","major":false}},{"type":"Feature","geometry":{"type":"LineString","coordinates":[[-73.9703368,40.7939264],[-73.9704367,40.7939696],[-73.9705404,40.7940145]]},"properties":{"kind":"sidewalk","major":false}},{"type":"Feature","geometry":{"type":"LineString","coordinates":[[-73.9698245,40.7946384],[-73.9697906,40.7946247],[-73.9683436021611,40.7940119753633]]},"properties":{"kind":"sidewalk","major":false}},{"type":"Feature","geometry":{"type":"LineString","coordinates":[[-73.9700097,40.794724],[-73.9699146,40.7946798],[-73.9698245,40.7946384]]},"properties":{"kind":"sidewalk","major":false}},{"type":"Feature","geometry":{"type":"LineString","coordinates":[[-73.9697762,40.794642],[-73.9697906,40.7946247],[-73.9701806,40.7941073],[-73.9701917,40.7940859]]},"properties":{"kind":"sidewalk","major":false}},{"type":"Feature","geometry":{"type":"LineString","coordinates":[[-73.9697084,40.794741],[-73.969746,40.7946835],[-73.9697762,40.794642]]},"properties":{"kind":"sidewalk","major":false}},{"type":"Feature","geometry":{"type":"LineString","coordinates":[[-73.9704448,40.7941848],[-73.9704315,40.7942037],[-73.9700403,40.7947386],[-73.9700273,40.7947557]]},"properties":{"kind":"sidewalk","major":false}},{"type":"Feature","geometry":{"type":"LineString","coordinates":[[-73.9700273,40.7947557],[-73.9700044,40.7947895],[-73.969977,40.7948333]]},"properties":{"kind":"sidewalk","major":false}},{"type":"Feature","geometry":{"type":"LineString","coordinates":[[-73.9704052,40.7941919],[-73.9704315,40.7942037],[-73.9711602,40.7945131],[-73.9715145,40.7946636],[-73.9715527,40.7946798]]},"properties":{"kind":"sidewalk","major":false}},{"type":"Feature","geometry":{"type":"LineString","coordinates":[[-73.9702051,40.7941165],[-73.9703031,40.7941535],[-73.9704052,40.7941919]]},"properties":{"kind":"sidewalk","major":false}},{"type":"Feature","geometry":{"type":"LineString","coordinates":[[-73.9705469,40.7940438],[-73.9704934,40.7941176],[-73.9704448,40.7941848]]},"properties":{"kind":"sidewalk","major":false}},{"type":"Feature","geometry":{"type":"LineString","coordinates":[[-73.970292,40.7939373],[-73.970242,40.7940114],[-73.9701917,40.7940859]]},"properties":{"kind":"sidewalk","major":false}},{"type":"Feature","geometry":{"type":"LineString","coordinates":[[-73.9719009,40.7948345],[-73.9719236,40.794844],[-73.9730045,40.7953093],[-73.9730422,40.7953166]]},"properties":{"kind":"sidewalk","major":false}},{"type":"Feature","geometry":{"type":"LineString","coordinates":[[-73.9715527,40.7946798],[-73.9716021,40.7947018],[-73.9716617,40.7947282]]},"properties":{"kind":"sidewalk","major":false}},{"type":"Feature","geometry":{"type":"LineString","coordinates":[[-73.9716657,40.7944987],[-73.9717277,40.7945265],[-73.9718042,40.7945608]]},"properties":{"kind":"sidewalk","major":false}},{"type":"Feature","geometry":{"type":"LineString","coordinates":[[-73.9720466,40.7946615],[-73.972071,40.7946651],[-73.9731513,40.7951019],[-73.9731872,40.7951182]]},"properties":{"kind":"sidewalk","major":false}},{"type":"Feature","geometry":{"type":"LineString","coordinates":[[-73.9719351,40.7946195],[-73.9719625,40.7946318],[-73.9720466,40.7946615]]},"properties":{"kind":"sidewalk","major":false}},{"type":"Feature","geometry":{"type":"LineString","coordinates":[[-73.9718042,40.7945608],[-73.9718567,40.7945844],[-73.9719351,40.7946195]]},"properties":{"kind":"sidewalk","major":false}},{"type":"Feature","geometry":{"type":"LineString","coordinates":[[-73.9718023,40.7947907],[-73.9718287,40.7948024],[-73.9719009,40.7948345]]},"properties":{"kind":"sidewalk","major":false}},{"type":"Feature","geometry":{"type":"LineString","coordinates":[[-73.9716617,40.7947282],[-73.971735,40.7947608],[-73.9718023,40.7947907]]},"properties":{"kind":"sidewalk","major":false}},{"type":"Feature","geometry":{"type":"LineString","coordinates":[[-73.9718359,40.7946147],[-73.9717969,40.7946714],[-73.9717495,40.7947402]]},"properties":{"kind":"sidewalk","major":false}},{"type":"Feature","geometry":{"type":"LineString","coordinates":[[-73.9731284,40.7951343],[-73.9730811,40.7952011],[-73.9730242,40.7952815]]},"properties":{"kind":"sidewalk","major":false}},{"type":"Feature","geometry":{"type":"LineString","coordinates":[[-73.9730422,40.7953166],[-73.9731413,40.7953572],[-73.9732429,40.7953988]]},"properties":{"kind":"sidewalk","major":false}},{"type":"Feature","geometry":{"type":"LineString","coordinates":[[-73.9733772,40.7952032],[-73.9734103,40.7952177],[-73.9741098,40.7955195],[-73.9752736,40.7960216]]},"properties":{"kind":"sidewalk","major":false}},{"type":"Feature","geometry":{"type":"LineString","coordinates":[[-73.9731872,40.7951182],[-73.9732863,40.7951625],[-73.9733772,40.7952032]]},"properties":{"kind":"sidewalk","major":false}},{"type":"Feature","geometry":{"type":"LineString","coordinates":[[-73.971614,40.7945171],[-73.9715742,40.794576],[-73.9715283,40.7946431]]},"properties":{"kind":"sidewalk","major":false}},{"type":"Feature","geometry":{"type":"LineString","coordinates":[[-73.972046,40.7946981],[-73.9719954,40.7947551],[-73.9719409,40.7948236]]},"properties":{"kind":"sidewalk","major":false}},{"type":"Feature","geometry":{"type":"LineString","coordinates":[[-73.9730242,40.7952815],[-73.9730045,40.7953093],[-73.9726375,40.7958279],[-73.9726249,40.7958457]]},"properties":{"kind":"sidewalk","major":false}},{"type":"Feature","geometry":{"type":"LineString","coordinates":[[-73.9733907,40.7952448],[-73.9733435,40.7953101],[-73.9732869,40.7953883]]},"properties":{"kind":"sidewalk","major":false}},{"type":"Feature","geometry":{"type":"LineString","coordinates":[[-73.9856448,40.7728745],[-73.9856158,40.7728682]]},"properties":{"kind":"sidewalk","major":false}},{"type":"Feature","geometry":{"type":"LineString","coordinates":[[-73.9884883,40.7715334],[-73.988504,40.7715128],[-73.9885804,40.771333],[-73.9885913,40.7713105],[-73.9886087,40.7712861],[-73.9886246,40.7712674],[-73.9886494,40.7712486],[-73.9886795,40.7712298],[-73.9887025,40.7712144],[-73.9887343,40.7711957],[-73.9887653,40.7711581],[-73.988791,40.7711193],[-73.9888051,40.7710851],[-73.9888075,40.7710596],[-73.988803,40.7710195],[-73.9888151,40.7710027]]},"properties":{"kind":"foot","name":"","bridge":false,"len":55,"major":false}},{"type":"Feature","geometry":{"type":"LineString","coordinates":[[-73.9768421,40.7876215],[-73.9768282,40.7876372],[-73.9763932,40.7881415],[-73.9763684,40.7881685]]},"properties":{"kind":"sidewalk","major":false}},{"type":"Feature","geometry":{"type":"LineString","coordinates":[[-73.9772187,40.7878031],[-73.9767865,40.7883144],[-73.9767646,40.7883402]]},"properties":{"kind":"sidewalk","major":false}},{"type":"Feature","geometry":{"type":"LineString","coordinates":[[-73.977275,40.7876829],[-73.977211,40.7876542],[-73.9770407,40.7875779],[-73.9769665,40.7875447]]},"properties":{"kind":"sidewalk","major":false}},{"type":"Feature","geometry":{"type":"LineString","coordinates":[[-73.9757859,40.7888555],[-73.9758028,40.7888356],[-73.9762312,40.7883305],[-73.9762495,40.788309]]},"properties":{"kind":"sidewalk","major":false}},{"type":"Feature","geometry":{"type":"LineString","coordinates":[[-73.9761708,40.789015],[-73.9761901,40.7889938],[-73.9766279,40.7885067],[-73.9766539,40.7884777]]},"properties":{"kind":"sidewalk","major":false}},{"type":"Feature","geometry":{"type":"LineString","coordinates":[[-73.9766539,40.7884777],[-73.9767104,40.7884067],[-73.9767646,40.7883402]]},"properties":{"kind":"sidewalk","major":false}},{"type":"Feature","geometry":{"type":"LineString","coordinates":[[-73.9757111,40.7896412],[-73.9757259,40.7896211],[-73.9761032,40.7891084],[-73.9761193,40.7890866]]},"properties":{"kind":"sidewalk","major":false}},{"type":"Feature","geometry":{"type":"LineString","coordinates":[[-73.9757399,40.7889589],[-73.9758341,40.7889976],[-73.9760068,40.7890686],[-73.9760656,40.7890928]]},"properties":{"kind":"sidewalk","major":false}},{"type":"Feature","geometry":{"type":"LineString","coordinates":[[-73.9753656,40.7894692],[-73.9753345,40.7894563],[-73.9742337,40.7889951],[-73.9742063,40.7889834]]},"properties":{"kind":"sidewalk","major":false}},{"type":"Feature","geometry":{"type":"LineString","coordinates":[[-73.9735161,40.7895355],[-73.9735251,40.7895228],[-73.9738919,40.7890014]]},"properties":{"kind":"sidewalk","major":false}},{"type":"Feature","geometry":{"type":"LineString","coordinates":[[-73.9739217,40.7890125],[-73.9740127,40.7890509],[-73.9740562,40.789069]]},"properties":{"kind":"sidewalk","major":false}},{"type":"Feature","geometry":{"type":"LineString","coordinates":[[-73.9752698,40.7902485],[-73.9756445,40.7897379],[-73.9756598,40.789717]]},"properties":{"kind":"sidewalk","major":false}},{"type":"Feature","geometry":{"type":"LineString","coordinates":[[-73.9752778,40.789582],[-73.975372,40.7896221],[-73.9755427,40.7896948],[-73.975605,40.7897209]]},"properties":{"kind":"sidewalk","major":false}},{"type":"Feature","geometry":{"type":"LineString","coordinates":[[-73.9730481,40.7901613],[-73.9730609,40.7901437],[-73.9734437,40.7896306],[-73.9734611,40.7896099]]},"properties":{"kind":"sidewalk","major":false}},{"type":"Feature","geometry":{"type":"LineString","coordinates":[[-73.9752778,40.789582],[-73.9752467,40.789569],[-73.9741533,40.7891095],[-73.9737782,40.7896226],[-73.9737631,40.7896398]]},"properties":{"kind":"sidewalk","major":false}},{"type":"Feature","geometry":{"type":"LineString","coordinates":[[-73.9736645,40.7897235],[-73.9736983,40.7897344],[-73.9748013,40.7901894],[-73.9748181,40.7901971]]},"properties":{"kind":"sidewalk","major":false}},{"type":"Feature","geometry":{"type":"LineString","coordinates":[[-73.9734694,40.7896398],[-73.9735558,40.7896769],[-73.9736645,40.7897235]]},"properties":{"kind":"sidewalk","major":false}},{"type":"Feature","geometry":{"type":"LineString","coordinates":[[-73.9751991,40.7903444],[-73.9751843,40.7903644],[-73.9748161,40.7908815],[-73.9748023,40.7909013]]},"properties":{"kind":"sidewalk","major":false}},{"type":"Feature","geometry":{"type":"LineString","coordinates":[[-73.9748181,40.7901971],[-73.9749142,40.7902408],[-73.9750853,40.7903192],[-73.9751484,40.790348]]},"properties":{"kind":"sidewalk","major":false}},{"type":"Feature","geometry":{"type":"LineString","coordinates":[[-73.9732899,40.7902349],[-73.973314,40.7902478],[-73.9744188,40.7907141],[-73.974449,40.7907268]]},"properties":{"kind":"sidewalk","major":false}},{"type":"Feature","geometry":{"type":"LineString","coordinates":[[-73.9725906,40.7907889],[-73.9726106,40.7907639],[-73.972977,40.7902587],[-73.972996,40.790232]]},"properties":{"kind":"sidewalk","major":false}},{"type":"Feature","geometry":{"type":"LineString","coordinates":[[-73.973009,40.7902713],[-73.9730963,40.7903067],[-73.9732012,40.7903497]]},"properties":{"kind":"sidewalk","major":false}},{"type":"Feature","geometry":{"type":"LineString","coordinates":[[-73.9743368,40.7915215],[-73.9743505,40.7915031],[-73.974733,40.7909899],[-73.9747479,40.7909697]]},"properties":{"kind":"sidewalk","major":false}},{"type":"Feature","geometry":{"type":"LineString","coordinates":[[-73.974449,40.7907268],[-73.9745295,40.7907607],[-73.9747078,40.7908357],[-73.9747728,40.790863]]},"properties":{"kind":"sidewalk","major":false}},{"type":"Feature","geometry":{"type":"LineString","coordinates":[[-73.9807039,40.7832171],[-73.9807157,40.7831928],[-73.9809888,40.7826297],[-73.981,40.7826067]]},"properties":{"kind":"sidewalk","major":false}},{"type":"Feature","geometry":{"type":"LineString","coordinates":[[-73.980604,40.782443],[-73.9805919,40.782468],[-73.9803106,40.7830267],[-73.9803049,40.7830514]]},"properties":{"kind":"sidewalk","major":false}},{"type":"Feature","geometry":{"type":"LineString","coordinates":[[-73.98101,40.7824896],[-73.9809447,40.7824616],[-73.9807525,40.782379],[-73.9806692,40.7823433]]},"properties":{"kind":"sidewalk","major":false}},{"type":"Feature","geometry":{"type":"LineString","coordinates":[[-73.9802387,40.7838682],[-73.9802602,40.7838388],[-73.9806521,40.7833163],[-73.9806682,40.7832964]]},"properties":{"kind":"sidewalk","major":false}},{"type":"Feature","geometry":{"type":"LineString","coordinates":[[-73.9802652,40.7831331],[-73.9802531,40.7831492],[-73.9798617,40.7836717],[-73.9798422,40.7836983]]},"properties":{"kind":"sidewalk","major":false}},{"type":"Feature","geometry":{"type":"LineString","coordinates":[[-73.9802818,40.7831614],[-73.9803514,40.7831913],[-73.9805379,40.7832716],[-73.9806139,40.7833023]]},"properties":{"kind":"sidewalk","major":false}},{"type":"Feature","geometry":{"type":"LineString","coordinates":[[-73.979307,40.7844138],[-73.9793246,40.7843904],[-73.9797174,40.7838688],[-73.9797377,40.7838413]]},"properties":{"kind":"sidewalk","major":false}},{"type":"Feature","geometry":{"type":"LineString","coordinates":[[-73.9802109,40.7840758],[-73.9801159,40.784036],[-73.9800737,40.7840183]]},"properties":{"kind":"sidewalk","major":false}},{"type":"Feature","geometry":{"type":"LineString","coordinates":[[-73.9797033,40.7845845],[-73.9797192,40.784563],[-73.9800567,40.7841063],[-73.9802109,40.7840758],[-73.980965,40.7843931],[-73.9810144,40.7844153]]},"properties":{"kind":"sidewalk","major":false}},{"type":"Feature","geometry":{"type":"LineString","coordinates":[[-73.9802205,40.7838222],[-73.9801555,40.7837949],[-73.9799552,40.7837109],[-73.9798991,40.7836874]]},"properties":{"kind":"sidewalk","major":false}},{"type":"Feature","geometry":{"type":"LineString","coordinates":[[-73.9788338,40.7850471],[-73.9788527,40.7850221],[-73.9792329,40.7845064],[-73.9792498,40.7844834]]},"properties":{"kind":"sidewalk","major":false}},{"type":"Feature","geometry":{"type":"LineString","coordinates":[[-73.9792353,40.7852162],[-73.9792582,40.7851834],[-73.9796351,40.7846783],[-73.9796533,40.7846538]]},"properties":{"kind":"sidewalk","major":false}},{"type":"Feature","geometry":{"type":"LineString","coordinates":[[-73.979276,40.7845245],[-73.9793345,40.7845497],[-73.9795342,40.7846357],[-73.9795801,40.7846554]]},"properties":{"kind":"sidewalk","major":false}},{"type":"Feature","geometry":{"type":"LineString","coordinates":[[-73.978764,40.7858449],[-73.9787789,40.7858251],[-73.9791647,40.7853058],[-73.9791815,40.7852832]]},"properties":{"kind":"sidewalk","major":false}},{"type":"Feature","geometry":{"type":"LineString","coordinates":[[-73.9787802,40.785115],[-73.9787632,40.7851384],[-73.9783869,40.7856562],[-73.9783715,40.7856766]]},"properties":{"kind":"sidewalk","major":false}},{"type":"Feature","geometry":{"type":"LineString","coordinates":[[-73.9789911,40.7852335],[-73.9790719,40.7852671],[-73.9791298,40.7852911]]},"properties":{"kind":"sidewalk","major":false}},{"type":"Feature","geometry":{"type":"LineString","coordinates":[[-73.9778974,40.7863065],[-73.9779087,40.7862898],[-73.9782997,40.7857722],[-73.9783169,40.7857493]]},"properties":{"kind":"sidewalk","major":false}},{"type":"Feature","geometry":{"type":"LineString","coordinates":[[-73.9787504,40.7858128],[-73.9786777,40.7857815],[-73.9786108,40.7857527]]},"properties":{"kind":"sidewalk","major":false}},{"type":"Feature","geometry":{"type":"LineString","coordinates":[[-73.9773607,40.7870184],[-73.9773507,40.7870318],[-73.976924,40.7875253],[-73.9769023,40.7875543]]},"properties":{"kind":"sidewalk","major":false}},{"type":"Feature","geometry":{"type":"LineString","coordinates":[[-73.9820809,40.777827],[-73.982146,40.7778496],[-73.9821846,40.7778631],[-73.9822594,40.7778891]]},"properties":{"kind":"sidewalk","major":false}},{"type":"Feature","geometry":{"type":"LineString","coordinates":[[-73.9817354,40.7803268],[-73.9817377,40.7803183],[-73.9819083,40.7797016],[-73.9819144,40.7796793]]},"properties":{"kind":"sidewalk","major":false}},{"type":"Feature","geometry":{"type":"LineString","coordinates":[[-73.981509,40.7795122],[-73.981504,40.7795299],[-73.9813426,40.7801357],[-73.9813377,40.7801553]]},"properties":{"kind":"sidewalk","major":false}},{"type":"Feature","geometry":{"type":"LineString","coordinates":[[-73.981529,40.7810755],[-73.9815351,40.7810533],[-73.981713,40.780443],[-73.9817155,40.780421]]},"properties":{"kind":"sidewalk","major":false}},{"type":"Feature","geometry":{"type":"LineString","coordinates":[[-73.9811237,40.7808957],[-73.9811281,40.7808809],[-73.9813073,40.7802764],[-73.9813136,40.7802512]]},"properties":{"kind":"sidewalk","major":false}},{"type":"Feature","geometry":{"type":"LineString","coordinates":[[-73.9815079,40.7802117],[-73.9814398,40.7801804],[-73.981366,40.7801464]]},"properties":{"kind":"sidewalk","major":false}},{"type":"Feature","geometry":{"type":"LineString","coordinates":[[-73.9782128,40.7882206],[-73.9781878,40.7882097],[-73.9772187,40.7878031]]},"properties":{"kind":"sidewalk","major":false}},{"type":"Feature","geometry":{"type":"LineString","coordinates":[[-73.978909,40.7876632],[-73.9788943,40.7876845],[-73.9785226,40.7882043],[-73.9785108,40.7882214]]},"properties":{"kind":"sidewalk","major":false}},{"type":"Feature","geometry":{"type":"LineString","coordinates":[[-73.97937,40.7870462],[-73.978981,40.7875713],[-73.9789683,40.7875884]]},"properties":{"kind":"sidewalk","major":false}},{"type":"Feature","geometry":{"type":"LineString","coordinates":[[-73.9794539,40.7869335],[-73.9798285,40.7864078],[-73.9798381,40.7863946]]},"properties":{"kind":"sidewalk","major":false}},{"type":"Feature","geometry":{"type":"LineString","coordinates":[[-73.9786929,40.7859355],[-73.9795758,40.7863028],[-73.9796001,40.7863123]]},"properties":{"kind":"sidewalk","major":false}},{"type":"Feature","geometry":{"type":"LineString","coordinates":[[-73.9791909,40.7868232],[-73.9783067,40.7864454],[-73.9782743,40.7864327]]},"properties":{"kind":"sidewalk","major":false}},{"type":"Feature","geometry":{"type":"LineString","coordinates":[[-73.9787624,40.7874776],[-73.9787334,40.7874653],[-73.9778268,40.7870812],[-73.9778055,40.7870722]]},"properties":{"kind":"sidewalk","major":false}},{"type":"Feature","geometry":{"type":"LineString","coordinates":[[-73.9784949,40.7881931],[-73.9784,40.7881546],[-73.9782862,40.7881084]]},"properties":{"kind":"sidewalk","major":false}},{"type":"Feature","geometry":{"type":"LineString","coordinates":[[-73.978722,40.7874809],[-73.9786949,40.7875161],[-73.9786604,40.7875611]]},"properties":{"kind":"sidewalk","major":false}},{"type":"Feature","geometry":{"type":"LineString","coordinates":[[-73.9794188,40.7869162],[-73.9793262,40.7868819],[-73.9792229,40.7868399]]},"properties":{"kind":"sidewalk","major":false}},{"type":"Feature","geometry":{"type":"LineString","coordinates":[[-73.9809952,40.7843529],[-73.980965,40.7843931],[-73.9805838,40.7849284],[-73.9805731,40.7849433]]},"properties":{"kind":"sidewalk","major":false}},{"type":"Feature","geometry":{"type":"LineString","coordinates":[[-73.9808235,40.7850538],[-73.9808367,40.7850356],[-73.9812223,40.7845006],[-73.9812378,40.7844815]]},"properties":{"kind":"sidewalk","major":false}},{"type":"Feature","geometry":{"type":"LineString","coordinates":[[-73.9803663,40.7856795],[-73.9803767,40.785665],[-73.9807581,40.7851436],[-73.9807715,40.7851254]]},"properties":{"kind":"sidewalk","major":false}},{"type":"Feature","geometry":{"type":"LineString","coordinates":[[-73.9803026,40.7857661],[-73.9802921,40.7857809],[-73.9799064,40.7862993],[-73.9798922,40.7863203]]},"properties":{"kind":"sidewalk","major":false}},{"type":"Feature","geometry":{"type":"LineString","coordinates":[[-73.9791298,40.7852911],[-73.9791647,40.7853058],[-73.980036,40.785673],[-73.9800654,40.7856865]]},"properties":{"kind":"sidewalk","major":false}},{"type":"Feature","geometry":{"type":"LineString","coordinates":[[-73.9792174,40.7851663],[-73.9792582,40.7851834],[-73.9801221,40.7855562],[-73.9801529,40.785569]]},"properties":{"kind":"sidewalk","major":false}},{"type":"Feature","geometry":{"type":"LineString","coordinates":[[-73.9796001,40.7863123],[-73.979707,40.7863577],[-73.9798077,40.7863996]]},"properties":{"kind":"sidewalk","major":false}},{"type":"Feature","geometry":{"type":"LineString","coordinates":[[-73.9800654,40.7856865],[-73.9801689,40.7857292],[-73.9802689,40.7857711]]},"properties":{"kind":"sidewalk","major":false}},{"type":"Feature","geometry":{"type":"LineString","coordinates":[[-73.9805322,40.7850486],[-73.9806326,40.7850908],[-73.9807369,40.7851347]]},"properties":{"kind":"sidewalk","major":false}},{"type":"Feature","geometry":{"type":"LineString","coordinates":[[-73.9811351,40.784218],[-73.9811012,40.7842035],[-73.9802602,40.7838388],[-73.9802205,40.7838222]]},"properties":{"kind":"sidewalk","major":false}},{"type":"Feature","geometry":{"type":"LineString","coordinates":[[-73.9812802,40.781803],[-73.9812882,40.7817807],[-73.9815012,40.7811851],[-73.9815091,40.7811619]]},"properties":{"kind":"sidewalk","major":false}},{"type":"Feature","geometry":{"type":"LineString","coordinates":[[-73.9808885,40.78163],[-73.9808952,40.7816096],[-73.9810898,40.7810162],[-73.9810971,40.7809961]]},"properties":{"kind":"sidewalk","major":false}},{"type":"Feature","geometry":{"type":"LineString","coordinates":[[-73.9813371,40.781118],[-73.9813988,40.7811432],[-73.9814678,40.7811713]]},"properties":{"kind":"sidewalk","major":false}},{"type":"Feature","geometry":{"type":"LineString","coordinates":[[-73.9810378,40.7825244],[-73.9810454,40.7825036],[-73.9812513,40.7819102],[-73.9812583,40.7818896]]},"properties":{"kind":"sidewalk","major":false}},{"type":"Feature","geometry":{"type":"LineString","coordinates":[[-73.9806319,40.7823532],[-73.9806395,40.7823309],[-73.9808407,40.7817432],[-73.9808516,40.7817115]]},"properties":{"kind":"sidewalk","major":false}},{"type":"Feature","geometry":{"type":"LineString","coordinates":[[-73.9808714,40.7817566],[-73.980956,40.7817907],[-73.981153,40.7818702],[-73.9812194,40.781897]]},"properties":{"kind":"sidewalk","major":false}},{"type":"Feature","geometry":{"type":"LineString","coordinates":[[-73.9505842,40.8291434],[-73.9504909,40.8290995],[-73.9505403,40.828984],[-73.9505916,40.8289402],[-73.9506839,40.8289227],[-73.9507437,40.8289346]]},"properties":{"kind":"foot","name":"","bridge":false,"len":38,"major":false}},{"type":"Feature","geometry":{"type":"LineString","coordinates":[[-73.9514849,40.8292786],[-73.9514177,40.8293838],[-73.9515404,40.8294319]]},"properties":{"kind":"foot","name":"","bridge":false,"len":22,"major":false}},{"type":"Feature","geometry":{"type":"LineString","coordinates":[[-73.9507749,40.8290757],[-73.9508321,40.8291158]]},"properties":{"kind":"foot","name":"","bridge":false,"len":6,"major":false}},{"type":"Feature","geometry":{"type":"LineString","coordinates":[[-73.9514177,40.8293838],[-73.9513354,40.829443]]},"properties":{"kind":"foot","name":"","bridge":false,"len":9,"major":false}},{"type":"Feature","geometry":{"type":"LineString","coordinates":[[-73.986057,40.7717162],[-73.9860444,40.7717322]]},"properties":{"kind":"foot","name":"","bridge":false,"len":2,"major":false}},{"type":"Feature","geometry":{"type":"LineString","coordinates":[[-73.9580155,40.8164386],[-73.9579917,40.8164674],[-73.95795,40.8165019],[-73.9576237,40.8169529],[-73.9584021,40.8172937],[-73.9587738,40.8174564]]},"properties":{"kind":"sidewalk","major":false}},{"type":"Feature","geometry":{"type":"LineString","coordinates":[[-73.9824251,40.7747348],[-73.98242506585882,40.77472571844451]]},"properties":{"kind":"sidewalk","major":false}},{"type":"Feature","geometry":{"type":"LineString","coordinates":[[-73.9824241,40.7748348],[-73.9824181,40.7748565],[-73.9823944,40.7755074]]},"properties":{"kind":"sidewalk","major":false}},{"type":"Feature","geometry":{"type":"LineString","coordinates":[[-73.9829985,40.7765729],[-73.9829557,40.7765627],[-73.9825952,40.776412],[-73.9823578,40.7763158],[-73.9823929,40.7756638]]},"properties":{"kind":"sidewalk","major":false}},{"type":"Feature","geometry":{"type":"LineString","coordinates":[[-73.9819173,40.7761282],[-73.9819468,40.7754696]]},"properties":{"kind":"sidewalk","major":false}},{"type":"Feature","geometry":{"type":"LineString","coordinates":[[-73.9823576,40.7754936],[-73.9822642,40.7754527],[-73.9822108,40.7754303]]},"properties":{"kind":"sidewalk","major":false}},{"type":"Feature","geometry":{"type":"LineString","coordinates":[[-73.9823237,40.7771481],[-73.9823256,40.7771221],[-73.9823407,40.776966],[-73.9823652,40.7764819],[-73.9828698,40.7766813],[-73.9829075,40.7766964]]},"properties":{"kind":"sidewalk","major":false}},{"type":"Feature","geometry":{"type":"LineString","coordinates":[[-73.9819184,40.7762522],[-73.9819169,40.7762035],[-73.9819154,40.7761546]]},"properties":{"kind":"sidewalk","major":false}},{"type":"Feature","geometry":{"type":"LineString","coordinates":[[-73.9818833,40.7769535],[-73.9818841,40.7769365],[-73.9819165,40.7762851]]},"properties":{"kind":"sidewalk","major":false}},{"type":"Feature","geometry":{"type":"LineString","coordinates":[[-73.9617126,40.8061417],[-73.9616818,40.8061284]]},"properties":{"kind":"sidewalk","major":false}},{"type":"Feature","geometry":{"type":"LineString","coordinates":[[-73.9579831,40.8151718],[-73.9578749,40.8152195],[-73.9577465,40.8152805]]},"properties":{"kind":"sidewalk","major":false}},{"type":"Feature","geometry":{"type":"LineString","coordinates":[[-73.9584834,40.8123709],[-73.9580915,40.8128683]]},"properties":{"kind":"foot","name":"","bridge":false,"len":54,"major":false}},{"type":"Feature","geometry":{"type":"LineString","coordinates":[[-73.9738652,40.7980131],[-73.9738391,40.798017],[-73.9738121,40.7980183],[-73.9737862,40.798016],[-73.9737571,40.7980071],[-73.973735,40.7979969],[-73.9737286,40.7979927],[-73.9737112,40.7979815],[-73.9736914,40.7979606],[-73.9736763,40.7979402],[-73.9736589,40.7979205],[-73.9736397,40.7979034],[-73.9736086,40.7978801],[-73.9735614,40.7978604],[-73.9735078,40.7978493]]},"properties":{"kind":"foot","name":"","bridge":false,"len":35,"major":false}},{"type":"Feature","geometry":{"type":"LineString","coordinates":[[-73.9742296,40.7978932],[-73.9742732,40.7978961],[-73.974363,40.7979016]]},"properties":{"kind":"foot","name":"","bridge":false,"len":11,"major":false}},{"type":"Feature","geometry":{"type":"LineString","coordinates":[[-73.94792551329766,40.821977002015664],[-73.9480271,40.8220193]]},"properties":{"kind":"sidewalk","major":false}},{"type":"Feature","geometry":{"type":"LineString","coordinates":[[-73.9480271,40.8220193],[-73.9484024,40.8214995]]},"properties":{"kind":"sidewalk","major":false}},{"type":"Feature","geometry":{"type":"LineString","coordinates":[[-73.9484024,40.8214995],[-73.94830460652129,40.82145778828448]]},"properties":{"kind":"sidewalk","major":false}},{"type":"Feature","geometry":{"type":"LineString","coordinates":[[-73.9484783,40.8213996],[-73.9489128,40.8208306],[-73.9492872,40.8203012]]},"properties":{"kind":"sidewalk","major":false}},{"type":"Feature","geometry":{"type":"LineString","coordinates":[[-73.9500798,40.8192209],[-73.9501825,40.8190679]]},"properties":{"kind":"sidewalk","major":false}},{"type":"Feature","geometry":{"type":"LineString","coordinates":[[-73.9499415,40.8194002],[-73.9500798,40.8192209]]},"properties":{"kind":"sidewalk","major":false}},{"type":"Feature","geometry":{"type":"LineString","coordinates":[[-73.9507985,40.8184423],[-73.9508851,40.8184793],[-73.9509054,40.8184878],[-73.9517252,40.8188346],[-73.9520286,40.8189562],[-73.9521547,40.8190089]]},"properties":{"kind":"sidewalk","major":false}},{"type":"Feature","geometry":{"type":"LineString","coordinates":[[-73.952074,40.8188937],[-73.9520286,40.8189562],[-73.9516716,40.8194483],[-73.9515617,40.8195999],[-73.9511843,40.8201201],[-73.9507721,40.8206909],[-73.9507061,40.8207793],[-73.9506706,40.8208282],[-73.950295,40.8213459],[-73.9502643,40.8213882],[-73.9502111,40.8214616],[-73.9498319,40.8219608]]},"properties":{"kind":"sidewalk","major":false}},{"type":"Feature","geometry":{"type":"LineString","coordinates":[[-73.9498319,40.8219608],[-73.9492781,40.821737],[-73.9486636,40.8214782]]},"properties":{"kind":"sidewalk","major":false}},{"type":"Feature","geometry":{"type":"LineString","coordinates":[[-73.9484783,40.8213996],[-73.94837919938031,40.82135562439908]]},"properties":{"kind":"sidewalk","major":false}},{"type":"Feature","geometry":{"type":"LineString","coordinates":[[-73.95284790694471,40.815235192316734],[-73.9527959,40.8155801],[-73.9527699,40.81579],[-73.9527525,40.8159303],[-73.9527307,40.8161066],[-73.9526332,40.8165687],[-73.9524759,40.8167839],[-73.9522234,40.8171445],[-73.952195,40.817185],[-73.952147,40.8172546],[-73.9519802,40.8174963],[-73.9516927,40.8178374],[-73.951535,40.8179588],[-73.9508466,40.8183071],[-73.9508361,40.8183124],[-73.9507717,40.8183502]]},"properties":{"kind":"sidewalk","major":false}},{"type":"Feature","geometry":{"type":"LineString","coordinates":[[-73.9488526,40.8212139],[-73.9490854,40.8209035],[-73.9493124,40.8205864]]},"properties":{"kind":"sidewalk","major":false}},{"type":"Feature","geometry":{"type":"LineString","coordinates":[[-73.9502771,40.8192965],[-73.9504184,40.8191059],[-73.9507631,40.8186342],[-73.9508851,40.8184793]]},"properties":{"kind":"sidewalk","major":false}},{"type":"Feature","geometry":{"type":"LineString","coordinates":[[-73.9501374,40.8194849],[-73.9502771,40.8192965]]},"properties":{"kind":"sidewalk","major":false}},{"type":"Feature","geometry":{"type":"LineString","coordinates":[[-73.9859076,40.7716418],[-73.9859023,40.7716484]]},"properties":{"kind":"foot","name":"","bridge":false,"len":1,"major":false}},{"type":"Feature","geometry":{"type":"LineString","coordinates":[[-73.9865323,40.7716595],[-73.9865657,40.7716133],[-73.98659,40.7715797]]},"properties":{"kind":"sidewalk","major":false}},{"type":"Feature","geometry":{"type":"LineString","coordinates":[[-73.9868041,40.7717704],[-73.9868399,40.7717261],[-73.986865,40.7716951]]},"properties":{"kind":"sidewalk","major":false}},{"type":"Feature","geometry":{"type":"LineString","coordinates":[[-73.9948195,40.7715067],[-73.994835,40.771477],[-73.9948517,40.7714393],[-73.9948691,40.7713977],[-73.9948838,40.7713567],[-73.9948987,40.7713035],[-73.9949106,40.7712554],[-73.9949214,40.7712048],[-73.9949294,40.7711601],[-73.9949376,40.7711088],[-73.99495696418916,40.770940886275454]]},"properties":{"kind":"cycle","name":"Hudson River Greenway","bridge":false,"len":1159,"major":true}},{"type":"Feature","geometry":{"type":"LineString","coordinates":[[-73.9494694,40.8200501],[-73.9498331,40.8195547],[-73.9499415,40.8194002]]},"properties":{"kind":"sidewalk","major":false}},{"type":"Feature","geometry":{"type":"LineString","coordinates":[[-73.949535,40.8202975],[-73.9496521,40.8201199],[-73.9501374,40.8194849]]},"properties":{"kind":"sidewalk","major":false}},{"type":"Feature","geometry":{"type":"LineString","coordinates":[[-73.9492872,40.8203012],[-73.9493718,40.8201816]]},"properties":{"kind":"sidewalk","major":false}},{"type":"Feature","geometry":{"type":"LineString","coordinates":[[-73.9493513,40.8206027],[-73.9493124,40.8205864]]},"properties":{"kind":"foot","name":"","bridge":false,"len":4,"major":false}},{"type":"Feature","geometry":{"type":"LineString","coordinates":[[-73.9493124,40.8205864],[-73.949535,40.8202975]]},"properties":{"kind":"sidewalk","major":false}},{"type":"Feature","geometry":{"type":"LineString","coordinates":[[-73.9486636,40.8214782],[-73.9488526,40.8212139]]},"properties":{"kind":"sidewalk","major":false}},{"type":"Feature","geometry":{"type":"LineString","coordinates":[[-73.9489081,40.8212371],[-73.9488526,40.8212139]]},"properties":{"kind":"foot","name":"","bridge":false,"len":5,"major":false}},{"type":"Feature","geometry":{"type":"LineString","coordinates":[[-73.9900567,40.7772106],[-73.990095,40.777152],[-73.9901433,40.7770352],[-73.9901744,40.7769349],[-73.9902134,40.7768523],[-73.9902574,40.7768007],[-73.9903155,40.7767238],[-73.9903536,40.7766658],[-73.9903714,40.7766385],[-73.9904028,40.7765741],[-73.9904189,40.7765566],[-73.9904389,40.7765449],[-73.9904703,40.7765372],[-73.9904975,40.7765353],[-73.990521,40.7765357],[-73.9905453,40.7765301],[-73.9906156,40.7765096],[-73.990658,40.7764875],[-73.9906872,40.7764699],[-73.9907115,40.7764668],[-73.990792,40.7764958]]},"properties":{"kind":"sidewalk","major":false}},{"type":"Feature","geometry":{"type":"LineString","coordinates":[[-73.9893342,40.7776146],[-73.9890724,40.7775051]]},"properties":{"kind":"foot","name":"","bridge":false,"len":24,"major":false}},{"type":"Feature","geometry":{"type":"LineString","coordinates":[[-73.9892,40.7773059],[-73.9891547,40.7772916],[-73.9890936,40.7773803],[-73.9891367,40.7773964]]},"properties":{"kind":"foot","name":"","bridge":false,"len":17,"major":false}},{"type":"Feature","geometry":{"type":"LineString","coordinates":[[-73.9896307,40.7771414],[-73.9895852,40.7771205],[-73.9896048,40.7770604],[-73.9896334,40.7770185],[-73.9896468,40.7769904],[-73.989651,40.7769588],[-73.9896661,40.7769319],[-73.989649,40.7769249],[-73.9894596,40.7768471],[-73.989326,40.7767957],[-73.9892893,40.7767816]]},"properties":{"kind":"foot","name":"","bridge":false,"len":56,"major":false}},{"type":"Feature","geometry":{"type":"LineString","coordinates":[[-73.9895095,40.7771882],[-73.9895896,40.7772085]]},"properties":{"kind":"foot","name":"","bridge":false,"len":7,"major":false}},{"type":"Feature","geometry":{"type":"LineString","coordinates":[[-73.9892591,40.7772136],[-73.9892072,40.7771803],[-73.9892449,40.7771301],[-73.9892628,40.7771274]]},"properties":{"kind":"foot","name":"","bridge":false,"len":12,"major":false}},{"type":"Feature","geometry":{"type":"LineString","coordinates":[[-73.9895263,40.7767227],[-73.9896727,40.7768179]]},"properties":{"kind":"foot","name":"","bridge":false,"len":15,"major":false}},{"type":"Feature","geometry":{"type":"LineString","coordinates":[[-73.9896953,40.7768314],[-73.9897808,40.7768857]]},"properties":{"kind":"foot","name":"","bridge":false,"len":9,"major":false}},{"type":"Feature","geometry":{"type":"LineString","coordinates":[[-73.9897033,40.7769482],[-73.9897448,40.7769644]]},"properties":{"kind":"foot","name":"","bridge":false,"len":4,"major":false}},{"type":"Feature","geometry":{"type":"LineString","coordinates":[[-73.9894265,40.7768966],[-73.9893773,40.7768746],[-73.989327,40.7769492],[-73.9893768,40.7769706]]},"properties":{"kind":"foot","name":"","bridge":false,"len":17,"major":false}},{"type":"Feature","geometry":{"type":"LineString","coordinates":[[-73.9900567,40.7772106],[-73.9900354,40.7772339],[-73.98995,40.7773129],[-73.9899358,40.7773275],[-73.9898622,40.7774019],[-73.9897954,40.7774882],[-73.9896899,40.7776628],[-73.9896858,40.7776707],[-73.989669,40.777703],[-73.9896367,40.7777648],[-73.9895646,40.7778633],[-73.9894738,40.7779724],[-73.9893908,40.7780673],[-73.9893124,40.7781479],[-73.9892482,40.7782072],[-73.9891934,40.7782642],[-73.9891542,40.7783069],[-73.9891088,40.7783686],[-73.989085,40.7784084]]},"properties":{"kind":"foot","name":"","bridge":false,"len":132,"major":false}},{"type":"Feature","geometry":{"type":"LineString","coordinates":[[-73.9897954,40.7774882],[-73.989816,40.7774971]]},"properties":{"kind":"foot","name":"","bridge":false,"len":2,"major":false}},{"type":"Feature","geometry":{"type":"LineString","coordinates":[[-73.9896899,40.7776628],[-73.9897102,40.777668]]},"properties":{"kind":"foot","name":"","bridge":false,"len":2,"major":false}},{"type":"Feature","geometry":{"type":"LineString","coordinates":[[-73.9899358,40.7773275],[-73.9899544,40.7773392]]},"properties":{"kind":"foot","name":"","bridge":false,"len":2,"major":false}},{"type":"Feature","geometry":{"type":"LineString","coordinates":[[-73.989529,40.7771007],[-73.989649,40.7769249]]},"properties":{"kind":"foot","name":"","bridge":false,"len":18,"major":false}},{"type":"Feature","geometry":{"type":"LineString","coordinates":[[-73.989529,40.7771007],[-73.9893398,40.7770187]]},"properties":{"kind":"foot","name":"","bridge":false,"len":18,"major":false}},{"type":"Feature","geometry":{"type":"LineString","coordinates":[[-73.9893398,40.7770187],[-73.9892292,40.7769709],[-73.9891935,40.7769554]]},"properties":{"kind":"foot","name":"","bridge":false,"len":14,"major":false}},{"type":"Feature","geometry":{"type":"LineString","coordinates":[[-73.9893102,40.7776502],[-73.989163,40.7775881],[-73.9890472,40.7775392]]},"properties":{"kind":"foot","name":"","bridge":false,"len":24,"major":false}},{"type":"Feature","geometry":{"type":"LineString","coordinates":[[-73.989163,40.7775881],[-73.9891093,40.7776692]]},"properties":{"kind":"foot","name":"","bridge":false,"len":8,"major":false}},{"type":"Feature","geometry":{"type":"LineString","coordinates":[[-73.9893826,40.7775424],[-73.9891297,40.7774082]]},"properties":{"kind":"foot","name":"","bridge":false,"len":24,"major":false}},{"type":"Feature","geometry":{"type":"LineString","coordinates":[[-73.9503308,40.8231453],[-73.95042,40.8230872],[-73.9504772,40.8230499],[-73.9505562,40.8230837],[-73.9506622,40.8231291],[-73.950603,40.8231639],[-73.9505183,40.8232121],[-73.9504142,40.8231744],[-73.9503308,40.8231453]]},"properties":{"kind":"sidewalk","major":false}},{"type":"Feature","geometry":{"type":"LineString","coordinates":[[-73.9511407,40.8226676],[-73.9512172,40.8226212],[-73.9512875,40.822579],[-73.9513708,40.8226185],[-73.9514509,40.8226571],[-73.9513873,40.8226948],[-73.9513086,40.822742],[-73.9512253,40.822705],[-73.9511407,40.8226676]]},"properties":{"kind":"sidewalk","major":false}},{"type":"Feature","geometry":{"type":"LineString","coordinates":[[-73.9506622,40.8231291],[-73.9513086,40.822742]]},"properties":{"kind":"sidewalk","major":false}},{"type":"Feature","geometry":{"type":"LineString","coordinates":[[-73.9513086,40.822742],[-73.9525191,40.8232472]]},"properties":{"kind":"sidewalk","major":false}},{"type":"Feature","geometry":{"type":"LineString","coordinates":[[-73.9506622,40.8231291],[-73.9521545,40.8237607]]},"properties":{"kind":"sidewalk","major":false}},{"type":"Feature","geometry":{"type":"LineString","coordinates":[[-73.9881548,40.7772599],[-73.9882369,40.7772951],[-73.9883324,40.777336],[-73.9884151,40.7773715],[-73.9887226,40.7775074],[-73.9887475,40.7775184]]},"properties":{"kind":"sidewalk","major":false}},{"type":"Feature","geometry":{"type":"LineString","coordinates":[[-73.9883101,40.7771961],[-73.9882369,40.7772951]]},"properties":{"kind":"foot","name":"","bridge":false,"len":10,"major":false}},{"type":"Feature","geometry":{"type":"LineString","coordinates":[[-73.9884061,40.777234],[-73.9883324,40.777336]]},"properties":{"kind":"foot","name":"","bridge":false,"len":11,"major":false}},{"type":"Feature","geometry":{"type":"LineString","coordinates":[[-73.9599441,40.8068181],[-73.9597647,40.8067376]]},"properties":{"kind":"foot","name":"","bridge":false,"len":17,"major":false}},{"type":"Feature","geometry":{"type":"LineString","coordinates":[[-73.9619089,40.8073103],[-73.961974,40.8072178],[-73.9620382,40.8071255],[-73.962062,40.8070928]]},"properties":{"kind":"foot","name":"","bridge":false,"len":23,"major":false}},{"type":"Feature","geometry":{"type":"LineString","coordinates":[[-73.9621545,40.8069096],[-73.9621393,40.8069305],[-73.9620346,40.8070783],[-73.9620099,40.8071136]]},"properties":{"kind":"foot","name":"","bridge":false,"len":21,"major":false}},{"type":"Feature","geometry":{"type":"LineString","coordinates":[[-73.9637906,40.8064392],[-73.9637287,40.8065241]]},"properties":{"kind":"foot","name":"","bridge":false,"len":9,"major":false}},{"type":"Feature","geometry":{"type":"LineString","coordinates":[[-73.9638374,40.8063746],[-73.9638248,40.8063922],[-73.9638096,40.8064132]]},"properties":{"kind":"foot","name":"","bridge":false,"len":4,"major":false}},{"type":"Feature","geometry":{"type":"LineString","coordinates":[[-73.9613673,40.8111969],[-73.9613396,40.8111856],[-73.9601868,40.8106913],[-73.9592951,40.8103199],[-73.9588197,40.8101262]]},"properties":{"kind":"sidewalk","major":false}},{"type":"Feature","geometry":{"type":"LineString","coordinates":[[-73.9613531,40.8111673],[-73.9613804,40.8111279],[-73.9614045,40.8110947]]},"properties":{"kind":"sidewalk","major":false}},{"type":"Feature","geometry":{"type":"LineString","coordinates":[[-73.9609512,40.8117084],[-73.9609719,40.8116842],[-73.9613396,40.8111856],[-73.9613531,40.8111673]]},"properties":{"kind":"sidewalk","major":false}},{"type":"Feature","geometry":{"type":"LineString","coordinates":[[-73.9615623,40.8112827],[-73.9616351,40.8113137],[-73.9616989,40.8113405]]},"properties":{"kind":"sidewalk","major":false}},{"type":"Feature","geometry":{"type":"LineString","coordinates":[[-73.9614486,40.8110868],[-73.9615299,40.8111139],[-73.9615849,40.8111372]]},"properties":{"kind":"sidewalk","major":false}},{"type":"Feature","geometry":{"type":"LineString","coordinates":[[-73.9613673,40.8111969],[-73.961444,40.8112311],[-73.9614975,40.8112546]]},"properties":{"kind":"sidewalk","major":false}},{"type":"Feature","geometry":{"type":"LineString","coordinates":[[-73.9614975,40.8112546],[-73.9615623,40.8112827]]},"properties":{"kind":"foot","name":"","bridge":false,"len":6,"major":false}},{"type":"Feature","geometry":{"type":"LineString","coordinates":[[-73.9616511,40.8111644],[-73.9617209,40.8111935],[-73.9617868,40.8112209]]},"properties":{"kind":"sidewalk","major":false}},{"type":"Feature","geometry":{"type":"LineString","coordinates":[[-73.9615849,40.8111372],[-73.9616511,40.8111644]]},"properties":{"kind":"foot","name":"","bridge":false,"len":6,"major":false}},{"type":"Feature","geometry":{"type":"LineString","coordinates":[[-73.9619631,40.8106222],[-73.9618956,40.8105956],[-73.9618234,40.8105672]]},"properties":{"kind":"sidewalk","major":false}},{"type":"Feature","geometry":{"type":"LineString","coordinates":[[-73.9621591,40.8106991],[-73.9620924,40.810673],[-73.9620275,40.8106475]]},"properties":{"kind":"sidewalk","major":false}},{"type":"Feature","geometry":{"type":"LineString","coordinates":[[-73.9620275,40.8106475],[-73.9619631,40.8106222]]},"properties":{"kind":"foot","name":"","bridge":false,"len":6,"major":false}},{"type":"Feature","geometry":{"type":"LineString","coordinates":[[-73.9618234,40.8105672],[-73.9617919,40.8105546],[-73.960486,40.8100035],[-73.9592737,40.8094919],[-73.9592378,40.8094804]]},"properties":{"kind":"sidewalk","major":false}},{"type":"Feature","geometry":{"type":"LineString","coordinates":[[-73.9614575,40.8087396],[-73.9614667,40.8087271]]},"properties":{"kind":"foot","name":"","bridge":false,"len":1,"major":false}},{"type":"Feature","geometry":{"type":"LineString","coordinates":[[-73.9635094,40.8104596],[-73.9635475,40.8104742],[-73.964248,40.8107695],[-73.9642779,40.8107839]]},"properties":{"kind":"sidewalk","major":false}},{"type":"Feature","geometry":{"type":"LineString","coordinates":[[-73.9643154,40.8106786],[-73.9642895,40.8107108],[-73.9642617,40.8107484]]},"properties":{"kind":"sidewalk","major":false}},{"type":"Feature","geometry":{"type":"LineString","coordinates":[[-73.9643612,40.8106715],[-73.9644221,40.8107012],[-73.9644523,40.810716]]},"properties":{"kind":"sidewalk","major":false}},{"type":"Feature","geometry":{"type":"LineString","coordinates":[[-73.9644726,40.8107259],[-73.9645014,40.8107399],[-73.9645627,40.8107678]]},"properties":{"kind":"sidewalk","major":false}},{"type":"Feature","geometry":{"type":"LineString","coordinates":[[-73.964492,40.8108606],[-73.9644281,40.810838],[-73.9644006,40.8108285]]},"properties":{"kind":"sidewalk","major":false}},{"type":"Feature","geometry":{"type":"LineString","coordinates":[[-73.9643778,40.8108206],[-73.9643436,40.8108087],[-73.9642779,40.8107839]]},"properties":{"kind":"sidewalk","major":false}},{"type":"Feature","geometry":{"type":"LineString","coordinates":[[-73.9644006,40.8108285],[-73.9643778,40.8108206]]},"properties":{"kind":"sidewalk","major":false}},{"type":"Feature","geometry":{"type":"LineString","coordinates":[[-73.9644726,40.8107259],[-73.9644523,40.810716]]},"properties":{"kind":"sidewalk","major":false}},{"type":"Feature","geometry":{"type":"LineString","coordinates":[[-73.9636112,40.8103815],[-73.9636283,40.8103598],[-73.9645093,40.8091305]]},"properties":{"kind":"sidewalk","major":false}},{"type":"Feature","geometry":{"type":"LineString","coordinates":[[-73.9656433,40.8088503],[-73.965626,40.8088738],[-73.9653015,40.8093374],[-73.9643299,40.8106587],[-73.9643154,40.8106786]]},"properties":{"kind":"sidewalk","major":false}},{"type":"Feature","geometry":{"type":"LineString","coordinates":[[-73.95942,40.8092997],[-73.9600452,40.809567],[-73.9606323,40.8098119],[-73.9606721,40.8098275],[-73.961634,40.810234],[-73.9619344,40.8103621],[-73.9619704,40.8103769]]},"properties":{"kind":"sidewalk","major":false}},{"type":"Feature","geometry":{"type":"LineString","coordinates":[[-73.9600452,40.809567],[-73.960074,40.8095282]]},"properties":{"kind":"foot","name":"","bridge":false,"len":4,"major":false}},{"type":"Feature","geometry":{"type":"LineString","coordinates":[[-73.9606959,40.8097912],[-73.9606721,40.8098275]]},"properties":{"kind":"foot","name":"","bridge":false,"len":4,"major":false}},{"type":"Feature","geometry":{"type":"LineString","coordinates":[[-73.9606959,40.8097912],[-73.9607034,40.8097787]]},"properties":{"kind":"foot","name":"","bridge":false,"len":1,"major":false}},{"type":"Feature","geometry":{"type":"LineString","coordinates":[[-73.9616492,40.8102143],[-73.961634,40.810234]]},"properties":{"kind":"foot","name":"","bridge":false,"len":2,"major":false}},{"type":"Feature","geometry":{"type":"LineString","coordinates":[[-73.9630855,40.8087608],[-73.9627876,40.8091752],[-73.9627042,40.8092913],[-73.9623248,40.809819],[-73.9622472,40.8099269],[-73.9619344,40.8103621],[-73.961913,40.8103927]]},"properties":{"kind":"sidewalk","major":false}},{"type":"Feature","geometry":{"type":"LineString","coordinates":[[-73.9618061,40.8105322],[-73.9617919,40.8105546]]},"properties":{"kind":"sidewalk","major":false}},{"type":"Feature","geometry":{"type":"LineString","coordinates":[[-73.9617919,40.8105546],[-73.9614202,40.8110735],[-73.9614045,40.8110947]]},"properties":{"kind":"sidewalk","major":false}},{"type":"Feature","geometry":{"type":"LineString","coordinates":[[-73.9614486,40.8110868],[-73.9614202,40.8110735],[-73.9589039,40.8100118]]},"properties":{"kind":"sidewalk","major":false}},{"type":"Feature","geometry":{"type":"LineString","coordinates":[[-73.9589039,40.8100118],[-73.9588597,40.8099909]]},"properties":{"kind":"sidewalk","major":false}},{"type":"Feature","geometry":{"type":"LineString","coordinates":[[-73.9618061,40.8105322],[-73.9618636,40.8104569],[-73.961913,40.8103927]]},"properties":{"kind":"sidewalk","major":false}},{"type":"Feature","geometry":{"type":"LineString","coordinates":[[-73.9619704,40.8103769],[-73.9620371,40.8104031],[-73.9621004,40.810428]]},"properties":{"kind":"sidewalk","major":false}},{"type":"Feature","geometry":{"type":"LineString","coordinates":[[-73.9621004,40.810428],[-73.9621702,40.8104555]]},"properties":{"kind":"foot","name":"","bridge":false,"len":6,"major":false}},{"type":"Feature","geometry":{"type":"LineString","coordinates":[[-73.9621702,40.8104555],[-73.9622354,40.8104812],[-73.9622997,40.8105065]]},"properties":{"kind":"sidewalk","major":false}},{"type":"Feature","geometry":{"type":"LineString","coordinates":[[-73.9637833,40.8113883],[-73.9629643,40.8125217],[-73.9629453,40.8125485]]},"properties":{"kind":"sidewalk","major":false}},{"type":"Feature","geometry":{"type":"LineString","coordinates":[[-73.9630935,40.8110999],[-73.9630782,40.811093],[-73.9630731,40.8110906],[-73.9630582,40.8110838]]},"properties":{"kind":"sidewalk","major":false}},{"type":"Feature","geometry":{"type":"LineString","coordinates":[[-73.9630935,40.8110999],[-73.9631162,40.8110728]]},"properties":{"kind":"sidewalk","major":false}},{"type":"Feature","geometry":{"type":"LineString","coordinates":[[-73.9632166,40.81093],[-73.9632377,40.8109035]]},"properties":{"kind":"sidewalk","major":false}},{"type":"Feature","geometry":{"type":"LineString","coordinates":[[-73.9632377,40.8109035],[-73.9632005,40.8108847]]},"properties":{"kind":"sidewalk","major":false}},{"type":"Feature","geometry":{"type":"LineString","coordinates":[[-73.9632005,40.8108847],[-73.9631268,40.8108545],[-73.9630624,40.8108329]]},"properties":{"kind":"sidewalk","major":false}},{"type":"Feature","geometry":{"type":"LineString","coordinates":[[-73.9630174,40.8108437],[-73.9629656,40.8109145],[-73.9629117,40.8109863]]},"properties":{"kind":"sidewalk","major":false}},{"type":"Feature","geometry":{"type":"LineString","coordinates":[[-73.9629226,40.811027],[-73.9629822,40.8110528],[-73.9630582,40.8110838]]},"properties":{"kind":"sidewalk","major":false}},{"type":"Feature","geometry":{"type":"LineString","coordinates":[[-73.9631162,40.8110728],[-73.9631672,40.8110004],[-73.9632166,40.81093]]},"properties":{"kind":"sidewalk","major":false}},{"type":"Feature","geometry":{"type":"LineString","coordinates":[[-73.9629117,40.8109863],[-73.9628907,40.8110132],[-73.9620713,40.8121514],[-73.9620552,40.8121746]]},"properties":{"kind":"sidewalk","major":false}},{"type":"Feature","geometry":{"type":"LineString","coordinates":[[-73.9616989,40.8113405],[-73.9617293,40.811353]]},"properties":{"kind":"sidewalk","major":false}},{"type":"Feature","geometry":{"type":"LineString","coordinates":[[-73.9617868,40.8112209],[-73.9618171,40.811235]]},"properties":{"kind":"sidewalk","major":false}},{"type":"Feature","geometry":{"type":"LineString","coordinates":[[-73.9622083,40.8106907],[-73.9621921,40.8107133],[-73.9618171,40.811235],[-73.9617293,40.811353],[-73.9613678,40.8118483],[-73.9613424,40.8118796]]},"properties":{"kind":"sidewalk","major":false}},{"type":"Feature","geometry":{"type":"LineString","coordinates":[[-73.9622083,40.8106907],[-73.9622604,40.8106233],[-73.9623168,40.8105505]]},"properties":{"kind":"sidewalk","major":false}},{"type":"Feature","geometry":{"type":"LineString","coordinates":[[-73.9630624,40.8108329],[-73.9630332,40.8108231],[-73.9623374,40.8105224],[-73.9622997,40.8105065]]},"properties":{"kind":"sidewalk","major":false}},{"type":"Feature","geometry":{"type":"LineString","coordinates":[[-73.9612389,40.8117946],[-73.9611023,40.8117378]]},"properties":{"kind":"sidewalk","major":false}},{"type":"Feature","geometry":{"type":"LineString","coordinates":[[-73.961267,40.8119729],[-73.9613108,40.8119187],[-73.9613424,40.8118796]]},"properties":{"kind":"sidewalk","major":false}},{"type":"Feature","geometry":{"type":"LineString","coordinates":[[-73.9584499,40.8106178],[-73.9592196,40.8109478],[-73.9604201,40.8114575],[-73.9609719,40.8116842],[-73.9610073,40.8116984]]},"properties":{"kind":"sidewalk","major":false}},{"type":"Feature","geometry":{"type":"LineString","coordinates":[[-73.9613312,40.8118331],[-73.9612797,40.8118116],[-73.9612389,40.8117946]]},"properties":{"kind":"sidewalk","major":false}},{"type":"Feature","geometry":{"type":"LineString","coordinates":[[-73.9611023,40.8117378],[-73.9610573,40.8117191],[-73.9610073,40.8116984]]},"properties":{"kind":"sidewalk","major":false}},{"type":"Feature","geometry":{"type":"LineString","coordinates":[[-73.9626418,40.8062358],[-73.9627203,40.8062681]]},"properties":{"kind":"foot","name":"","bridge":false,"len":7,"major":false}},{"type":"Feature","geometry":{"type":"LineString","coordinates":[[-73.97952900285742,40.77869222478908],[-73.9809663,40.7793013],[-73.9810026,40.7793171]]},"properties":{"kind":"sidewalk","major":false}},{"type":"Feature","geometry":{"type":"LineString","coordinates":[[-73.97961221985479,40.778578249109735],[-73.9810507,40.7791931],[-73.9810826,40.7792054]]},"properties":{"kind":"sidewalk","major":false}},{"type":"Feature","geometry":{"type":"LineString","coordinates":[[-73.9680094,40.7997799],[-73.9679735,40.799765],[-73.9667527,40.799242],[-73.9667313,40.7992332]]},"properties":{"kind":"sidewalk","major":false}},{"type":"Feature","geometry":{"type":"LineString","coordinates":[[-73.9680094,40.7997799],[-73.9680752,40.7998106],[-73.9681489,40.7998443]]},"properties":{"kind":"sidewalk","major":false}},{"type":"Feature","geometry":{"type":"LineString","coordinates":[[-73.9681489,40.7998443],[-73.9682119,40.7998687]]},"properties":{"kind":"sidewalk","major":false}},{"type":"Feature","geometry":{"type":"LineString","coordinates":[[-73.9682119,40.7998687],[-73.968277,40.7998961],[-73.9683487,40.7999263]]},"properties":{"kind":"sidewalk","major":false}},{"type":"Feature","geometry":{"type":"LineString","coordinates":[[-73.9684303,40.7998365],[-73.9684157,40.7998683],[-73.9683941,40.7999151]]},"properties":{"kind":"sidewalk","major":false}},{"type":"Feature","geometry":{"type":"LineString","coordinates":[[-73.9684027,40.7997941],[-73.9683358,40.7997659],[-73.9682749,40.7997408]]},"properties":{"kind":"sidewalk","major":false}},{"type":"Feature","geometry":{"type":"LineString","coordinates":[[-73.9682749,40.7997408],[-73.9682079,40.7997113]]},"properties":{"kind":"sidewalk","major":false}},{"type":"Feature","geometry":{"type":"LineString","coordinates":[[-73.9682079,40.7997113],[-73.9681308,40.7996816],[-73.9680493,40.7996682]]},"properties":{"kind":"sidewalk","major":false}},{"type":"Feature","geometry":{"type":"LineString","coordinates":[[-73.9679812,40.7997428],[-73.9680071,40.7996979],[-73.9680493,40.7996682]]},"properties":{"kind":"sidewalk","major":false}},{"type":"Feature","geometry":{"type":"LineString","coordinates":[[-73.9680493,40.7996682],[-73.968039,40.7996449],[-73.9668359,40.7991425],[-73.9668051,40.7991296]]},"properties":{"kind":"sidewalk","major":false}},{"type":"Feature","geometry":{"type":"LineString","coordinates":[[-73.9680493,40.7996682],[-73.968039,40.7996449],[-73.9680699,40.799586],[-73.9683264,40.7990962],[-73.9683366,40.7990768]]},"properties":{"kind":"sidewalk","major":false}},{"type":"Feature","geometry":{"type":"LineString","coordinates":[[-73.9679812,40.7997428],[-73.9679735,40.799765],[-73.9677821,40.8003557],[-73.9677734,40.8003824]]},"properties":{"kind":"sidewalk","major":false}},{"type":"Feature","geometry":{"type":"LineString","coordinates":[[-73.9677734,40.8003824],[-73.9677685,40.800422],[-73.9677621,40.8004726]]},"properties":{"kind":"sidewalk","major":false}},{"type":"Feature","geometry":{"type":"LineString","coordinates":[[-73.9684303,40.7998365],[-73.9684395,40.7998166],[-73.9687209,40.7992637],[-73.9687309,40.7992443]]},"properties":{"kind":"sidewalk","major":false}},{"type":"Feature","geometry":{"type":"LineString","coordinates":[[-73.9683941,40.7999151],[-73.9683833,40.7999386],[-73.9682749,40.8002494],[-73.968224,40.800426],[-73.9682123,40.8005377],[-73.9682092,40.8005672]]},"properties":{"kind":"sidewalk","major":false}},{"type":"Feature","geometry":{"type":"LineString","coordinates":[[-73.9682092,40.8005672],[-73.9682,40.8006059],[-73.9681875,40.8006588]]},"properties":{"kind":"sidewalk","major":false}},{"type":"Feature","geometry":{"type":"LineString","coordinates":[[-73.9683487,40.7999263],[-73.9683833,40.7999386],[-73.9693454,40.8003433]]},"properties":{"kind":"sidewalk","major":false}},{"type":"Feature","geometry":{"type":"LineString","coordinates":[[-73.9684027,40.7997941],[-73.9684395,40.7998166],[-73.9694294,40.8002273]]},"properties":{"kind":"sidewalk","major":false}},{"type":"Feature","geometry":{"type":"LineString","coordinates":[[-73.9668225,40.7991621],[-73.9667945,40.7991934],[-73.9667649,40.7992281]]},"properties":{"kind":"sidewalk","major":false}},{"type":"Feature","geometry":{"type":"LineString","coordinates":[[-73.9667649,40.7992281],[-73.9667527,40.799242],[-73.9663787,40.7997672],[-73.9663665,40.7997844]]},"properties":{"kind":"sidewalk","major":false}},{"type":"Feature","geometry":{"type":"LineString","coordinates":[[-73.9668225,40.7991621],[-73.9668359,40.7991425],[-73.9672117,40.7986218],[-73.9672248,40.7986037]]},"properties":{"kind":"sidewalk","major":false}},{"type":"Feature","geometry":{"type":"LineString","coordinates":[[-73.9667503,40.7991049],[-73.9666953,40.7990802],[-73.9666148,40.7990439]]},"properties":{"kind":"sidewalk","major":false}},{"type":"Feature","geometry":{"type":"LineString","coordinates":[[-73.9666705,40.7992114],[-73.9666131,40.7991909],[-73.966531,40.7991587]]},"properties":{"kind":"sidewalk","major":false}},{"type":"Feature","geometry":{"type":"LineString","coordinates":[[-73.9665666,40.7990531],[-73.9665438,40.7990872],[-73.9665169,40.7991287]]},"properties":{"kind":"sidewalk","major":false}},{"type":"Feature","geometry":{"type":"LineString","coordinates":[[-73.9665169,40.7991287],[-73.9665035,40.799147],[-73.9661283,40.7996583],[-73.9661146,40.7996769]]},"properties":{"kind":"sidewalk","major":false}},{"type":"Feature","geometry":{"type":"LineString","coordinates":[[-73.9663493,40.7997531],[-73.9663787,40.7997672],[-73.9677821,40.8003557],[-73.9678205,40.8003718]]},"properties":{"kind":"sidewalk","major":false}},{"type":"Feature","geometry":{"type":"LineString","coordinates":[[-73.9678205,40.8003718],[-73.967885,40.8003992],[-73.967971,40.8004357]]},"properties":{"kind":"sidewalk","major":false}},{"type":"Feature","geometry":{"type":"LineString","coordinates":[[-73.967971,40.8004357],[-73.9680327,40.8004619]]},"properties":{"kind":"foot","name":"","bridge":false,"len":6,"major":false}},{"type":"Feature","geometry":{"type":"LineString","coordinates":[[-73.9663493,40.7997531],[-73.9662431,40.7997073],[-73.9661562,40.7996698]]},"properties":{"kind":"sidewalk","major":false}},{"type":"Feature","geometry":{"type":"LineString","coordinates":[[-73.9661562,40.7996698],[-73.9661283,40.7996583],[-73.96466913081348,40.79904460549126]]},"properties":{"kind":"sidewalk","major":false}},{"type":"Feature","geometry":{"type":"LineString","coordinates":[[-73.966531,40.7991587],[-73.9665035,40.799147],[-73.965045010738,40.798529792759396]]},"properties":{"kind":"sidewalk","major":false}},{"type":"Feature","geometry":{"type":"LineString","coordinates":[[-73.9665666,40.7990531],[-73.966581,40.7990371],[-73.96696,40.7985238],[-73.9669653,40.7985166],[-73.9669836,40.798492],[-73.9670431,40.7984119],[-73.967415,40.7978925]]},"properties":{"kind":"sidewalk","major":false}},{"type":"Feature","geometry":{"type":"LineString","coordinates":[[-73.9669653,40.7985166],[-73.9669897,40.7985262]]},"properties":{"kind":"sidewalk","major":false}},{"type":"Feature","geometry":{"type":"LineString","coordinates":[[-73.9670698,40.7984182],[-73.9670431,40.7984119],[-73.9669553,40.7983924]]},"properties":{"kind":"sidewalk","major":false}},{"type":"Feature","geometry":{"type":"LineString","coordinates":[[-73.9670698,40.7984182],[-73.9671619,40.7984536],[-73.9672646,40.7984932]]},"properties":{"kind":"sidewalk","major":false}},{"type":"Feature","geometry":{"type":"LineString","coordinates":[[-73.9671828,40.7986099],[-73.9670828,40.7985665],[-73.9669897,40.7985262]]},"properties":{"kind":"sidewalk","major":false}},{"type":"Feature","geometry":{"type":"LineString","coordinates":[[-73.9671828,40.7986099],[-73.9672117,40.7986218],[-73.9683264,40.7990962],[-73.968361,40.7991109]]},"properties":{"kind":"sidewalk","major":false}},{"type":"Feature","geometry":{"type":"LineString","coordinates":[[-73.9683366,40.7990768],[-73.9683593,40.7990306],[-73.9683777,40.7989932]]},"properties":{"kind":"sidewalk","major":false}},{"type":"Feature","geometry":{"type":"LineString","coordinates":[[-73.9672248,40.7986037],[-73.967253,40.7985621],[-73.9672767,40.7985272]]},"properties":{"kind":"sidewalk","major":false}},{"type":"Feature","geometry":{"type":"LineString","coordinates":[[-73.9663665,40.7997844],[-73.9663343,40.7998211],[-73.9663024,40.7998575]]},"properties":{"kind":"sidewalk","major":false}},{"type":"Feature","geometry":{"type":"LineString","coordinates":[[-73.9661146,40.7996769],[-73.9660828,40.7997152],[-73.9660498,40.7997551]]},"properties":{"kind":"sidewalk","major":false}},{"type":"Feature","geometry":{"type":"LineString","coordinates":[[-73.9660498,40.7997551],[-73.9660355,40.799775],[-73.9656612,40.8002939]]},"properties":{"kind":"sidewalk","major":false}},{"type":"Feature","geometry":{"type":"LineString","coordinates":[[-73.9663024,40.7998575],[-73.966287,40.7998789],[-73.9659141,40.8003972],[-73.9658939,40.8004256]]},"properties":{"kind":"sidewalk","major":false}},{"type":"Feature","geometry":{"type":"LineString","coordinates":[[-73.9680327,40.8004619],[-73.9681046,40.8004924],[-73.9681745,40.8005221]]},"properties":{"kind":"sidewalk","major":false}},{"type":"Feature","geometry":{"type":"LineString","coordinates":[[-73.968361,40.7991109],[-73.9684192,40.7991357],[-73.9684931,40.7991671]]},"properties":{"kind":"sidewalk","major":false}},{"type":"Feature","geometry":{"type":"LineString","coordinates":[[-73.9684931,40.7991671],[-73.968562,40.7991965]]},"properties":{"kind":"foot","name":"","bridge":false,"len":6,"major":false}},{"type":"Feature","geometry":{"type":"LineString","coordinates":[[-73.968562,40.7991965],[-73.9686185,40.7992205],[-73.9686962,40.7992536]]},"properties":{"kind":"sidewalk","major":false}},{"type":"Feature","geometry":{"type":"LineString","coordinates":[[-73.9686962,40.7992536],[-73.9687209,40.7992637],[-73.9697987,40.7997171]]},"properties":{"kind":"sidewalk","major":false}},{"type":"Feature","geometry":{"type":"LineString","coordinates":[[-73.9672646,40.7984932],[-73.96729,40.7985042],[-73.9683885,40.7989783],[-73.9684187,40.7989914]]},"properties":{"kind":"sidewalk","major":false}},{"type":"Feature","geometry":{"type":"LineString","coordinates":[[-73.9683777,40.7989932],[-73.9683885,40.7989783],[-73.9687633,40.7984607],[-73.9687811,40.7984352]]},"properties":{"kind":"sidewalk","major":false}},{"type":"Feature","geometry":{"type":"LineString","coordinates":[[-73.9672767,40.7985272],[-73.96729,40.7985042],[-73.967679,40.7979979]]},"properties":{"kind":"sidewalk","major":false}},{"type":"Feature","geometry":{"type":"LineString","coordinates":[[-73.9675062,40.7977782],[-73.9663508,40.7972894],[-73.9663051,40.7972787],[-73.966264,40.7972717],[-73.9662333,40.7972705],[-73.9662005,40.797272],[-73.966169,40.7972786],[-73.9661431,40.7972888],[-73.9661267,40.7972979],[-73.9661093,40.7973152],[-73.9660992,40.797331],[-73.9660914,40.797348],[-73.9660861,40.7973637],[-73.9660823,40.7973817],[-73.9660864,40.7974045],[-73.9660952,40.7974253],[-73.9661066,40.7974467],[-73.9661267,40.7974665],[-73.9661515,40.7974802],[-73.9661777,40.7974919],[-73.9662109,40.797501],[-73.9662521,40.7975051],[-73.9663078,40.797502],[-73.9663235,40.7974983],[-73.9664057,40.7974918],[-73.9664238,40.797492],[-73.966448,40.7974931],[-73.9664857,40.7975051],[-73.9665659,40.7975373],[-73.9672577,40.7978264]]},"properties":{"kind":"sidewalk","major":false}},{"type":"Feature","geometry":{"type":"LineString","coordinates":[[-73.97999992618544,40.778047238693304],[-73.9814345,40.7786543],[-73.9814583,40.7786642]]},"properties":{"kind":"sidewalk","major":false}},{"type":"Feature","geometry":{"type":"LineString","coordinates":[[-73.981607,40.7784713],[-73.9815773,40.7784584],[-73.98013915103245,40.777856553532544]]},"properties":{"kind":"sidewalk","major":false}},{"type":"Feature","geometry":{"type":"LineString","coordinates":[[-73.9457899,40.832884],[-73.9458642,40.8329135],[-73.9459164,40.8329342]]},"properties":{"kind":"sidewalk","major":false}},{"type":"Feature","geometry":{"type":"LineString","coordinates":[[-73.966055,40.8128256],[-73.9658868,40.8130538],[-73.965791,40.813166],[-73.9656604,40.8132914],[-73.9655544,40.8133948],[-73.9654774,40.8134553],[-73.9654428,40.8134972],[-73.9654234,40.8135319],[-73.9654137,40.8135494],[-73.9654102,40.8135726],[-73.9654101,40.8136043],[-73.9654136,40.8136366],[-73.965415,40.8136662],[-73.9654073,40.8136868],[-73.9653941,40.8137125],[-73.9652771,40.813847],[-73.9652051,40.8139359],[-73.9651173,40.814025],[-73.9650897,40.8140721],[-73.9650423,40.814185],[-73.9649774,40.8143387],[-73.9649485,40.8143883],[-73.9648532,40.8145529],[-73.9645427,40.8150125],[-73.9643252,40.8153511],[-73.9640637,40.8157048],[-73.9638015,40.8160359],[-73.9633505,40.8165626],[-73.962894,40.8170704],[-73.9623867,40.8175731],[-73.9619626,40.8179842],[-73.9619017,40.8180504],[-73.9618718,40.8180726],[-73.9618628,40.8180792]]},"properties":{"kind":"cycle","name":"Cherry Walk","bridge":false,"len":577,"major":true}},{"type":"Feature","geometry":{"type":"LineString","coordinates":[[-73.9661255,40.8126621],[-73.9660854,40.8126909],[-73.9660411,40.8127467],[-73.966035,40.8127887],[-73.966055,40.8128256]]},"properties":{"kind":"cycle","name":"Cherry Walk","bridge":false,"len":17,"major":true}},{"type":"Feature","geometry":{"type":"LineString","coordinates":[[-73.9680906,40.7995925],[-73.9680699,40.799586]]},"properties":{"kind":"sidewalk","major":false}},{"type":"Feature","geometry":{"type":"LineString","coordinates":[[-73.992783,40.7731313],[-73.9927728,40.773133]]},"properties":{"kind":"foot","name":"","bridge":false,"len":1,"major":false}},{"type":"Feature","geometry":{"type":"LineString","coordinates":[[-73.9925914,40.7732655],[-73.9925144,40.7732315]]},"properties":{"kind":"foot","name":"","bridge":true,"len":7,"major":false}},{"type":"Feature","geometry":{"type":"LineString","coordinates":[[-73.992296,40.7733386],[-73.9922502,40.7733325]]},"properties":{"kind":"foot","name":"","bridge":false,"len":4,"major":false}},{"type":"Feature","geometry":{"type":"LineString","coordinates":[[-73.9923176,40.773328],[-73.992296,40.7733386]]},"properties":{"kind":"foot","name":"","bridge":false,"len":2,"major":false}},{"type":"Feature","geometry":{"type":"LineString","coordinates":[[-73.9920341,40.77238],[-73.9920362,40.7724267],[-73.9920375,40.7725566],[-73.9920477,40.7725646],[-73.992045,40.772629],[-73.991795,40.7727383],[-73.9917638,40.7727915],[-73.9917491,40.7728164]]},"properties":{"kind":"foot","name":"","bridge":false,"len":52,"major":false}},{"type":"Feature","geometry":{"type":"LineString","coordinates":[[-73.9925914,40.7732655],[-73.9925719,40.7732069]]},"properties":{"kind":"foot","name":"","bridge":true,"len":5,"major":false}},{"type":"Feature","geometry":{"type":"LineString","coordinates":[[-73.983665,40.7875175],[-73.9837283,40.7874974],[-73.9838032,40.7874828],[-73.983845,40.7874756],[-73.9839303,40.7875084]]},"properties":{"kind":"foot","name":"","bridge":false,"len":24,"major":false}},{"type":"Feature","geometry":{"type":"LineString","coordinates":[[-73.9809795,40.7792844],[-73.9809663,40.7793013],[-73.9805879,40.7798266],[-73.9805788,40.7798393]]},"properties":{"kind":"sidewalk","major":false}},{"type":"Feature","geometry":{"type":"LineString","coordinates":[[-73.9806188,40.7798397],[-73.9805879,40.7798266],[-73.97914739164743,40.779214887205214]]},"properties":{"kind":"sidewalk","major":false}},{"type":"Feature","geometry":{"type":"LineString","coordinates":[[-73.9666148,40.7990439],[-73.966581,40.7990371]]},"properties":{"kind":"sidewalk","major":false}},{"type":"Feature","geometry":{"type":"LineString","coordinates":[[-73.9805301,40.779916],[-73.9805164,40.7799346],[-73.9801285,40.7804523],[-73.9801141,40.7804715]]},"properties":{"kind":"sidewalk","major":false}},{"type":"Feature","geometry":{"type":"LineString","coordinates":[[-73.9786842217799,40.779849254005],[-73.9801285,40.7804523],[-73.9801534,40.7804627]]},"properties":{"kind":"sidewalk","major":false}},{"type":"Feature","geometry":{"type":"LineString","coordinates":[[-73.9805788,40.7798393],[-73.9805549,40.779877],[-73.9805301,40.779916]]},"properties":{"kind":"sidewalk","major":false}},{"type":"Feature","geometry":{"type":"LineString","coordinates":[[-73.9801141,40.7804715],[-73.9800883,40.7805101],[-73.9800614,40.7805503]]},"properties":{"kind":"sidewalk","major":false}},{"type":"Feature","geometry":{"type":"LineString","coordinates":[[-73.9800614,40.7805503],[-73.9800519,40.7805636],[-73.9796688,40.7810973],[-73.979658,40.7811117]]},"properties":{"kind":"sidewalk","major":false}},{"type":"Feature","geometry":{"type":"LineString","coordinates":[[-73.979658,40.7811117],[-73.9796396,40.7811364],[-73.9795954,40.7811954]]},"properties":{"kind":"sidewalk","major":false}},{"type":"Feature","geometry":{"type":"LineString","coordinates":[[-73.9800726,40.7805723],[-73.9800519,40.7805636],[-73.97860634505133,40.779955915544406]]},"properties":{"kind":"sidewalk","major":false}},{"type":"Feature","geometry":{"type":"LineString","coordinates":[[-73.981366,40.7801464],[-73.9813426,40.7801357],[-73.9808456,40.7799269],[-73.980818,40.7799153]]},"properties":{"kind":"sidewalk","major":false}},{"type":"Feature","geometry":{"type":"LineString","coordinates":[[-73.9813355,40.7802879],[-73.9813073,40.7802764],[-73.9807618,40.7800455],[-73.9807228,40.780029]]},"properties":{"kind":"sidewalk","major":false}},{"type":"Feature","geometry":{"type":"LineString","coordinates":[[-73.9807228,40.780029],[-73.9806871,40.7800115]]},"properties":{"kind":"sidewalk","major":false}},{"type":"Feature","geometry":{"type":"LineString","coordinates":[[-73.97906505754939,40.77932765364783],[-73.9805164,40.7799346],[-73.9805299,40.7799405]]},"properties":{"kind":"sidewalk","major":false}},{"type":"Feature","geometry":{"type":"LineString","coordinates":[[-73.9806188,40.7798397],[-73.9806966,40.7798692],[-73.980818,40.7799153]]},"properties":{"kind":"sidewalk","major":false}},{"type":"Feature","geometry":{"type":"LineString","coordinates":[[-73.9836208,40.7812214],[-73.9836463,40.7811842],[-73.9836763,40.7811402]]},"properties":{"kind":"sidewalk","major":false}},{"type":"Feature","geometry":{"type":"LineString","coordinates":[[-73.9849831,40.7818199],[-73.985049,40.7818454],[-73.9851218,40.7818735]]},"properties":{"kind":"sidewalk","major":false}},{"type":"Feature","geometry":{"type":"LineString","coordinates":[[-73.9851218,40.7818735],[-73.9852246,40.7818944],[-73.9852948,40.7819087]]},"properties":{"kind":"foot","name":"","bridge":false,"len":15,"major":false}},{"type":"Feature","geometry":{"type":"LineString","coordinates":[[-73.985031,40.7816903],[-73.9851056,40.7817126],[-73.9851809,40.7817351]]},"properties":{"kind":"sidewalk","major":false}},{"type":"Feature","geometry":{"type":"LineString","coordinates":[[-73.9851809,40.7817351],[-73.9852689,40.7817531],[-73.9853253,40.7817633],[-73.9853378,40.7817657],[-73.9853996,40.7817777]]},"properties":{"kind":"foot","name":"","bridge":false,"len":19,"major":false}},{"type":"Feature","geometry":{"type":"LineString","coordinates":[[-73.9849979,40.7816809],[-73.9836879,40.7811245],[-73.9836678,40.781116]]},"properties":{"kind":"sidewalk","major":false}},{"type":"Feature","geometry":{"type":"LineString","coordinates":[[-73.9817111,40.7803072],[-73.9817377,40.7803183],[-73.9834238,40.7810222],[-73.9834492,40.7810328]]},"properties":{"kind":"sidewalk","major":false}},{"type":"Feature","geometry":{"type":"LineString","coordinates":[[-73.9834492,40.7810328],[-73.9835605,40.7810752],[-73.9836678,40.781116]]},"properties":{"kind":"sidewalk","major":false}},{"type":"Feature","geometry":{"type":"LineString","coordinates":[[-73.9834112,40.7810393],[-73.9833894,40.7810709],[-73.9833612,40.7811118]]},"properties":{"kind":"sidewalk","major":false}},{"type":"Feature","geometry":{"type":"LineString","coordinates":[[-73.9833612,40.7811118],[-73.9833456,40.7811335],[-73.9829697,40.7816574],[-73.982956,40.7816764]]},"properties":{"kind":"sidewalk","major":false}},{"type":"Feature","geometry":{"type":"LineString","coordinates":[[-73.9849492,40.7818087],[-73.9836078,40.781239],[-73.9835811,40.7812277]]},"properties":{"kind":"sidewalk","major":false}},{"type":"Feature","geometry":{"type":"LineString","coordinates":[[-73.9816786,40.7804273],[-73.981713,40.780443],[-73.9833456,40.7811335],[-73.983376,40.7811464]]},"properties":{"kind":"sidewalk","major":false}},{"type":"Feature","geometry":{"type":"LineString","coordinates":[[-73.983376,40.7811464],[-73.9834796,40.7811875],[-73.9835811,40.7812277]]},"properties":{"kind":"sidewalk","major":false}},{"type":"Feature","geometry":{"type":"LineString","coordinates":[[-73.980832,40.7799458],[-73.9808456,40.7799269],[-73.9812175,40.7794081],[-73.9812268,40.779396]]},"properties":{"kind":"sidewalk","major":false}},{"type":"Feature","geometry":{"type":"LineString","coordinates":[[-73.9807789,40.7800221],[-73.9807618,40.7800455],[-73.9803892,40.780557],[-73.9803798,40.7805698]]},"properties":{"kind":"sidewalk","major":false}},{"type":"Feature","geometry":{"type":"LineString","coordinates":[[-73.9807789,40.7800221],[-73.9808057,40.7799835],[-73.980832,40.7799458]]},"properties":{"kind":"sidewalk","major":false}},{"type":"Feature","geometry":{"type":"LineString","coordinates":[[-73.9803514,40.7805404],[-73.9803892,40.780557],[-73.9811281,40.7808809],[-73.9811598,40.7808946]]},"properties":{"kind":"sidewalk","major":false}},{"type":"Feature","geometry":{"type":"LineString","coordinates":[[-73.9803798,40.7805698],[-73.9803442,40.7806161],[-73.9803071,40.7806644]]},"properties":{"kind":"sidewalk","major":false}},{"type":"Feature","geometry":{"type":"LineString","coordinates":[[-73.9803071,40.7806644],[-73.9802986,40.7806762],[-73.9799208,40.7812009],[-73.9799079,40.7812176]]},"properties":{"kind":"sidewalk","major":false}},{"type":"Feature","geometry":{"type":"LineString","coordinates":[[-73.9811258,40.7810318],[-73.9810898,40.7810162],[-73.9802986,40.7806762],[-73.9802769,40.7806669]]},"properties":{"kind":"sidewalk","major":false}},{"type":"Feature","geometry":{"type":"LineString","coordinates":[[-73.9802769,40.7806669],[-73.9801691,40.780617],[-73.9800726,40.7805723]]},"properties":{"kind":"sidewalk","major":false}},{"type":"Feature","geometry":{"type":"LineString","coordinates":[[-73.9798885,40.7811874],[-73.9799208,40.7812009],[-73.9808952,40.7816096],[-73.9809216,40.7816207]]},"properties":{"kind":"sidewalk","major":false}},{"type":"Feature","geometry":{"type":"LineString","coordinates":[[-73.9798885,40.7811874],[-73.9797842,40.7811445],[-73.9796939,40.7811073]]},"properties":{"kind":"sidewalk","major":false}},{"type":"Feature","geometry":{"type":"LineString","coordinates":[[-73.9799079,40.7812176],[-73.9798886,40.781243],[-73.9798508,40.7812929]]},"properties":{"kind":"sidewalk","major":false}},{"type":"Feature","geometry":{"type":"LineString","coordinates":[[-73.9798508,40.7812929],[-73.9798407,40.781306],[-73.9794532,40.7818339],[-73.9794377,40.7818548]]},"properties":{"kind":"sidewalk","major":false}},{"type":"Feature","geometry":{"type":"LineString","coordinates":[[-73.9808714,40.7817566],[-73.9808407,40.7817432],[-73.9798407,40.781306],[-73.9798129,40.7812967]]},"properties":{"kind":"sidewalk","major":false}},{"type":"Feature","geometry":{"type":"LineString","coordinates":[[-73.9798129,40.7812967],[-73.979704,40.7812541],[-73.9796048,40.7812168]]},"properties":{"kind":"sidewalk","major":false}},{"type":"Feature","geometry":{"type":"LineString","coordinates":[[-73.97813790576988,40.780597499439864],[-73.9795856,40.7812082],[-73.9796048,40.7812168]]},"properties":{"kind":"sidewalk","major":false}},{"type":"Feature","geometry":{"type":"LineString","coordinates":[[-73.9795954,40.7811954],[-73.9795856,40.7812082],[-73.9792037,40.7817295],[-73.9791914,40.7817429]]},"properties":{"kind":"sidewalk","major":false}},{"type":"Feature","geometry":{"type":"LineString","coordinates":[[-73.97775541590941,40.78112136527343],[-73.9792037,40.7817295],[-73.9792263,40.7817354]]},"properties":{"kind":"sidewalk","major":false}},{"type":"Feature","geometry":{"type":"LineString","coordinates":[[-73.9792263,40.7817354],[-73.9793219,40.7817779],[-73.979421,40.7818219]]},"properties":{"kind":"sidewalk","major":false}},{"type":"Feature","geometry":{"type":"LineString","coordinates":[[-73.9791914,40.7817429],[-73.9791584,40.7817941],[-73.9791356,40.7818296]]},"properties":{"kind":"sidewalk","major":false}},{"type":"Feature","geometry":{"type":"LineString","coordinates":[[-73.9791356,40.7818296],[-73.9791271,40.7818411],[-73.9787407,40.7823642],[-73.9787292,40.7823812]]},"properties":{"kind":"sidewalk","major":false}},{"type":"Feature","geometry":{"type":"LineString","coordinates":[[-73.9791421,40.7818481],[-73.9791271,40.7818411],[-73.97767662316713,40.78122928140374]]},"properties":{"kind":"sidewalk","major":false}},{"type":"Feature","geometry":{"type":"LineString","coordinates":[[-73.9791421,40.7818481],[-73.9792398,40.7818902],[-73.9793523,40.7819387]]},"properties":{"kind":"sidewalk","major":false}},{"type":"Feature","geometry":{"type":"LineString","coordinates":[[-73.9793523,40.7819387],[-73.9793714,40.7819463],[-73.9805919,40.782468],[-73.9806283,40.7824818]]},"properties":{"kind":"sidewalk","major":false}},{"type":"Feature","geometry":{"type":"LineString","coordinates":[[-73.9789879,40.7824909],[-73.9790017,40.7824699],[-73.9793714,40.7819463],[-73.9793805,40.781932]]},"properties":{"kind":"sidewalk","major":false}},{"type":"Feature","geometry":{"type":"LineString","coordinates":[[-73.9793805,40.781932],[-73.9794056,40.781898],[-73.9794377,40.7818548]]},"properties":{"kind":"sidewalk","major":false}},{"type":"Feature","geometry":{"type":"LineString","coordinates":[[-73.9806692,40.7823433],[-73.9806395,40.7823309],[-73.9794532,40.7818339],[-73.979421,40.7818219]]},"properties":{"kind":"sidewalk","major":false}},{"type":"Feature","geometry":{"type":"LineString","coordinates":[[-73.9789879,40.7824909],[-73.9789623,40.7825238],[-73.9789303,40.782565]]},"properties":{"kind":"sidewalk","major":false}},{"type":"Feature","geometry":{"type":"LineString","coordinates":[[-73.9785066,40.7831384],[-73.9785258,40.7831124],[-73.9789168,40.7825832],[-73.9789303,40.782565]]},"properties":{"kind":"sidewalk","major":false}},{"type":"Feature","geometry":{"type":"LineString","coordinates":[[-73.9789677,40.7824554],[-73.9790017,40.7824699],[-73.9803106,40.7830267],[-73.9803468,40.7830419]]},"properties":{"kind":"sidewalk","major":false}},{"type":"Feature","geometry":{"type":"LineString","coordinates":[[-73.978882,40.7825685],[-73.9789168,40.7825832],[-73.9802531,40.7831492],[-73.9802818,40.7831614]]},"properties":{"kind":"sidewalk","major":false}},{"type":"Feature","geometry":{"type":"LineString","coordinates":[[-73.9787633,40.7823749],[-73.9787407,40.7823642],[-73.97729414339815,40.78175313341577]]},"properties":{"kind":"sidewalk","major":false}},{"type":"Feature","geometry":{"type":"LineString","coordinates":[[-73.9782536,40.7830286],[-73.9782682,40.7830085],[-73.9786543,40.7824724],[-73.9786661,40.7824562]]},"properties":{"kind":"sidewalk","major":false}},{"type":"Feature","geometry":{"type":"LineString","coordinates":[[-73.9787292,40.7823812],[-73.9787016,40.782414],[-73.9786661,40.7824562]]},"properties":{"kind":"sidewalk","major":false}},{"type":"Feature","geometry":{"type":"LineString","coordinates":[[-73.9787633,40.7823749],[-73.9788587,40.7824125],[-73.9789677,40.7824554]]},"properties":{"kind":"sidewalk","major":false}},{"type":"Feature","geometry":{"type":"LineString","coordinates":[[-73.9788145,40.7825407],[-73.9787771,40.7825253],[-73.9786825,40.7824858]]},"properties":{"kind":"sidewalk","major":false}},{"type":"Feature","geometry":{"type":"LineString","coordinates":[[-73.9786825,40.7824858],[-73.9786543,40.7824724],[-73.97721594030095,40.78186024195627]]},"properties":{"kind":"sidewalk","major":false}},{"type":"Feature","geometry":{"type":"LineString","coordinates":[[-73.97682316215814,40.782398198829],[-73.9782682,40.7830085],[-73.978293,40.783019]]},"properties":{"kind":"sidewalk","major":false}},{"type":"Feature","geometry":{"type":"LineString","coordinates":[[-73.9782536,40.7830286],[-73.9782023,40.7831013],[-73.9781477,40.7831757]]},"properties":{"kind":"sidewalk","major":false}},{"type":"Feature","geometry":{"type":"LineString","coordinates":[[-73.9777324,40.7837499],[-73.9777482,40.783728],[-73.9781333,40.7831939],[-73.9781477,40.7831757]]},"properties":{"kind":"sidewalk","major":false}},{"type":"Feature","geometry":{"type":"LineString","coordinates":[[-73.9781584,40.7832049],[-73.9781333,40.7831939],[-73.97668339151518,40.78258963152291]]},"properties":{"kind":"sidewalk","major":false}},{"type":"Feature","geometry":{"type":"LineString","coordinates":[[-73.977764,40.7837346],[-73.9777482,40.783728],[-73.97629823487974,40.783117149825316]]},"properties":{"kind":"sidewalk","major":false}},{"type":"Feature","geometry":{"type":"LineString","coordinates":[[-73.97621493319541,40.783231241493624],[-73.9776601,40.7838435],[-73.9776894,40.7838559]]},"properties":{"kind":"sidewalk","major":false}},{"type":"Feature","geometry":{"type":"LineString","coordinates":[[-73.9772686,40.784382],[-73.9772807,40.7843654],[-73.9776601,40.7838435],[-73.9776745,40.7838236]]},"properties":{"kind":"sidewalk","major":false}},{"type":"Feature","geometry":{"type":"LineString","coordinates":[[-73.9776745,40.7838236],[-73.9777095,40.783779],[-73.9777324,40.7837499]]},"properties":{"kind":"sidewalk","major":false}},{"type":"Feature","geometry":{"type":"LineString","coordinates":[[-73.9781584,40.7832049],[-73.9782584,40.7832469],[-73.9783536,40.7832876]]},"properties":{"kind":"sidewalk","major":false}},{"type":"Feature","geometry":{"type":"LineString","coordinates":[[-73.9783536,40.7832876],[-73.9783901,40.7833036],[-73.9797174,40.7838688],[-73.9797529,40.7838837]]},"properties":{"kind":"sidewalk","major":false}},{"type":"Feature","geometry":{"type":"LineString","coordinates":[[-73.9784047,40.7832833],[-73.9783901,40.7833036],[-73.9779992,40.7838365],[-73.9779847,40.7838562]]},"properties":{"kind":"sidewalk","major":false}},{"type":"Feature","geometry":{"type":"LineString","coordinates":[[-73.9784047,40.7832833],[-73.9784567,40.7832077],[-73.9785066,40.7831384]]},"properties":{"kind":"sidewalk","major":false}},{"type":"Feature","geometry":{"type":"LineString","coordinates":[[-73.9798991,40.7836874],[-73.9798617,40.7836717],[-73.9788326,40.7832408],[-73.9785258,40.7831124],[-73.9784929,40.7830987]]},"properties":{"kind":"sidewalk","major":false}},{"type":"Feature","geometry":{"type":"LineString","coordinates":[[-73.9784929,40.7830987],[-73.9783939,40.7830613],[-73.978293,40.783019]]},"properties":{"kind":"sidewalk","major":false}},{"type":"Feature","geometry":{"type":"LineString","coordinates":[[-73.98052591645569,40.77732683180191],[-73.9817924,40.7778567],[-73.9818349,40.7778802],[-73.9818586,40.7778966]]},"properties":{"kind":"sidewalk","major":false}},{"type":"Feature","geometry":{"type":"LineString","coordinates":[[-73.98060513185337,40.77721833679427],[-73.9818468,40.777742],[-73.9818697,40.7777509]]},"properties":{"kind":"sidewalk","major":false}},{"type":"Feature","geometry":{"type":"LineString","coordinates":[[-73.98098123547162,40.77670321768694],[-73.9818826,40.7770822],[-73.9819242,40.7770997]]},"properties":{"kind":"sidewalk","major":false}},{"type":"Feature","geometry":{"type":"LineString","coordinates":[[-73.9819112,40.7769446],[-73.9818841,40.7769365],[-73.98106277556722,40.77659153872609]]},"properties":{"kind":"sidewalk","major":false}},{"type":"Feature","geometry":{"type":"LineString","coordinates":[[-73.9820918,40.7789287],[-73.9821255,40.7789462],[-73.984285,40.7798539]]},"properties":{"kind":"sidewalk","major":false}},{"type":"Feature","geometry":{"type":"LineString","coordinates":[[-73.984285,40.7798539],[-73.9843105,40.7798648]]},"properties":{"kind":"foot","name":"","bridge":false,"len":2,"major":false}},{"type":"Feature","geometry":{"type":"LineString","coordinates":[[-73.9838805,40.7804056],[-73.9838957,40.7803849],[-73.984285,40.7798539],[-73.9842995,40.7798342]]},"properties":{"kind":"sidewalk","major":false}},{"type":"Feature","geometry":{"type":"LineString","coordinates":[[-73.9821495,40.7787051],[-73.9821796,40.7787198],[-73.9844236,40.7796663],[-73.9844503,40.7796776]]},"properties":{"kind":"sidewalk","major":false}},{"type":"Feature","geometry":{"type":"LineString","coordinates":[[-73.9844074,40.7796882],[-73.9844236,40.7796663],[-73.9848141,40.7791393],[-73.9848286,40.7791207]]},"properties":{"kind":"sidewalk","major":false}},{"type":"Feature","geometry":{"type":"LineString","coordinates":[[-73.98484,40.7791509],[-73.9848141,40.7791393],[-73.9823395,40.7780795],[-73.9822911,40.7780792],[-73.9822559,40.7780782]]},"properties":{"kind":"sidewalk","major":false}},{"type":"Feature","geometry":{"type":"LineString","coordinates":[[-73.9842995,40.7798342],[-73.9843533,40.7797614],[-73.9844074,40.7796882]]},"properties":{"kind":"sidewalk","major":false}},{"type":"Feature","geometry":{"type":"LineString","coordinates":[[-73.9852776,40.7809937],[-73.985285,40.780971],[-73.9853387,40.7808617],[-73.9853554,40.7808206],[-73.9853847,40.7807556],[-73.9853987,40.7807279],[-73.9854237,40.7806774],[-73.9854591,40.7805925],[-73.9854664,40.7805463],[-73.9854629,40.7804822],[-73.985439,40.7804093],[-73.9854224,40.7803889],[-73.9853864,40.7803446],[-73.9853403,40.780307],[-73.9845353,40.7799723],[-73.9844978,40.7799564]]},"properties":{"kind":"sidewalk","major":false}},{"type":"Feature","geometry":{"type":"LineString","coordinates":[[-73.9845495,40.779953],[-73.9845353,40.7799723],[-73.9841509,40.7804939],[-73.9841353,40.7805151]]},"properties":{"kind":"sidewalk","major":false}},{"type":"Feature","geometry":{"type":"LineString","coordinates":[[-73.9856819,40.780473],[-73.9856318,40.7804438],[-73.9855639,40.7804044]]},"properties":{"kind":"sidewalk","major":false}},{"type":"Feature","geometry":{"type":"LineString","coordinates":[[-73.9855639,40.7804044],[-73.9854224,40.7803889]]},"properties":{"kind":"foot","name":"","bridge":false,"len":12,"major":false}},{"type":"Feature","geometry":{"type":"LineString","coordinates":[[-73.9844978,40.7799564],[-73.9844109,40.7799139],[-73.9843105,40.7798648]]},"properties":{"kind":"sidewalk","major":false}},{"type":"Feature","geometry":{"type":"LineString","coordinates":[[-73.9845495,40.779953],[-73.9846121,40.7798683],[-73.9846734,40.7797853]]},"properties":{"kind":"sidewalk","major":false}},{"type":"Feature","geometry":{"type":"LineString","coordinates":[[-73.9846734,40.7797853],[-73.9846845,40.7797698],[-73.985064,40.7792415],[-73.9850767,40.7792238]]},"properties":{"kind":"sidewalk","major":false}},{"type":"Feature","geometry":{"type":"LineString","coordinates":[[-73.9846502,40.7797529],[-73.9846845,40.7797698],[-73.9856495,40.7801803],[-73.9857887,40.7802384],[-73.9866618,40.7806027],[-73.9867934,40.7806364],[-73.9868671,40.78064],[-73.9869527,40.7806297],[-73.9870482,40.7806023],[-73.9871168,40.7805749],[-73.987181,40.7805354],[-73.9872364,40.7804829],[-73.9872906,40.7804144],[-73.9874249,40.7802363]]},"properties":{"kind":"sidewalk","major":false}},{"type":"Feature","geometry":{"type":"LineString","coordinates":[[-73.9846502,40.7797529],[-73.984549,40.7797148],[-73.9844503,40.7796776]]},"properties":{"kind":"sidewalk","major":false}},{"type":"Feature","geometry":{"type":"LineString","coordinates":[[-73.985741,40.7804228],[-73.9857588,40.7803388]]},"properties":{"kind":"sidewalk","major":false}},{"type":"Feature","geometry":{"type":"LineString","coordinates":[[-73.9857761,40.7802571],[-73.9857887,40.7802384]]},"properties":{"kind":"foot","name":"","bridge":false,"len":2,"major":false}},{"type":"Feature","geometry":{"type":"LineString","coordinates":[[-73.9854224,40.7803889],[-73.9855305,40.7803356]]},"properties":{"kind":"foot","name":"","bridge":false,"len":10,"major":false}},{"type":"Feature","geometry":{"type":"LineString","coordinates":[[-73.9855305,40.7803356],[-73.9855826,40.7802698],[-73.9856335,40.7802005]]},"properties":{"kind":"sidewalk","major":false}},{"type":"Feature","geometry":{"type":"LineString","coordinates":[[-73.9856335,40.7802005],[-73.9856495,40.7801803]]},"properties":{"kind":"foot","name":"","bridge":false,"len":2,"major":false}},{"type":"Feature","geometry":{"type":"LineString","coordinates":[[-73.9874249,40.7802363],[-73.9874368,40.7802213]]},"properties":{"kind":"sidewalk","major":false}},{"type":"Feature","geometry":{"type":"LineString","coordinates":[[-73.9874249,40.7802363],[-73.985064,40.7792415],[-73.9850369,40.7792301]]},"properties":{"kind":"sidewalk","major":false}},{"type":"Feature","geometry":{"type":"LineString","coordinates":[[-73.9850369,40.7792301],[-73.9849334,40.7791885],[-73.98484,40.7791509]]},"properties":{"kind":"sidewalk","major":false}},{"type":"Feature","geometry":{"type":"LineString","coordinates":[[-73.9850767,40.7792238],[-73.9851084,40.7791829],[-73.9851345,40.7791492]]},"properties":{"kind":"sidewalk","major":false}},{"type":"Feature","geometry":{"type":"LineString","coordinates":[[-73.9851345,40.7791492],[-73.9851476,40.7791313],[-73.985515,40.7786213]]},"properties":{"kind":"sidewalk","major":false}},{"type":"Feature","geometry":{"type":"LineString","coordinates":[[-73.9851301,40.7791227],[-73.9851476,40.7791313],[-73.9875045,40.7801333]]},"properties":{"kind":"sidewalk","major":false}},{"type":"Feature","geometry":{"type":"LineString","coordinates":[[-73.9875045,40.7801333],[-73.987497,40.7801434]]},"properties":{"kind":"sidewalk","major":false}},{"type":"Feature","geometry":{"type":"LineString","coordinates":[[-73.987497,40.7801434],[-73.9874605,40.7801906],[-73.9874368,40.7802213]]},"properties":{"kind":"sidewalk","major":false}},{"type":"Feature","geometry":{"type":"LineString","coordinates":[[-73.9857266,40.7804997],[-73.9857677,40.7804839],[-73.9858116,40.7804782],[-73.9858563,40.7804797],[-73.9859017,40.7804874],[-73.9865298,40.7807502]]},"properties":{"kind":"sidewalk","major":false}},{"type":"Feature","geometry":{"type":"LineString","coordinates":[[-73.986982,40.7808017],[-73.9870232,40.780791],[-73.9870651,40.7807802]]},"properties":{"kind":"sidewalk","major":false}},{"type":"Feature","geometry":{"type":"LineString","coordinates":[[-73.9870651,40.7807802],[-73.9871795,40.7807434],[-73.9872683,40.7807017],[-73.9873345,40.7806561],[-73.98743,40.7805682],[-73.9875282,40.7804423],[-73.9877426,40.7801596],[-73.9879093,40.7799163],[-73.9879779,40.7798115],[-73.9880399,40.7797192],[-73.9880692,40.7796633],[-73.988146,40.7795164],[-73.988254,40.779314],[-73.988374,40.7790686],[-73.9884331,40.7789324]]},"properties":{"kind":"sidewalk","major":false}},{"type":"Feature","geometry":{"type":"LineString","coordinates":[[-73.9849189,40.7790358],[-73.9848964,40.7790261],[-73.9828699,40.7781502],[-73.982296,40.777903],[-73.9822594,40.7778891]]},"properties":{"kind":"sidewalk","major":false}},{"type":"Feature","geometry":{"type":"LineString","coordinates":[[-73.9851301,40.7791227],[-73.9850132,40.7790746],[-73.9849189,40.7790358]]},"properties":{"kind":"sidewalk","major":false}},{"type":"Feature","geometry":{"type":"LineString","coordinates":[[-73.9848286,40.7791207],[-73.9848584,40.7790766],[-73.9848826,40.7790409]]},"properties":{"kind":"sidewalk","major":false}},{"type":"Feature","geometry":{"type":"LineString","coordinates":[[-73.9852641,40.7785055],[-73.9852993,40.778522]]},"properties":{"kind":"sidewalk","major":false}},{"type":"Feature","geometry":{"type":"LineString","coordinates":[[-73.9852641,40.7785055],[-73.9852967,40.7784582]]},"properties":{"kind":"sidewalk","major":false}},{"type":"Feature","geometry":{"type":"LineString","coordinates":[[-73.985515,40.7786213],[-73.9854916,40.7786081]]},"properties":{"kind":"foot","name":"","bridge":false,"len":2,"major":false}},{"type":"Feature","geometry":{"type":"LineString","coordinates":[[-73.9854916,40.7786081],[-73.9853886,40.778562],[-73.9852993,40.778522]]},"properties":{"kind":"sidewalk","major":false}},{"type":"Feature","geometry":{"type":"LineString","coordinates":[[-73.985515,40.7786213],[-73.9855294,40.7786022]]},"properties":{"kind":"foot","name":"","bridge":false,"len":2,"major":false}},{"type":"Feature","geometry":{"type":"LineString","coordinates":[[-73.985515,40.7786213],[-73.9855411,40.7786269],[-73.9869836,40.7792337],[-73.9871481,40.7793029],[-73.9878553,40.7796004]]},"properties":{"kind":"sidewalk","major":false}},{"type":"Feature","geometry":{"type":"LineString","coordinates":[[-73.9878553,40.7796004],[-73.9878637,40.7795848]]},"properties":{"kind":"sidewalk","major":false}},{"type":"Feature","geometry":{"type":"LineString","coordinates":[[-73.9878553,40.7796004],[-73.9878791,40.7796097]]},"properties":{"kind":"sidewalk","major":false}},{"type":"Feature","geometry":{"type":"LineString","coordinates":[[-73.9878791,40.7796097],[-73.9879578,40.7796318],[-73.9880343,40.7796533]]},"properties":{"kind":"sidewalk","major":false}},{"type":"Feature","geometry":{"type":"LineString","coordinates":[[-73.9880343,40.7796533],[-73.9880692,40.7796633]]},"properties":{"kind":"sidewalk","major":false}},{"type":"Feature","geometry":{"type":"LineString","coordinates":[[-73.9878553,40.7796004],[-73.9877202,40.7798272],[-73.98758,40.7800298],[-73.9875045,40.7801333]]},"properties":{"kind":"sidewalk","major":false}},{"type":"Feature","geometry":{"type":"LineString","coordinates":[[-73.988146,40.7795164],[-73.988119,40.7795071]]},"properties":{"kind":"sidewalk","major":false}},{"type":"Feature","geometry":{"type":"LineString","coordinates":[[-73.987949,40.7794391],[-73.9879603,40.7794221]]},"properties":{"kind":"sidewalk","major":false}},{"type":"Feature","geometry":{"type":"LineString","coordinates":[[-73.9879603,40.7794221],[-73.9879768,40.779429]]},"properties":{"kind":"sidewalk","major":false}},{"type":"Feature","geometry":{"type":"LineString","coordinates":[[-73.9879768,40.779429],[-73.9880461,40.7794671],[-73.988119,40.7795071]]},"properties":{"kind":"sidewalk","major":false}},{"type":"Feature","geometry":{"type":"LineString","coordinates":[[-73.9878637,40.7795848],[-73.9879024,40.7795172],[-73.987949,40.7794391]]},"properties":{"kind":"sidewalk","major":false}},{"type":"Feature","geometry":{"type":"LineString","coordinates":[[-73.9872455,40.7791388],[-73.9879603,40.7794221]]},"properties":{"kind":"sidewalk","major":false}},{"type":"Feature","geometry":{"type":"LineString","coordinates":[[-73.9879603,40.7794221],[-73.9880171,40.7793446],[-73.988056,40.7792796],[-73.9880746,40.7792486],[-73.9881002,40.7791835],[-73.9881283,40.7791171],[-73.9881435,40.779079],[-73.988197,40.7789579],[-73.988199,40.778936]]},"properties":{"kind":"sidewalk","major":false}},{"type":"Feature","geometry":{"type":"LineString","coordinates":[[-73.9872455,40.7791388],[-73.9872462,40.7791123],[-73.9874824,40.7786332]]},"properties":{"kind":"sidewalk","major":false}},{"type":"Feature","geometry":{"type":"LineString","coordinates":[[-73.988199,40.778936],[-73.9881853,40.7789228],[-73.9881654,40.7789037],[-73.9875113,40.7786319],[-73.9874824,40.7786332]]},"properties":{"kind":"sidewalk","major":false}},{"type":"Feature","geometry":{"type":"LineString","coordinates":[[-73.9874824,40.7786332],[-73.9874889,40.7786081]]},"properties":{"kind":"foot","name":"","bridge":false,"len":2,"major":false}},{"type":"Feature","geometry":{"type":"LineString","coordinates":[[-73.9881853,40.7789228],[-73.9882023,40.7789075]]},"properties":{"kind":"foot","name":"","bridge":false,"len":2,"major":false}},{"type":"Feature","geometry":{"type":"LineString","coordinates":[[-73.9882023,40.7789075],[-73.9882256,40.7788562],[-73.988245,40.7788135]]},"properties":{"kind":"sidewalk","major":false}},{"type":"Feature","geometry":{"type":"LineString","coordinates":[[-73.988245,40.7788135],[-73.988245,40.7787991]]},"properties":{"kind":"foot","name":"","bridge":false,"len":1,"major":false}},{"type":"Feature","geometry":{"type":"LineString","coordinates":[[-73.988245,40.7787991],[-73.9882225,40.7787989],[-73.9875415,40.7785127]]},"properties":{"kind":"sidewalk","major":false}},{"type":"Feature","geometry":{"type":"LineString","coordinates":[[-73.9875415,40.7785127],[-73.9875302,40.778521]]},"properties":{"kind":"foot","name":"","bridge":false,"len":1,"major":false}},{"type":"Feature","geometry":{"type":"LineString","coordinates":[[-73.9874889,40.7786081],[-73.9875125,40.7785583],[-73.9875302,40.778521]]},"properties":{"kind":"sidewalk","major":false}},{"type":"Feature","geometry":{"type":"LineString","coordinates":[[-73.988245,40.7787991],[-73.9882653,40.7787713],[-73.9884604,40.7782276]]},"properties":{"kind":"sidewalk","major":false}},{"type":"Feature","geometry":{"type":"LineString","coordinates":[[-73.9884604,40.7782276],[-73.9884809,40.7782427]]},"properties":{"kind":"foot","name":"","bridge":false,"len":2,"major":false}},{"type":"Feature","geometry":{"type":"LineString","coordinates":[[-73.9885546,40.7782691],[-73.9886496,40.7783032]]},"properties":{"kind":"sidewalk","major":false}},{"type":"Feature","geometry":{"type":"LineString","coordinates":[[-73.9884604,40.7782276],[-73.9884675,40.778207]]},"properties":{"kind":"foot","name":"","bridge":false,"len":2,"major":false}},{"type":"Feature","geometry":{"type":"LineString","coordinates":[[-73.9884604,40.7782276],[-73.9884282,40.7782049],[-73.9879887,40.7780217],[-73.9878252,40.7779536]]},"properties":{"kind":"sidewalk","major":false}},{"type":"Feature","geometry":{"type":"LineString","coordinates":[[-73.9875415,40.7785127],[-73.9877329,40.7781355],[-73.9878252,40.7779536],[-73.9878359,40.7779355]]},"properties":{"kind":"sidewalk","major":false}},{"type":"Feature","geometry":{"type":"LineString","coordinates":[[-73.9884675,40.778207],[-73.9884839,40.7781549],[-73.988501,40.7781005]]},"properties":{"kind":"sidewalk","major":false}},{"type":"Feature","geometry":{"type":"LineString","coordinates":[[-73.988501,40.7781005],[-73.9885106,40.7780751],[-73.9887226,40.7775074],[-73.9887297,40.777488]]},"properties":{"kind":"sidewalk","major":false}},{"type":"Feature","geometry":{"type":"LineString","coordinates":[[-73.9885371,40.7780853],[-73.9885106,40.7780751],[-73.9880633,40.7779024],[-73.9878882,40.7778348]]},"properties":{"kind":"sidewalk","major":false}},{"type":"Feature","geometry":{"type":"LineString","coordinates":[[-73.9886044,40.7781256],[-73.9886882,40.7781758]]},"properties":{"kind":"sidewalk","major":false}},{"type":"Feature","geometry":{"type":"LineString","coordinates":[[-73.9878882,40.7778348],[-73.9878808,40.7778467]]},"properties":{"kind":"foot","name":"","bridge":false,"len":1,"major":false}},{"type":"Feature","geometry":{"type":"LineString","coordinates":[[-73.9878359,40.7779355],[-73.9878595,40.7778888],[-73.9878808,40.7778467]]},"properties":{"kind":"sidewalk","major":false}},{"type":"Feature","geometry":{"type":"LineString","coordinates":[[-73.9884487,40.7766377],[-73.9882049,40.7771545],[-73.9881548,40.7772599],[-73.9879701,40.7776527],[-73.9878882,40.7778348]]},"properties":{"kind":"sidewalk","major":false}},{"type":"Feature","geometry":{"type":"LineString","coordinates":[[-73.9884487,40.7766377],[-73.9884234,40.7766267]]},"properties":{"kind":"sidewalk","major":false}},{"type":"Feature","geometry":{"type":"LineString","coordinates":[[-73.9884487,40.7766377],[-73.9890162,40.7768786],[-73.9890502,40.7768933]]},"properties":{"kind":"sidewalk","major":false}},{"type":"Feature","geometry":{"type":"LineString","coordinates":[[-73.9887647,40.7773991],[-73.9887742,40.7773795],[-73.9890162,40.7768786],[-73.989028,40.7768581]]},"properties":{"kind":"sidewalk","major":false}},{"type":"Feature","geometry":{"type":"LineString","coordinates":[[-73.9891935,40.7769554],[-73.9891099,40.7769192],[-73.9890502,40.7768933]]},"properties":{"kind":"sidewalk","major":false}},{"type":"Feature","geometry":{"type":"LineString","coordinates":[[-73.9882049,40.7771545],[-73.9883101,40.7771961],[-73.9884061,40.777234],[-73.9884891,40.7772668],[-73.9887742,40.7773795],[-73.988802,40.7773905]]},"properties":{"kind":"sidewalk","major":false}},{"type":"Feature","geometry":{"type":"LineString","coordinates":[[-73.9887297,40.777488],[-73.9887475,40.7774427],[-73.9887647,40.7773991]]},"properties":{"kind":"sidewalk","major":false}},{"type":"Feature","geometry":{"type":"LineString","coordinates":[[-73.9852967,40.7784582],[-73.9853181,40.7784207],[-73.9853338,40.7783931]]},"properties":{"kind":"sidewalk","major":false}},{"type":"Feature","geometry":{"type":"LineString","coordinates":[[-73.9853338,40.7783931],[-73.9853645,40.7783488],[-73.9857924,40.7777717]]},"properties":{"kind":"sidewalk","major":false}},{"type":"Feature","geometry":{"type":"LineString","coordinates":[[-73.9853645,40.7783488],[-73.9853939,40.7783593]]},"properties":{"kind":"foot","name":"","bridge":false,"len":3,"major":false}},{"type":"Feature","geometry":{"type":"LineString","coordinates":[[-73.9853939,40.7783593],[-73.9855026,40.7783996],[-73.9856459,40.7784527]]},"properties":{"kind":"sidewalk","major":false}},{"type":"Feature","geometry":{"type":"LineString","coordinates":[[-73.9856625,40.7784595],[-73.9856426,40.7784784]]},"properties":{"kind":"foot","name":"","bridge":false,"len":2,"major":false}},{"type":"Feature","geometry":{"type":"LineString","coordinates":[[-73.9855294,40.7786022],[-73.9855793,40.7785476],[-73.9856426,40.7784784]]},"properties":{"kind":"sidewalk","major":false}},{"type":"Feature","geometry":{"type":"LineString","coordinates":[[-73.9856459,40.7784527],[-73.9856625,40.7784595]]},"properties":{"kind":"foot","name":"","bridge":false,"len":2,"major":false}},{"type":"Feature","geometry":{"type":"LineString","coordinates":[[-73.987038,40.7790384],[-73.9865628,40.7788384],[-73.9860289,40.7786137],[-73.9856625,40.7784595]]},"properties":{"kind":"sidewalk","major":false}},{"type":"Feature","geometry":{"type":"LineString","coordinates":[[-73.9880343,40.7770443],[-73.987884,40.777311],[-73.9877349,40.7776288],[-73.9876824,40.7777403],[-73.9876591,40.7777739],[-73.9875805,40.77794],[-73.9875483,40.7780269],[-73.9875259,40.7780867],[-73.9870657,40.779046],[-73.987038,40.7790384]]},"properties":{"kind":"sidewalk","major":false}},{"type":"Feature","geometry":{"type":"LineString","coordinates":[[-73.9882832,40.7765662],[-73.9882966,40.776572]]},"properties":{"kind":"sidewalk","major":false}},{"type":"Feature","geometry":{"type":"LineString","coordinates":[[-73.9882966,40.776572],[-73.9883512,40.7765956],[-73.9884234,40.7766267]]},"properties":{"kind":"sidewalk","major":false}},{"type":"Feature","geometry":{"type":"LineString","coordinates":[[-73.9891428,40.776727],[-73.9891184,40.7767166],[-73.9874397,40.7759972]]},"properties":{"kind":"sidewalk","major":false}},{"type":"Feature","geometry":{"type":"LineString","coordinates":[[-73.9891024,40.7767402],[-73.9891184,40.7767166],[-73.9894725,40.7761877],[-73.9894814,40.7761744]]},"properties":{"kind":"sidewalk","major":false}},{"type":"Feature","geometry":{"type":"LineString","coordinates":[[-73.9891024,40.7767402],[-73.9890666,40.7767969],[-73.989028,40.7768581]]},"properties":{"kind":"sidewalk","major":false}},{"type":"Feature","geometry":{"type":"LineString","coordinates":[[-73.9892893,40.7767816],[-73.989212,40.7767528],[-73.9891428,40.776727]]},"properties":{"kind":"sidewalk","major":false}},{"type":"Feature","geometry":{"type":"LineString","coordinates":[[-73.9894725,40.7761877],[-73.9894976,40.7761992]]},"properties":{"kind":"sidewalk","major":false}},{"type":"Feature","geometry":{"type":"LineString","coordinates":[[-73.9894976,40.7761992],[-73.9895681,40.7762279],[-73.989658,40.7762644]]},"properties":{"kind":"sidewalk","major":false}},{"type":"Feature","geometry":{"type":"LineString","coordinates":[[-73.9894814,40.7761744],[-73.9895175,40.7761332],[-73.989548,40.7760984]]},"properties":{"kind":"sidewalk","major":false}},{"type":"Feature","geometry":{"type":"LineString","coordinates":[[-73.989548,40.7760984],[-73.9895636,40.7760817],[-73.989982,40.7755996],[-73.9899889,40.7755799]]},"properties":{"kind":"sidewalk","major":false}},{"type":"Feature","geometry":{"type":"LineString","coordinates":[[-73.9895636,40.7760817],[-73.989587,40.7760905]]},"properties":{"kind":"sidewalk","major":false}},{"type":"Feature","geometry":{"type":"LineString","coordinates":[[-73.989587,40.7760905],[-73.9896564,40.7761174],[-73.9897422,40.7761507]]},"properties":{"kind":"sidewalk","major":false}},{"type":"Feature","geometry":{"type":"LineString","coordinates":[[-73.9897636,40.7761719],[-73.9897422,40.7761507]]},"properties":{"kind":"sidewalk","major":false}},{"type":"Feature","geometry":{"type":"LineString","coordinates":[[-73.9921324,40.7740661],[-73.9919475,40.7742133],[-73.9917885,40.7743382],[-73.991596,40.7744956],[-73.9915634,40.7745223],[-73.991469,40.7746],[-73.9913273,40.7747165],[-73.9910982,40.7748982],[-73.9909383,40.7750312],[-73.9908303,40.775121],[-73.9907698,40.7751721],[-73.9904692,40.7754262],[-73.9903121,40.7755735],[-73.9903068,40.775579],[-73.9902015,40.7756885],[-73.9899978,40.7759004],[-73.9898715,40.7760397],[-73.9897636,40.7761719],[-73.9896877,40.7762685],[-73.9894381,40.7766092],[-73.9893722,40.7767043],[-73.989326,40.7767957],[-73.9892292,40.7769709],[-73.9892034,40.7770126],[-73.9891042,40.7771866],[-73.989009,40.7773896],[-73.9889746,40.7774721],[-73.9889296,40.7775799],[-73.9888562,40.7777678],[-73.988802,40.7779382],[-73.9887125,40.7782063],[-73.988666,40.7783008]]},"properties":{"kind":"sidewalk","major":false}},{"type":"Feature","geometry":{"type":"LineString","coordinates":[[-73.987171,40.7758915],[-73.9872009,40.7758518],[-73.987537,40.7753788]]},"properties":{"kind":"sidewalk","major":false}},{"type":"Feature","geometry":{"type":"LineString","coordinates":[[-73.987537,40.7753788],[-73.9875586,40.7753956]]},"properties":{"kind":"sidewalk","major":false}},{"type":"Feature","geometry":{"type":"LineString","coordinates":[[-73.987537,40.7753788],[-73.9875465,40.7753625]]},"properties":{"kind":"sidewalk","major":false}},{"type":"Feature","geometry":{"type":"LineString","coordinates":[[-73.9874397,40.7759972],[-73.9876013,40.7757756],[-73.987745,40.7755823],[-73.9878022,40.7755089],[-73.9878189,40.7754862],[-73.987858,40.7754324],[-73.9878947,40.7753806],[-73.987904,40.7753678],[-73.9882662,40.7748698],[-73.988279,40.7748522]]},"properties":{"kind":"sidewalk","major":false}},{"type":"Feature","geometry":{"type":"LineString","coordinates":[[-73.9878022,40.7755089],[-73.9877828,40.7754988]]},"properties":{"kind":"sidewalk","major":false}},{"type":"Feature","geometry":{"type":"LineString","coordinates":[[-73.9877828,40.7754988],[-73.9876616,40.7754439],[-73.9875586,40.7753956]]},"properties":{"kind":"sidewalk","major":false}},{"type":"Feature","geometry":{"type":"LineString","coordinates":[[-73.987904,40.7753678],[-73.9878871,40.7753587]]},"properties":{"kind":"sidewalk","major":false}},{"type":"Feature","geometry":{"type":"LineString","coordinates":[[-73.9875465,40.7753625],[-73.9875786,40.7753178],[-73.9876117,40.7752717]]},"properties":{"kind":"sidewalk","major":false}},{"type":"Feature","geometry":{"type":"LineString","coordinates":[[-73.9876117,40.7752717],[-73.9876252,40.775254],[-73.9879917,40.7747556],[-73.9880059,40.7747369]]},"properties":{"kind":"sidewalk","major":false}},{"type":"Feature","geometry":{"type":"LineString","coordinates":[[-73.9850343,40.7741361],[-73.9850636,40.7741575],[-73.9876252,40.775254],[-73.98765,40.7752643]]},"properties":{"kind":"sidewalk","major":false}},{"type":"Feature","geometry":{"type":"LineString","coordinates":[[-73.98765,40.7752643],[-73.98776,40.7753081],[-73.9878871,40.7753587]]},"properties":{"kind":"sidewalk","major":false}},{"type":"Feature","geometry":{"type":"LineString","coordinates":[[-73.9877741,40.7746618],[-73.9879917,40.7747556],[-73.9880121,40.7747635]]},"properties":{"kind":"sidewalk","major":false}},{"type":"Feature","geometry":{"type":"LineString","coordinates":[[-73.9882662,40.7748698],[-73.9882444,40.7748571]]},"properties":{"kind":"sidewalk","major":false}},{"type":"Feature","geometry":{"type":"LineString","coordinates":[[-73.9880121,40.7747635],[-73.9881228,40.7748081],[-73.9882444,40.7748571]]},"properties":{"kind":"sidewalk","major":false}},{"type":"Feature","geometry":{"type":"LineString","coordinates":[[-73.9853978,40.7736366],[-73.9854343,40.7736521],[-73.9876604,40.7746128]]},"properties":{"kind":"sidewalk","major":false}},{"type":"Feature","geometry":{"type":"LineString","coordinates":[[-73.9880059,40.7747369],[-73.9880423,40.7746861],[-73.9880668,40.7746519]]},"properties":{"kind":"sidewalk","major":false}},{"type":"Feature","geometry":{"type":"LineString","coordinates":[[-73.9880668,40.7746519],[-73.9880779,40.7746357],[-73.9880991,40.7746078],[-73.9884496,40.7741233],[-73.9884651,40.7741035]]},"properties":{"kind":"sidewalk","major":false}},{"type":"Feature","geometry":{"type":"LineString","coordinates":[[-73.986048,40.7737815],[-73.9880779,40.7746357],[-73.9881026,40.7746462]]},"properties":{"kind":"sidewalk","major":false}},{"type":"Feature","geometry":{"type":"LineString","coordinates":[[-73.9881026,40.7746462],[-73.9882104,40.7746889],[-73.9883278,40.7747354]]},"properties":{"kind":"sidewalk","major":false}},{"type":"Feature","geometry":{"type":"LineString","coordinates":[[-73.9883278,40.7747354],[-73.9883505,40.7747447]]},"properties":{"kind":"sidewalk","major":false}},{"type":"Feature","geometry":{"type":"LineString","coordinates":[[-73.988279,40.7748522],[-73.9883136,40.7748031],[-73.9883388,40.7747673]]},"properties":{"kind":"sidewalk","major":false}},{"type":"Feature","geometry":{"type":"LineString","coordinates":[[-73.9883388,40.7747673],[-73.9883505,40.7747447],[-73.9883641,40.7747265],[-73.9885438,40.774486],[-73.9887175,40.7742534],[-73.9887343,40.774233]]},"properties":{"kind":"sidewalk","major":false}},{"type":"Feature","geometry":{"type":"LineString","coordinates":[[-73.9854888,40.7735443],[-73.9855056,40.7735523],[-73.986048,40.7737815]]},"properties":{"kind":"sidewalk","major":false}},{"type":"Feature","geometry":{"type":"LineString","coordinates":[[-73.9877741,40.7746618],[-73.9877167,40.774638],[-73.9876604,40.7746128]]},"properties":{"kind":"sidewalk","major":false}},{"type":"Feature","geometry":{"type":"LineString","coordinates":[[-73.98280815138692,40.77420103677252],[-73.9842425,40.7748001],[-73.9842752,40.7748255]]},"properties":{"kind":"sidewalk","major":false}},{"type":"Feature","geometry":{"type":"LineString","coordinates":[[-73.9843673,40.7747033],[-73.9843269,40.7746868],[-73.9836352,40.774404],[-73.98289149526147,40.77408688731961]]},"properties":{"kind":"sidewalk","major":false}},{"type":"Feature","geometry":{"type":"LineString","coordinates":[[-73.9832669146723,40.773572705316596],[-73.9833621,40.7736123],[-73.9840109,40.7738855],[-73.9846995,40.7741751],[-73.9847385,40.7741936]]},"properties":{"kind":"sidewalk","major":false}},{"type":"Feature","geometry":{"type":"LineString","coordinates":[[-73.9833621,40.7736123],[-73.9833818,40.7735932]]},"properties":{"kind":"sidewalk","major":false}},{"type":"Feature","geometry":{"type":"LineString","coordinates":[[-73.9833818,40.7735932],[-73.9834219,40.7735509],[-73.9834667,40.773503]]},"properties":{"kind":"sidewalk","major":false}},{"type":"Feature","geometry":{"type":"LineString","coordinates":[[-73.9847931,40.774037],[-73.9837273,40.7735914],[-73.9834811,40.7734884],[-73.9833647795256,40.773438667638096]]},"properties":{"kind":"sidewalk","major":false}},{"type":"Feature","geometry":{"type":"LineString","coordinates":[[-73.9838699,40.7753162],[-73.98243483497671,40.774712338463445]]},"properties":{"kind":"sidewalk","major":false}},{"type":"Feature","geometry":{"type":"LineString","coordinates":[[-73.98234903207849,40.774829855844814],[-73.9823885,40.7748473]]},"properties":{"kind":"sidewalk","major":false}},{"type":"Feature","geometry":{"type":"LineString","coordinates":[[-73.9823885,40.7748473],[-73.9824181,40.7748565],[-73.9834118,40.7752735],[-73.983465,40.7752958],[-73.9837847,40.77543]]},"properties":{"kind":"sidewalk","major":false}},{"type":"Feature","geometry":{"type":"LineString","coordinates":[[-73.9824241,40.7748348],[-73.9824247,40.7747754],[-73.9824251,40.7747348]]},"properties":{"kind":"sidewalk","major":false}},{"type":"Feature","geometry":{"type":"LineString","coordinates":[[-73.9838699,40.7753162],[-73.9839121,40.7753319]]},"properties":{"kind":"sidewalk","major":false}},{"type":"Feature","geometry":{"type":"LineString","coordinates":[[-73.9840652,40.7754865],[-73.9840891,40.7754936]]},"properties":{"kind":"sidewalk","major":false}},{"type":"Feature","geometry":{"type":"LineString","coordinates":[[-73.9841157,40.7754175],[-73.9841389,40.7754258]]},"properties":{"kind":"sidewalk","major":false}},{"type":"Feature","geometry":{"type":"LineString","coordinates":[[-73.9838015,40.7754076],[-73.9837847,40.77543]]},"properties":{"kind":"sidewalk","major":false}},{"type":"Feature","geometry":{"type":"LineString","coordinates":[[-73.9837847,40.77543],[-73.9838247,40.7754379]]},"properties":{"kind":"sidewalk","major":false}},{"type":"Feature","geometry":{"type":"LineString","coordinates":[[-73.9822108,40.7754303],[-73.9821376,40.775402]]},"properties":{"kind":"foot","name":"","bridge":false,"len":7,"major":false}},{"type":"Feature","geometry":{"type":"LineString","coordinates":[[-73.9821376,40.775402],[-73.9820715,40.7753736],[-73.9819852,40.7753366]]},"properties":{"kind":"sidewalk","major":false}},{"type":"Feature","geometry":{"type":"LineString","coordinates":[[-73.9819852,40.7753366],[-73.98198054698392,40.7753345404683]]},"properties":{"kind":"sidewalk","major":false}},{"type":"Feature","geometry":{"type":"LineString","coordinates":[[-73.98195586405846,40.775368346701235],[-73.9819522,40.775403],[-73.9819475,40.7754469]]},"properties":{"kind":"sidewalk","major":false}},{"type":"Feature","geometry":{"type":"LineString","coordinates":[[-73.9819475,40.7754469],[-73.9819468,40.7754696]]},"properties":{"kind":"sidewalk","major":false}},{"type":"Feature","geometry":{"type":"LineString","coordinates":[[-73.9819468,40.7754696],[-73.9819894,40.7754898]]},"properties":{"kind":"sidewalk","major":false}},{"type":"Feature","geometry":{"type":"LineString","coordinates":[[-73.9819894,40.7754898],[-73.9820639,40.7755235],[-73.9821313,40.7755558]]},"properties":{"kind":"sidewalk","major":false}},{"type":"Feature","geometry":{"type":"LineString","coordinates":[[-73.9821313,40.7755558],[-73.982208,40.7755873]]},"properties":{"kind":"foot","name":"","bridge":false,"len":7,"major":false}},{"type":"Feature","geometry":{"type":"LineString","coordinates":[[-73.982208,40.7755873],[-73.9822572,40.7756088],[-73.9823578,40.7756493]]},"properties":{"kind":"sidewalk","major":false}},{"type":"Feature","geometry":{"type":"LineString","coordinates":[[-73.9823578,40.7756493],[-73.9823929,40.7756638]]},"properties":{"kind":"sidewalk","major":false}},{"type":"Feature","geometry":{"type":"LineString","coordinates":[[-73.9823929,40.7756638],[-73.9823931,40.7756423]]},"properties":{"kind":"sidewalk","major":false}},{"type":"Feature","geometry":{"type":"LineString","coordinates":[[-73.9823931,40.7756423],[-73.9823937,40.7755854],[-73.9823942,40.7755298]]},"properties":{"kind":"sidewalk","major":false}},{"type":"Feature","geometry":{"type":"LineString","coordinates":[[-73.9823942,40.7755298],[-73.9823944,40.7755074]]},"properties":{"kind":"sidewalk","major":false}},{"type":"Feature","geometry":{"type":"LineString","coordinates":[[-73.9823944,40.7755074],[-73.9823576,40.7754936]]},"properties":{"kind":"sidewalk","major":false}},{"type":"Feature","geometry":{"type":"LineString","coordinates":[[-73.9819184,40.7762522],[-73.9819176,40.7762664],[-73.9819165,40.7762851]]},"properties":{"kind":"sidewalk","major":false}},{"type":"Feature","geometry":{"type":"LineString","coordinates":[[-73.9819165,40.7762851],[-73.9819504,40.7763]]},"properties":{"kind":"foot","name":"","bridge":false,"len":3,"major":false}},{"type":"Feature","geometry":{"type":"LineString","coordinates":[[-73.9819504,40.7763],[-73.9820291,40.7763345],[-73.9820975,40.7763645]]},"properties":{"kind":"sidewalk","major":false}},{"type":"Feature","geometry":{"type":"LineString","coordinates":[[-73.9820975,40.7763645],[-73.9821675,40.7763952]]},"properties":{"kind":"sidewalk","major":false}},{"type":"Feature","geometry":{"type":"LineString","coordinates":[[-73.9821675,40.7763952],[-73.9822287,40.776422],[-73.9823307,40.7764668]]},"properties":{"kind":"sidewalk","major":false}},{"type":"Feature","geometry":{"type":"LineString","coordinates":[[-73.9823307,40.7764668],[-73.9823652,40.7764819]]},"properties":{"kind":"sidewalk","major":false}},{"type":"Feature","geometry":{"type":"LineString","coordinates":[[-73.9823652,40.7764819],[-73.982368,40.7764531]]},"properties":{"kind":"sidewalk","major":false}},{"type":"Feature","geometry":{"type":"LineString","coordinates":[[-73.982368,40.7764531],[-73.9823631,40.7763909],[-73.9823592,40.7763406]]},"properties":{"kind":"sidewalk","major":false}},{"type":"Feature","geometry":{"type":"LineString","coordinates":[[-73.9823592,40.7763406],[-73.9823578,40.7763158]]},"properties":{"kind":"sidewalk","major":false}},{"type":"Feature","geometry":{"type":"LineString","coordinates":[[-73.9823578,40.7763158],[-73.9823217,40.7763029]]},"properties":{"kind":"sidewalk","major":false}},{"type":"Feature","geometry":{"type":"LineString","coordinates":[[-73.9823217,40.7763029],[-73.9822258,40.7762603],[-73.9821779,40.776239]]},"properties":{"kind":"sidewalk","major":false}},{"type":"Feature","geometry":{"type":"LineString","coordinates":[[-73.9821779,40.776239],[-73.9821049,40.7762076]]},"properties":{"kind":"sidewalk","major":false}},{"type":"Feature","geometry":{"type":"LineString","coordinates":[[-73.9821049,40.7762076],[-73.9820416,40.7761812],[-73.9819562,40.7761456]]},"properties":{"kind":"sidewalk","major":false}},{"type":"Feature","geometry":{"type":"LineString","coordinates":[[-73.9819173,40.7761282],[-73.9819154,40.7761546]]},"properties":{"kind":"sidewalk","major":false}},{"type":"Feature","geometry":{"type":"LineString","coordinates":[[-73.9819562,40.7761456],[-73.9819173,40.7761282]]},"properties":{"kind":"sidewalk","major":false}},{"type":"Feature","geometry":{"type":"LineString","coordinates":[[-73.9823929,40.7756638],[-73.9828071,40.775838],[-73.9829664,40.7759035],[-73.9830754,40.7759483],[-73.9833353,40.7760559]]},"properties":{"kind":"sidewalk","major":false}},{"type":"Feature","geometry":{"type":"LineString","coordinates":[[-73.9823944,40.7755074],[-73.9830421,40.7757816],[-73.9831001,40.7758058],[-73.983418,40.7759408]]},"properties":{"kind":"sidewalk","major":false}},{"type":"Feature","geometry":{"type":"LineString","coordinates":[[-73.9833478,40.7760384],[-73.9833353,40.7760559]]},"properties":{"kind":"sidewalk","major":false}},{"type":"Feature","geometry":{"type":"LineString","coordinates":[[-73.9833353,40.7760559],[-73.9833695,40.7760696]]},"properties":{"kind":"sidewalk","major":false}},{"type":"Feature","geometry":{"type":"LineString","coordinates":[[-73.983418,40.7759408],[-73.9834002,40.7759655]]},"properties":{"kind":"sidewalk","major":false}},{"type":"Feature","geometry":{"type":"LineString","coordinates":[[-73.983418,40.7759408],[-73.9834554,40.7759566]]},"properties":{"kind":"sidewalk","major":false}},{"type":"Feature","geometry":{"type":"LineString","coordinates":[[-73.9836579,40.7760424],[-73.9836792,40.7760514]]},"properties":{"kind":"sidewalk","major":false}},{"type":"Feature","geometry":{"type":"LineString","coordinates":[[-73.9835752,40.7761579],[-73.9835956,40.7761652]]},"properties":{"kind":"sidewalk","major":false}},{"type":"Feature","geometry":{"type":"LineString","coordinates":[[-73.9893412,40.7760616],[-73.9891025,40.77596],[-73.9890914,40.7759553]]},"properties":{"kind":"foot","name":"West 65th Street","bridge":false,"len":23,"major":true}},{"type":"Feature","geometry":{"type":"LineString","coordinates":[[-73.9743165,40.7914878],[-73.9742489,40.7914604],[-73.9740676,40.7913848],[-73.9739972,40.7913553]]},"properties":{"kind":"sidewalk","major":false}},{"type":"Feature","geometry":{"type":"LineString","coordinates":[[-73.9725535,40.790896],[-73.9726399,40.7909319],[-73.9727471,40.7909757]]},"properties":{"kind":"sidewalk","major":false}},{"type":"Feature","geometry":{"type":"LineString","coordinates":[[-73.9730481,40.7901613],[-73.9730245,40.7901931],[-73.972996,40.790232]]},"properties":{"kind":"sidewalk","major":false}},{"type":"Feature","geometry":{"type":"LineString","coordinates":[[-73.9746913,40.7909759],[-73.9746251,40.7909484],[-73.9744456,40.790874],[-73.9743671,40.7908414]]},"properties":{"kind":"sidewalk","major":false}},{"type":"Feature","geometry":{"type":"LineString","coordinates":[[-73.9714622,40.7927475],[-73.9713634,40.7927043],[-73.9712628,40.7926603]]},"properties":{"kind":"sidewalk","major":false}},{"type":"Feature","geometry":{"type":"LineString","coordinates":[[-73.9810144,40.7844153],[-73.9810985,40.7844501],[-73.9811944,40.7844894]]},"properties":{"kind":"sidewalk","major":false}},{"type":"Feature","geometry":{"type":"LineString","coordinates":[[-73.98189712254803,40.775448800259646],[-73.9819468,40.7754696]]},"properties":{"kind":"sidewalk","major":false}},{"type":"Feature","geometry":{"type":"LineString","coordinates":[[-73.9493656,40.8342103],[-73.9493166,40.8342798],[-73.9492843,40.8343351],[-73.9492736,40.8343533],[-73.9492453,40.8344305],[-73.9492067,40.834551],[-73.9491967,40.8345823],[-73.94913473335407,40.834791668945016]]},"properties":{"kind":"sidewalk","major":false}},{"type":"Feature","geometry":{"type":"LineString","coordinates":[[-73.9489019,40.8345046],[-73.948903,40.8345398],[-73.9488981,40.8345727],[-73.9488864,40.8346268],[-73.94887107328267,40.83468051349568]]},"properties":{"kind":"sidewalk","major":false}},{"type":"Feature","geometry":{"type":"LineString","coordinates":[[-73.9495201,40.8345061],[-73.9494636,40.8346976],[-73.94939811386463,40.83490270653536]]},"properties":{"kind":"sidewalk","major":false}},{"type":"Feature","geometry":{"type":"LineString","coordinates":[[-73.9490172,40.8342272],[-73.9490719,40.8341805],[-73.9491697,40.834051]]},"properties":{"kind":"sidewalk","major":false}},{"type":"Feature","geometry":{"type":"LineString","coordinates":[[-73.9489019,40.8345046],[-73.9489496,40.8343897],[-73.9489874,40.8342989],[-73.9490172,40.8342272]]},"properties":{"kind":"sidewalk","major":false}},{"type":"Feature","geometry":{"type":"LineString","coordinates":[[-73.9834514,40.7878163],[-73.9834526,40.787855],[-73.9834424,40.7879452],[-73.9834244,40.7880151],[-73.9833885,40.7881019],[-73.9833255,40.7882203],[-73.983239,40.788345]]},"properties":{"kind":"cycle","name":"Hudson River Greenway","bridge":false,"len":49,"major":true}},{"type":"Feature","geometry":{"type":"LineString","coordinates":[[-73.9852047,40.7856863],[-73.9850746,40.7858595],[-73.9850537,40.7858899],[-73.9850072,40.7859585],[-73.984941,40.786056],[-73.984897,40.7861208],[-73.9848212,40.7862305],[-73.9846219,40.7865193],[-73.9844674,40.786741],[-73.9839303,40.7875084],[-73.9832829,40.7884697]]},"properties":{"kind":"cycle","name":"Riverside Walk","bridge":false,"len":288,"major":true}},{"type":"Feature","geometry":{"type":"LineString","coordinates":[[-73.97583707285106,40.783748766648465],[-73.9772807,40.7843654],[-73.977336,40.7843883]]},"properties":{"kind":"sidewalk","major":false}},{"type":"Feature","geometry":{"type":"LineString","coordinates":[[-73.9772686,40.784382],[-73.9772404,40.7844208],[-73.9772112,40.7844609]]},"properties":{"kind":"sidewalk","major":false}},{"type":"Feature","geometry":{"type":"LineString","coordinates":[[-73.977336,40.7843883],[-73.977396,40.7844124],[-73.9775026,40.7844552]]},"properties":{"kind":"sidewalk","major":false}},{"type":"Feature","geometry":{"type":"LineString","coordinates":[[-73.9775199,40.7844886],[-73.9774897,40.7845269],[-73.9774611,40.7845633]]},"properties":{"kind":"sidewalk","major":false}},{"type":"Feature","geometry":{"type":"LineString","coordinates":[[-73.9774186,40.7845711],[-73.9773109,40.7845276],[-73.9772718,40.7845077],[-73.977251,40.7845045]]},"properties":{"kind":"sidewalk","major":false}},{"type":"Feature","geometry":{"type":"LineString","coordinates":[[-73.9768129,40.7850179],[-73.9768225,40.7850045],[-73.9771968,40.7844809],[-73.9772112,40.7844609]]},"properties":{"kind":"sidewalk","major":false}},{"type":"Feature","geometry":{"type":"LineString","coordinates":[[-73.977251,40.7845045],[-73.9772259,40.7844906],[-73.9771968,40.7844809],[-73.97574759203196,40.78387132138449]]},"properties":{"kind":"sidewalk","major":false}},{"type":"Feature","geometry":{"type":"LineString","coordinates":[[-73.9775199,40.7844886],[-73.9775345,40.7844686],[-73.9779108,40.7839488],[-73.9779264,40.7839272]]},"properties":{"kind":"sidewalk","major":false}},{"type":"Feature","geometry":{"type":"LineString","coordinates":[[-73.9778857,40.7839382],[-73.9779108,40.7839488],[-73.9792329,40.7845064],[-73.979276,40.7845245]]},"properties":{"kind":"sidewalk","major":false}},{"type":"Feature","geometry":{"type":"LineString","coordinates":[[-73.9778857,40.7839382],[-73.9777779,40.783893],[-73.9776894,40.7838559]]},"properties":{"kind":"sidewalk","major":false}},{"type":"Feature","geometry":{"type":"LineString","coordinates":[[-73.9779264,40.7839272],[-73.9779614,40.7838846],[-73.9779847,40.7838562]]},"properties":{"kind":"sidewalk","major":false}},{"type":"Feature","geometry":{"type":"LineString","coordinates":[[-73.977764,40.7837346],[-73.9778629,40.7837777],[-73.977966,40.7838226]]},"properties":{"kind":"sidewalk","major":false}},{"type":"Feature","geometry":{"type":"LineString","coordinates":[[-73.9788924,40.7850387],[-73.9788527,40.7850221],[-73.9775345,40.7844686],[-73.9775026,40.7844552]]},"properties":{"kind":"sidewalk","major":false}},{"type":"Feature","geometry":{"type":"LineString","coordinates":[[-73.9792498,40.7844834],[-73.9792832,40.7844428],[-73.979307,40.7844138]]},"properties":{"kind":"sidewalk","major":false}},{"type":"Feature","geometry":{"type":"LineString","coordinates":[[-73.9796533,40.7846538],[-73.9796837,40.7846117],[-73.9797033,40.7845845]]},"properties":{"kind":"sidewalk","major":false}},{"type":"Feature","geometry":{"type":"LineString","coordinates":[[-73.9806081,40.7849387],[-73.9805838,40.7849284],[-73.9797192,40.784563],[-73.9796667,40.7845408]]},"properties":{"kind":"sidewalk","major":false}},{"type":"Feature","geometry":{"type":"LineString","coordinates":[[-73.9796667,40.7845408],[-73.9796193,40.7845198],[-73.9794213,40.7844321],[-73.9793648,40.7844071]]},"properties":{"kind":"sidewalk","major":false}},{"type":"Feature","geometry":{"type":"LineString","coordinates":[[-73.9793648,40.7844071],[-73.9793246,40.7843904],[-73.9779992,40.7838365],[-73.977966,40.7838226]]},"properties":{"kind":"sidewalk","major":false}},{"type":"Feature","geometry":{"type":"LineString","coordinates":[[-73.9787802,40.785115],[-73.9788082,40.7850795],[-73.9788338,40.7850471]]},"properties":{"kind":"sidewalk","major":false}},{"type":"Feature","geometry":{"type":"LineString","coordinates":[[-73.9791815,40.7852832],[-73.9792086,40.7852494],[-73.9792353,40.7852162]]},"properties":{"kind":"sidewalk","major":false}},{"type":"Feature","geometry":{"type":"LineString","coordinates":[[-73.9792174,40.7851663],[-73.9791635,40.7851451],[-73.9790829,40.7851135]]},"properties":{"kind":"sidewalk","major":false}},{"type":"Feature","geometry":{"type":"LineString","coordinates":[[-73.9774186,40.7845711],[-73.977447,40.7845831],[-73.9787632,40.7851384],[-73.9788116,40.7851589]]},"properties":{"kind":"sidewalk","major":false}},{"type":"Feature","geometry":{"type":"LineString","coordinates":[[-73.9774611,40.7845633],[-73.977447,40.7845831],[-73.9770709,40.785105],[-73.9770578,40.7851232]]},"properties":{"kind":"sidewalk","major":false}},{"type":"Feature","geometry":{"type":"LineString","coordinates":[[-73.97822011337269,40.78048490624768],[-73.9796688,40.7810973],[-73.9796939,40.7811073]]},"properties":{"kind":"sidewalk","major":false}},{"type":"Feature","geometry":{"type":"LineString","coordinates":[[-73.9808885,40.78163],[-73.9808701,40.7816706],[-73.9808516,40.7817115]]},"properties":{"kind":"sidewalk","major":false}},{"type":"Feature","geometry":{"type":"LineString","coordinates":[[-73.9809216,40.7816207],[-73.9810047,40.7816571],[-73.9811976,40.7817416],[-73.9812557,40.781767]]},"properties":{"kind":"sidewalk","major":false}},{"type":"Feature","geometry":{"type":"LineString","coordinates":[[-73.9825055,40.7822953],[-73.9812882,40.7817807],[-73.9812557,40.781767]]},"properties":{"kind":"sidewalk","major":false}},{"type":"Feature","geometry":{"type":"LineString","coordinates":[[-73.9812802,40.781803],[-73.9812701,40.781843],[-73.9812583,40.7818896]]},"properties":{"kind":"sidewalk","major":false}},{"type":"Feature","geometry":{"type":"LineString","coordinates":[[-73.9812194,40.781897],[-73.9812513,40.7819102],[-73.9824288,40.7823988]]},"properties":{"kind":"sidewalk","major":false}},{"type":"Feature","geometry":{"type":"LineString","coordinates":[[-73.9825055,40.7822953],[-73.982884,40.7817695],[-73.9828999,40.7817475]]},"properties":{"kind":"sidewalk","major":false}},{"type":"Feature","geometry":{"type":"LineString","coordinates":[[-73.9829214,40.7817853],[-73.982884,40.7817695],[-73.9815012,40.7811851],[-73.9814678,40.7811713]]},"properties":{"kind":"sidewalk","major":false}},{"type":"Feature","geometry":{"type":"LineString","coordinates":[[-73.9815091,40.7811619],[-73.9815189,40.7811193],[-73.981529,40.7810755]]},"properties":{"kind":"sidewalk","major":false}},{"type":"Feature","geometry":{"type":"LineString","coordinates":[[-73.9810971,40.7809961],[-73.9811098,40.780948],[-73.9811237,40.7808957]]},"properties":{"kind":"sidewalk","major":false}},{"type":"Feature","geometry":{"type":"LineString","coordinates":[[-73.9811598,40.7808946],[-73.9812303,40.7809244],[-73.9812986,40.7809533]]},"properties":{"kind":"sidewalk","major":false}},{"type":"Feature","geometry":{"type":"LineString","coordinates":[[-73.9830029,40.7816714],[-73.9829697,40.7816574],[-73.9815351,40.7810533],[-73.9815049,40.7810403]]},"properties":{"kind":"sidewalk","major":false}},{"type":"Feature","geometry":{"type":"LineString","coordinates":[[-73.9824288,40.7823988],[-73.9820615,40.7829198]]},"properties":{"kind":"sidewalk","major":false}},{"type":"Feature","geometry":{"type":"LineString","coordinates":[[-73.9820615,40.7829198],[-73.9810454,40.7825036],[-73.98101,40.7824896]]},"properties":{"kind":"sidewalk","major":false}},{"type":"Feature","geometry":{"type":"LineString","coordinates":[[-73.9806319,40.7823532],[-73.9806155,40.7824058],[-73.980604,40.782443]]},"properties":{"kind":"sidewalk","major":false}},{"type":"Feature","geometry":{"type":"LineString","coordinates":[[-73.9806283,40.7824818],[-73.9807026,40.7825123],[-73.9808874,40.7825881],[-73.9809612,40.7826184]]},"properties":{"kind":"sidewalk","major":false}},{"type":"Feature","geometry":{"type":"LineString","coordinates":[[-73.9809612,40.7826184],[-73.9809888,40.7826297],[-73.9819725,40.7830334]]},"properties":{"kind":"sidewalk","major":false}},{"type":"Feature","geometry":{"type":"LineString","coordinates":[[-73.981,40.7826067],[-73.9810146,40.7825777],[-73.9810378,40.7825244]]},"properties":{"kind":"sidewalk","major":false}},{"type":"Feature","geometry":{"type":"LineString","coordinates":[[-73.9819725,40.7830334],[-73.9815839,40.7835659],[-73.9815733,40.7835805]]},"properties":{"kind":"sidewalk","major":false}},{"type":"Feature","geometry":{"type":"LineString","coordinates":[[-73.981602,40.7835736],[-73.9815839,40.7835659],[-73.9807157,40.7831928],[-73.9806593,40.7831686]]},"properties":{"kind":"sidewalk","major":false}},{"type":"Feature","geometry":{"type":"LineString","coordinates":[[-73.9815733,40.7835805],[-73.9815477,40.7836155],[-73.9815199,40.7836537]]},"properties":{"kind":"sidewalk","major":false}},{"type":"Feature","geometry":{"type":"LineString","coordinates":[[-73.9815199,40.7836537],[-73.9815061,40.7836725],[-73.9811012,40.7842035],[-73.9810876,40.7842222]]},"properties":{"kind":"sidewalk","major":false}},{"type":"Feature","geometry":{"type":"LineString","coordinates":[[-73.9815306,40.7836827],[-73.9815061,40.7836725],[-73.9806521,40.7833163],[-73.9806139,40.7833023]]},"properties":{"kind":"sidewalk","major":false}},{"type":"Feature","geometry":{"type":"LineString","coordinates":[[-73.9803049,40.7830514],[-73.9802919,40.7830856],[-73.9802652,40.7831331]]},"properties":{"kind":"sidewalk","major":false}},{"type":"Feature","geometry":{"type":"LineString","coordinates":[[-73.9807039,40.7832171],[-73.9806896,40.7832529],[-73.9806682,40.7832964]]},"properties":{"kind":"sidewalk","major":false}},{"type":"Feature","geometry":{"type":"LineString","coordinates":[[-73.9806593,40.7831686],[-73.9806103,40.7831487],[-73.9804202,40.7830717],[-73.9803468,40.7830419]]},"properties":{"kind":"sidewalk","major":false}},{"type":"Feature","geometry":{"type":"LineString","coordinates":[[-73.981602,40.7835736],[-73.9817098,40.783614],[-73.981787,40.7836429]]},"properties":{"kind":"sidewalk","major":false}},{"type":"Feature","geometry":{"type":"LineString","coordinates":[[-73.9815306,40.7836827],[-73.9816267,40.7837252],[-73.9817264,40.7837692]]},"properties":{"kind":"sidewalk","major":false}},{"type":"Feature","geometry":{"type":"LineString","coordinates":[[-73.9817601,40.7837614],[-73.9817937,40.7837156],[-73.9818215,40.7836776]]},"properties":{"kind":"sidewalk","major":false}},{"type":"Feature","geometry":{"type":"LineString","coordinates":[[-73.9819725,40.7830334],[-73.9820921,40.7830871],[-73.9822138,40.7831417]]},"properties":{"kind":"sidewalk","major":false}},{"type":"Feature","geometry":{"type":"LineString","coordinates":[[-73.9813327,40.7843451],[-73.9813562,40.7843132],[-73.9817478,40.7837783],[-73.9817601,40.7837614]]},"properties":{"kind":"sidewalk","major":false}},{"type":"Feature","geometry":{"type":"LineString","coordinates":[[-73.9817264,40.7837692],[-73.9817478,40.7837783],[-73.9831411,40.7843713]]},"properties":{"kind":"sidewalk","major":false}},{"type":"Feature","geometry":{"type":"LineString","coordinates":[[-73.981787,40.7836429],[-73.9818328,40.7836621],[-73.9832544,40.7842595]]},"properties":{"kind":"sidewalk","major":false}},{"type":"Feature","geometry":{"type":"LineString","coordinates":[[-73.9818215,40.7836776],[-73.9818328,40.7836621],[-73.9822138,40.7831417]]},"properties":{"kind":"sidewalk","major":false}},{"type":"Feature","geometry":{"type":"LineString","coordinates":[[-73.9812928,40.7842847],[-73.9813562,40.7843132],[-73.9813917,40.784328],[-73.9826371,40.7848497]]},"properties":{"kind":"sidewalk","major":false}},{"type":"Feature","geometry":{"type":"LineString","coordinates":[[-73.9831411,40.7843713],[-73.9826576,40.7848305],[-73.9826371,40.7848497]]},"properties":{"kind":"sidewalk","major":false}},{"type":"Feature","geometry":{"type":"LineString","coordinates":[[-73.9810876,40.7842222],[-73.9810361,40.7842965],[-73.9809952,40.7843529]]},"properties":{"kind":"sidewalk","major":false}},{"type":"Feature","geometry":{"type":"LineString","coordinates":[[-73.9811944,40.7844894],[-73.9812223,40.7845006],[-73.9824555,40.7850189]]},"properties":{"kind":"sidewalk","major":false}},{"type":"Feature","geometry":{"type":"LineString","coordinates":[[-73.9812378,40.7844815],[-73.9812917,40.7844025],[-73.9813327,40.7843451]]},"properties":{"kind":"sidewalk","major":false}},{"type":"Feature","geometry":{"type":"LineString","coordinates":[[-73.9811351,40.784218],[-73.9812367,40.784262],[-73.9812928,40.7842847]]},"properties":{"kind":"sidewalk","major":false}},{"type":"Feature","geometry":{"type":"LineString","coordinates":[[-73.9826218,40.785083],[-73.9826691,40.785129]]},"properties":{"kind":"sidewalk","major":false}},{"type":"Feature","geometry":{"type":"LineString","coordinates":[[-73.9826371,40.7848497],[-73.9826135,40.7848698]]},"properties":{"kind":"sidewalk","major":false}},{"type":"Feature","geometry":{"type":"LineString","coordinates":[[-73.9826371,40.7848497],[-73.9826765,40.784859]]},"properties":{"kind":"sidewalk","major":false}},{"type":"Feature","geometry":{"type":"LineString","coordinates":[[-73.9826765,40.784859],[-73.9827468,40.7848842],[-73.9828191,40.7849102]]},"properties":{"kind":"sidewalk","major":false}},{"type":"Feature","geometry":{"type":"LineString","coordinates":[[-73.9828191,40.7849102],[-73.9828789,40.7849398]]},"properties":{"kind":"sidewalk","major":false}},{"type":"Feature","geometry":{"type":"LineString","coordinates":[[-73.9828789,40.7849398],[-73.9828464,40.7849632]]},"properties":{"kind":"sidewalk","major":false}},{"type":"Feature","geometry":{"type":"LineString","coordinates":[[-73.9828464,40.7849632],[-73.9827753,40.7850294],[-73.9827499,40.7850536],[-73.9827146,40.7850873]]},"properties":{"kind":"sidewalk","major":false}},{"type":"Feature","geometry":{"type":"LineString","coordinates":[[-73.9828789,40.7849398],[-73.9828949,40.7849261]]},"properties":{"kind":"sidewalk","major":false}},{"type":"Feature","geometry":{"type":"LineString","coordinates":[[-73.9824893,40.7850358],[-73.9824555,40.7850189]]},"properties":{"kind":"sidewalk","major":false}},{"type":"Feature","geometry":{"type":"LineString","coordinates":[[-73.9824711,40.7849978],[-73.9824555,40.7850189]]},"properties":{"kind":"sidewalk","major":false}},{"type":"Feature","geometry":{"type":"LineString","coordinates":[[-73.9824555,40.7850189],[-73.9824233,40.7850546],[-73.9819627,40.7855059],[-73.9819445,40.7855227]]},"properties":{"kind":"sidewalk","major":false}},{"type":"Feature","geometry":{"type":"LineString","coordinates":[[-73.9819627,40.7855059],[-73.9808367,40.7850356],[-73.9808085,40.7850238]]},"properties":{"kind":"sidewalk","major":false}},{"type":"Feature","geometry":{"type":"LineString","coordinates":[[-73.9795801,40.7846554],[-73.9796351,40.7846783],[-73.9804949,40.7850332],[-73.9805322,40.7850486]]},"properties":{"kind":"sidewalk","major":false}},{"type":"Feature","geometry":{"type":"LineString","coordinates":[[-73.9807369,40.7851347],[-73.9807581,40.7851436],[-73.9818526,40.7856032]]},"properties":{"kind":"sidewalk","major":false}},{"type":"Feature","geometry":{"type":"LineString","coordinates":[[-73.9807715,40.7851254],[-73.9807991,40.7850874],[-73.9808235,40.7850538]]},"properties":{"kind":"sidewalk","major":false}},{"type":"Feature","geometry":{"type":"LineString","coordinates":[[-73.9808085,40.7850238],[-73.9807116,40.7849827],[-73.9806081,40.7849387]]},"properties":{"kind":"sidewalk","major":false}},{"type":"Feature","geometry":{"type":"LineString","coordinates":[[-73.9805731,40.7849433],[-73.9805399,40.7849801],[-73.9805068,40.7850168]]},"properties":{"kind":"sidewalk","major":false}},{"type":"Feature","geometry":{"type":"LineString","coordinates":[[-73.9818674,40.7855868],[-73.9818526,40.7856032],[-73.9813912,40.7860884],[-73.981378,40.7861076]]},"properties":{"kind":"sidewalk","major":false}},{"type":"Feature","geometry":{"type":"LineString","coordinates":[[-73.9818674,40.7855868],[-73.9819094,40.7855519],[-73.9819445,40.7855227]]},"properties":{"kind":"sidewalk","major":false}},{"type":"Feature","geometry":{"type":"LineString","coordinates":[[-73.9803534,40.7856542],[-73.9803767,40.785665],[-73.9813912,40.7860884],[-73.9814165,40.786101]]},"properties":{"kind":"sidewalk","major":false}},{"type":"Feature","geometry":{"type":"LineString","coordinates":[[-73.9802689,40.7857711],[-73.9802921,40.7857809],[-73.9803207,40.7857832],[-73.9813111,40.786208],[-73.9813364,40.7862235]]},"properties":{"kind":"sidewalk","major":false}},{"type":"Feature","geometry":{"type":"LineString","coordinates":[[-73.98005,40.7856546],[-73.980036,40.785673],[-73.9796543,40.7861926],[-73.979642,40.7862109]]},"properties":{"kind":"sidewalk","major":false}},{"type":"Feature","geometry":{"type":"LineString","coordinates":[[-73.98005,40.7856546],[-73.9800775,40.7856173],[-73.9801082,40.7855764]]},"properties":{"kind":"sidewalk","major":false}},{"type":"Feature","geometry":{"type":"LineString","coordinates":[[-73.9805068,40.7850168],[-73.9804949,40.7850332],[-73.9801221,40.7855562],[-73.9801082,40.7855764]]},"properties":{"kind":"sidewalk","major":false}},{"type":"Feature","geometry":{"type":"LineString","coordinates":[[-73.9801529,40.785569],[-73.9802518,40.7856105],[-73.9803534,40.7856542]]},"properties":{"kind":"sidewalk","major":false}},{"type":"Feature","geometry":{"type":"LineString","coordinates":[[-73.9803663,40.7856795],[-73.9803332,40.785723],[-73.9803026,40.7857661]]},"properties":{"kind":"sidewalk","major":false}},{"type":"Feature","geometry":{"type":"LineString","coordinates":[[-73.9813226,40.7861921],[-73.9813111,40.786208],[-73.9812473,40.7863434],[-73.9811761,40.7865593],[-73.981132,40.7868006],[-73.9811289,40.7868137],[-73.9811077,40.7868071],[-73.9810925,40.7868026],[-73.9799064,40.7862993],[-73.9798816,40.7862888]]},"properties":{"kind":"sidewalk","major":false}},{"type":"Feature","geometry":{"type":"LineString","coordinates":[[-73.9813226,40.7861921],[-73.981348,40.7861533],[-73.981378,40.7861076]]},"properties":{"kind":"sidewalk","major":false}},{"type":"Feature","geometry":{"type":"LineString","coordinates":[[-73.9814165,40.786101],[-73.9814798,40.7861318],[-73.9815568,40.7861692]]},"properties":{"kind":"sidewalk","major":false}},{"type":"Feature","geometry":{"type":"LineString","coordinates":[[-73.9813364,40.7862235],[-73.9814048,40.7862518],[-73.9814852,40.786285]]},"properties":{"kind":"sidewalk","major":false}},{"type":"Feature","geometry":{"type":"LineString","coordinates":[[-73.9814852,40.786285],[-73.9815222,40.7863016]]},"properties":{"kind":"sidewalk","major":false}},{"type":"Feature","geometry":{"type":"LineString","coordinates":[[-73.9815568,40.7861692],[-73.9815956,40.7861865]]},"properties":{"kind":"sidewalk","major":false}},{"type":"Feature","geometry":{"type":"LineString","coordinates":[[-73.9798077,40.7863996],[-73.9798285,40.7864078],[-73.9811116,40.7869468]]},"properties":{"kind":"sidewalk","major":false}},{"type":"Feature","geometry":{"type":"LineString","coordinates":[[-73.9811116,40.7869468],[-73.9811145,40.7869247]]},"properties":{"kind":"sidewalk","major":false}},{"type":"Feature","geometry":{"type":"LineString","coordinates":[[-73.9811289,40.7868137],[-73.9811252,40.7868318]]},"properties":{"kind":"sidewalk","major":false}},{"type":"Feature","geometry":{"type":"LineString","coordinates":[[-73.9811289,40.7868137],[-73.9811536,40.7868191]]},"properties":{"kind":"sidewalk","major":false}},{"type":"Feature","geometry":{"type":"LineString","coordinates":[[-73.9811145,40.7869247],[-73.9811201,40.7868754],[-73.9811252,40.7868318]]},"properties":{"kind":"sidewalk","major":false}},{"type":"Feature","geometry":{"type":"LineString","coordinates":[[-73.9811536,40.7868191],[-73.9812363,40.7868277],[-73.9813208,40.7868366]]},"properties":{"kind":"sidewalk","major":false}},{"type":"Feature","geometry":{"type":"LineString","coordinates":[[-73.9811116,40.7869468],[-73.9811096,40.7869658],[-73.9810429,40.7876106]]},"properties":{"kind":"sidewalk","major":false}},{"type":"Feature","geometry":{"type":"LineString","coordinates":[[-73.9811096,40.7869658],[-73.9811368,40.7869706]]},"properties":{"kind":"sidewalk","major":false}},{"type":"Feature","geometry":{"type":"LineString","coordinates":[[-73.9811368,40.7869706],[-73.9812188,40.7869805],[-73.9813028,40.7869906]]},"properties":{"kind":"sidewalk","major":false}},{"type":"Feature","geometry":{"type":"LineString","coordinates":[[-73.9813028,40.7869906],[-73.9813459,40.7869946]]},"properties":{"kind":"sidewalk","major":false}},{"type":"Feature","geometry":{"type":"LineString","coordinates":[[-73.9813208,40.7868366],[-73.9813632,40.7868411]]},"properties":{"kind":"sidewalk","major":false}},{"type":"Feature","geometry":{"type":"LineString","coordinates":[[-73.9794539,40.7869335],[-73.9810429,40.7876106]]},"properties":{"kind":"sidewalk","major":false}},{"type":"Feature","geometry":{"type":"LineString","coordinates":[[-73.9812441,40.7876298],[-73.9811599,40.7876197],[-73.9810798,40.7876101]]},"properties":{"kind":"sidewalk","major":false}},{"type":"Feature","geometry":{"type":"LineString","coordinates":[[-73.9810798,40.7876101],[-73.9810429,40.7876106]]},"properties":{"kind":"sidewalk","major":false}},{"type":"Feature","geometry":{"type":"LineString","coordinates":[[-73.9810286,40.7877391],[-73.97937,40.7870462]]},"properties":{"kind":"sidewalk","major":false}},{"type":"Feature","geometry":{"type":"LineString","coordinates":[[-73.9791909,40.7868232],[-73.9792229,40.7868399]]},"properties":{"kind":"foot","name":"","bridge":false,"len":3,"major":false}},{"type":"Feature","geometry":{"type":"LineString","coordinates":[[-73.9791909,40.7868232],[-73.979178,40.7868452]]},"properties":{"kind":"foot","name":"","bridge":false,"len":2,"major":false}},{"type":"Feature","geometry":{"type":"LineString","coordinates":[[-73.979178,40.7868452],[-73.9791535,40.7868804],[-73.9791238,40.786923]]},"properties":{"kind":"sidewalk","major":false}},{"type":"Feature","geometry":{"type":"LineString","coordinates":[[-73.9791238,40.786923],[-73.9791161,40.7869409]]},"properties":{"kind":"foot","name":"","bridge":false,"len":2,"major":false}},{"type":"Feature","geometry":{"type":"LineString","coordinates":[[-73.9791161,40.7869409],[-73.9791451,40.7869536]]},"properties":{"kind":"foot","name":"","bridge":false,"len":3,"major":false}},{"type":"Feature","geometry":{"type":"LineString","coordinates":[[-73.9791451,40.7869536],[-73.9792438,40.7869983],[-73.9793358,40.7870362]]},"properties":{"kind":"sidewalk","major":false}},{"type":"Feature","geometry":{"type":"LineString","coordinates":[[-73.9793358,40.7870362],[-73.97937,40.7870462]]},"properties":{"kind":"foot","name":"","bridge":false,"len":3,"major":false}},{"type":"Feature","geometry":{"type":"LineString","coordinates":[[-73.97937,40.7870462],[-73.9793843,40.7870296]]},"properties":{"kind":"foot","name":"","bridge":false,"len":2,"major":false}},{"type":"Feature","geometry":{"type":"LineString","coordinates":[[-73.9793843,40.7870296],[-73.9794135,40.7869891],[-73.9794385,40.7869543]]},"properties":{"kind":"sidewalk","major":false}},{"type":"Feature","geometry":{"type":"LineString","coordinates":[[-73.9794385,40.7869543],[-73.9794539,40.7869335]]},"properties":{"kind":"foot","name":"","bridge":false,"len":2,"major":false}},{"type":"Feature","geometry":{"type":"LineString","coordinates":[[-73.9794188,40.7869162],[-73.9794539,40.7869335]]},"properties":{"kind":"foot","name":"","bridge":false,"len":3,"major":false}},{"type":"Feature","geometry":{"type":"LineString","coordinates":[[-73.9810286,40.7877391],[-73.9810308,40.7877204]]},"properties":{"kind":"sidewalk","major":false}},{"type":"Feature","geometry":{"type":"LineString","coordinates":[[-73.9810286,40.7877391],[-73.9810632,40.787757]]},"properties":{"kind":"sidewalk","major":false}},{"type":"Feature","geometry":{"type":"LineString","coordinates":[[-73.9810308,40.7877204],[-73.9810394,40.7876684],[-73.9810461,40.7876276]]},"properties":{"kind":"sidewalk","major":false}},{"type":"Feature","geometry":{"type":"LineString","coordinates":[[-73.9810429,40.7876106],[-73.9810461,40.7876276]]},"properties":{"kind":"sidewalk","major":false}},{"type":"Feature","geometry":{"type":"LineString","coordinates":[[-73.9810632,40.787757],[-73.9811444,40.7877628],[-73.9812249,40.7877686]]},"properties":{"kind":"sidewalk","major":false}},{"type":"Feature","geometry":{"type":"LineString","coordinates":[[-73.9812249,40.7877686],[-73.9812708,40.7877725]]},"properties":{"kind":"sidewalk","major":false}},{"type":"Feature","geometry":{"type":"LineString","coordinates":[[-73.9810286,40.7877391],[-73.9809617,40.7883942]]},"properties":{"kind":"sidewalk","major":false}},{"type":"Feature","geometry":{"type":"LineString","coordinates":[[-73.9809617,40.7883942],[-73.978981,40.7875713],[-73.9789623,40.7875635]]},"properties":{"kind":"sidewalk","major":false}},{"type":"Feature","geometry":{"type":"LineString","coordinates":[[-73.9777077,40.7871857],[-73.9777365,40.7871976],[-73.9786491,40.7875763],[-73.9786812,40.7875896]]},"properties":{"kind":"sidewalk","major":false}},{"type":"Feature","geometry":{"type":"LineString","coordinates":[[-73.9788718,40.7876751],[-73.9788943,40.7876845],[-73.9809534,40.7885417]]},"properties":{"kind":"sidewalk","major":false}},{"type":"Feature","geometry":{"type":"LineString","coordinates":[[-73.9789623,40.7875635],[-73.9788613,40.7875201],[-73.9787624,40.7874776]]},"properties":{"kind":"sidewalk","major":false}},{"type":"Feature","geometry":{"type":"LineString","coordinates":[[-73.9786812,40.7875896],[-73.9787769,40.7876326],[-73.9788718,40.7876751]]},"properties":{"kind":"sidewalk","major":false}},{"type":"Feature","geometry":{"type":"LineString","coordinates":[[-73.978909,40.7876632],[-73.9789416,40.7876221],[-73.9789683,40.7875884]]},"properties":{"kind":"sidewalk","major":false}},{"type":"Feature","geometry":{"type":"LineString","coordinates":[[-73.9809617,40.7883942],[-73.98096,40.7884214]]},"properties":{"kind":"sidewalk","major":false}},{"type":"Feature","geometry":{"type":"LineString","coordinates":[[-73.9809617,40.7883942],[-73.9809991,40.7884018]]},"properties":{"kind":"sidewalk","major":false}},{"type":"Feature","geometry":{"type":"LineString","coordinates":[[-73.9809991,40.7884018],[-73.981078,40.788417],[-73.9811575,40.7884323]]},"properties":{"kind":"sidewalk","major":false}},{"type":"Feature","geometry":{"type":"LineString","coordinates":[[-73.9811575,40.7884323],[-73.9812062,40.7884367]]},"properties":{"kind":"sidewalk","major":false}},{"type":"Feature","geometry":{"type":"LineString","coordinates":[[-73.98096,40.7884214],[-73.9809588,40.7884674],[-73.9809574,40.7885214]]},"properties":{"kind":"sidewalk","major":false}},{"type":"Feature","geometry":{"type":"LineString","coordinates":[[-73.9809574,40.7885214],[-73.9809534,40.7885417]]},"properties":{"kind":"sidewalk","major":false}},{"type":"Feature","geometry":{"type":"LineString","coordinates":[[-73.9809534,40.7885417],[-73.9809807,40.7885455]]},"properties":{"kind":"sidewalk","major":false}},{"type":"Feature","geometry":{"type":"LineString","coordinates":[[-73.9809807,40.7885455],[-73.9810619,40.7885566],[-73.9811376,40.788567]]},"properties":{"kind":"sidewalk","major":false}},{"type":"Feature","geometry":{"type":"LineString","coordinates":[[-73.9811376,40.788567],[-73.9811728,40.7885726]]},"properties":{"kind":"sidewalk","major":false}},{"type":"Feature","geometry":{"type":"LineString","coordinates":[[-73.9784949,40.7881931],[-73.9785226,40.7882043],[-73.9807875,40.7891563]]},"properties":{"kind":"sidewalk","major":false}},{"type":"Feature","geometry":{"type":"LineString","coordinates":[[-73.9807875,40.7891563],[-73.9808086,40.7891182],[-73.9809059,40.7888907],[-73.9809534,40.7885417]]},"properties":{"kind":"sidewalk","major":false}},{"type":"Feature","geometry":{"type":"LineString","coordinates":[[-73.9785108,40.7882214],[-73.978485,40.7882555],[-73.9784486,40.7883024]]},"properties":{"kind":"sidewalk","major":false}},{"type":"Feature","geometry":{"type":"LineString","coordinates":[[-73.9784129,40.7883104],[-73.9783146,40.788266],[-73.9782128,40.7882206]]},"properties":{"kind":"sidewalk","major":false}},{"type":"Feature","geometry":{"type":"LineString","coordinates":[[-73.9786604,40.7875611],[-73.9786491,40.7875763],[-73.9782638,40.7880989],[-73.9782514,40.7881139]]},"properties":{"kind":"sidewalk","major":false}},{"type":"Feature","geometry":{"type":"LineString","coordinates":[[-73.9782514,40.7881139],[-73.9782289,40.7881487],[-73.9781986,40.7881947]]},"properties":{"kind":"sidewalk","major":false}},{"type":"Feature","geometry":{"type":"LineString","coordinates":[[-73.9781986,40.7881947],[-73.9781878,40.7882097],[-73.9778026,40.7887425]]},"properties":{"kind":"sidewalk","major":false}},{"type":"Feature","geometry":{"type":"LineString","coordinates":[[-73.9784486,40.7883024],[-73.9784356,40.7883156],[-73.9780613,40.7888422]]},"properties":{"kind":"sidewalk","major":false}},{"type":"Feature","geometry":{"type":"LineString","coordinates":[[-73.9784129,40.7883104],[-73.9784356,40.7883156],[-73.9807181,40.7892695]]},"properties":{"kind":"sidewalk","major":false}},{"type":"Feature","geometry":{"type":"LineString","coordinates":[[-73.9807181,40.7892695],[-73.9807288,40.7892554]]},"properties":{"kind":"sidewalk","major":false}},{"type":"Feature","geometry":{"type":"LineString","coordinates":[[-73.9807288,40.7892554],[-73.9807551,40.7892135],[-73.9807753,40.7891814]]},"properties":{"kind":"sidewalk","major":false}},{"type":"Feature","geometry":{"type":"LineString","coordinates":[[-73.9807753,40.7891814],[-73.9807875,40.7891563]]},"properties":{"kind":"sidewalk","major":false}},{"type":"Feature","geometry":{"type":"LineString","coordinates":[[-73.9807875,40.7891563],[-73.9808196,40.7891707]]},"properties":{"kind":"sidewalk","major":false}},{"type":"Feature","geometry":{"type":"LineString","coordinates":[[-73.9808196,40.7891707],[-73.9808906,40.7891917],[-73.9809674,40.7892163]]},"properties":{"kind":"sidewalk","major":false}},{"type":"Feature","geometry":{"type":"LineString","coordinates":[[-73.9780613,40.7888422],[-73.9803301,40.7898094]]},"properties":{"kind":"sidewalk","major":false}},{"type":"Feature","geometry":{"type":"LineString","coordinates":[[-73.9807181,40.7892695],[-73.9807166,40.7892925],[-73.9803301,40.7898094]]},"properties":{"kind":"sidewalk","major":false}},{"type":"Feature","geometry":{"type":"LineString","coordinates":[[-73.9807166,40.7892925],[-73.9807384,40.7892966]]},"properties":{"kind":"sidewalk","major":false}},{"type":"Feature","geometry":{"type":"LineString","coordinates":[[-73.9807384,40.7892966],[-73.9808103,40.7893198],[-73.980889,40.7893451]]},"properties":{"kind":"sidewalk","major":false}},{"type":"Feature","geometry":{"type":"LineString","coordinates":[[-73.980889,40.7893451],[-73.9809061,40.7893508]]},"properties":{"kind":"sidewalk","major":false}},{"type":"Feature","geometry":{"type":"LineString","coordinates":[[-73.9803301,40.7898094],[-73.9803525,40.7898193]]},"properties":{"kind":"sidewalk","major":false}},{"type":"Feature","geometry":{"type":"LineString","coordinates":[[-73.9803301,40.7898094],[-73.9803176,40.7898263]]},"properties":{"kind":"sidewalk","major":false}},{"type":"Feature","geometry":{"type":"LineString","coordinates":[[-73.9803525,40.7898193],[-73.9804274,40.7898522],[-73.9804955,40.7898822]]},"properties":{"kind":"sidewalk","major":false}},{"type":"Feature","geometry":{"type":"LineString","coordinates":[[-73.9804955,40.7898822],[-73.980528,40.7899006]]},"properties":{"kind":"sidewalk","major":false}},{"type":"Feature","geometry":{"type":"LineString","coordinates":[[-73.9803176,40.7898263],[-73.9802558,40.7899025],[-73.9802015,40.7899695]]},"properties":{"kind":"sidewalk","major":false}},{"type":"Feature","geometry":{"type":"LineString","coordinates":[[-73.9802015,40.7899695],[-73.9801842,40.7899883]]},"properties":{"kind":"sidewalk","major":false}},{"type":"Feature","geometry":{"type":"LineString","coordinates":[[-73.9801842,40.7899883],[-73.9802189,40.7900078]]},"properties":{"kind":"sidewalk","major":false}},{"type":"Feature","geometry":{"type":"LineString","coordinates":[[-73.9802189,40.7900078],[-73.9802913,40.7900391],[-73.9803548,40.7900666]]},"properties":{"kind":"sidewalk","major":false}},{"type":"Feature","geometry":{"type":"LineString","coordinates":[[-73.9803548,40.7900666],[-73.980386,40.7900789]]},"properties":{"kind":"sidewalk","major":false}},{"type":"Feature","geometry":{"type":"LineString","coordinates":[[-73.9801842,40.7899883],[-73.9779239,40.7890376]]},"properties":{"kind":"sidewalk","major":false}},{"type":"Feature","geometry":{"type":"LineString","coordinates":[[-73.9779239,40.7890376],[-73.9779371,40.7890175]]},"properties":{"kind":"foot","name":"","bridge":false,"len":2,"major":false}},{"type":"Feature","geometry":{"type":"LineString","coordinates":[[-73.9779371,40.7890175],[-73.9779857,40.7889441],[-73.9780397,40.7888726]]},"properties":{"kind":"sidewalk","major":false}},{"type":"Feature","geometry":{"type":"LineString","coordinates":[[-73.9780397,40.7888726],[-73.978056,40.7888498],[-73.9780613,40.7888422]]},"properties":{"kind":"foot","name":"","bridge":false,"len":3,"major":false}},{"type":"Feature","geometry":{"type":"LineString","coordinates":[[-73.978056,40.7888498],[-73.9780256,40.7888366]]},"properties":{"kind":"foot","name":"","bridge":false,"len":3,"major":false}},{"type":"Feature","geometry":{"type":"LineString","coordinates":[[-73.9780256,40.7888366],[-73.9779274,40.7887974],[-73.9778266,40.7887529]]},"properties":{"kind":"sidewalk","major":false}},{"type":"Feature","geometry":{"type":"LineString","coordinates":[[-73.9778266,40.7887529],[-73.9778026,40.7887425]]},"properties":{"kind":"foot","name":"","bridge":false,"len":2,"major":false}},{"type":"Feature","geometry":{"type":"LineString","coordinates":[[-73.9778026,40.7887425],[-73.9777856,40.7887624]]},"properties":{"kind":"foot","name":"","bridge":false,"len":2,"major":false}},{"type":"Feature","geometry":{"type":"LineString","coordinates":[[-73.9778026,40.7887425],[-73.9767865,40.7883144],[-73.9767497,40.7882989]]},"properties":{"kind":"sidewalk","major":false}},{"type":"Feature","geometry":{"type":"LineString","coordinates":[[-73.9777856,40.7887624],[-73.9777312,40.7888382],[-73.9776735,40.788908]]},"properties":{"kind":"sidewalk","major":false}},{"type":"Feature","geometry":{"type":"LineString","coordinates":[[-73.9779239,40.7890376],[-73.9778892,40.7890249]]},"properties":{"kind":"foot","name":"","bridge":false,"len":3,"major":false}},{"type":"Feature","geometry":{"type":"LineString","coordinates":[[-73.9778892,40.7890249],[-73.9777934,40.7889828],[-73.9776964,40.7889416]]},"properties":{"kind":"sidewalk","major":false}},{"type":"Feature","geometry":{"type":"LineString","coordinates":[[-73.9776964,40.7889416],[-73.9776607,40.788928]]},"properties":{"kind":"foot","name":"","bridge":false,"len":3,"major":false}},{"type":"Feature","geometry":{"type":"LineString","coordinates":[[-73.9776607,40.788928],[-73.9776735,40.788908]]},"properties":{"kind":"foot","name":"","bridge":false,"len":2,"major":false}},{"type":"Feature","geometry":{"type":"LineString","coordinates":[[-73.9776607,40.788928],[-73.9766279,40.7885067],[-73.9765811,40.7884876]]},"properties":{"kind":"sidewalk","major":false}},{"type":"Feature","geometry":{"type":"LineString","coordinates":[[-73.9767497,40.7882989],[-73.9766834,40.7882693],[-73.9765143,40.7881939],[-73.9764271,40.7881581]]},"properties":{"kind":"sidewalk","major":false}},{"type":"Feature","geometry":{"type":"LineString","coordinates":[[-73.9764271,40.7881581],[-73.9763932,40.7881415],[-73.9752205,40.7876502],[-73.975184,40.787635]]},"properties":{"kind":"sidewalk","major":false}},{"type":"Feature","geometry":{"type":"LineString","coordinates":[[-73.9763684,40.7881685],[-73.9763107,40.788239],[-73.9762495,40.788309]]},"properties":{"kind":"sidewalk","major":false}},{"type":"Feature","geometry":{"type":"LineString","coordinates":[[-73.9765811,40.7884876],[-73.9765217,40.7884608],[-73.9763516,40.7883839],[-73.9762678,40.7883461]]},"properties":{"kind":"sidewalk","major":false}},{"type":"Feature","geometry":{"type":"LineString","coordinates":[[-73.9762678,40.7883461],[-73.9762312,40.7883305],[-73.9750816,40.7878407],[-73.9750556,40.7878279]]},"properties":{"kind":"sidewalk","major":false}},{"type":"Feature","geometry":{"type":"LineString","coordinates":[[-73.9750946,40.7878228],[-73.9750816,40.7878407],[-73.97469,40.7883715],[-73.9746796,40.7883856]]},"properties":{"kind":"sidewalk","major":false}},{"type":"Feature","geometry":{"type":"LineString","coordinates":[[-73.9750946,40.7878228],[-73.9751496,40.7877475],[-73.9752013,40.7876766]]},"properties":{"kind":"sidewalk","major":false}},{"type":"Feature","geometry":{"type":"LineString","coordinates":[[-73.9752013,40.7876766],[-73.9752205,40.7876502],[-73.975603,40.7871218],[-73.9756121,40.7870989]]},"properties":{"kind":"sidewalk","major":false}},{"type":"Feature","geometry":{"type":"LineString","coordinates":[[-73.9746589,40.7883585],[-73.97469,40.7883715],[-73.9758028,40.7888356],[-73.9758338,40.7888485]]},"properties":{"kind":"sidewalk","major":false}},{"type":"Feature","geometry":{"type":"LineString","coordinates":[[-73.9757399,40.7889589],[-73.9757076,40.7889452],[-73.9746128,40.7884786],[-73.9745823,40.7884656]]},"properties":{"kind":"sidewalk","major":false}},{"type":"Feature","geometry":{"type":"LineString","coordinates":[[-73.97532,40.7894761],[-73.9753345,40.7894563],[-73.9757076,40.7889452],[-73.9757236,40.7889233]]},"properties":{"kind":"sidewalk","major":false}},{"type":"Feature","geometry":{"type":"LineString","coordinates":[[-73.9757236,40.7889233],[-73.9757579,40.788886],[-73.9757859,40.7888555]]},"properties":{"kind":"sidewalk","major":false}},{"type":"Feature","geometry":{"type":"LineString","coordinates":[[-73.9758338,40.7888485],[-73.9759235,40.788885],[-73.9760952,40.7889548],[-73.9761638,40.7889824]]},"properties":{"kind":"sidewalk","major":false}},{"type":"Feature","geometry":{"type":"LineString","coordinates":[[-73.9761638,40.7889824],[-73.9761901,40.7889938],[-73.9772838,40.7894594],[-73.9773068,40.7894692]]},"properties":{"kind":"sidewalk","major":false}},{"type":"Feature","geometry":{"type":"LineString","coordinates":[[-73.9772349,40.7895822],[-73.9772084,40.7895711],[-73.9761032,40.7891084],[-73.9760656,40.7890928]]},"properties":{"kind":"sidewalk","major":false}},{"type":"Feature","geometry":{"type":"LineString","coordinates":[[-73.9761193,40.7890866],[-73.9761472,40.7890479],[-73.9761708,40.789015]]},"properties":{"kind":"sidewalk","major":false}},{"type":"Feature","geometry":{"type":"LineString","coordinates":[[-73.9772701,40.7894788],[-73.9772838,40.7894594],[-73.9776607,40.788928]]},"properties":{"kind":"sidewalk","major":false}},{"type":"Feature","geometry":{"type":"LineString","coordinates":[[-73.9773068,40.7894692],[-73.9774068,40.7895101],[-73.9775034,40.7895495]]},"properties":{"kind":"sidewalk","major":false}},{"type":"Feature","geometry":{"type":"LineString","coordinates":[[-73.9798397,40.7905324],[-73.9798104,40.7905201],[-73.9775325,40.7895617],[-73.9775034,40.7895495]]},"properties":{"kind":"sidewalk","major":false}},{"type":"Feature","geometry":{"type":"LineString","coordinates":[[-73.9775178,40.7895815],[-73.9775325,40.7895617],[-73.9779239,40.7890376]]},"properties":{"kind":"sidewalk","major":false}},{"type":"Feature","geometry":{"type":"LineString","coordinates":[[-73.9775178,40.7895815],[-73.977493,40.7896179],[-73.9774666,40.7896565]]},"properties":{"kind":"sidewalk","major":false}},{"type":"Feature","geometry":{"type":"LineString","coordinates":[[-73.9774666,40.7896565],[-73.9774521,40.7896762],[-73.9770788,40.7901855],[-73.9770651,40.7902043]]},"properties":{"kind":"sidewalk","major":false}},{"type":"Feature","geometry":{"type":"LineString","coordinates":[[-73.979757,40.7906512],[-73.9797238,40.7906372],[-73.9774521,40.7896762],[-73.9774229,40.7896639]]},"properties":{"kind":"sidewalk","major":false}},{"type":"Feature","geometry":{"type":"LineString","coordinates":[[-73.9774229,40.7896639],[-73.9773258,40.7896217],[-73.9772349,40.7895822]]},"properties":{"kind":"sidewalk","major":false}},{"type":"Feature","geometry":{"type":"LineString","coordinates":[[-73.9768114,40.7901071],[-73.9768281,40.7900845],[-73.9772084,40.7895711],[-73.9772205,40.7895548]]},"properties":{"kind":"sidewalk","major":false}},{"type":"Feature","geometry":{"type":"LineString","coordinates":[[-73.9772701,40.7894788],[-73.9772484,40.7895121],[-73.9772205,40.7895548]]},"properties":{"kind":"sidewalk","major":false}},{"type":"Feature","geometry":{"type":"LineString","coordinates":[[-73.9801842,40.7899883],[-73.9801752,40.7900222],[-73.9798104,40.7905201],[-73.9797964,40.7905391]]},"properties":{"kind":"sidewalk","major":false}},{"type":"Feature","geometry":{"type":"LineString","coordinates":[[-73.9798397,40.7905324],[-73.9799084,40.7905594],[-73.9799785,40.790587]]},"properties":{"kind":"sidewalk","major":false}},{"type":"Feature","geometry":{"type":"LineString","coordinates":[[-73.9799785,40.790587],[-73.980026,40.7906073]]},"properties":{"kind":"sidewalk","major":false}},{"type":"Feature","geometry":{"type":"LineString","coordinates":[[-73.9799424,40.790725],[-73.9798947,40.7907036]]},"properties":{"kind":"sidewalk","major":false}},{"type":"Feature","geometry":{"type":"LineString","coordinates":[[-73.9798947,40.7907036],[-73.9798228,40.7906763],[-73.979757,40.7906512]]},"properties":{"kind":"sidewalk","major":false}},{"type":"Feature","geometry":{"type":"LineString","coordinates":[[-73.9797964,40.7905391],[-73.9797685,40.7905766],[-73.9797414,40.7906129]]},"properties":{"kind":"sidewalk","major":false}},{"type":"Feature","geometry":{"type":"LineString","coordinates":[[-73.9793384,40.7911715],[-73.9793544,40.7911493],[-73.9797238,40.7906372],[-73.9797414,40.7906129]]},"properties":{"kind":"sidewalk","major":false}},{"type":"Feature","geometry":{"type":"LineString","coordinates":[[-73.9746796,40.7883856],[-73.9746553,40.7884196],[-73.9746266,40.7884599]]},"properties":{"kind":"sidewalk","major":false}},{"type":"Feature","geometry":{"type":"LineString","coordinates":[[-73.9742215,40.7890121],[-73.9742337,40.7889951],[-73.9746128,40.7884786],[-73.9746266,40.7884599]]},"properties":{"kind":"sidewalk","major":false}},{"type":"Feature","geometry":{"type":"LineString","coordinates":[[-73.9745823,40.7884656],[-73.9744722,40.7884219],[-73.9743811,40.7883858]]},"properties":{"kind":"sidewalk","major":false}},{"type":"Feature","geometry":{"type":"LineString","coordinates":[[-73.9743811,40.7883858],[-73.9743546,40.7883746],[-73.97290662358645,40.78776236911323]]},"properties":{"kind":"sidewalk","major":false}},{"type":"Feature","geometry":{"type":"LineString","coordinates":[[-73.9743696,40.7883546],[-73.9743546,40.7883746],[-73.9739755,40.7888837],[-73.9739625,40.788901]]},"properties":{"kind":"sidewalk","major":false}},{"type":"Feature","geometry":{"type":"LineString","coordinates":[[-73.9743696,40.7883546],[-73.9744004,40.7883121],[-73.9744244,40.788279]]},"properties":{"kind":"sidewalk","major":false}},{"type":"Feature","geometry":{"type":"LineString","coordinates":[[-73.9744244,40.788279],[-73.9744336,40.7882666],[-73.974826,40.7877365],[-73.9748387,40.7877115]]},"properties":{"kind":"sidewalk","major":false}},{"type":"Feature","geometry":{"type":"LineString","coordinates":[[-73.97298900940761,40.7876495318296],[-73.9744336,40.7882666],[-73.9744552,40.7882758]]},"properties":{"kind":"sidewalk","major":false}},{"type":"Feature","geometry":{"type":"LineString","coordinates":[[-73.9744552,40.7882758],[-73.9745505,40.7883145],[-73.9746589,40.7883585]]},"properties":{"kind":"sidewalk","major":false}},{"type":"Feature","geometry":{"type":"LineString","coordinates":[[-73.97337080013934,40.787126623536864],[-73.974826,40.7877365],[-73.9748527,40.7877479]]},"properties":{"kind":"sidewalk","major":false}},{"type":"Feature","geometry":{"type":"LineString","coordinates":[[-73.9748527,40.7877479],[-73.9749385,40.7877828],[-73.9749803,40.7877989]]},"properties":{"kind":"sidewalk","major":false}},{"type":"Feature","geometry":{"type":"LineString","coordinates":[[-73.975184,40.787635],[-73.9750779,40.787591],[-73.9749963,40.7875571]]},"properties":{"kind":"sidewalk","major":false}},{"type":"Feature","geometry":{"type":"LineString","coordinates":[[-73.9748387,40.7877115],[-73.9748909,40.7876371],[-73.9749384,40.787567]]},"properties":{"kind":"sidewalk","major":false}},{"type":"Feature","geometry":{"type":"LineString","coordinates":[[-73.9749384,40.787567],[-73.9749562,40.7875404],[-73.9753426,40.7870126],[-73.9753531,40.7869995],[-73.9753588,40.7869925]]},"properties":{"kind":"sidewalk","major":false}},{"type":"Feature","geometry":{"type":"LineString","coordinates":[[-73.9749963,40.7875571],[-73.9749562,40.7875404],[-73.97351241053214,40.786932671084436]]},"properties":{"kind":"sidewalk","major":false}},{"type":"Feature","geometry":{"type":"LineString","coordinates":[[-73.9770537,40.7901749],[-73.9770788,40.7901855],[-73.9793544,40.7911493],[-73.9793722,40.7911567]]},"properties":{"kind":"sidewalk","major":false}},{"type":"Feature","geometry":{"type":"LineString","coordinates":[[-73.9793722,40.7911567],[-73.9794491,40.7911807],[-73.9795305,40.791206]]},"properties":{"kind":"sidewalk","major":false}},{"type":"Feature","geometry":{"type":"LineString","coordinates":[[-73.9795305,40.791206],[-73.979587,40.7912299]]},"properties":{"kind":"sidewalk","major":false}},{"type":"Feature","geometry":{"type":"LineString","coordinates":[[-73.9793384,40.7911715],[-73.9793064,40.7912044],[-73.979276,40.7912357]]},"properties":{"kind":"sidewalk","major":false}},{"type":"Feature","geometry":{"type":"LineString","coordinates":[[-73.979276,40.7912357],[-73.9792486,40.7912643],[-73.9792356,40.7912779],[-73.9791506,40.7913694],[-73.979094,40.7914234],[-73.979004,40.7914824],[-73.9788896,40.7915498],[-73.9787346,40.7916225],[-73.9786432,40.7916647],[-73.978627,40.7916752]]},"properties":{"kind":"sidewalk","major":false}},{"type":"Feature","geometry":{"type":"LineString","coordinates":[[-73.9769687,40.7902922],[-73.9769965,40.790304],[-73.9792486,40.7912643],[-73.9792836,40.7912792]]},"properties":{"kind":"sidewalk","major":false}},{"type":"Feature","geometry":{"type":"LineString","coordinates":[[-73.9770106,40.7902841],[-73.9769965,40.790304],[-73.9766289,40.7908232],[-73.9766141,40.7908385]]},"properties":{"kind":"sidewalk","major":false}},{"type":"Feature","geometry":{"type":"LineString","coordinates":[[-73.9770106,40.7902841],[-73.9770347,40.7902488],[-73.9770651,40.7902043]]},"properties":{"kind":"sidewalk","major":false}},{"type":"Feature","geometry":{"type":"LineString","coordinates":[[-73.9769687,40.7902922],[-73.9768698,40.790249],[-73.9767751,40.7902076]]},"properties":{"kind":"sidewalk","major":false}},{"type":"Feature","geometry":{"type":"LineString","coordinates":[[-73.9770537,40.7901749],[-73.9769532,40.7901349],[-73.9768544,40.7900956]]},"properties":{"kind":"sidewalk","major":false}},{"type":"Feature","geometry":{"type":"LineString","coordinates":[[-73.9767615,40.7901813],[-73.9767862,40.7901442],[-73.9768114,40.7901071]]},"properties":{"kind":"sidewalk","major":false}},{"type":"Feature","geometry":{"type":"LineString","coordinates":[[-73.9768544,40.7900956],[-73.9768281,40.7900845],[-73.9757259,40.7896211],[-73.9756915,40.7896063]]},"properties":{"kind":"sidewalk","major":false}},{"type":"Feature","geometry":{"type":"LineString","coordinates":[[-73.9763471,40.7907296],[-73.9763645,40.7907158],[-73.9767498,40.7901971],[-73.9767615,40.7901813]]},"properties":{"kind":"sidewalk","major":false}},{"type":"Feature","geometry":{"type":"LineString","coordinates":[[-73.975605,40.7897209],[-73.9756445,40.7897379],[-73.9767498,40.7901971],[-73.9767751,40.7902076]]},"properties":{"kind":"sidewalk","major":false}},{"type":"Feature","geometry":{"type":"LineString","coordinates":[[-73.9763893,40.7907255],[-73.9763645,40.7907158],[-73.9752698,40.7902485],[-73.9752337,40.790234]]},"properties":{"kind":"sidewalk","major":false}},{"type":"Feature","geometry":{"type":"LineString","coordinates":[[-73.9763893,40.7907255],[-73.97649,40.790767],[-73.9766032,40.7908137]]},"properties":{"kind":"sidewalk","major":false}},{"type":"Feature","geometry":{"type":"LineString","coordinates":[[-73.9766032,40.7908137],[-73.9766289,40.7908232],[-73.9786432,40.7916647],[-73.9786743,40.7916778]]},"properties":{"kind":"sidewalk","major":false}},{"type":"Feature","geometry":{"type":"LineString","coordinates":[[-73.9792836,40.7912792],[-73.9793445,40.7913058],[-73.9794533,40.7913532]]},"properties":{"kind":"sidewalk","major":false}},{"type":"Feature","geometry":{"type":"LineString","coordinates":[[-73.9786743,40.7916778],[-73.9787197,40.7917445],[-73.9787559,40.7918018]]},"properties":{"kind":"sidewalk","major":false}},{"type":"Feature","geometry":{"type":"LineString","coordinates":[[-73.978627,40.7916752],[-73.9785527,40.7917083],[-73.9784925,40.7917351]]},"properties":{"kind":"sidewalk","major":false}},{"type":"Feature","geometry":{"type":"LineString","coordinates":[[-73.9787559,40.7918018],[-73.9787594,40.7918335]]},"properties":{"kind":"sidewalk","major":false}},{"type":"Feature","geometry":{"type":"LineString","coordinates":[[-73.9784807,40.7917707],[-73.9785185,40.791831],[-73.9785594,40.7918781]]},"properties":{"kind":"sidewalk","major":false}},{"type":"Feature","geometry":{"type":"LineString","coordinates":[[-73.9785594,40.7918781],[-73.9785791,40.7919062]]},"properties":{"kind":"foot","name":"","bridge":false,"len":3,"major":false}},{"type":"Feature","geometry":{"type":"LineString","coordinates":[[-73.9776567,40.7920955],[-73.9776729,40.792082],[-73.9780976,40.7919],[-73.9784692,40.7917584],[-73.9784925,40.7917351]]},"properties":{"kind":"sidewalk","major":false}},{"type":"Feature","geometry":{"type":"LineString","coordinates":[[-73.9784807,40.7917707],[-73.9784692,40.7917584],[-73.9783819,40.791705],[-73.9765409,40.7909306],[-73.9765132,40.79092]]},"properties":{"kind":"sidewalk","major":false}},{"type":"Feature","geometry":{"type":"LineString","coordinates":[[-73.9766141,40.7908385],[-73.9765835,40.7908762],[-73.9765509,40.7909164]]},"properties":{"kind":"sidewalk","major":false}},{"type":"Feature","geometry":{"type":"LineString","coordinates":[[-73.9765509,40.7909164],[-73.9765409,40.7909306],[-73.9761578,40.791442],[-73.9761456,40.7914585]]},"properties":{"kind":"sidewalk","major":false}},{"type":"Feature","geometry":{"type":"LineString","coordinates":[[-73.9765132,40.79092],[-73.9764073,40.7908778],[-73.9763178,40.7908421]]},"properties":{"kind":"sidewalk","major":false}},{"type":"Feature","geometry":{"type":"LineString","coordinates":[[-73.9763471,40.7907296],[-73.9763203,40.7907677],[-73.976294,40.7908051]]},"properties":{"kind":"sidewalk","major":false}},{"type":"Feature","geometry":{"type":"LineString","coordinates":[[-73.9763178,40.7908421],[-73.976284,40.7908275],[-73.9751843,40.7903644],[-73.9751484,40.790348]]},"properties":{"kind":"sidewalk","major":false}},{"type":"Feature","geometry":{"type":"LineString","coordinates":[[-73.9758958,40.7913608],[-73.9759072,40.7913437],[-73.976284,40.7908275],[-73.976294,40.7908051]]},"properties":{"kind":"sidewalk","major":false}},{"type":"Feature","geometry":{"type":"LineString","coordinates":[[-73.9822138,40.7831417],[-73.9837377,40.7837879]]},"properties":{"kind":"sidewalk","major":false}},{"type":"Feature","geometry":{"type":"LineString","coordinates":[[-73.9832544,40.7842595],[-73.9834045,40.7841243],[-73.9836381,40.7839119],[-73.9837377,40.7837879]]},"properties":{"kind":"sidewalk","major":false}},{"type":"Feature","geometry":{"type":"LineString","coordinates":[[-73.9837377,40.7837879],[-73.9837551,40.7837735]]},"properties":{"kind":"foot","name":"","bridge":false,"len":2,"major":false}},{"type":"Feature","geometry":{"type":"LineString","coordinates":[[-73.9837551,40.7837735],[-73.9837852,40.7837462],[-73.9838305,40.7837049]]},"properties":{"kind":"sidewalk","major":false}},{"type":"Feature","geometry":{"type":"LineString","coordinates":[[-73.9838305,40.7837049],[-73.9838494,40.7836901]]},"properties":{"kind":"foot","name":"","bridge":false,"len":2,"major":false}},{"type":"Feature","geometry":{"type":"LineString","coordinates":[[-73.9838494,40.7836901],[-73.9840238,40.7835305],[-73.984207,40.7833586],[-73.984327,40.7832035]]},"properties":{"kind":"sidewalk","major":false}},{"type":"Feature","geometry":{"type":"LineString","coordinates":[[-73.984327,40.7832035],[-73.9843536,40.783214]]},"properties":{"kind":"foot","name":"","bridge":false,"len":2,"major":false}},{"type":"Feature","geometry":{"type":"LineString","coordinates":[[-73.9843536,40.783214],[-73.9844242,40.7832443],[-73.9845021,40.7832773]]},"properties":{"kind":"sidewalk","major":false}},{"type":"Feature","geometry":{"type":"LineString","coordinates":[[-73.9845021,40.7832773],[-73.9845398,40.7832915]]},"properties":{"kind":"foot","name":"","bridge":false,"len":3,"major":false}},{"type":"Feature","geometry":{"type":"LineString","coordinates":[[-73.9846108,40.7831677],[-73.9845812,40.7831582]]},"properties":{"kind":"foot","name":"","bridge":false,"len":3,"major":false}},{"type":"Feature","geometry":{"type":"LineString","coordinates":[[-73.9845812,40.7831582],[-73.9844988,40.7831257],[-73.9844294,40.7830985]]},"properties":{"kind":"sidewalk","major":false}},{"type":"Feature","geometry":{"type":"LineString","coordinates":[[-73.9844294,40.7830985],[-73.9843977,40.7830921]]},"properties":{"kind":"foot","name":"","bridge":false,"len":3,"major":false}},{"type":"Feature","geometry":{"type":"LineString","coordinates":[[-73.9843977,40.7830921],[-73.9843869,40.7831068]]},"properties":{"kind":"foot","name":"","bridge":false,"len":2,"major":false}},{"type":"Feature","geometry":{"type":"LineString","coordinates":[[-73.9843869,40.7831068],[-73.9843659,40.7831455],[-73.9843414,40.7831906]]},"properties":{"kind":"sidewalk","major":false}},{"type":"Feature","geometry":{"type":"LineString","coordinates":[[-73.9843414,40.7831906],[-73.984327,40.7832035]]},"properties":{"kind":"foot","name":"","bridge":false,"len":2,"major":false}},{"type":"Feature","geometry":{"type":"LineString","coordinates":[[-73.984327,40.7832035],[-73.9842732,40.7831716],[-73.9826758,40.7825038]]},"properties":{"kind":"sidewalk","major":false}},{"type":"Feature","geometry":{"type":"LineString","coordinates":[[-73.9826758,40.7825038],[-73.9823027,40.7830282]]},"properties":{"kind":"sidewalk","major":false}},{"type":"Feature","geometry":{"type":"LineString","coordinates":[[-73.9823027,40.7830282],[-73.9823615,40.7830673],[-73.9838494,40.7836901]]},"properties":{"kind":"sidewalk","major":false}},{"type":"Feature","geometry":{"type":"LineString","coordinates":[[-73.9826758,40.7825038],[-73.9825551,40.7824555],[-73.9824288,40.7823988]]},"properties":{"kind":"sidewalk","major":false}},{"type":"Feature","geometry":{"type":"LineString","coordinates":[[-73.9826758,40.7825038],[-73.9827124,40.7824506],[-73.9827423,40.7824176]]},"properties":{"kind":"sidewalk","major":false}},{"type":"Feature","geometry":{"type":"LineString","coordinates":[[-73.9827295,40.7823838],[-73.9826361,40.7823479],[-73.9825055,40.7822953]]},"properties":{"kind":"sidewalk","major":false}},{"type":"Feature","geometry":{"type":"LineString","coordinates":[[-73.9825055,40.7822953],[-73.9824638,40.7823471],[-73.9824288,40.7823988]]},"properties":{"kind":"sidewalk","major":false}},{"type":"Feature","geometry":{"type":"LineString","coordinates":[[-73.9827295,40.7823838],[-73.9827578,40.7823967]]},"properties":{"kind":"foot","name":"","bridge":false,"len":3,"major":false}},{"type":"Feature","geometry":{"type":"LineString","coordinates":[[-73.9827423,40.7824176],[-73.9827578,40.7823967]]},"properties":{"kind":"foot","name":"","bridge":false,"len":2,"major":false}},{"type":"Feature","geometry":{"type":"LineString","coordinates":[[-73.9827578,40.7823967],[-73.9843668,40.7830798],[-73.9843977,40.7830921]]},"properties":{"kind":"sidewalk","major":false}},{"type":"Feature","geometry":{"type":"LineString","coordinates":[[-73.9839263,40.7803972],[-73.9838957,40.7803849],[-73.9819453,40.7795634],[-73.9819209,40.7795531]]},"properties":{"kind":"sidewalk","major":false}},{"type":"Feature","geometry":{"type":"LineString","coordinates":[[-73.9853237,40.7809796],[-73.985285,40.780971],[-73.9841509,40.7804939],[-73.9841159,40.7804793]]},"properties":{"kind":"sidewalk","major":false}},{"type":"Feature","geometry":{"type":"LineString","coordinates":[[-73.9841159,40.7804793],[-73.9840238,40.7804394],[-73.9839263,40.7803972]]},"properties":{"kind":"sidewalk","major":false}},{"type":"Feature","geometry":{"type":"LineString","coordinates":[[-73.9854808,40.7810186],[-73.9855396,40.7810335],[-73.9855998,40.7810488]]},"properties":{"kind":"foot","name":"","bridge":false,"len":10,"major":false}},{"type":"Feature","geometry":{"type":"LineString","coordinates":[[-73.9854185,40.781164],[-73.9854781,40.7811805],[-73.9855359,40.7811965]]},"properties":{"kind":"foot","name":"","bridge":false,"len":10,"major":false}},{"type":"Feature","geometry":{"type":"LineString","coordinates":[[-73.984038,40.7805931],[-73.9840708,40.7806066],[-73.9851923,40.7810798],[-73.9852385,40.7811006],[-73.9852724,40.7811191]]},"properties":{"kind":"sidewalk","major":false}},{"type":"Feature","geometry":{"type":"LineString","coordinates":[[-73.9849979,40.7816809],[-73.9852385,40.7811006],[-73.9852426,40.7810812]]},"properties":{"kind":"sidewalk","major":false}},{"type":"Feature","geometry":{"type":"LineString","coordinates":[[-73.9840832,40.7805895],[-73.9841119,40.7805486],[-73.9841353,40.7805151]]},"properties":{"kind":"sidewalk","major":false}},{"type":"Feature","geometry":{"type":"LineString","coordinates":[[-73.9818887,40.7796934],[-73.9819083,40.7797016],[-73.9838117,40.7804977],[-73.9838408,40.7805099]]},"properties":{"kind":"sidewalk","major":false}},{"type":"Feature","geometry":{"type":"LineString","coordinates":[[-73.9834112,40.7810393],[-73.9834238,40.7810222],[-73.9838117,40.7804977],[-73.983824,40.7804812]]},"properties":{"kind":"sidewalk","major":false}},{"type":"Feature","geometry":{"type":"LineString","coordinates":[[-73.983824,40.7804812],[-73.9838547,40.7804401],[-73.9838805,40.7804056]]},"properties":{"kind":"sidewalk","major":false}},{"type":"Feature","geometry":{"type":"LineString","coordinates":[[-73.9838408,40.7805099],[-73.9839426,40.7805529],[-73.984038,40.7805931]]},"properties":{"kind":"sidewalk","major":false}},{"type":"Feature","geometry":{"type":"LineString","coordinates":[[-73.9840832,40.7805895],[-73.9840708,40.7806066],[-73.9836879,40.7811245],[-73.9836763,40.7811402]]},"properties":{"kind":"sidewalk","major":false}},{"type":"Feature","geometry":{"type":"LineString","coordinates":[[-73.9849492,40.7818087],[-73.9849831,40.7818199]]},"properties":{"kind":"sidewalk","major":false}},{"type":"Feature","geometry":{"type":"LineString","coordinates":[[-73.9849492,40.7818087],[-73.9849576,40.7817874]]},"properties":{"kind":"sidewalk","major":false}},{"type":"Feature","geometry":{"type":"LineString","coordinates":[[-73.9849979,40.7816809],[-73.9849885,40.781703]]},"properties":{"kind":"sidewalk","major":false}},{"type":"Feature","geometry":{"type":"LineString","coordinates":[[-73.9849979,40.7816809],[-73.985031,40.7816903]]},"properties":{"kind":"sidewalk","major":false}},{"type":"Feature","geometry":{"type":"LineString","coordinates":[[-73.9849576,40.7817874],[-73.984976,40.7817372],[-73.9849885,40.781703]]},"properties":{"kind":"sidewalk","major":false}},{"type":"Feature","geometry":{"type":"LineString","coordinates":[[-73.9836208,40.7812214],[-73.9836078,40.781239],[-73.9832239,40.7817597],[-73.9831991,40.7817933]]},"properties":{"kind":"sidewalk","major":false}},{"type":"Feature","geometry":{"type":"LineString","coordinates":[[-73.9831932,40.7817468],[-73.9832239,40.7817597],[-73.9846951,40.7823772]]},"properties":{"kind":"sidewalk","major":false}},{"type":"Feature","geometry":{"type":"LineString","coordinates":[[-73.9831932,40.7817468],[-73.9830976,40.7817089],[-73.9830029,40.7816714]]},"properties":{"kind":"sidewalk","major":false}},{"type":"Feature","geometry":{"type":"LineString","coordinates":[[-73.9846865,40.7824036],[-73.9846951,40.7823772],[-73.9847689,40.7822182],[-73.9849492,40.7818087]]},"properties":{"kind":"sidewalk","major":false}},{"type":"Feature","geometry":{"type":"LineString","coordinates":[[-73.9846865,40.7824036],[-73.9846698,40.782445],[-73.9846528,40.7824874]]},"properties":{"kind":"sidewalk","major":false}},{"type":"Feature","geometry":{"type":"LineString","coordinates":[[-73.9843977,40.7830921],[-73.9846452,40.782505],[-73.9846528,40.7824874]]},"properties":{"kind":"sidewalk","major":false}},{"type":"Feature","geometry":{"type":"LineString","coordinates":[[-73.9846452,40.782505],[-73.98314,40.7818732],[-73.983116,40.7818631]]},"properties":{"kind":"sidewalk","major":false}},{"type":"Feature","geometry":{"type":"LineString","coordinates":[[-73.9827578,40.7823967],[-73.98314,40.7818732],[-73.9831516,40.7818573]]},"properties":{"kind":"sidewalk","major":false}},{"type":"Feature","geometry":{"type":"LineString","coordinates":[[-73.9831516,40.7818573],[-73.9831794,40.7818199],[-73.9831991,40.7817933]]},"properties":{"kind":"sidewalk","major":false}},{"type":"Feature","geometry":{"type":"LineString","coordinates":[[-73.982956,40.7816764],[-73.9829288,40.7817109],[-73.9828999,40.7817475]]},"properties":{"kind":"sidewalk","major":false}},{"type":"Feature","geometry":{"type":"LineString","coordinates":[[-73.9829214,40.7817853],[-73.9830152,40.7818228],[-73.983116,40.7818631]]},"properties":{"kind":"sidewalk","major":false}},{"type":"Feature","geometry":{"type":"LineString","coordinates":[[-73.9768458,40.7850144],[-73.9768225,40.7850045],[-73.97536904686639,40.78438978448431]]},"properties":{"kind":"sidewalk","major":false}},{"type":"Feature","geometry":{"type":"LineString","coordinates":[[-73.9768458,40.7850144],[-73.9768934,40.7850334],[-73.9769328,40.7850492],[-73.9769875,40.7850711],[-73.9770412,40.7850925]]},"properties":{"kind":"sidewalk","major":false}},{"type":"Feature","geometry":{"type":"LineString","coordinates":[[-73.9770412,40.7850925],[-73.9770709,40.785105],[-73.9783869,40.7856562],[-73.9784165,40.785669]]},"properties":{"kind":"sidewalk","major":false}},{"type":"Feature","geometry":{"type":"LineString","coordinates":[[-73.9755757,40.787111],[-73.975603,40.7871218],[-73.9768282,40.7876372],[-73.9768572,40.7876504]]},"properties":{"kind":"sidewalk","major":false}},{"type":"Feature","geometry":{"type":"LineString","coordinates":[[-73.9769665,40.7875447],[-73.976924,40.7875253],[-73.9756746,40.787012]]},"properties":{"kind":"sidewalk","major":false}},{"type":"Feature","geometry":{"type":"LineString","coordinates":[[-73.9756659,40.7870238],[-73.9756746,40.787012],[-73.9760631,40.7864873],[-73.9760734,40.7864733]]},"properties":{"kind":"sidewalk","major":false}},{"type":"Feature","geometry":{"type":"LineString","coordinates":[[-73.9761345,40.7863851],[-73.9761458,40.7863698],[-73.9765267,40.7858506],[-73.9765395,40.7858332]]},"properties":{"kind":"sidewalk","major":false}},{"type":"Feature","geometry":{"type":"LineString","coordinates":[[-73.9761345,40.7863851],[-73.9761105,40.7864198],[-73.9760734,40.7864733]]},"properties":{"kind":"sidewalk","major":false}},{"type":"Feature","geometry":{"type":"LineString","coordinates":[[-73.9760364,40.786476],[-73.9759259,40.7864303],[-73.9758451,40.7863969]]},"properties":{"kind":"sidewalk","major":false}},{"type":"Feature","geometry":{"type":"LineString","coordinates":[[-73.9761283,40.7863624],[-73.9760112,40.7863135],[-73.9759255,40.7862777]]},"properties":{"kind":"sidewalk","major":false}},{"type":"Feature","geometry":{"type":"LineString","coordinates":[[-73.9758897,40.7862875],[-73.9759034,40.7862683],[-73.9762766,40.7857455],[-73.9762898,40.7857269]]},"properties":{"kind":"sidewalk","major":false}},{"type":"Feature","geometry":{"type":"LineString","coordinates":[[-73.9744482908903,40.785650870454894],[-73.9759034,40.7862683],[-73.9759255,40.7862777]]},"properties":{"kind":"sidewalk","major":false}},{"type":"Feature","geometry":{"type":"LineString","coordinates":[[-73.9758897,40.7862875],[-73.9758674,40.7863177],[-73.9758326,40.7863649]]},"properties":{"kind":"sidewalk","major":false}},{"type":"Feature","geometry":{"type":"LineString","coordinates":[[-73.9758326,40.7863649],[-73.9758173,40.7863852],[-73.9754298,40.7868999],[-73.9754135,40.7869216]]},"properties":{"kind":"sidewalk","major":false}},{"type":"Feature","geometry":{"type":"LineString","coordinates":[[-73.9758451,40.7863969],[-73.9758173,40.7863852],[-73.97435974922317,40.78577213890942]]},"properties":{"kind":"sidewalk","major":false}},{"type":"Feature","geometry":{"type":"LineString","coordinates":[[-73.9754613,40.786915],[-73.9755455,40.7869515],[-73.975594,40.7869725]]},"properties":{"kind":"sidewalk","major":false}},{"type":"Feature","geometry":{"type":"LineString","coordinates":[[-73.9756477,40.7869957],[-73.9756746,40.787012]]},"properties":{"kind":"sidewalk","major":false}},{"type":"Feature","geometry":{"type":"LineString","coordinates":[[-73.9756659,40.7870238],[-73.9756421,40.7870571],[-73.9756121,40.7870989]]},"properties":{"kind":"sidewalk","major":false}},{"type":"Feature","geometry":{"type":"LineString","coordinates":[[-73.9755757,40.787111],[-73.9755462,40.7870988]]},"properties":{"kind":"sidewalk","major":false}},{"type":"Feature","geometry":{"type":"LineString","coordinates":[[-73.9753588,40.7869925],[-73.9753907,40.7869511],[-73.9754135,40.7869216]]},"properties":{"kind":"sidewalk","major":false}},{"type":"Feature","geometry":{"type":"LineString","coordinates":[[-73.9753782,40.787029],[-73.9753562,40.7870189],[-73.9753426,40.7870126],[-73.97389924149597,40.78640285958808]]},"properties":{"kind":"sidewalk","major":false}},{"type":"Feature","geometry":{"type":"LineString","coordinates":[[-73.97398263510443,40.786288642018604],[-73.9754298,40.7868999],[-73.9754613,40.786915]]},"properties":{"kind":"sidewalk","major":false}},{"type":"Feature","geometry":{"type":"LineString","coordinates":[[-73.9762766,40.7857455],[-73.9762434,40.7857223],[-73.97482762626262,40.785131325071966]]},"properties":{"kind":"sidewalk","major":false}},{"type":"Feature","geometry":{"type":"LineString","coordinates":[[-73.9768129,40.7850179],[-73.9767821,40.7850562],[-73.9767543,40.7850907]]},"properties":{"kind":"sidewalk","major":false}},{"type":"Feature","geometry":{"type":"LineString","coordinates":[[-73.9767543,40.7850907],[-73.9767366,40.7851146],[-73.9763527,40.7856328]]},"properties":{"kind":"sidewalk","major":false}},{"type":"Feature","geometry":{"type":"LineString","coordinates":[[-73.9752872433451,40.7845018242383],[-73.9767366,40.7851146],[-73.9767643,40.7851263]]},"properties":{"kind":"sidewalk","major":false}},{"type":"Feature","geometry":{"type":"LineString","coordinates":[[-73.9767643,40.7851263],[-73.9768507,40.7851624],[-73.9769096,40.785187],[-73.9769581,40.7852073]]},"properties":{"kind":"sidewalk","major":false}},{"type":"Feature","geometry":{"type":"LineString","coordinates":[[-73.9769581,40.7852073],[-73.9769877,40.7852197],[-73.9782997,40.7857722],[-73.9783331,40.7857866]]},"properties":{"kind":"sidewalk","major":false}},{"type":"Feature","geometry":{"type":"LineString","coordinates":[[-73.9770034,40.7851982],[-73.9769877,40.7852197],[-73.9766029,40.7857383],[-73.9779087,40.7862898],[-73.9779378,40.7863012]]},"properties":{"kind":"sidewalk","major":false}},{"type":"Feature","geometry":{"type":"LineString","coordinates":[[-73.9770034,40.7851982],[-73.9770304,40.785161],[-73.9770578,40.7851232]]},"properties":{"kind":"sidewalk","major":false}},{"type":"Feature","geometry":{"type":"LineString","coordinates":[[-73.9766029,40.7857383],[-73.9765901,40.7857535]]},"properties":{"kind":"foot","name":"","bridge":false,"len":2,"major":false}},{"type":"Feature","geometry":{"type":"LineString","coordinates":[[-73.9766029,40.7857383],[-73.9765839,40.7857173]]},"properties":{"kind":"foot","name":"","bridge":false,"len":2,"major":false}},{"type":"Feature","geometry":{"type":"LineString","coordinates":[[-73.9765901,40.7857535],[-73.9765681,40.7857881],[-73.9765395,40.7858332]]},"properties":{"kind":"sidewalk","major":false}},{"type":"Feature","geometry":{"type":"LineString","coordinates":[[-73.9765839,40.7857173],[-73.9764786,40.7856737],[-73.9763949,40.7856407]]},"properties":{"kind":"sidewalk","major":false}},{"type":"Feature","geometry":{"type":"LineString","coordinates":[[-73.9763949,40.7856407],[-73.9763527,40.7856328]]},"properties":{"kind":"foot","name":"","bridge":false,"len":4,"major":false}},{"type":"Feature","geometry":{"type":"LineString","coordinates":[[-73.9763527,40.7856328],[-73.9763442,40.7856534]]},"properties":{"kind":"foot","name":"","bridge":false,"len":2,"major":false}},{"type":"Feature","geometry":{"type":"LineString","coordinates":[[-73.9763442,40.7856534],[-73.9763215,40.7856841],[-73.9762898,40.7857269]]},"properties":{"kind":"sidewalk","major":false}},{"type":"Feature","geometry":{"type":"LineString","coordinates":[[-73.9762766,40.7857455],[-73.9762999,40.7857584]]},"properties":{"kind":"foot","name":"","bridge":false,"len":2,"major":false}},{"type":"Feature","geometry":{"type":"LineString","coordinates":[[-73.9762999,40.7857584],[-73.9763895,40.7857951],[-73.9765021,40.7858413]]},"properties":{"kind":"sidewalk","major":false}},{"type":"Feature","geometry":{"type":"LineString","coordinates":[[-73.9765021,40.7858413],[-73.9765267,40.7858506]]},"properties":{"kind":"foot","name":"","bridge":false,"len":2,"major":false}},{"type":"Feature","geometry":{"type":"LineString","coordinates":[[-73.9763527,40.7856328],[-73.9763035,40.7856218],[-73.97490432878541,40.785026271748485]]},"properties":{"kind":"sidewalk","major":false}},{"type":"Feature","geometry":{"type":"LineString","coordinates":[[-73.9853645,40.7783488],[-73.9839061,40.7777326],[-73.9838007,40.7777179],[-73.983669,40.7776869],[-73.9835813,40.777659],[-73.982757,40.7772967]]},"properties":{"kind":"sidewalk","major":false}},{"type":"Feature","geometry":{"type":"LineString","coordinates":[[-73.982757,40.7772967],[-73.9827415,40.7773165]]},"properties":{"kind":"sidewalk","major":false}},{"type":"Feature","geometry":{"type":"LineString","coordinates":[[-73.982757,40.7772967],[-73.9827306,40.7772856]]},"properties":{"kind":"sidewalk","major":false}},{"type":"Feature","geometry":{"type":"LineString","coordinates":[[-73.9852641,40.7785055],[-73.9831324,40.7776107],[-73.9830869,40.7775924],[-73.9829866,40.7775522],[-73.982662,40.777421]]},"properties":{"kind":"sidewalk","major":false}},{"type":"Feature","geometry":{"type":"LineString","coordinates":[[-73.982662,40.777421],[-73.9826389,40.7774123]]},"properties":{"kind":"sidewalk","major":false}},{"type":"Feature","geometry":{"type":"LineString","coordinates":[[-73.982662,40.777421],[-73.9826763,40.7774022]]},"properties":{"kind":"sidewalk","major":false}},{"type":"Feature","geometry":{"type":"LineString","coordinates":[[-73.9741533,40.7891095],[-73.9741214,40.7890959]]},"properties":{"kind":"sidewalk","major":false}},{"type":"Feature","geometry":{"type":"LineString","coordinates":[[-73.9741533,40.7891095],[-73.9741665,40.7890909]]},"properties":{"kind":"sidewalk","major":false}},{"type":"Feature","geometry":{"type":"LineString","coordinates":[[-73.9741665,40.7890909],[-73.9741981,40.7890442],[-73.9742215,40.7890121]]},"properties":{"kind":"sidewalk","major":false}},{"type":"Feature","geometry":{"type":"LineString","coordinates":[[-73.9742063,40.7889834],[-73.9740968,40.7889362],[-73.9740047,40.7888969]]},"properties":{"kind":"sidewalk","major":false}},{"type":"Feature","geometry":{"type":"LineString","coordinates":[[-73.9740047,40.7888969],[-73.9739755,40.7888837],[-73.97253024394738,40.78827786626425]]},"properties":{"kind":"sidewalk","major":false}},{"type":"Feature","geometry":{"type":"LineString","coordinates":[[-73.9739625,40.788901],[-73.9739373,40.7889359],[-73.9739073,40.7889792]]},"properties":{"kind":"sidewalk","major":false}},{"type":"Feature","geometry":{"type":"LineString","coordinates":[[-73.9739073,40.7889792],[-73.9738919,40.7890014]]},"properties":{"kind":"sidewalk","major":false}},{"type":"Feature","geometry":{"type":"LineString","coordinates":[[-73.9739217,40.7890125],[-73.9738919,40.7890014]]},"properties":{"kind":"sidewalk","major":false}},{"type":"Feature","geometry":{"type":"LineString","coordinates":[[-73.9738919,40.7890014],[-73.9736562,40.788902],[-73.97244802816563,40.78839047065848]]},"properties":{"kind":"sidewalk","major":false}},{"type":"Feature","geometry":{"type":"LineString","coordinates":[[-73.9752611,40.7895493],[-73.9752467,40.789569],[-73.9748673,40.790087],[-73.9748599,40.7900985]]},"properties":{"kind":"sidewalk","major":false}},{"type":"Feature","geometry":{"type":"LineString","coordinates":[[-73.9752611,40.7895493],[-73.9752923,40.7895105],[-73.97532,40.7894761]]},"properties":{"kind":"sidewalk","major":false}},{"type":"Feature","geometry":{"type":"LineString","coordinates":[[-73.9753656,40.7894692],[-73.9754568,40.7895076],[-73.9756276,40.7895794],[-73.9756915,40.7896063]]},"properties":{"kind":"sidewalk","major":false}},{"type":"Feature","geometry":{"type":"LineString","coordinates":[[-73.9757111,40.7896412],[-73.9756852,40.7896794],[-73.9756598,40.789717]]},"properties":{"kind":"sidewalk","major":false}},{"type":"Feature","geometry":{"type":"LineString","coordinates":[[-73.9874394,40.7736926],[-73.9884496,40.7741233],[-73.9884782,40.7741355]]},"properties":{"kind":"sidewalk","major":false}},{"type":"Feature","geometry":{"type":"LineString","coordinates":[[-73.9895098,40.7745859],[-73.989115,40.7744202],[-73.9887431,40.7742642],[-73.9887175,40.7742534],[-73.9886913,40.7742424]]},"properties":{"kind":"sidewalk","major":false}},{"type":"Feature","geometry":{"type":"LineString","coordinates":[[-73.9886913,40.7742424],[-73.9885751,40.7741841],[-73.9884782,40.7741355]]},"properties":{"kind":"sidewalk","major":false}},{"type":"Feature","geometry":{"type":"LineString","coordinates":[[-73.9887343,40.774233],[-73.9887697,40.7741785],[-73.9887988,40.7741338]]},"properties":{"kind":"sidewalk","major":false}},{"type":"Feature","geometry":{"type":"LineString","coordinates":[[-73.9874394,40.7736926],[-73.9874005,40.7736647],[-73.9873788,40.7736438],[-73.9873659,40.7735963],[-73.9873747,40.7735745],[-73.9874137,40.7735239],[-73.9874429,40.7735063],[-73.9874971,40.7734811],[-73.9875625,40.7734928],[-73.9875966,40.7735109],[-73.9876219,40.7735332],[-73.9876359,40.7735554],[-73.9876505,40.7735882],[-73.9876743,40.7736225],[-73.9877101,40.7736544],[-73.9877594,40.7736832],[-73.9878695,40.7737354],[-73.9880226,40.7737988],[-73.9885327,40.7740099],[-73.9885579,40.7740203]]},"properties":{"kind":"sidewalk","major":false}},{"type":"Feature","geometry":{"type":"LineString","coordinates":[[-73.9885194,40.774028],[-73.9885327,40.7740099],[-73.9889071,40.7734982],[-73.9889892,40.7733859],[-73.9893625,40.7728756],[-73.9893799,40.7728519]]},"properties":{"kind":"sidewalk","major":false}},{"type":"Feature","geometry":{"type":"LineString","coordinates":[[-73.9885194,40.774028],[-73.9884934,40.7740641],[-73.9884651,40.7741035]]},"properties":{"kind":"sidewalk","major":false}},{"type":"Feature","geometry":{"type":"LineString","coordinates":[[-73.9885579,40.7740203],[-73.9886694,40.7740586],[-73.9887911,40.774103]]},"properties":{"kind":"sidewalk","major":false}},{"type":"Feature","geometry":{"type":"LineString","coordinates":[[-73.9887911,40.774103],[-73.9888156,40.7741125]]},"properties":{"kind":"sidewalk","major":false}},{"type":"Feature","geometry":{"type":"LineString","coordinates":[[-73.9888156,40.7741125],[-73.9887988,40.7741338]]},"properties":{"kind":"sidewalk","major":false}},{"type":"Feature","geometry":{"type":"LineString","coordinates":[[-73.9888156,40.7741125],[-73.9896073,40.7744495]]},"properties":{"kind":"sidewalk","major":false}},{"type":"Feature","geometry":{"type":"LineString","coordinates":[[-73.9888156,40.7741125],[-73.9891806,40.7736109]]},"properties":{"kind":"sidewalk","major":false}},{"type":"Feature","geometry":{"type":"LineString","coordinates":[[-73.9891806,40.7736109],[-73.9891586,40.7736057]]},"properties":{"kind":"sidewalk","major":false}},{"type":"Feature","geometry":{"type":"LineString","coordinates":[[-73.9891806,40.7736109],[-73.9891949,40.7736007]]},"properties":{"kind":"sidewalk","major":false}},{"type":"Feature","geometry":{"type":"LineString","coordinates":[[-73.9891949,40.7736007],[-73.9892285,40.7735519],[-73.9892539,40.7735151]]},"properties":{"kind":"sidewalk","major":false}},{"type":"Feature","geometry":{"type":"LineString","coordinates":[[-73.9892539,40.7735151],[-73.9892643,40.7735013]]},"properties":{"kind":"sidewalk","major":false}},{"type":"Feature","geometry":{"type":"LineString","coordinates":[[-73.9892643,40.7735013],[-73.9892435,40.7734869]]},"properties":{"kind":"sidewalk","major":false}},{"type":"Feature","geometry":{"type":"LineString","coordinates":[[-73.9891806,40.7736109],[-73.989215,40.7736158],[-73.9897513,40.7738426],[-73.9898102,40.7737391],[-73.9897717,40.7737223],[-73.9892643,40.7735013]]},"properties":{"kind":"sidewalk","major":false}},{"type":"Feature","geometry":{"type":"LineString","coordinates":[[-73.9891586,40.7736057],[-73.9890353,40.7735521],[-73.988952,40.7735159]]},"properties":{"kind":"sidewalk","major":false}},{"type":"Feature","geometry":{"type":"LineString","coordinates":[[-73.9892435,40.7734869],[-73.9891197,40.773437],[-73.9890301,40.7734009]]},"properties":{"kind":"sidewalk","major":false}},{"type":"Feature","geometry":{"type":"LineString","coordinates":[[-73.9890301,40.7734009],[-73.9889892,40.7733859]]},"properties":{"kind":"sidewalk","major":false}},{"type":"Feature","geometry":{"type":"LineString","coordinates":[[-73.9892643,40.7735013],[-73.9896378,40.7729923],[-73.9896488,40.7729807]]},"properties":{"kind":"sidewalk","major":false}},{"type":"Feature","geometry":{"type":"LineString","coordinates":[[-73.9896172,40.7729833],[-73.9896378,40.7729923],[-73.990423,40.7733352],[-73.9904436,40.7733442]]},"properties":{"kind":"sidewalk","major":false}},{"type":"Feature","geometry":{"type":"LineString","coordinates":[[-73.9893866,40.7728859],[-73.9893625,40.7728756],[-73.9888546,40.7726601],[-73.9873798,40.772034],[-73.9867939,40.7717852],[-73.9867673,40.7717739]]},"properties":{"kind":"sidewalk","major":false}},{"type":"Feature","geometry":{"type":"LineString","coordinates":[[-73.9893866,40.7728859],[-73.989489,40.7729292],[-73.9896172,40.7729833]]},"properties":{"kind":"sidewalk","major":false}},{"type":"Feature","geometry":{"type":"LineString","coordinates":[[-73.9893799,40.7728519],[-73.9894102,40.7728129],[-73.9894392,40.7727757]]},"properties":{"kind":"sidewalk","major":false}},{"type":"Feature","geometry":{"type":"LineString","coordinates":[[-73.9894392,40.7727757],[-73.9894535,40.7727559],[-73.9898167,40.772253],[-73.9898338,40.7722293]]},"properties":{"kind":"sidewalk","major":false}},{"type":"Feature","geometry":{"type":"LineString","coordinates":[[-73.9894751,40.772765],[-73.9894535,40.7727559],[-73.9882232,40.772238],[-73.9868813,40.7716731],[-73.986855,40.771662]]},"properties":{"kind":"sidewalk","major":false}},{"type":"Feature","geometry":{"type":"LineString","coordinates":[[-73.986865,40.7716951],[-73.9868813,40.7716731],[-73.9870679,40.7714211],[-73.9872563,40.7711669],[-73.9872688,40.77115]]},"properties":{"kind":"sidewalk","major":false}},{"type":"Feature","geometry":{"type":"LineString","coordinates":[[-73.9859,40.7729839],[-73.9859154,40.772991]]},"properties":{"kind":"sidewalk","major":false}},{"type":"Feature","geometry":{"type":"LineString","coordinates":[[-73.9852599,40.7734453],[-73.9852371,40.7734357]]},"properties":{"kind":"sidewalk","major":false}},{"type":"Feature","geometry":{"type":"LineString","coordinates":[[-73.98516,40.7735848],[-73.9851334,40.7735786]]},"properties":{"kind":"sidewalk","major":false}},{"type":"Feature","geometry":{"type":"LineString","coordinates":[[-73.9856448,40.7728745],[-73.9856585,40.7728794]]},"properties":{"kind":"sidewalk","major":false}},{"type":"Feature","geometry":{"type":"LineString","coordinates":[[-73.9896488,40.7729807],[-73.9896877,40.7729246],[-73.9897169,40.7728826]]},"properties":{"kind":"sidewalk","major":false}},{"type":"Feature","geometry":{"type":"LineString","coordinates":[[-73.9897169,40.7728826],[-73.9897356,40.7728577],[-73.9900973,40.7723666],[-73.9901102,40.7723498]]},"properties":{"kind":"sidewalk","major":false}},{"type":"Feature","geometry":{"type":"LineString","coordinates":[[-73.9905439,40.773206],[-73.9905202,40.7731958],[-73.9897356,40.7728577],[-73.9897106,40.7728469]]},"properties":{"kind":"sidewalk","major":false}},{"type":"Feature","geometry":{"type":"LineString","coordinates":[[-73.9895745,40.7727996],[-73.9894751,40.772765]]},"properties":{"kind":"sidewalk","major":false}},{"type":"Feature","geometry":{"type":"LineString","coordinates":[[-73.9898418,40.7722615],[-73.9898167,40.772253],[-73.9885725,40.7717153],[-73.9872563,40.7711669],[-73.9872359,40.7711568]]},"properties":{"kind":"sidewalk","major":false}},{"type":"Feature","geometry":{"type":"LineString","coordinates":[[-73.9909067,40.7727128],[-73.9908804,40.7727016],[-73.9900973,40.7723666],[-73.9900773,40.772353]]},"properties":{"kind":"sidewalk","major":false}},{"type":"Feature","geometry":{"type":"LineString","coordinates":[[-73.9900773,40.772353],[-73.9899484,40.7723029],[-73.9898418,40.7722615]]},"properties":{"kind":"sidewalk","major":false}},{"type":"Feature","geometry":{"type":"LineString","coordinates":[[-73.9901102,40.7723498],[-73.9901427,40.7723041],[-73.9901735,40.7722607]]},"properties":{"kind":"sidewalk","major":false}},{"type":"Feature","geometry":{"type":"LineString","coordinates":[[-73.9898338,40.7722293],[-73.9898664,40.7721818],[-73.9898908,40.7721463]]},"properties":{"kind":"sidewalk","major":false}},{"type":"Feature","geometry":{"type":"LineString","coordinates":[[-73.9901735,40.7722607],[-73.9901859,40.7722403]]},"properties":{"kind":"sidewalk","major":false}},{"type":"Feature","geometry":{"type":"LineString","coordinates":[[-73.9910631,40.7726151],[-73.991037,40.7726039],[-73.9901859,40.7722403],[-73.9901619,40.7722273]]},"properties":{"kind":"sidewalk","major":false}},{"type":"Feature","geometry":{"type":"LineString","coordinates":[[-73.9901619,40.7722273],[-73.9900409,40.7721783],[-73.9899376,40.7721364]]},"properties":{"kind":"sidewalk","major":false}},{"type":"Feature","geometry":{"type":"LineString","coordinates":[[-73.9905202,40.7731958],[-73.9905119,40.7732132]]},"properties":{"kind":"sidewalk","major":false}},{"type":"Feature","geometry":{"type":"LineString","coordinates":[[-73.9904333,40.7733149],[-73.990423,40.7733352],[-73.9902731,40.773572],[-73.9902544,40.773661],[-73.9902299,40.7737751],[-73.9902253,40.7738306],[-73.9901968,40.7739194],[-73.9901265,40.7740146],[-73.9899642,40.7741129],[-73.9898553,40.7741803],[-73.9898047,40.7742178],[-73.9897184,40.7743248],[-73.9896418,40.7744212],[-73.9896187,40.7744442],[-73.9896073,40.7744495]]},"properties":{"kind":"sidewalk","major":false}},{"type":"Feature","geometry":{"type":"LineString","coordinates":[[-73.9863056,40.772425],[-73.9863231,40.7724323]]},"properties":{"kind":"sidewalk","major":false}},{"type":"Feature","geometry":{"type":"LineString","coordinates":[[-73.9861545,40.7721827],[-73.9861658,40.7721671],[-73.9865221,40.7716736],[-73.9865323,40.7716595]]},"properties":{"kind":"sidewalk","major":false}},{"type":"Feature","geometry":{"type":"LineString","coordinates":[[-73.9847370025575,40.77155924327489],[-73.9852146,40.7717574],[-73.9857865,40.7720037],[-73.9861658,40.7721671],[-73.9861924,40.7721757]]},"properties":{"kind":"sidewalk","major":false}},{"type":"Feature","geometry":{"type":"LineString","coordinates":[[-73.9865512,40.7716855],[-73.9865221,40.7716736]]},"properties":{"kind":"sidewalk","major":false}},{"type":"Feature","geometry":{"type":"LineString","coordinates":[[-73.98659,40.7715797],[-73.9866033,40.7715613],[-73.9869409,40.7710938],[-73.9869503,40.7710807]]},"properties":{"kind":"sidewalk","major":false}},{"type":"Feature","geometry":{"type":"LineString","coordinates":[[-73.9869615,40.7711055],[-73.9869409,40.7710938],[-73.9866186,40.7709573],[-73.9865983,40.7709488],[-73.9865716,40.7709376],[-73.9863996,40.7708655],[-73.9862611,40.7708074],[-73.9861136,40.7707455],[-73.9855145573331,40.77049428855904]]},"properties":{"kind":"sidewalk","major":false}},{"type":"Feature","geometry":{"type":"LineString","coordinates":[[-73.9872359,40.7711568],[-73.9871988,40.77115]]},"properties":{"kind":"sidewalk","major":false}},{"type":"Feature","geometry":{"type":"LineString","coordinates":[[-73.9869503,40.7710807],[-73.9870094,40.7710128],[-73.987057,40.7709575]]},"properties":{"kind":"sidewalk","major":false}},{"type":"Feature","geometry":{"type":"LineString","coordinates":[[-73.98563388215372,40.77033085887612],[-73.9856739,40.7703477]]},"properties":{"kind":"sidewalk","major":false}},{"type":"Feature","geometry":{"type":"LineString","coordinates":[[-73.987057,40.7709575],[-73.9870708,40.7709351],[-73.9874402,40.7704346],[-73.9874535,40.7704166]]},"properties":{"kind":"sidewalk","major":false}},{"type":"Feature","geometry":{"type":"LineString","coordinates":[[-73.9871073,40.7709504],[-73.9871758,40.770977],[-73.9873055,40.7710295]]},"properties":{"kind":"sidewalk","major":false}},{"type":"Feature","geometry":{"type":"LineString","coordinates":[[-73.9872688,40.77115],[-73.987293,40.7710981],[-73.9873143,40.7710549]]},"properties":{"kind":"sidewalk","major":false}},{"type":"Feature","geometry":{"type":"LineString","coordinates":[[-73.9873143,40.7710549],[-73.9873235,40.771044],[-73.9877012,40.7705367],[-73.9877146,40.7705187]]},"properties":{"kind":"sidewalk","major":false}},{"type":"Feature","geometry":{"type":"LineString","coordinates":[[-73.9899376,40.7721364],[-73.9899078,40.7721238],[-73.9896331,40.7720095],[-73.9888344,40.7716773],[-73.9884883,40.7715334],[-73.9879861,40.7713224],[-73.9878074,40.7712473],[-73.9873235,40.771044],[-73.9873055,40.7710295]]},"properties":{"kind":"sidewalk","major":false}},{"type":"Feature","geometry":{"type":"LineString","coordinates":[[-73.9860689,40.772332],[-73.9860446,40.7723215],[-73.9859182,40.7722681],[-73.985097,40.7719212],[-73.9849874,40.7718749],[-73.9849058,40.7718404],[-73.9847913,40.7717921],[-73.9846829,40.7717463]]},"properties":{"kind":"sidewalk","major":false}},{"type":"Feature","geometry":{"type":"LineString","coordinates":[[-73.9895098,40.7745859],[-73.9894648,40.7746476],[-73.9892062,40.7750022],[-73.9891479,40.7750822]]},"properties":{"kind":"sidewalk","major":false}},{"type":"Feature","geometry":{"type":"LineString","coordinates":[[-73.9891479,40.7750822],[-73.9887556,40.7749162],[-73.9883505,40.7747447]]},"properties":{"kind":"sidewalk","major":false}},{"type":"Feature","geometry":{"type":"LineString","coordinates":[[-73.9885242,40.7747004],[-73.988598,40.7746872]]},"properties":{"kind":"foot","name":"","bridge":false,"len":6,"major":false}},{"type":"Feature","geometry":{"type":"LineString","coordinates":[[-73.9876665,40.7705222],[-73.9877012,40.7705367],[-73.9881641,40.7707304],[-73.9885824,40.7709053],[-73.9888151,40.7710027],[-73.9902763,40.7716226],[-73.990304,40.7716343]]},"properties":{"kind":"sidewalk","major":false}},{"type":"Feature","geometry":{"type":"LineString","coordinates":[[-73.9874696,40.7704471],[-73.9874402,40.7704346],[-73.9861863,40.769903],[-73.9860874,40.7698611],[-73.9860213,40.7698331],[-73.98600298154662,40.76982533289724]]},"properties":{"kind":"sidewalk","major":false}},{"type":"Feature","geometry":{"type":"LineString","coordinates":[[-73.9874696,40.7704471],[-73.9875428,40.770475],[-73.9876665,40.7705222]]},"properties":{"kind":"sidewalk","major":false}},{"type":"Feature","geometry":{"type":"LineString","coordinates":[[-73.9585256,40.8157376],[-73.9584403,40.815866],[-73.9583613,40.8159849]]},"properties":{"kind":"sidewalk","major":false}},{"type":"Feature","geometry":{"type":"LineString","coordinates":[[-73.9580894,40.8156827],[-73.9580662,40.8156569],[-73.9577465,40.8152805]]},"properties":{"kind":"sidewalk","major":false}},{"type":"Feature","geometry":{"type":"LineString","coordinates":[[-73.9589707,40.8151092],[-73.9588982,40.8150772],[-73.9586719,40.8149772],[-73.9586087,40.8149493]]},"properties":{"kind":"sidewalk","major":false}},{"type":"Feature","geometry":{"type":"LineString","coordinates":[[-73.9588478,40.8152876],[-73.9585559,40.8156953],[-73.9585256,40.8157376]]},"properties":{"kind":"sidewalk","major":false}},{"type":"Feature","geometry":{"type":"LineString","coordinates":[[-73.9594277,40.8137811],[-73.9594155,40.813799],[-73.9591857,40.8141129],[-73.9589622,40.8144184],[-73.9588165,40.8146175],[-73.9586806,40.8147894],[-73.9585822,40.8149376],[-73.9585221,40.8150196],[-73.9585016,40.8150477],[-73.9584893,40.8150645],[-73.9582359,40.8154107],[-73.9582263,40.8154246]]},"properties":{"kind":"sidewalk","major":false}},{"type":"Feature","geometry":{"type":"LineString","coordinates":[[-73.9597399,40.815662],[-73.9598059,40.8155769],[-73.9598714,40.8154931]]},"properties":{"kind":"sidewalk","major":false}},{"type":"Feature","geometry":{"type":"LineString","coordinates":[[-73.9585256,40.8157376],[-73.9585567,40.8157711],[-73.9596031,40.8169914],[-73.9596938,40.8170295],[-73.9606001,40.8174101],[-73.9607054,40.8172606],[-73.9607457,40.8171784],[-73.960751,40.8171053],[-73.9607282,40.8170322],[-73.9605271,40.8166902],[-73.9604882,40.8165989],[-73.9604678,40.8165465],[-73.9604399,40.8164486],[-73.9604202,40.8163322],[-73.9604189,40.8162114],[-73.9604386,40.8160762],[-73.9604631,40.8159749],[-73.9604704,40.8159557]]},"properties":{"kind":"sidewalk","major":false}},{"type":"Feature","geometry":{"type":"LineString","coordinates":[[-73.9604704,40.8159557],[-73.9604903,40.815869],[-73.9605144,40.8157769]]},"properties":{"kind":"sidewalk","major":false}},{"type":"Feature","geometry":{"type":"LineString","coordinates":[[-73.9606667,40.8158202],[-73.960693,40.8158295],[-73.9606481,40.8159239]]},"properties":{"kind":"sidewalk","major":false}},{"type":"Feature","geometry":{"type":"LineString","coordinates":[[-73.9605436,40.8157729],[-73.9605225,40.8157641],[-73.9598714,40.8154931]]},"properties":{"kind":"sidewalk","major":false}},{"type":"Feature","geometry":{"type":"LineString","coordinates":[[-73.9596914,40.8154128],[-73.9589707,40.8151092]]},"properties":{"kind":"sidewalk","major":false}},{"type":"Feature","geometry":{"type":"LineString","coordinates":[[-73.9610071,40.8177254],[-73.9609527,40.8177048],[-73.9608714,40.8176752]]},"properties":{"kind":"sidewalk","major":false}},{"type":"Feature","geometry":{"type":"LineString","coordinates":[[-73.9610485,40.8176039],[-73.9610335,40.8175979],[-73.960852,40.8175212]]},"properties":{"kind":"sidewalk","major":false}},{"type":"Feature","geometry":{"type":"LineString","coordinates":[[-73.960852,40.8175212],[-73.9607503,40.8174716],[-73.9606001,40.8174101]]},"properties":{"kind":"sidewalk","major":false}},{"type":"Feature","geometry":{"type":"LineString","coordinates":[[-73.9605164,40.8175236],[-73.9606798,40.8175921],[-73.9607783,40.8176334]]},"properties":{"kind":"sidewalk","major":false}},{"type":"Feature","geometry":{"type":"LineString","coordinates":[[-73.9607783,40.8176334],[-73.9608714,40.8176752]]},"properties":{"kind":"sidewalk","major":false}},{"type":"Feature","geometry":{"type":"LineString","coordinates":[[-73.9611533,40.8176457],[-73.9611684,40.817652],[-73.9618447,40.8179345]]},"properties":{"kind":"sidewalk","major":false}},{"type":"Feature","geometry":{"type":"LineString","coordinates":[[-73.9611055,40.8185948],[-73.9616326,40.818055],[-73.9616816,40.8180064],[-73.9610326,40.8177343],[-73.9610071,40.8177254]]},"properties":{"kind":"sidewalk","major":false}},{"type":"Feature","geometry":{"type":"LineString","coordinates":[[-73.9606313,40.8180833],[-73.9606422,40.8180981],[-73.9611055,40.8185948]]},"properties":{"kind":"sidewalk","major":false}},{"type":"Feature","geometry":{"type":"LineString","coordinates":[[-73.9611055,40.8185948],[-73.9611294,40.8186187],[-73.9611878,40.818677]]},"properties":{"kind":"sidewalk","major":false}},{"type":"Feature","geometry":{"type":"LineString","coordinates":[[-73.9611055,40.8185948],[-73.9610407,40.81866],[-73.9609834,40.8187176]]},"properties":{"kind":"sidewalk","major":false}},{"type":"Feature","geometry":{"type":"LineString","coordinates":[[-73.9605209,40.8181529],[-73.9604568,40.8181898],[-73.9603991,40.8182262],[-73.9603656,40.8181909]]},"properties":{"kind":"sidewalk","major":false}},{"type":"Feature","geometry":{"type":"LineString","coordinates":[[-73.9603656,40.8181909],[-73.9602903,40.8181203],[-73.9601489,40.8180266]]},"properties":{"kind":"sidewalk","major":false}},{"type":"Feature","geometry":{"type":"LineString","coordinates":[[-73.9602017,40.8179502],[-73.960289,40.8178261],[-73.9603251,40.8177751]]},"properties":{"kind":"sidewalk","major":false}},{"type":"Feature","geometry":{"type":"LineString","coordinates":[[-73.9605164,40.8175236],[-73.9599231,40.8172696],[-73.9603397,40.8177546]]},"properties":{"kind":"sidewalk","major":false}},{"type":"Feature","geometry":{"type":"LineString","coordinates":[[-73.9599231,40.8172696],[-73.9598434,40.8172373],[-73.9598133,40.8172062]]},"properties":{"kind":"sidewalk","major":false}},{"type":"Feature","geometry":{"type":"LineString","coordinates":[[-73.9598133,40.8172062],[-73.9597547,40.8171381],[-73.9596938,40.8170684]]},"properties":{"kind":"sidewalk","major":false}},{"type":"Feature","geometry":{"type":"LineString","coordinates":[[-73.9595812,40.8169966],[-73.959516,40.8170315],[-73.9594328,40.8170761]]},"properties":{"kind":"sidewalk","major":false}},{"type":"Feature","geometry":{"type":"LineString","coordinates":[[-73.9605795,40.8180128],[-73.9605338,40.8179556],[-73.9606809,40.8178204],[-73.9607708,40.8177364],[-73.9608714,40.8176752]]},"properties":{"kind":"sidewalk","major":false}},{"type":"Feature","geometry":{"type":"LineString","coordinates":[[-73.9606313,40.8180833],[-73.9605997,40.8180402],[-73.9605795,40.8180128]]},"properties":{"kind":"sidewalk","major":false}},{"type":"Feature","geometry":{"type":"LineString","coordinates":[[-73.9605338,40.8179556],[-73.9604648,40.8178841],[-73.9603397,40.8177546]]},"properties":{"kind":"sidewalk","major":false}},{"type":"Feature","geometry":{"type":"LineString","coordinates":[[-73.9601848,40.8179743],[-73.9595716,40.8173015],[-73.9595731,40.8172631],[-73.9594105,40.817088]]},"properties":{"kind":"sidewalk","major":false}},{"type":"Feature","geometry":{"type":"LineString","coordinates":[[-73.9601489,40.8180266],[-73.9588942,40.8175063],[-73.9587738,40.8174564]]},"properties":{"kind":"sidewalk","major":false}},{"type":"Feature","geometry":{"type":"LineString","coordinates":[[-73.9594105,40.817088],[-73.9593318,40.817018],[-73.9592458,40.8169819],[-73.9591523,40.8169435]]},"properties":{"kind":"sidewalk","major":false}},{"type":"Feature","geometry":{"type":"LineString","coordinates":[[-73.9592506,40.8169567],[-73.9592065,40.8168932],[-73.9591786,40.8168507]]},"properties":{"kind":"sidewalk","major":false}},{"type":"Feature","geometry":{"type":"LineString","coordinates":[[-73.9580596,40.8163495],[-73.9580962,40.8163509],[-73.9588353,40.8166702],[-73.9591402,40.816797]]},"properties":{"kind":"sidewalk","major":false}},{"type":"Feature","geometry":{"type":"LineString","coordinates":[[-73.9619264,40.8163796],[-73.9620822,40.816295],[-73.9621975,40.8162088],[-73.9622994,40.8161032],[-73.9624081,40.8159733],[-73.9626025,40.8156759],[-73.9627997,40.8152902],[-73.9630142,40.8148497],[-73.9630777,40.8147262],[-73.9631353,40.8146143],[-73.9633576,40.8141819],[-73.9634459,40.8140195],[-73.9634711,40.8139761],[-73.9634796,40.8139606],[-73.9636235,40.8137068],[-73.9636966,40.813565],[-73.9637653,40.8134379],[-73.9638515,40.813262],[-73.9638846,40.8131973],[-73.9639584,40.8130014],[-73.9639986,40.8128268],[-73.9640081,40.8127445]]},"properties":{"kind":"sidewalk","major":false}},{"type":"Feature","geometry":{"type":"LineString","coordinates":[[-73.9638203,40.813255],[-73.9637569,40.8132382],[-73.9636961,40.8132192]]},"properties":{"kind":"sidewalk","major":false}},{"type":"Feature","geometry":{"type":"LineString","coordinates":[[-73.9640081,40.8127445],[-73.9640241,40.8124905],[-73.9640246,40.8121992],[-73.9640083,40.8119483],[-73.9640182,40.8117196],[-73.964073,40.8115686],[-73.9641207,40.8115227]]},"properties":{"kind":"sidewalk","major":false}},{"type":"Feature","geometry":{"type":"LineString","coordinates":[[-73.9630316,40.8129685],[-73.9629304,40.812937],[-73.9629194,40.8129336],[-73.9627218,40.8132063],[-73.9625397,40.8134528],[-73.9624007,40.8136534],[-73.9623785,40.8137155],[-73.9623662,40.8137507],[-73.962298,40.8139468],[-73.9622419,40.8141005],[-73.962152,40.8142463],[-73.9619302,40.8145635],[-73.9617741,40.8147691]]},"properties":{"kind":"sidewalk","major":false}},{"type":"Feature","geometry":{"type":"LineString","coordinates":[[-73.962498,40.8147147],[-73.9624924,40.8147324],[-73.962453,40.8148466],[-73.9624391,40.8149441],[-73.9624374,40.8149728],[-73.9624334,40.8150368],[-73.9624109,40.8151406],[-73.9623724,40.8152051],[-73.9623365,40.8152538],[-73.9622777,40.8153169],[-73.9621837,40.8153812],[-73.96209,40.8153956],[-73.9619829,40.8154354]]},"properties":{"kind":"foot","name":"","bridge":false,"len":83,"major":false}},{"type":"Feature","geometry":{"type":"LineString","coordinates":[[-73.9620908,40.8139375],[-73.9620597,40.8140192],[-73.9619944,40.8141314],[-73.9619126,40.8142471],[-73.961699,40.814514],[-73.96156,40.8147031],[-73.9614045,40.814955],[-73.9613067,40.8151528],[-73.9611841,40.8154612],[-73.9611117,40.8157015],[-73.961086,40.8158455],[-73.9610755,40.8159145],[-73.9610685,40.8160489],[-73.96109,40.816125],[-73.9611521,40.8162612],[-73.9611677,40.8163038],[-73.9611893,40.8163834],[-73.9611974,40.8165103],[-73.9611771,40.8166295],[-73.9611601,40.8166664],[-73.9611487,40.8166911],[-73.961107,40.8167534],[-73.9609943,40.8169037]]},"properties":{"kind":"sidewalk","major":false}},{"type":"Feature","geometry":{"type":"LineString","coordinates":[[-73.9609943,40.8169037],[-73.9583371,40.8205216]]},"properties":{"kind":"sidewalk","major":false}},{"type":"Feature","geometry":{"type":"LineString","coordinates":[[-73.9618251,40.8164329],[-73.9616352,40.8165473],[-73.9614949,40.816655],[-73.9614023,40.8167466],[-73.9613892,40.8167596],[-73.961316,40.8168534],[-73.9612144,40.8169934]]},"properties":{"kind":"sidewalk","major":false}},{"type":"Feature","geometry":{"type":"LineString","coordinates":[[-73.9612144,40.8169934],[-73.9585688,40.8206231],[-73.9584722,40.8207592],[-73.9584041,40.8208408],[-73.958332,40.8209146],[-73.9582344,40.8209892],[-73.9581267,40.8210538],[-73.9580413,40.8210961],[-73.9579346,40.8211392],[-73.9578096,40.8211761],[-73.9576724,40.8212115]]},"properties":{"kind":"sidewalk","major":false}},{"type":"Feature","geometry":{"type":"LineString","coordinates":[[-73.9583371,40.8205216],[-73.9582986,40.8205741],[-73.9582517,40.8206347]]},"properties":{"kind":"sidewalk","major":false}},{"type":"Feature","geometry":{"type":"LineString","coordinates":[[-73.9582517,40.8206347],[-73.9581513,40.8207658],[-73.9580511,40.8208451],[-73.9579233,40.8209197],[-73.9577938,40.8209628],[-73.9576583,40.8209954],[-73.9575031,40.8210149]]},"properties":{"kind":"sidewalk","major":false}},{"type":"Feature","geometry":{"type":"LineString","coordinates":[[-73.9575031,40.8210149],[-73.9575947,40.8211198],[-73.9576724,40.8212115]]},"properties":{"kind":"sidewalk","major":false}},{"type":"Feature","geometry":{"type":"LineString","coordinates":[[-73.9618571,40.8163011],[-73.9618409,40.8163064],[-73.9617818,40.8163256],[-73.961704,40.8163368],[-73.9616289,40.8163398],[-73.9615605,40.8163347],[-73.961484,40.8163175],[-73.9614076,40.8162891],[-73.9613446,40.8162546],[-73.9613011,40.816214],[-73.9612853,40.8161913]]},"properties":{"kind":"sidewalk","major":false}},{"type":"Feature","geometry":{"type":"LineString","coordinates":[[-73.9636235,40.8137068],[-73.9636595,40.8137697]]},"properties":{"kind":"sidewalk","major":false}},{"type":"Feature","geometry":{"type":"LineString","coordinates":[[-73.9638669,40.8135189],[-73.9638914,40.8135123],[-73.9639212,40.8135309],[-73.9639184,40.8135918],[-73.9638917,40.8136615],[-73.9638523,40.8137279],[-73.9637906,40.8137984],[-73.9637108,40.8138591]]},"properties":{"kind":"foot","name":"","bridge":false,"len":40,"major":false}},{"type":"Feature","geometry":{"type":"LineString","coordinates":[[-73.9637108,40.8138591],[-73.9635273,40.8142107],[-73.9634886,40.8142847],[-73.9634026,40.8144427],[-73.9632873,40.8146255],[-73.9631904,40.8147567],[-73.9631758,40.8147881]]},"properties":{"kind":"foot","name":"","bridge":false,"len":91,"major":false}},{"type":"Feature","geometry":{"type":"LineString","coordinates":[[-73.9639371,40.8114555],[-73.9639232,40.8114751],[-73.9637633,40.8117003],[-73.9635706,40.811953],[-73.9634083,40.8121757],[-73.9634311,40.8122061],[-73.9635148,40.8121964],[-73.9635758,40.8121933],[-73.9636642,40.8121987],[-73.9637374,40.8122087],[-73.9638265,40.8122219],[-73.9638575,40.8122117]]},"properties":{"kind":"sidewalk","major":false}},{"type":"Feature","geometry":{"type":"LineString","coordinates":[[-73.9629453,40.8125485],[-73.9629083,40.8126011],[-73.9628738,40.8126503]]},"properties":{"kind":"sidewalk","major":false}},{"type":"Feature","geometry":{"type":"LineString","coordinates":[[-73.9605144,40.8157769],[-73.9605225,40.8157641],[-73.9606089,40.8156443],[-73.9608179,40.8153572],[-73.9610088,40.815097],[-73.9611909,40.8148526],[-73.9613176,40.8146764],[-73.9614092,40.8145434],[-73.9616287,40.814224],[-73.961977,40.8137599],[-73.961991,40.8137464]]},"properties":{"kind":"sidewalk","major":false}},{"type":"Feature","geometry":{"type":"LineString","coordinates":[[-73.9621552,40.8136751],[-73.9621706,40.8136829],[-73.9622168,40.8137029],[-73.9622687,40.8137207],[-73.9623268,40.8137386]]},"properties":{"kind":"sidewalk","major":false}},{"type":"Feature","geometry":{"type":"LineString","coordinates":[[-73.9607332,40.8142993],[-73.9606367,40.8142617],[-73.9605773,40.8142385]]},"properties":{"kind":"sidewalk","major":false}},{"type":"Feature","geometry":{"type":"LineString","coordinates":[[-73.9621622,40.812352],[-73.9621489,40.8123705],[-73.9616521,40.8130588],[-73.9614418,40.8133558],[-73.9613435,40.8134947],[-73.9608333,40.8141652],[-73.9607332,40.8142993],[-73.9598714,40.8154931]]},"properties":{"kind":"sidewalk","major":false}},{"type":"Feature","geometry":{"type":"LineString","coordinates":[[-73.9613738,40.8135072],[-73.9613435,40.8134947]]},"properties":{"kind":"foot","name":"","bridge":false,"len":3,"major":false}},{"type":"Feature","geometry":{"type":"LineString","coordinates":[[-73.9628618,40.8126674],[-73.9626552,40.8125809],[-73.9622873,40.8124281],[-73.9621864,40.8123861]]},"properties":{"kind":"sidewalk","major":false}},{"type":"Feature","geometry":{"type":"LineString","coordinates":[[-73.9620986,40.8121628],[-73.9621543,40.8121858],[-73.96223,40.8122169]]},"properties":{"kind":"sidewalk","major":false}},{"type":"Feature","geometry":{"type":"LineString","coordinates":[[-73.9599237,40.8138046],[-73.9599411,40.8137861],[-73.9612527,40.8119905],[-73.961267,40.8119729]]},"properties":{"kind":"sidewalk","major":false}},{"type":"Feature","geometry":{"type":"LineString","coordinates":[[-73.9589707,40.8151092],[-73.959837,40.8139255]]},"properties":{"kind":"sidewalk","major":false}},{"type":"Feature","geometry":{"type":"LineString","coordinates":[[-73.9595665,40.8136301],[-73.9596289,40.8136435],[-73.9597038,40.8136612]]},"properties":{"kind":"sidewalk","major":false}},{"type":"Feature","geometry":{"type":"LineString","coordinates":[[-73.9585278,40.8150631],[-73.9585852,40.8150968],[-73.9586597,40.8151407],[-73.9587156,40.8151653],[-73.9587885,40.8152328],[-73.9588478,40.8152876]]},"properties":{"kind":"sidewalk","major":false}},{"type":"Feature","geometry":{"type":"LineString","coordinates":[[-73.9576628,40.816185],[-73.9577687,40.8162318],[-73.9579614,40.8163108],[-73.9579828,40.8163196],[-73.9580596,40.8163495]]},"properties":{"kind":"sidewalk","major":false}},{"type":"Feature","geometry":{"type":"LineString","coordinates":[[-73.9576628,40.816185],[-73.9575636,40.816147],[-73.9570693,40.8155675],[-73.9570541,40.8155506]]},"properties":{"kind":"sidewalk","major":false}},{"type":"Feature","geometry":{"type":"LineString","coordinates":[[-73.9658947,40.8089846],[-73.9660316,40.8090455],[-73.9661161,40.8090793],[-73.966136,40.8090911]]},"properties":{"kind":"foot","name":"116th Street Entrance to Riverside Park","bridge":false,"len":22,"major":true}},{"type":"Feature","geometry":{"type":"LineString","coordinates":[[-73.966136,40.8090911],[-73.9661592,40.8091052]]},"properties":{"kind":"foot","name":"116th Street Entrance to Riverside Park","bridge":false,"len":2,"major":true}},{"type":"Feature","geometry":{"type":"LineString","coordinates":[[-73.9661592,40.8091052],[-73.966197,40.8090805]]},"properties":{"kind":"foot","name":"","bridge":false,"len":4,"major":false}},{"type":"Feature","geometry":{"type":"LineString","coordinates":[[-73.9635231,40.8122915],[-73.9633616,40.8125989],[-73.9632372,40.8128388]]},"properties":{"kind":"foot","name":"","bridge":false,"len":52,"major":false}},{"type":"Feature","geometry":{"type":"LineString","coordinates":[[-73.9637539,40.8123517],[-73.9635937,40.8126635],[-73.9634687,40.8129069]]},"properties":{"kind":"foot","name":"","bridge":false,"len":53,"major":false}},{"type":"Feature","geometry":{"type":"LineString","coordinates":[[-73.9631353,40.8146143],[-73.963179,40.8146153],[-73.9632052,40.8146071],[-73.9632198,40.8145978],[-73.9632508,40.8145606],[-73.9633264,40.8144568],[-73.9633813,40.8143676],[-73.9634187,40.8143243],[-73.9634886,40.8142847]]},"properties":{"kind":"foot","name":"","bridge":false,"len":43,"major":false}},{"type":"Feature","geometry":{"type":"LineString","coordinates":[[-73.9580825,40.8156332],[-73.9581453,40.8155421],[-73.9582263,40.8154246]]},"properties":{"kind":"sidewalk","major":false}},{"type":"Feature","geometry":{"type":"LineString","coordinates":[[-73.9583613,40.8159849],[-73.9583032,40.8159203],[-73.9581915,40.8157961],[-73.9581283,40.815726],[-73.9580894,40.8156827]]},"properties":{"kind":"sidewalk","major":false}},{"type":"Feature","geometry":{"type":"LineString","coordinates":[[-73.9591786,40.8168507],[-73.9591693,40.8168272],[-73.9591402,40.816797],[-73.9588917,40.8165875],[-73.9585802,40.8162389],[-73.9583613,40.8159849]]},"properties":{"kind":"sidewalk","major":false}},{"type":"Feature","geometry":{"type":"LineString","coordinates":[[-73.9582477,40.815424],[-73.9582954,40.8154778],[-73.958432,40.815632],[-73.958479,40.815685],[-73.9585256,40.8157376]]},"properties":{"kind":"sidewalk","major":false}},{"type":"Feature","geometry":{"type":"LineString","coordinates":[[-73.9588478,40.8152876],[-73.9589133,40.8151925],[-73.9589707,40.8151092]]},"properties":{"kind":"sidewalk","major":false}},{"type":"Feature","geometry":{"type":"LineString","coordinates":[[-73.9583613,40.8159849],[-73.9580962,40.8163509],[-73.9580678,40.8163827]]},"properties":{"kind":"sidewalk","major":false}},{"type":"Feature","geometry":{"type":"LineString","coordinates":[[-73.9580678,40.8163827],[-73.9580458,40.8164094],[-73.9580155,40.8164386]]},"properties":{"kind":"sidewalk","major":false}},{"type":"Feature","geometry":{"type":"LineString","coordinates":[[-73.9591523,40.8169435],[-73.9587771,40.8167825],[-73.9579917,40.8164674],[-73.9579676,40.8164429]]},"properties":{"kind":"sidewalk","major":false}},{"type":"Feature","geometry":{"type":"LineString","coordinates":[[-73.9579676,40.8164429],[-73.957902,40.8164197],[-73.9576767,40.8163573],[-73.9575659,40.8163272]]},"properties":{"kind":"sidewalk","major":false}},{"type":"Feature","geometry":{"type":"LineString","coordinates":[[-73.9575659,40.8163272],[-73.9576237,40.8162418],[-73.9576628,40.816185]]},"properties":{"kind":"sidewalk","major":false}},{"type":"Feature","geometry":{"type":"LineString","coordinates":[[-73.9580825,40.8156332],[-73.9580662,40.8156569],[-73.9576628,40.816185]]},"properties":{"kind":"sidewalk","major":false}},{"type":"Feature","geometry":{"type":"LineString","coordinates":[[-73.9596914,40.8154128],[-73.9596243,40.8154987],[-73.9595575,40.8155849]]},"properties":{"kind":"sidewalk","major":false}},{"type":"Feature","geometry":{"type":"LineString","coordinates":[[-73.9598714,40.8154931],[-73.9597743,40.8154498],[-73.9596914,40.8154128]]},"properties":{"kind":"sidewalk","major":false}},{"type":"Feature","geometry":{"type":"LineString","coordinates":[[-73.9605436,40.8157729],[-73.9606032,40.8157978],[-73.9606667,40.8158202]]},"properties":{"kind":"sidewalk","major":false}},{"type":"Feature","geometry":{"type":"LineString","coordinates":[[-73.9588478,40.8152876],[-73.9595575,40.8155849],[-73.9597399,40.815662],[-73.9604631,40.8159749]]},"properties":{"kind":"sidewalk","major":false}},{"type":"Feature","geometry":{"type":"LineString","coordinates":[[-73.9605858,40.816034],[-73.960527,40.8160055],[-73.9604845,40.8159846]]},"properties":{"kind":"sidewalk","major":false}},{"type":"Feature","geometry":{"type":"LineString","coordinates":[[-73.9621258,40.8123609],[-73.9620494,40.8123293],[-73.9619895,40.8123045]]},"properties":{"kind":"sidewalk","major":false}},{"type":"Feature","geometry":{"type":"LineString","coordinates":[[-73.9606491,40.8141048],[-73.9606582,40.8140923],[-73.9619674,40.8122954],[-73.9619828,40.812274]]},"properties":{"kind":"sidewalk","major":false}},{"type":"Feature","geometry":{"type":"LineString","coordinates":[[-73.9619895,40.8123045],[-73.9619674,40.8122954],[-73.9612527,40.8119905],[-73.9612261,40.8119782]]},"properties":{"kind":"sidewalk","major":false}},{"type":"Feature","geometry":{"type":"LineString","coordinates":[[-73.9619828,40.812274],[-73.9620204,40.8122219],[-73.9620552,40.8121746]]},"properties":{"kind":"sidewalk","major":false}},{"type":"Feature","geometry":{"type":"LineString","coordinates":[[-73.9620986,40.8121628],[-73.9620713,40.8121514],[-73.9613678,40.8118483],[-73.9613312,40.8118331]]},"properties":{"kind":"sidewalk","major":false}},{"type":"Feature","geometry":{"type":"LineString","coordinates":[[-73.9637833,40.8113883],[-73.9630935,40.8110999],[-73.9622528,40.8122266],[-73.9622367,40.8122493]]},"properties":{"kind":"sidewalk","major":false}},{"type":"Feature","geometry":{"type":"LineString","coordinates":[[-73.9622367,40.8122493],[-73.9622006,40.8122989],[-73.9621622,40.812352]]},"properties":{"kind":"sidewalk","major":false}},{"type":"Feature","geometry":{"type":"LineString","coordinates":[[-73.9606774,40.8141003],[-73.9607362,40.8141248],[-73.9608333,40.8141652]]},"properties":{"kind":"sidewalk","major":false}},{"type":"Feature","geometry":{"type":"LineString","coordinates":[[-73.9605645,40.8142074],[-73.9606112,40.8141507],[-73.9606491,40.8141048]]},"properties":{"kind":"sidewalk","major":false}},{"type":"Feature","geometry":{"type":"LineString","coordinates":[[-73.9596914,40.8154128],[-73.9605503,40.8142271],[-73.9605645,40.8142074]]},"properties":{"kind":"sidewalk","major":false}},{"type":"Feature","geometry":{"type":"LineString","coordinates":[[-73.959837,40.8139255],[-73.9598133,40.8139184],[-73.9597454,40.813898],[-73.9596849,40.8138799]]},"properties":{"kind":"sidewalk","major":false}},{"type":"Feature","geometry":{"type":"LineString","coordinates":[[-73.9599178,40.8137716],[-73.9599411,40.8137861],[-73.9606582,40.8140923],[-73.9606774,40.8141003]]},"properties":{"kind":"sidewalk","major":false}},{"type":"Feature","geometry":{"type":"LineString","coordinates":[[-73.9622777,40.8153169],[-73.9623525,40.8153476],[-73.9624167,40.8152919],[-73.9624669,40.8152247],[-73.9625054,40.8151496],[-73.9625206,40.815086],[-73.9625253,40.8150286],[-73.9625241,40.8149729],[-73.9624374,40.8149728]]},"properties":{"kind":"foot","name":"","bridge":false,"len":51,"major":false}},{"type":"Feature","geometry":{"type":"LineString","coordinates":[[-73.9635937,40.8126635],[-73.963477,40.812631],[-73.9633616,40.8125989]]},"properties":{"kind":"foot","name":"","bridge":false,"len":20,"major":false}},{"type":"Feature","geometry":{"type":"LineString","coordinates":[[-73.964492,40.8108606],[-73.9645106,40.8108678],[-73.9645497,40.810883],[-73.9646656,40.8109264]]},"properties":{"kind":"sidewalk","major":false}},{"type":"Feature","geometry":{"type":"LineString","coordinates":[[-73.9620908,40.8139375],[-73.9621152,40.8139094],[-73.9621314,40.8138835]]},"properties":{"kind":"sidewalk","major":false}},{"type":"Feature","geometry":{"type":"LineString","coordinates":[[-73.9621314,40.8138835],[-73.962149,40.8138615],[-73.9621777,40.8137907],[-73.9622123,40.813713],[-73.9622168,40.8137029]]},"properties":{"kind":"sidewalk","major":false}},{"type":"Feature","geometry":{"type":"LineString","coordinates":[[-73.9636961,40.8132192],[-73.96368,40.8132136],[-73.9637088,40.8131515]]},"properties":{"kind":"foot","name":"","bridge":false,"len":7,"major":false}},{"type":"Feature","geometry":{"type":"MultiLineString","coordinates":[[[-73.9557571,40.8169436],[-73.9557372,40.8169215],[-73.9561073,40.8163967],[-73.9561354,40.8164055],[-73.9561622,40.8164011],[-73.9561891,40.8163861],[-73.9566024,40.8165592]],[[-73.9566024,40.8165592],[-73.9564471,40.8167748],[-73.9566724,40.8168667],[-73.9569923,40.8167262],[-73.9566024,40.8165592]]]},"properties":{"kind":"foot","name":"","bridge":false,"len":212,"major":true}},{"type":"Feature","geometry":{"type":"LineString","coordinates":[[-73.9575659,40.8163272],[-73.9572185,40.8168162],[-73.9571523,40.8169127],[-73.9567973,40.8173759],[-73.9557571,40.8169436],[-73.9555971,40.8172116],[-73.9554827,40.817403],[-73.9554384,40.8175771],[-73.9552189,40.8183414]]},"properties":{"kind":"sidewalk","major":false}},{"type":"Feature","geometry":{"type":"LineString","coordinates":[[-73.9569923,40.8167262],[-73.9572185,40.8168162]]},"properties":{"kind":"foot","name":"","bridge":false,"len":21,"major":false}},{"type":"Feature","geometry":{"type":"LineString","coordinates":[[-73.9561891,40.8163861],[-73.956202,40.8163536],[-73.9561897,40.8163281],[-73.9561702,40.8163134],[-73.9563861,40.8160081],[-73.9568126,40.8161822],[-73.9571798,40.8160269]]},"properties":{"kind":"foot","name":"","bridge":false,"len":112,"major":false}},{"type":"Feature","geometry":{"type":"LineString","coordinates":[[-73.9563861,40.8160081],[-73.9565117,40.8158299]]},"properties":{"kind":"foot","name":"","bridge":false,"len":19,"major":false}},{"type":"Feature","geometry":{"type":"LineString","coordinates":[[-73.9575659,40.8163272],[-73.9574247,40.8162673],[-73.9573841,40.8162491],[-73.9571798,40.8160269]]},"properties":{"kind":"sidewalk","major":false}},{"type":"Feature","geometry":{"type":"LineString","coordinates":[[-73.9562727,40.8136036],[-73.9563622,40.8134849],[-73.9564323,40.8133919]]},"properties":{"kind":"sidewalk","major":false}},{"type":"Feature","geometry":{"type":"LineString","coordinates":[[-73.9560928,40.8134059],[-73.9561805,40.8135024],[-73.9562727,40.8136036]]},"properties":{"kind":"sidewalk","major":false}},{"type":"Feature","geometry":{"type":"LineString","coordinates":[[-73.9564233,40.8133327],[-73.9563693,40.8132496],[-73.956306,40.813158]]},"properties":{"kind":"sidewalk","major":false}},{"type":"Feature","geometry":{"type":"LineString","coordinates":[[-73.9561702,40.8163134],[-73.9561388,40.8163103],[-73.956112,40.8163185],[-73.9560905,40.8163347],[-73.9556151,40.8161354],[-73.9552666,40.8159892],[-73.9547132,40.8157572]]},"properties":{"kind":"foot","name":"","bridge":false,"len":134,"major":false}},{"type":"Feature","geometry":{"type":"LineString","coordinates":[[-73.9561073,40.8163967],[-73.9560838,40.8163773],[-73.9560811,40.8163591],[-73.9560905,40.8163347]]},"properties":{"kind":"foot","name":"","bridge":false,"len":6,"major":false}},{"type":"Feature","geometry":{"type":"LineString","coordinates":[[-73.9552666,40.8159892],[-73.9548731,40.8161677],[-73.9545143,40.8160162]]},"properties":{"kind":"foot","name":"","bridge":false,"len":70,"major":false}},{"type":"Feature","geometry":{"type":"LineString","coordinates":[[-73.9556151,40.8161354],[-73.9551454,40.8163462],[-73.9550987,40.8164024],[-73.9550702,40.8164654],[-73.9550804,40.81654],[-73.9551048,40.8166031],[-73.9551465,40.8166562],[-73.9551993,40.8166962],[-73.9552786,40.81673],[-73.955399,40.8167803],[-73.9557372,40.8169215]]},"properties":{"kind":"foot","name":"","bridge":false,"len":129,"major":false}},{"type":"Feature","geometry":{"type":"LineString","coordinates":[[-73.955399,40.8167803],[-73.955054,40.8169392],[-73.9548568,40.8168546],[-73.9547917,40.8166862],[-73.9551048,40.8166031]]},"properties":{"kind":"foot","name":"","bridge":false,"len":93,"major":false}},{"type":"Feature","geometry":{"type":"LineString","coordinates":[[-73.9547917,40.8166862],[-73.9547674,40.8166393],[-73.9546942,40.816577],[-73.9542429,40.8163839]]},"properties":{"kind":"foot","name":"","bridge":false,"len":54,"major":false}},{"type":"Feature","geometry":{"type":"LineString","coordinates":[[-73.9547917,40.8166862],[-73.9546942,40.8167323],[-73.9546037,40.8167923],[-73.9545346,40.8168708],[-73.954499,40.8169385],[-73.9544909,40.8169985],[-73.954498,40.8170654],[-73.9545366,40.8171423],[-73.9545905,40.8171962],[-73.9546525,40.8172392],[-73.9549692,40.8173754],[-73.9552351,40.8174897],[-73.9554384,40.8175771]]},"properties":{"kind":"foot","name":"","bridge":false,"len":138,"major":false}},{"type":"Feature","geometry":{"type":"LineString","coordinates":[[-73.9549692,40.8173754],[-73.9549889,40.8175115],[-73.9552351,40.8174897]]},"properties":{"kind":"foot","name":"","bridge":false,"len":33,"major":false}},{"type":"Feature","geometry":{"type":"LineString","coordinates":[[-73.9549889,40.8175115],[-73.9548842,40.8176399],[-73.9548588,40.8176915],[-73.9548517,40.8177853]]},"properties":{"kind":"foot","name":"","bridge":false,"len":27,"major":false}},{"type":"Feature","geometry":{"type":"LineString","coordinates":[[-73.954498,40.8170654],[-73.9543222,40.8171469],[-73.9538435,40.81694]]},"properties":{"kind":"foot","name":"","bridge":false,"len":61,"major":false}},{"type":"Feature","geometry":{"type":"LineString","coordinates":[[-73.9543222,40.8171469],[-73.9539939,40.8172961],[-73.9536859,40.8171623]]},"properties":{"kind":"foot","name":"","bridge":false,"len":59,"major":false}},{"type":"Feature","geometry":{"type":"LineString","coordinates":[[-73.9539939,40.8172961],[-73.9539939,40.8174315]]},"properties":{"kind":"foot","name":"","bridge":false,"len":12,"major":false}},{"type":"Feature","geometry":{"type":"LineString","coordinates":[[-73.9549692,40.8173754],[-73.9548765,40.817413],[-73.9546663,40.817709]]},"properties":{"kind":"foot","name":"","bridge":false,"len":39,"major":false}},{"type":"Feature","geometry":{"type":"LineString","coordinates":[[-73.9604568,40.8181898],[-73.9607451,40.8184493],[-73.9609834,40.8187176]]},"properties":{"kind":"sidewalk","major":false}},{"type":"Feature","geometry":{"type":"LineString","coordinates":[[-73.9576724,40.8212115],[-73.9575743,40.8212535],[-73.9575159,40.821289],[-73.9575841,40.8213204],[-73.9574522,40.8215052],[-73.9574319,40.8214979],[-73.9573682,40.8215193],[-73.9572558,40.8215695],[-73.9571602,40.8216304],[-73.9570726,40.8217028],[-73.9569904,40.8218019]]},"properties":{"kind":"sidewalk","major":false}},{"type":"Feature","geometry":{"type":"LineString","coordinates":[[-73.9568391,40.8219035],[-73.9568257,40.8218532],[-73.9568539,40.8218069],[-73.9568904,40.8217773],[-73.9569018,40.8217703],[-73.9569424,40.8217617],[-73.9569748,40.821776],[-73.9569904,40.8218019]]},"properties":{"kind":"sidewalk","major":false}},{"type":"Feature","geometry":{"type":"LineString","coordinates":[[-73.9568391,40.8219035],[-73.9566338,40.8222119],[-73.9565641,40.8222846],[-73.9563391,40.8225145],[-73.9561604,40.8226698],[-73.9560277,40.8228492],[-73.955944,40.8229664],[-73.9558052,40.8231579],[-73.9557878,40.8231914],[-73.9556256,40.8235679],[-73.9555525,40.8237131]]},"properties":{"kind":"sidewalk","major":false}},{"type":"Feature","geometry":{"type":"LineString","coordinates":[[-73.9561863,40.8230432],[-73.9561683,40.8230688],[-73.9561526,40.8230924]]},"properties":{"kind":"sidewalk","major":false}},{"type":"Feature","geometry":{"type":"LineString","coordinates":[[-73.9559038,40.8228659],[-73.955869,40.8229304],[-73.9558327,40.8229978]]},"properties":{"kind":"foot","name":"","bridge":true,"len":13,"major":false}},{"type":"Feature","geometry":{"type":"LineString","coordinates":[[-73.9555807,40.822917],[-73.9556565,40.8229413],[-73.9557438,40.8229693],[-73.9558327,40.8229978]]},"properties":{"kind":"sidewalk","major":false}},{"type":"Feature","geometry":{"type":"LineString","coordinates":[[-73.9569904,40.8218019],[-73.9569647,40.8218501],[-73.9569302,40.8218809],[-73.9568776,40.8218953],[-73.9568391,40.8219035]]},"properties":{"kind":"sidewalk","major":false}},{"type":"Feature","geometry":{"type":"LineString","coordinates":[[-73.9594401,40.8138064],[-73.9594155,40.813799],[-73.9589947,40.8136221],[-73.9585706,40.8134426],[-73.958324,40.8133386],[-73.9580719,40.8132322],[-73.957874,40.8131487],[-73.9572551,40.8128876],[-73.9569066,40.8127427],[-73.9568709,40.8127279]]},"properties":{"kind":"sidewalk","major":false}},{"type":"Feature","geometry":{"type":"LineString","coordinates":[[-73.9595243,40.8136401],[-73.9595369,40.8136253],[-73.9604012,40.8124397],[-73.9604119,40.8124256]]},"properties":{"kind":"sidewalk","major":false}},{"type":"Feature","geometry":{"type":"LineString","coordinates":[[-73.9597785,40.812212],[-73.9598295,40.8121997]]},"properties":{"kind":"foot","name":"","bridge":false,"len":4,"major":false}},{"type":"Feature","geometry":{"type":"LineString","coordinates":[[-73.9583141,40.8115552],[-73.958303,40.8115696],[-73.9582986,40.8115929]]},"properties":{"kind":"foot","name":"","bridge":false,"len":4,"major":false}},{"type":"Feature","geometry":{"type":"LineString","coordinates":[[-73.9582493,40.8117833],[-73.9582084,40.8117994],[-73.9581721,40.8118121],[-73.9581344,40.8118242]]},"properties":{"kind":"foot","name":"","bridge":false,"len":10,"major":false}},{"type":"Feature","geometry":{"type":"LineString","coordinates":[[-73.9550977,40.815213],[-73.9550866,40.8152282],[-73.9547978,40.8156369],[-73.9547132,40.8157572],[-73.9546429,40.8158488],[-73.9545143,40.8160162],[-73.9542429,40.8163839],[-73.9541612,40.8164976],[-73.9539327,40.8168158],[-73.9538435,40.81694],[-73.9536859,40.8171623],[-73.9533823,40.8175587],[-73.9552189,40.8183414]]},"properties":{"kind":"sidewalk","major":false}},{"type":"Feature","geometry":{"type":"LineString","coordinates":[[-73.9569429,40.8154647],[-73.9568716,40.8154846],[-73.9568134,40.8155036]]},"properties":{"kind":"sidewalk","major":false}},{"type":"Feature","geometry":{"type":"LineString","coordinates":[[-73.9569749,40.8154556],[-73.9576385,40.8151604],[-73.9562727,40.8136036],[-73.9558512,40.814173],[-73.9569749,40.8154556]]},"properties":{"kind":"sidewalk","major":false}},{"type":"Feature","geometry":{"type":"LineString","coordinates":[[-73.9551361,40.8151019],[-73.9551689,40.8151156],[-73.9559869,40.8154634],[-73.9565817,40.8157158],[-73.9567974,40.8155143],[-73.9568134,40.8155036]]},"properties":{"kind":"sidewalk","major":false}},{"type":"Feature","geometry":{"type":"LineString","coordinates":[[-73.9550529,40.8152141],[-73.9549543,40.8151728],[-73.9548561,40.8151317]]},"properties":{"kind":"sidewalk","major":false}},{"type":"Feature","geometry":{"type":"LineString","coordinates":[[-73.9547132,40.8157572],[-73.954575,40.8156919],[-73.9544608,40.815638],[-73.954426,40.8156864],[-73.9543825,40.8157467],[-73.9544991,40.8157924],[-73.9546429,40.8158488]]},"properties":{"kind":"sidewalk","major":false}},{"type":"Feature","geometry":{"type":"LineString","coordinates":[[-73.9611601,40.8166664],[-73.9611078,40.8166046],[-73.9610809,40.8165558],[-73.9610671,40.8165002],[-73.9610711,40.8164466],[-73.9610919,40.8163927],[-73.9611127,40.8163683],[-73.9611677,40.8163038]]},"properties":{"kind":"foot","name":"","bridge":false,"len":36,"major":false}},{"type":"Feature","geometry":{"type":"LineString","coordinates":[[-73.9610757,40.8163652],[-73.9611677,40.8163038]]},"properties":{"kind":"foot","name":"","bridge":false,"len":9,"major":false}},{"type":"Feature","geometry":{"type":"LineString","coordinates":[[-73.9682234,40.8078608],[-73.9680821,40.807943],[-73.9679204,40.8080071],[-73.9677802,40.8080561],[-73.9676215,40.8081051],[-73.9677016,40.8081424],[-73.9677602,40.808189],[-73.9678187,40.808252],[-73.9678673,40.8083194]]},"properties":{"kind":"foot","name":"","bridge":false,"len":84,"major":false}},{"type":"Feature","geometry":{"type":"LineString","coordinates":[[-73.9688373,40.8072611],[-73.9686302,40.8071883]]},"properties":{"kind":"foot","name":"","bridge":false,"len":19,"major":false}},{"type":"Feature","geometry":{"type":"LineString","coordinates":[[-73.9692193,40.806584],[-73.9689842,40.8065059]]},"properties":{"kind":"foot","name":"","bridge":false,"len":21,"major":false}},{"type":"Feature","geometry":{"type":"LineString","coordinates":[[-73.9698326,40.8054681],[-73.9698606,40.8054798],[-73.9704855,40.8045591],[-73.9704455,40.8045438],[-73.9703426,40.8045045]]},"properties":{"kind":"foot","name":"","bridge":false,"len":110,"major":false}},{"type":"Feature","geometry":{"type":"LineString","coordinates":[[-73.9704455,40.8045438],[-73.970487,40.8044866],[-73.9707229,40.8041402],[-73.9712343,40.8034034],[-73.9716383,40.8028215],[-73.9718235,40.8025613],[-73.9720218,40.8022768],[-73.9724155,40.8017118],[-73.9729278,40.8009763],[-73.9732457,40.80052],[-73.973562,40.800066],[-73.9738218,40.799693],[-73.9737311,40.7996574]]},"properties":{"kind":"foot","name":"","bridge":false,"len":511,"major":true}},{"type":"Feature","geometry":{"type":"LineString","coordinates":[[-73.973562,40.800066],[-73.9734719,40.8000265]]},"properties":{"kind":"foot","name":"","bridge":false,"len":8,"major":false}},{"type":"Feature","geometry":{"type":"LineString","coordinates":[[-73.9731481,40.8004782],[-73.9732457,40.80052]]},"properties":{"kind":"foot","name":"","bridge":false,"len":9,"major":false}},{"type":"Feature","geometry":{"type":"LineString","coordinates":[[-73.9729278,40.8009763],[-73.9728215,40.8009308]]},"properties":{"kind":"foot","name":"","bridge":false,"len":10,"major":false}},{"type":"Feature","geometry":{"type":"LineString","coordinates":[[-73.9724155,40.8017118],[-73.972308,40.8016691]]},"properties":{"kind":"foot","name":"","bridge":false,"len":10,"major":false}},{"type":"Feature","geometry":{"type":"LineString","coordinates":[[-73.9718235,40.8025613],[-73.9717201,40.802516],[-73.9716338,40.8024762]]},"properties":{"kind":"foot","name":"","bridge":false,"len":18,"major":false}},{"type":"Feature","geometry":{"type":"LineString","coordinates":[[-73.9715309,40.8027848],[-73.9716383,40.8028215]]},"properties":{"kind":"foot","name":"","bridge":false,"len":10,"major":false}},{"type":"Feature","geometry":{"type":"LineString","coordinates":[[-73.9719024,40.8027134],[-73.971614,40.803122],[-73.9720383,40.8032813]]},"properties":{"kind":"foot","name":"","bridge":false,"len":81,"major":false}},{"type":"Feature","geometry":{"type":"LineString","coordinates":[[-73.9712343,40.8034034],[-73.9711309,40.8033618]]},"properties":{"kind":"foot","name":"","bridge":false,"len":9,"major":false}},{"type":"Feature","geometry":{"type":"LineString","coordinates":[[-73.9707229,40.8041402],[-73.9706181,40.804096]]},"properties":{"kind":"foot","name":"","bridge":false,"len":10,"major":false}},{"type":"Feature","geometry":{"type":"LineString","coordinates":[[-73.9705657,40.8046901],[-73.9705969,40.8047032]]},"properties":{"kind":"foot","name":"","bridge":false,"len":3,"major":false}},{"type":"Feature","geometry":{"type":"LineString","coordinates":[[-73.971821,40.8010203],[-73.9717715,40.8012607]]},"properties":{"kind":"foot","name":"","bridge":false,"len":21,"major":false}},{"type":"Feature","geometry":{"type":"LineString","coordinates":[[-73.9620305,40.8155877],[-73.9620652,40.8155735],[-73.962115,40.8155481],[-73.9621455,40.8155281],[-73.9621658,40.8155066],[-73.962177,40.8154866],[-73.9621861,40.8154628],[-73.9621902,40.8154428],[-73.9621902,40.8154151],[-73.9621892,40.8153981],[-73.9621837,40.8153812]]},"properties":{"kind":"foot","name":"","bridge":false,"len":25,"major":false}},{"type":"Feature","geometry":{"type":"LineString","coordinates":[[-73.9620305,40.8155877],[-73.9619832,40.8155784],[-73.9619578,40.8155921],[-73.9619316,40.8156017],[-73.9619028,40.8156043],[-73.9618766,40.8156017],[-73.9618538,40.8155931],[-73.961833,40.8155804],[-73.9618203,40.8155677],[-73.9618082,40.8155535],[-73.9618069,40.8155403],[-73.9618102,40.8155297],[-73.9617687,40.815518],[-73.9618187,40.8153952]]},"properties":{"kind":"foot","name":"","bridge":false,"len":38,"major":false}},{"type":"Feature","geometry":{"type":"LineString","coordinates":[[-73.9619829,40.8154354],[-73.9618187,40.8153952],[-73.9617671,40.8153825]]},"properties":{"kind":"foot","name":"","bridge":false,"len":19,"major":false}},{"type":"Feature","geometry":{"type":"LineString","coordinates":[[-73.9619829,40.8154354],[-73.9620528,40.8155139],[-73.9620305,40.8155877]]},"properties":{"kind":"foot","name":"","bridge":false,"len":15,"major":false}},{"type":"Feature","geometry":{"type":"LineString","coordinates":[[-73.9618187,40.8153952],[-73.9618706,40.8152703],[-73.9620326,40.8153049]]},"properties":{"kind":"foot","name":"","bridge":false,"len":26,"major":false}},{"type":"Feature","geometry":{"type":"LineString","coordinates":[[-73.9763231,40.7970065],[-73.9762718,40.7971666],[-73.9762523,40.7972952],[-73.9762532,40.7974713],[-73.976255,40.7975189],[-73.976259,40.7975783],[-73.9762599,40.7976536],[-73.9762563,40.7979075],[-73.9762395,40.7980448],[-73.9762053,40.7981983]]},"properties":{"kind":"foot","name":"","bridge":false,"len":103,"major":false}},{"type":"Feature","geometry":{"type":"LineString","coordinates":[[-73.976259,40.7975783],[-73.9761225,40.7975732]]},"properties":{"kind":"foot","name":"","bridge":false,"len":12,"major":false}},{"type":"Feature","geometry":{"type":"LineString","coordinates":[[-73.9762053,40.7981983],[-73.9760734,40.7981866]]},"properties":{"kind":"foot","name":"","bridge":false,"len":11,"major":false}},{"type":"Feature","geometry":{"type":"LineString","coordinates":[[-73.9761768,40.7985028],[-73.9761603,40.7984016]]},"properties":{"kind":"foot","name":"","bridge":false,"len":9,"major":false}},{"type":"Feature","geometry":{"type":"MultiLineString","coordinates":[[[-73.9747796,40.79678],[-73.9747511,40.7968223],[-73.974731,40.7968846],[-73.9747298,40.7969465],[-73.9747544,40.7969924],[-73.9747812,40.797011],[-73.97471,40.7971374],[-73.9747544,40.7971533],[-73.9748734,40.7969518]],[[-73.9748734,40.7969518],[-73.9748583,40.7969288],[-73.9748501,40.7968943],[-73.9748618,40.7968625],[-73.9748875,40.7968342],[-73.9749283,40.7968201],[-73.974975,40.7968139],[-73.9750381,40.7968245],[-73.9750906,40.7968395],[-73.9751396,40.7968678],[-73.9751747,40.7968987],[-73.9751898,40.7969376],[-73.9751805,40.7969712],[-73.9751525,40.7970021],[-73.9750976,40.7970181],[-73.9750767,40.7970177],[-73.9750439,40.7970172],[-73.9749774,40.7970021],[-73.9749213,40.7969818],[-73.9748734,40.7969518]]]},"properties":{"kind":"foot","name":"","bridge":false,"len":132,"major":false}},{"type":"Feature","geometry":{"type":"LineString","coordinates":[[-73.9747544,40.7971533],[-73.9746458,40.7973504],[-73.9746411,40.7974025],[-73.9746621,40.7974405],[-73.974703,40.7974635],[-73.974745,40.797467],[-73.9747836,40.7974617],[-73.9748244,40.7974467],[-73.9748454,40.7974255],[-73.9749674,40.7972104],[-73.9750767,40.7970177]]},"properties":{"kind":"foot","name":"","bridge":false,"len":84,"major":false}},{"type":"Feature","geometry":{"type":"LineString","coordinates":[[-73.9749674,40.7972104],[-73.9750159,40.7972284],[-73.9750976,40.7970914],[-73.9751408,40.7971038],[-73.9751875,40.7971029],[-73.9752342,40.7970843],[-73.9752692,40.7970561],[-73.9753008,40.7970136],[-73.9753148,40.796965],[-73.9753183,40.7969138],[-73.975331,40.7967978],[-73.9749368,40.7966685],[-73.9748244,40.7967299],[-73.9747941,40.7967556],[-73.9747796,40.79678]]},"properties":{"kind":"foot","name":"","bridge":false,"len":109,"major":false}},{"type":"Feature","geometry":{"type":"LineString","coordinates":[[-73.9753054,40.7967193],[-73.9750404,40.7966336]]},"properties":{"kind":"foot","name":"","bridge":false,"len":24,"major":false}},{"type":"Feature","geometry":{"type":"LineString","coordinates":[[-73.9880499,40.7814974],[-73.9880443,40.7814545],[-73.9880283,40.7814046],[-73.9879955,40.7813444],[-73.9879584,40.7812904],[-73.9879364,40.7812696],[-73.9878911,40.7812272],[-73.9878229,40.7811779],[-73.987767,40.7811333],[-73.9877326,40.7810877],[-73.9877073,40.7810467],[-73.9876846,40.7809968],[-73.987676,40.780908],[-73.9876804,40.7808509],[-73.9876919,40.7807858],[-73.9877196,40.7807194],[-73.9877726,40.7806377],[-73.9881722,40.7801336],[-73.988205,40.7799717],[-73.9884168,40.7796697],[-73.9885105,40.7795352],[-73.9886974,40.7792934],[-73.9892782,40.7784941],[-73.9894336,40.7782804],[-73.9901649,40.7772961],[-73.9901868,40.7772699],[-73.990792,40.7764958],[-73.990805,40.7764792]]},"properties":{"kind":"foot","name":"","bridge":false,"len":526,"major":true}},{"type":"Feature","geometry":{"type":"LineString","coordinates":[[-73.9603251,40.8177751],[-73.9603397,40.8177546],[-73.9605164,40.8175236]]},"properties":{"kind":"sidewalk","major":false}},{"type":"Feature","geometry":{"type":"LineString","coordinates":[[-73.9606001,40.8174101],[-73.9605559,40.8174675],[-73.9605164,40.8175236]]},"properties":{"kind":"sidewalk","major":false}},{"type":"Feature","geometry":{"type":"LineString","coordinates":[[-73.9610485,40.8176039],[-73.9610945,40.8176221],[-73.9611533,40.8176457]]},"properties":{"kind":"sidewalk","major":false}},{"type":"Feature","geometry":{"type":"LineString","coordinates":[[-73.9611569,40.8176591],[-73.9611015,40.8176936],[-73.9610615,40.8177171]]},"properties":{"kind":"sidewalk","major":false}},{"type":"Feature","geometry":{"type":"LineString","coordinates":[[-73.9589132,40.8138965],[-73.958869,40.8139042]]},"properties":{"kind":"foot","name":"","bridge":false,"len":4,"major":false}},{"type":"Feature","geometry":{"type":"LineString","coordinates":[[-73.9568924,40.8156567],[-73.9568667,40.81567],[-73.9566491,40.8158858],[-73.9565117,40.8158299],[-73.9550866,40.8152282],[-73.9550529,40.8152141]]},"properties":{"kind":"sidewalk","major":false}},{"type":"Feature","geometry":{"type":"LineString","coordinates":[[-73.9551536,40.8151365],[-73.955132,40.815166],[-73.9550977,40.815213]]},"properties":{"kind":"sidewalk","major":false}},{"type":"Feature","geometry":{"type":"LineString","coordinates":[[-73.9557552,40.8143029],[-73.9557434,40.8143188],[-73.9556259,40.8144817],[-73.9555445,40.8145947],[-73.9551689,40.8151156],[-73.9551536,40.8151365]]},"properties":{"kind":"sidewalk","major":false}},{"type":"Feature","geometry":{"type":"LineString","coordinates":[[-73.9549401,40.8150197],[-73.9550358,40.8150598],[-73.9551361,40.8151019]]},"properties":{"kind":"sidewalk","major":false}},{"type":"Feature","geometry":{"type":"LineString","coordinates":[[-73.9548402,40.8151032],[-73.9548742,40.8150566],[-73.9548965,40.8150252]]},"properties":{"kind":"sidewalk","major":false}},{"type":"Feature","geometry":{"type":"LineString","coordinates":[[-73.9632825,40.8139763],[-73.9633502,40.8139941],[-73.9634197,40.8140125]]},"properties":{"kind":"sidewalk","major":false}},{"type":"Feature","geometry":{"type":"MultiLineString","coordinates":[[[-73.9436485,40.8309947],[-73.9437122,40.8310189]],[[-73.9437122,40.8310189],[-73.9442944,40.8312398],[-73.9444678,40.8312947],[-73.9445652,40.8313121],[-73.9448164,40.8314968],[-73.9453208,40.8317151],[-73.9452748,40.8318905],[-73.9452659,40.8319293],[-73.945273,40.8319588],[-73.9453473,40.8320097],[-73.9454977,40.8320632],[-73.9455721,40.8320846],[-73.9457703,40.8320887],[-73.9458499,40.8320753],[-73.9459224,40.8320404],[-73.9459685,40.8320056],[-73.9459915,40.8319574],[-73.9459968,40.8319133],[-73.9459702,40.8318731],[-73.9458304,40.8317285],[-73.9457579,40.8316575],[-73.9456836,40.8315517],[-73.9455968,40.8314339],[-73.9456358,40.8313201],[-73.9456358,40.8312692],[-73.9456128,40.8312411],[-73.9454747,40.8311594],[-73.945419,40.831138],[-73.9453597,40.8311152],[-73.9453155,40.8311099],[-73.9452748,40.8311206],[-73.9451137,40.831209],[-73.9450253,40.8312679],[-73.9449049,40.8313054],[-73.9448005,40.8313161],[-73.9446979,40.8313094],[-73.9446129,40.8312839],[-73.9445528,40.8312451],[-73.9445085,40.8311969],[-73.9444696,40.83113],[-73.9444537,40.831047],[-73.9444554,40.8309599],[-73.9444678,40.8308957],[-73.9444908,40.8308421],[-73.9445103,40.8308086],[-73.944517,40.8307865],[-73.9445156,40.8307644],[-73.9445021,40.8307433],[-73.9444873,40.8307323],[-73.9444466,40.8307015],[-73.9443988,40.8306774],[-73.9443157,40.8306493],[-73.9441776,40.8306158],[-73.9440502,40.8305877],[-73.9440003,40.8305882],[-73.9439653,40.8306078],[-73.9437703,40.8309245],[-73.9437122,40.8310189]]]},"properties":{"kind":"foot","name":"","bridge":false,"len":554,"major":true}},{"type":"Feature","geometry":{"type":"LineString","coordinates":[[-73.9453208,40.8317151],[-73.9453827,40.8316696],[-73.9454393,40.831608],[-73.9455579,40.8314942],[-73.9455968,40.8314339]]},"properties":{"kind":"foot","name":"","bridge":false,"len":34,"major":false}},{"type":"Feature","geometry":{"type":"LineString","coordinates":[[-73.945273,40.8319588],[-73.9449155,40.8318102],[-73.9448111,40.8319467],[-73.9447581,40.8319963],[-73.9446979,40.8320297],[-73.9446643,40.8320378],[-73.9446342,40.8320338],[-73.9445722,40.8319936],[-73.9445174,40.8319681],[-73.9443953,40.8319213],[-73.9442838,40.8318798],[-73.9441511,40.8318329],[-73.9441387,40.8317071],[-73.9441352,40.831612],[-73.9441564,40.8315437],[-73.9441882,40.8314955],[-73.9442254,40.8314687],[-73.9442926,40.8314513],[-73.9444077,40.8314165],[-73.9444855,40.831371],[-73.9445652,40.8313121],[-73.9446129,40.8312839]]},"properties":{"kind":"foot","name":"","bridge":false,"len":180,"major":false}},{"type":"Feature","geometry":{"type":"LineString","coordinates":[[-73.9441511,40.8318329],[-73.9439051,40.8317566],[-73.9437228,40.8316856],[-73.9435335,40.8316013],[-73.9434503,40.8315558],[-73.9434078,40.8315156],[-73.9433848,40.8314727],[-73.9433795,40.8314312],[-73.9433937,40.8313844],[-73.9434185,40.8313442],[-73.9437122,40.8310189]]},"properties":{"kind":"foot","name":"","bridge":false,"len":122,"major":false}},{"type":"Feature","geometry":{"type":"LineString","coordinates":[[-73.9445528,40.8312451],[-73.9437703,40.8309245]]},"properties":{"kind":"foot","name":"","bridge":false,"len":72,"major":false}},{"type":"Feature","geometry":{"type":"LineString","coordinates":[[-73.945419,40.831138],[-73.9455091,40.8310142]]},"properties":{"kind":"foot","name":"","bridge":false,"len":13,"major":false}},{"type":"Feature","geometry":{"type":"LineString","coordinates":[[-73.9446342,40.8320338],[-73.9445864,40.8321275]]},"properties":{"kind":"foot","name":"","bridge":false,"len":9,"major":false}},{"type":"Feature","geometry":{"type":"LineString","coordinates":[[-73.97207154593991,40.788906108314215],[-73.9735251,40.7895228],[-73.9735497,40.7895321]]},"properties":{"kind":"sidewalk","major":false}},{"type":"Feature","geometry":{"type":"LineString","coordinates":[[-73.9734694,40.7896398],[-73.9734437,40.7896306],[-73.972023,40.7890308],[-73.97199051758807,40.78901708638048]]},"properties":{"kind":"sidewalk","major":false}},{"type":"Feature","geometry":{"type":"LineString","coordinates":[[-73.9734611,40.7896099],[-73.9734928,40.7895671],[-73.9735161,40.7895355]]},"properties":{"kind":"sidewalk","major":false}},{"type":"Feature","geometry":{"type":"LineString","coordinates":[[-73.9735497,40.7895321],[-73.9736368,40.7895649],[-73.9737475,40.7896067]]},"properties":{"kind":"sidewalk","major":false}},{"type":"Feature","geometry":{"type":"LineString","coordinates":[[-73.974892,40.7900969],[-73.9748673,40.790087],[-73.9737782,40.7896226],[-73.9737475,40.7896067]]},"properties":{"kind":"sidewalk","major":false}},{"type":"Feature","geometry":{"type":"LineString","coordinates":[[-73.9737631,40.7896398],[-73.9737378,40.7896721],[-73.9737074,40.789711]]},"properties":{"kind":"sidewalk","major":false}},{"type":"Feature","geometry":{"type":"LineString","coordinates":[[-73.9737074,40.789711],[-73.9736983,40.7897344],[-73.973314,40.7902478],[-73.9733018,40.7902652]]},"properties":{"kind":"sidewalk","major":false}},{"type":"Feature","geometry":{"type":"LineString","coordinates":[[-73.9730885,40.7901553],[-73.9730609,40.7901437],[-73.97161528788547,40.78953100855529]]},"properties":{"kind":"sidewalk","major":false}},{"type":"Feature","geometry":{"type":"LineString","coordinates":[[-73.97153285390361,40.78964391180079],[-73.9715946,40.7896702],[-73.972134,40.7898998],[-73.972977,40.7902587],[-73.973009,40.7902713]]},"properties":{"kind":"sidewalk","major":false}},{"type":"Feature","geometry":{"type":"LineString","coordinates":[[-73.9730885,40.7901553],[-73.9731802,40.7901916],[-73.9732899,40.7902349]]},"properties":{"kind":"sidewalk","major":false}},{"type":"Feature","geometry":{"type":"LineString","coordinates":[[-73.9733018,40.7902652],[-73.9732769,40.790297],[-73.9732472,40.7903418]]},"properties":{"kind":"sidewalk","major":false}},{"type":"Feature","geometry":{"type":"LineString","coordinates":[[-73.972834,40.7908577],[-73.9728677,40.7908733],[-73.9739605,40.7913398],[-73.9739972,40.7913553]]},"properties":{"kind":"sidewalk","major":false}},{"type":"Feature","geometry":{"type":"LineString","coordinates":[[-73.9748023,40.7909013],[-73.9747804,40.7909289],[-73.9747479,40.7909697]]},"properties":{"kind":"sidewalk","major":false}},{"type":"Feature","geometry":{"type":"LineString","coordinates":[[-73.9747728,40.790863],[-73.9748161,40.7908815],[-73.9759072,40.7913437],[-73.9759362,40.7913547]]},"properties":{"kind":"sidewalk","major":false}},{"type":"Feature","geometry":{"type":"LineString","coordinates":[[-73.9758546,40.7914681],[-73.9758288,40.7914533],[-73.974733,40.7909899],[-73.9746913,40.7909759]]},"properties":{"kind":"sidewalk","major":false}},{"type":"Feature","geometry":{"type":"LineString","coordinates":[[-73.9754412,40.7919899],[-73.9754509,40.791976],[-73.9758288,40.7914533],[-73.9758452,40.7914364]]},"properties":{"kind":"sidewalk","major":false}},{"type":"Feature","geometry":{"type":"LineString","coordinates":[[-73.9758958,40.7913608],[-73.975875,40.7913918],[-73.9758452,40.7914364]]},"properties":{"kind":"sidewalk","major":false}},{"type":"Feature","geometry":{"type":"LineString","coordinates":[[-73.9759362,40.7913547],[-73.9760353,40.7913916],[-73.976131,40.791432]]},"properties":{"kind":"sidewalk","major":false}},{"type":"Feature","geometry":{"type":"LineString","coordinates":[[-73.9777179,40.7920934],[-73.9776729,40.792082],[-73.9775764,40.7920438],[-73.9761578,40.791442],[-73.976131,40.791432]]},"properties":{"kind":"sidewalk","major":false}},{"type":"Feature","geometry":{"type":"LineString","coordinates":[[-73.9761456,40.7914585],[-73.9761191,40.7914933],[-73.976082,40.791542]]},"properties":{"kind":"sidewalk","major":false}},{"type":"Feature","geometry":{"type":"LineString","coordinates":[[-73.9776567,40.7920955],[-73.977606,40.7921254],[-73.9775415,40.7921634]]},"properties":{"kind":"sidewalk","major":false}},{"type":"Feature","geometry":{"type":"LineString","coordinates":[[-73.9775415,40.7921634],[-73.9775123,40.7921756],[-73.9774332,40.7922291],[-73.9772414,40.7923953],[-73.977023,40.7926231],[-73.97701,40.7926415]]},"properties":{"kind":"sidewalk","major":false}},{"type":"Feature","geometry":{"type":"LineString","coordinates":[[-73.9775271,40.7921911],[-73.9775123,40.7921756],[-73.9774785,40.7921445],[-73.9760692,40.7915588],[-73.976048,40.7915496]]},"properties":{"kind":"sidewalk","major":false}},{"type":"Feature","geometry":{"type":"LineString","coordinates":[[-73.976082,40.791542],[-73.9760692,40.7915588],[-73.9757002,40.7920698],[-73.975687,40.7920853]]},"properties":{"kind":"sidewalk","major":false}},{"type":"Feature","geometry":{"type":"LineString","coordinates":[[-73.976048,40.7915496],[-73.9759495,40.7915081],[-73.9758546,40.7914681]]},"properties":{"kind":"sidewalk","major":false}},{"type":"Feature","geometry":{"type":"LineString","coordinates":[[-73.9770522,40.7926391],[-73.977023,40.7926231],[-73.9757002,40.7920698],[-73.9756769,40.7920575]]},"properties":{"kind":"sidewalk","major":false}},{"type":"Feature","geometry":{"type":"LineString","coordinates":[[-73.9769585,40.7927574],[-73.9769411,40.7927431],[-73.9756242,40.7921839],[-73.9755943,40.792176]]},"properties":{"kind":"sidewalk","major":false}},{"type":"Feature","geometry":{"type":"LineString","coordinates":[[-73.97701,40.7926415],[-73.9769773,40.7926903],[-73.9769508,40.7927299]]},"properties":{"kind":"sidewalk","major":false}},{"type":"Feature","geometry":{"type":"LineString","coordinates":[[-73.9765568,40.7932662],[-73.9765691,40.7932681],[-73.9767629,40.7930206],[-73.9768757,40.7928602],[-73.9769411,40.7927431],[-73.9769508,40.7927299]]},"properties":{"kind":"sidewalk","major":false}},{"type":"Feature","geometry":{"type":"LineString","coordinates":[[-73.9770522,40.7926391],[-73.9771238,40.7926657],[-73.97721,40.7926977]]},"properties":{"kind":"sidewalk","major":false}},{"type":"Feature","geometry":{"type":"LineString","coordinates":[[-73.97721,40.7926977],[-73.9772449,40.792711],[-73.9773582,40.7927543]]},"properties":{"kind":"sidewalk","major":false}},{"type":"Feature","geometry":{"type":"LineString","coordinates":[[-73.9756336,40.7921724],[-73.9756242,40.7921839],[-73.9752439,40.7927034],[-73.9752299,40.7927204]]},"properties":{"kind":"sidewalk","major":false}},{"type":"Feature","geometry":{"type":"LineString","coordinates":[[-73.9756336,40.7921724],[-73.9756566,40.7921348],[-73.975687,40.7920853]]},"properties":{"kind":"sidewalk","major":false}},{"type":"Feature","geometry":{"type":"LineString","coordinates":[[-73.9755943,40.792176],[-73.9754929,40.7921341],[-73.9753963,40.7920943]]},"properties":{"kind":"sidewalk","major":false}},{"type":"Feature","geometry":{"type":"LineString","coordinates":[[-73.9756769,40.7920575],[-73.9755747,40.7920205],[-73.9754748,40.7919843]]},"properties":{"kind":"sidewalk","major":false}},{"type":"Feature","geometry":{"type":"LineString","coordinates":[[-73.9753963,40.7920943],[-73.9753739,40.7920773],[-73.9742685,40.7916147],[-73.97424,40.7916033]]},"properties":{"kind":"sidewalk","major":false}},{"type":"Feature","geometry":{"type":"LineString","coordinates":[[-73.9753845,40.7920628],[-73.9753739,40.7920773],[-73.9749919,40.7925918],[-73.9749767,40.7926116]]},"properties":{"kind":"sidewalk","major":false}},{"type":"Feature","geometry":{"type":"LineString","coordinates":[[-73.9753845,40.7920628],[-73.9754076,40.7920331],[-73.9754412,40.7919899]]},"properties":{"kind":"sidewalk","major":false}},{"type":"Feature","geometry":{"type":"LineString","coordinates":[[-73.9743165,40.7914878],[-73.9743505,40.7915031],[-73.9754509,40.791976],[-73.9754748,40.7919843]]},"properties":{"kind":"sidewalk","major":false}},{"type":"Feature","geometry":{"type":"LineString","coordinates":[[-73.9742824,40.7915952],[-73.9743043,40.7915656],[-73.9743368,40.7915215]]},"properties":{"kind":"sidewalk","major":false}},{"type":"Feature","geometry":{"type":"LineString","coordinates":[[-73.9739415,40.7913652],[-73.9739605,40.7913398],[-73.9743349,40.7908281],[-73.9743506,40.7908068]]},"properties":{"kind":"sidewalk","major":false}},{"type":"Feature","geometry":{"type":"LineString","coordinates":[[-73.9739415,40.7913652],[-73.9739147,40.791402],[-73.9738927,40.7914318]]},"properties":{"kind":"sidewalk","major":false}},{"type":"Feature","geometry":{"type":"LineString","coordinates":[[-73.9738927,40.7914318],[-73.9738766,40.7914541],[-73.9735063,40.7919647],[-73.973491,40.7919857]]},"properties":{"kind":"sidewalk","major":false}},{"type":"Feature","geometry":{"type":"LineString","coordinates":[[-73.9727966,40.7909679],[-73.972817,40.7909398],[-73.9728498,40.7908944]]},"properties":{"kind":"sidewalk","major":false}},{"type":"Feature","geometry":{"type":"LineString","coordinates":[[-73.9725906,40.7907889],[-73.9725593,40.790832],[-73.9725386,40.7908606]]},"properties":{"kind":"sidewalk","major":false}},{"type":"Feature","geometry":{"type":"LineString","coordinates":[[-73.9732472,40.7903418],[-73.9732394,40.7903607],[-73.9728677,40.7908733],[-73.9728498,40.7908944]]},"properties":{"kind":"sidewalk","major":false}},{"type":"Feature","geometry":{"type":"LineString","coordinates":[[-73.9727966,40.7909679],[-73.9727842,40.7909852],[-73.9724103,40.7915027],[-73.9723925,40.7915252]]},"properties":{"kind":"sidewalk","major":false}},{"type":"Feature","geometry":{"type":"LineString","coordinates":[[-73.9726399,40.7907764],[-73.9726106,40.7907639],[-73.9718347,40.7904366],[-73.9713786,40.7902442],[-73.9712539,40.7901915],[-73.97116170530894,40.79015224440778]]},"properties":{"kind":"sidewalk","major":false}},{"type":"Feature","geometry":{"type":"LineString","coordinates":[[-73.9725535,40.790896],[-73.9725246,40.7908836],[-73.9710748727055,40.79027117209421]]},"properties":{"kind":"sidewalk","major":false}},{"type":"Feature","geometry":{"type":"LineString","coordinates":[[-73.9721795,40.7914086],[-73.9721439,40.7913951],[-73.9707006645034,40.79078369520131]]},"properties":{"kind":"sidewalk","major":false}},{"type":"Feature","geometry":{"type":"LineString","coordinates":[[-73.972099,40.7915235],[-73.9720615,40.7915049],[-73.9716531,40.791333],[-73.9706177485513,40.790897258562964]]},"properties":{"kind":"sidewalk","major":false}},{"type":"Feature","geometry":{"type":"LineString","coordinates":[[-73.9721795,40.7914086],[-73.972274,40.7914473],[-73.9723741,40.7914906]]},"properties":{"kind":"sidewalk","major":false}},{"type":"Feature","geometry":{"type":"LineString","coordinates":[[-73.9723741,40.7914906],[-73.9724103,40.7915027],[-73.9735063,40.7919647],[-73.9735386,40.7919783]]},"properties":{"kind":"sidewalk","major":false}},{"type":"Feature","geometry":{"type":"LineString","coordinates":[[-73.9723925,40.7915252],[-73.9723652,40.7915603],[-73.9723375,40.7915984]]},"properties":{"kind":"sidewalk","major":false}},{"type":"Feature","geometry":{"type":"LineString","coordinates":[[-73.9720816,40.7914955],[-73.9721076,40.791452],[-73.9721288,40.7914166]]},"properties":{"kind":"sidewalk","major":false}},{"type":"Feature","geometry":{"type":"LineString","coordinates":[[-73.9719296,40.7921503],[-73.9719473,40.7921282],[-73.9723204,40.7916204],[-73.9723375,40.7915984]]},"properties":{"kind":"sidewalk","major":false}},{"type":"Feature","geometry":{"type":"LineString","coordinates":[[-73.9738349,40.792223],[-73.9738592,40.7921882],[-73.973883,40.792154]]},"properties":{"kind":"sidewalk","major":false}},{"type":"Feature","geometry":{"type":"LineString","coordinates":[[-73.9738349,40.792223],[-73.9738173,40.792247],[-73.9734369,40.7927605],[-73.9734234,40.7927782]]},"properties":{"kind":"sidewalk","major":false}},{"type":"Feature","geometry":{"type":"LineString","coordinates":[[-73.9737799,40.7922312],[-73.9738173,40.792247],[-73.9749021,40.7927058],[-73.9749419,40.7927243]]},"properties":{"kind":"sidewalk","major":false}},{"type":"Feature","geometry":{"type":"LineString","coordinates":[[-73.973865,40.7921156],[-73.9737894,40.7920838],[-73.9736071,40.7920072],[-73.9735386,40.7919783]]},"properties":{"kind":"sidewalk","major":false}},{"type":"Feature","geometry":{"type":"LineString","coordinates":[[-73.973865,40.7921156],[-73.9738999,40.7921303],[-73.9749919,40.7925918],[-73.9750245,40.7926036]]},"properties":{"kind":"sidewalk","major":false}},{"type":"Feature","geometry":{"type":"LineString","coordinates":[[-73.973491,40.7919857],[-73.9734634,40.7920225],[-73.9734359,40.7920592]]},"properties":{"kind":"sidewalk","major":false}},{"type":"Feature","geometry":{"type":"LineString","coordinates":[[-73.9730296,40.7926148],[-73.9730437,40.7925981],[-73.9734227,40.7920759],[-73.9734359,40.7920592]]},"properties":{"kind":"sidewalk","major":false}},{"type":"Feature","geometry":{"type":"LineString","coordinates":[[-73.9765568,40.7932662],[-73.9752439,40.7927034],[-73.975219,40.7926877]]},"properties":{"kind":"sidewalk","major":false}},{"type":"Feature","geometry":{"type":"LineString","coordinates":[[-73.9769585,40.7927574],[-73.977046,40.7927869]]},"properties":{"kind":"sidewalk","major":false}},{"type":"Feature","geometry":{"type":"LineString","coordinates":[[-73.9771321,40.792816],[-73.9772971,40.7928832]]},"properties":{"kind":"sidewalk","major":false}},{"type":"Feature","geometry":{"type":"LineString","coordinates":[[-73.9765568,40.7932662],[-73.9765495,40.7932751]]},"properties":{"kind":"sidewalk","major":false}},{"type":"Feature","geometry":{"type":"LineString","coordinates":[[-73.9765495,40.7932751],[-73.97653,40.7933052],[-73.976499,40.7933528]]},"properties":{"kind":"sidewalk","major":false}},{"type":"Feature","geometry":{"type":"LineString","coordinates":[[-73.976499,40.7933528],[-73.9764895,40.7933638],[-73.9764172,40.7934836],[-73.9763747,40.7935596],[-73.9763215,40.7936851],[-73.976274,40.7938169],[-73.9762582,40.7939443],[-73.9762449,40.7939542],[-73.9762464,40.7939638]]},"properties":{"kind":"sidewalk","major":false}},{"type":"Feature","geometry":{"type":"LineString","coordinates":[[-73.9764895,40.7933638],[-73.9751638,40.7928122],[-73.975137,40.7928013]]},"properties":{"kind":"sidewalk","major":false}},{"type":"Feature","geometry":{"type":"LineString","coordinates":[[-73.9747774,40.7933516],[-73.9747849,40.7933284],[-73.9751638,40.7928122],[-73.9751726,40.7927961]]},"properties":{"kind":"sidewalk","major":false}},{"type":"Feature","geometry":{"type":"LineString","coordinates":[[-73.9752299,40.7927204],[-73.9752062,40.7927515],[-73.9751726,40.7927961]]},"properties":{"kind":"sidewalk","major":false}},{"type":"Feature","geometry":{"type":"LineString","coordinates":[[-73.975219,40.7926877],[-73.975123,40.7926462],[-73.9750245,40.7926036]]},"properties":{"kind":"sidewalk","major":false}},{"type":"Feature","geometry":{"type":"LineString","coordinates":[[-73.9749767,40.7926116],[-73.9749499,40.7926444],[-73.974919,40.7926832]]},"properties":{"kind":"sidewalk","major":false}},{"type":"Feature","geometry":{"type":"LineString","coordinates":[[-73.9745189,40.7932397],[-73.9745323,40.7932194],[-73.9749021,40.7927058],[-73.974919,40.7926832]]},"properties":{"kind":"sidewalk","major":false}},{"type":"Feature","geometry":{"type":"LineString","coordinates":[[-73.9749419,40.7927243],[-73.9750368,40.7927618],[-73.975137,40.7928013]]},"properties":{"kind":"sidewalk","major":false}},{"type":"Feature","geometry":{"type":"LineString","coordinates":[[-73.9702426182485,40.79141104459781],[-73.9716858,40.7920216],[-73.9717259,40.792034]]},"properties":{"kind":"sidewalk","major":false}},{"type":"Feature","geometry":{"type":"LineString","coordinates":[[-73.9719175,40.7921139],[-73.9718218,40.792074],[-73.9717259,40.792034]]},"properties":{"kind":"sidewalk","major":false}},{"type":"Feature","geometry":{"type":"LineString","coordinates":[[-73.9719175,40.7921139],[-73.9719473,40.7921282],[-73.9730437,40.7925981],[-73.9730762,40.7926108]]},"properties":{"kind":"sidewalk","major":false}},{"type":"Feature","geometry":{"type":"LineString","coordinates":[[-73.9730762,40.7926108],[-73.9731424,40.792636],[-73.9732098,40.7926592]]},"properties":{"kind":"sidewalk","major":false}},{"type":"Feature","geometry":{"type":"LineString","coordinates":[[-73.9734021,40.7927446],[-73.9734369,40.7927605],[-73.9745323,40.7932194],[-73.974566,40.7932342]]},"properties":{"kind":"sidewalk","major":false}},{"type":"Feature","geometry":{"type":"LineString","coordinates":[[-73.974566,40.7932342],[-73.9746618,40.7932765],[-73.9747517,40.7933161]]},"properties":{"kind":"sidewalk","major":false}},{"type":"Feature","geometry":{"type":"LineString","coordinates":[[-73.9747517,40.7933161],[-73.9747849,40.7933284],[-73.9762449,40.7939542]]},"properties":{"kind":"sidewalk","major":false}},{"type":"Feature","geometry":{"type":"LineString","coordinates":[[-73.9762464,40.7939638],[-73.9762476,40.7940008],[-73.9762499,40.7940675]]},"properties":{"kind":"sidewalk","major":false}},{"type":"Feature","geometry":{"type":"LineString","coordinates":[[-73.9762499,40.7940675],[-73.9762493,40.7940846],[-73.9762544,40.7945128],[-73.9762238,40.7947174],[-73.9762085,40.7947492]]},"properties":{"kind":"sidewalk","major":false}},{"type":"Feature","geometry":{"type":"LineString","coordinates":[[-73.9762493,40.7940846],[-73.9747081,40.7934395],[-73.9746832,40.7934282]]},"properties":{"kind":"sidewalk","major":false}},{"type":"Feature","geometry":{"type":"LineString","coordinates":[[-73.9747226,40.7934233],[-73.9747081,40.7934395],[-73.9743332,40.7939579],[-73.9743169,40.7939776]]},"properties":{"kind":"sidewalk","major":false}},{"type":"Feature","geometry":{"type":"LineString","coordinates":[[-73.9747226,40.7934233],[-73.9747529,40.7933836],[-73.9747774,40.7933516]]},"properties":{"kind":"sidewalk","major":false}},{"type":"Feature","geometry":{"type":"LineString","coordinates":[[-73.9746832,40.7934282],[-73.9745812,40.7933868],[-73.9744817,40.7933464]]},"properties":{"kind":"sidewalk","major":false}},{"type":"Feature","geometry":{"type":"LineString","coordinates":[[-73.9744646,40.7933172],[-73.9744941,40.7932751],[-73.9745189,40.7932397]]},"properties":{"kind":"sidewalk","major":false}},{"type":"Feature","geometry":{"type":"LineString","coordinates":[[-73.9744817,40.7933464],[-73.9744526,40.7933355],[-73.9733562,40.7928668],[-73.9733265,40.7928547]]},"properties":{"kind":"sidewalk","major":false}},{"type":"Feature","geometry":{"type":"LineString","coordinates":[[-73.973367,40.7928526],[-73.973397,40.792813],[-73.9734234,40.7927782]]},"properties":{"kind":"sidewalk","major":false}},{"type":"Feature","geometry":{"type":"LineString","coordinates":[[-73.973367,40.7928526],[-73.9733562,40.7928668],[-73.972981,40.7933844],[-73.9729661,40.7934064]]},"properties":{"kind":"sidewalk","major":false}},{"type":"Feature","geometry":{"type":"LineString","coordinates":[[-73.9733265,40.7928547],[-73.9732627,40.7928264],[-73.9732191,40.7928103]]},"properties":{"kind":"sidewalk","major":false}},{"type":"Feature","geometry":{"type":"LineString","coordinates":[[-73.9730015,40.7927209],[-73.9729642,40.7927054],[-73.9718626,40.7922402],[-73.9718355,40.7922318]]},"properties":{"kind":"sidewalk","major":false}},{"type":"Feature","geometry":{"type":"LineString","coordinates":[[-73.9730998,40.7927625],[-73.9730561,40.7927441],[-73.9730015,40.7927209]]},"properties":{"kind":"sidewalk","major":false}},{"type":"Feature","geometry":{"type":"LineString","coordinates":[[-73.9732191,40.7928103],[-73.9731894,40.7928022],[-73.9731701,40.7927989],[-73.9731352,40.7927846],[-73.9731259,40.7927767],[-73.9730998,40.7927625]]},"properties":{"kind":"foot","name":"","bridge":false,"len":11,"major":false}},{"type":"Feature","geometry":{"type":"LineString","coordinates":[[-73.9725704,40.7932401],[-73.9725838,40.7932213],[-73.9729642,40.7927054],[-73.9729764,40.7926884]]},"properties":{"kind":"sidewalk","major":false}},{"type":"Feature","geometry":{"type":"LineString","coordinates":[[-73.9729764,40.7926884],[-73.9730025,40.7926486],[-73.9730296,40.7926148]]},"properties":{"kind":"sidewalk","major":false}},{"type":"Feature","geometry":{"type":"LineString","coordinates":[[-73.9718756,40.7922227],[-73.971904,40.7921826],[-73.9719296,40.7921503]]},"properties":{"kind":"sidewalk","major":false}},{"type":"Feature","geometry":{"type":"LineString","coordinates":[[-73.9716714,40.7920427],[-73.9716471,40.7920744],[-73.9716188,40.7921114]]},"properties":{"kind":"sidewalk","major":false}},{"type":"Feature","geometry":{"type":"LineString","coordinates":[[-73.97016026955843,40.79152383102595],[-73.9716087,40.7921248],[-73.9716396,40.7921463]]},"properties":{"kind":"sidewalk","major":false}},{"type":"Feature","geometry":{"type":"LineString","coordinates":[[-73.9712628,40.7926603],[-73.9712348,40.7926494],[-73.96978131286508,40.792042857762524]]},"properties":{"kind":"sidewalk","major":false}},{"type":"Feature","geometry":{"type":"LineString","coordinates":[[-73.9712178,40.7926831],[-73.9711972,40.7927109],[-73.9711762,40.79274]]},"properties":{"kind":"sidewalk","major":false}},{"type":"Feature","geometry":{"type":"LineString","coordinates":[[-73.9714622,40.7927475],[-73.9714944,40.7927616],[-73.9725838,40.7932213],[-73.9726197,40.7932369]]},"properties":{"kind":"sidewalk","major":false}},{"type":"Feature","geometry":{"type":"LineString","coordinates":[[-73.9726197,40.7932369],[-73.9726799,40.7932596],[-73.9727218,40.7932753]]},"properties":{"kind":"sidewalk","major":false}},{"type":"Feature","geometry":{"type":"LineString","coordinates":[[-73.9727218,40.7932753],[-73.9727523,40.7932855],[-73.9728185,40.793313],[-73.9728485,40.7933289]]},"properties":{"kind":"sidewalk","major":false}},{"type":"Feature","geometry":{"type":"LineString","coordinates":[[-73.9728485,40.7933289],[-73.9728795,40.7933423],[-73.9729431,40.7933695]]},"properties":{"kind":"sidewalk","major":false}},{"type":"Feature","geometry":{"type":"LineString","coordinates":[[-73.9729431,40.7933695],[-73.972981,40.7933844],[-73.9740728,40.7938487],[-73.9741093,40.7938634]]},"properties":{"kind":"sidewalk","major":false}},{"type":"Feature","geometry":{"type":"LineString","coordinates":[[-73.9744646,40.7933172],[-73.9744526,40.7933355],[-73.9740728,40.7938487],[-73.9740585,40.7938681]]},"properties":{"kind":"sidewalk","major":false}},{"type":"Feature","geometry":{"type":"LineString","coordinates":[[-73.9743051,40.7939451],[-73.9742034,40.7939027],[-73.9741093,40.7938634]]},"properties":{"kind":"sidewalk","major":false}},{"type":"Feature","geometry":{"type":"LineString","coordinates":[[-73.9743169,40.7939776],[-73.974295,40.7940099],[-73.9742684,40.7940491]]},"properties":{"kind":"sidewalk","major":false}},{"type":"Feature","geometry":{"type":"LineString","coordinates":[[-73.9762085,40.7947492],[-73.9743332,40.7939579],[-73.9743051,40.7939451]]},"properties":{"kind":"sidewalk","major":false}},{"type":"Feature","geometry":{"type":"LineString","coordinates":[[-73.9762085,40.7947492],[-73.976198,40.7947644]]},"properties":{"kind":"sidewalk","major":false}},{"type":"Feature","geometry":{"type":"LineString","coordinates":[[-73.9762295,40.794756],[-73.9762569,40.7947647],[-73.9762824,40.7947727]]},"properties":{"kind":"sidewalk","major":false}},{"type":"Feature","geometry":{"type":"LineString","coordinates":[[-73.9762085,40.7947492],[-73.9762295,40.794756]]},"properties":{"kind":"sidewalk","major":false}},{"type":"Feature","geometry":{"type":"LineString","coordinates":[[-73.976198,40.7947644],[-73.976192,40.7948051],[-73.9761831,40.7948648]]},"properties":{"kind":"sidewalk","major":false}},{"type":"Feature","geometry":{"type":"LineString","coordinates":[[-73.9761831,40.7948648],[-73.9761658,40.7948727],[-73.974259,40.7940719],[-73.9742209,40.7940552]]},"properties":{"kind":"sidewalk","major":false}},{"type":"Feature","geometry":{"type":"LineString","coordinates":[[-73.9742684,40.7940491],[-73.974259,40.7940719],[-73.9738821,40.7945782],[-73.9738679,40.7945985]]},"properties":{"kind":"sidewalk","major":false}},{"type":"Feature","geometry":{"type":"LineString","coordinates":[[-73.9742209,40.7940552],[-73.9741221,40.7940163],[-73.9740249,40.793978]]},"properties":{"kind":"sidewalk","major":false}},{"type":"Feature","geometry":{"type":"LineString","coordinates":[[-73.9740249,40.793978],[-73.973996,40.793962],[-73.973486,40.7937473],[-73.9729057,40.793503],[-73.9728647,40.7934849]]},"properties":{"kind":"sidewalk","major":false}},{"type":"Feature","geometry":{"type":"LineString","coordinates":[[-73.9740109,40.7939413],[-73.9740367,40.7939016],[-73.9740585,40.7938681]]},"properties":{"kind":"sidewalk","major":false}},{"type":"Feature","geometry":{"type":"LineString","coordinates":[[-73.9729661,40.7934064],[-73.9729441,40.7934436],[-73.9729202,40.7934841]]},"properties":{"kind":"sidewalk","major":false}},{"type":"Feature","geometry":{"type":"LineString","coordinates":[[-73.9728647,40.7934849],[-73.9727993,40.7934574],[-73.9725951,40.7933717],[-73.9725405,40.7933488]]},"properties":{"kind":"sidewalk","major":false}},{"type":"Feature","geometry":{"type":"LineString","coordinates":[[-73.9714184,40.7928564],[-73.9714503,40.7928173],[-73.9714793,40.7927817]]},"properties":{"kind":"sidewalk","major":false}},{"type":"Feature","geometry":{"type":"LineString","coordinates":[[-73.9711762,40.79274],[-73.9711454,40.7927605],[-73.9707703,40.793279],[-73.9707576,40.7932971]]},"properties":{"kind":"sidewalk","major":false}},{"type":"Feature","geometry":{"type":"LineString","coordinates":[[-73.9708079,40.7932934],[-73.9707703,40.793279],[-73.9693261314742,40.792666283383426]]},"properties":{"kind":"sidewalk","major":false}},{"type":"Feature","geometry":{"type":"LineString","coordinates":[[-73.9707576,40.7932971],[-73.970735,40.7933292],[-73.9707033,40.7933743]]},"properties":{"kind":"sidewalk","major":false}},{"type":"Feature","geometry":{"type":"LineString","coordinates":[[-73.9709591,40.7934825],[-73.970991,40.7934372],[-73.9710134,40.7934052]]},"properties":{"kind":"sidewalk","major":false}},{"type":"Feature","geometry":{"type":"LineString","coordinates":[[-73.9721457,40.7938575],[-73.9721218,40.7938474],[-73.9710286,40.7933837],[-73.9710006,40.7933718]]},"properties":{"kind":"sidewalk","major":false}},{"type":"Feature","geometry":{"type":"LineString","coordinates":[[-73.9722512,40.7939011],[-73.9721982,40.7938792],[-73.9721457,40.7938575]]},"properties":{"kind":"sidewalk","major":false}},{"type":"Feature","geometry":{"type":"LineString","coordinates":[[-73.9722603,40.7939049],[-73.9722493,40.7939236]]},"properties":{"kind":"sidewalk","major":false}},{"type":"Feature","geometry":{"type":"LineString","coordinates":[[-73.972381,40.7939548],[-73.9723693,40.793973]]},"properties":{"kind":"sidewalk","major":false}},{"type":"Feature","geometry":{"type":"LineString","coordinates":[[-73.973646,40.7944918],[-73.9736212,40.7944819],[-73.9731072,40.7942627],[-73.9725378,40.7940199],[-73.9725035,40.7940054]]},"properties":{"kind":"sidewalk","major":false}},{"type":"Feature","geometry":{"type":"LineString","coordinates":[[-73.9725378,40.7940199],[-73.9729057,40.793503],[-73.9729202,40.7934841]]},"properties":{"kind":"sidewalk","major":false}},{"type":"Feature","geometry":{"type":"LineString","coordinates":[[-73.9740109,40.7939413],[-73.973996,40.793962],[-73.9736212,40.7944819],[-73.9736058,40.7944974]]},"properties":{"kind":"sidewalk","major":false}},{"type":"Feature","geometry":{"type":"LineString","coordinates":[[-73.9757852,40.7953964],[-73.9738821,40.7945782],[-73.9738539,40.794566]]},"properties":{"kind":"sidewalk","major":false}},{"type":"Feature","geometry":{"type":"LineString","coordinates":[[-73.973646,40.7944918],[-73.9737483,40.7945283],[-73.9738539,40.794566]]},"properties":{"kind":"sidewalk","major":false}},{"type":"Feature","geometry":{"type":"LineString","coordinates":[[-73.9761658,40.7948727],[-73.9761587,40.7948871],[-73.9761209,40.7949746],[-73.9760659,40.7950737],[-73.9760203,40.7951457],[-73.9759691,40.7952148],[-73.9759114,40.7952778],[-73.9758126,40.7953835],[-73.9758023,40.7953901],[-73.9757852,40.7953964],[-73.9757644,40.7954024]]},"properties":{"kind":"sidewalk","major":false}},{"type":"Feature","geometry":{"type":"LineString","coordinates":[[-73.9756734,40.7954731],[-73.9756582,40.7954851],[-73.9756394,40.7955042],[-73.9755994,40.7955384],[-73.9750555,40.7958724]]},"properties":{"kind":"sidewalk","major":false}},{"type":"Feature","geometry":{"type":"LineString","coordinates":[[-73.9756826,40.7955046],[-73.9756582,40.7954851],[-73.9756249,40.7954596],[-73.9737914,40.794704],[-73.9737615,40.7946874]]},"properties":{"kind":"sidewalk","major":false}},{"type":"Feature","geometry":{"type":"LineString","coordinates":[[-73.9733907,40.7952448],[-73.9734103,40.7952177],[-73.9737914,40.794704],[-73.973803,40.7946846]]},"properties":{"kind":"sidewalk","major":false}},{"type":"Feature","geometry":{"type":"LineString","coordinates":[[-73.973803,40.7946846],[-73.9738351,40.794642],[-73.9738679,40.7945985]]},"properties":{"kind":"sidewalk","major":false}},{"type":"Feature","geometry":{"type":"LineString","coordinates":[[-73.9737615,40.7946874],[-73.9736631,40.7946468],[-73.9735639,40.7946058]]},"properties":{"kind":"sidewalk","major":false}},{"type":"Feature","geometry":{"type":"LineString","coordinates":[[-73.9735639,40.7946058],[-73.9735364,40.7945922],[-73.9724588,40.7941342],[-73.972441,40.7941266]]},"properties":{"kind":"sidewalk","major":false}},{"type":"Feature","geometry":{"type":"LineString","coordinates":[[-73.9735498,40.7945727],[-73.9735364,40.7945922],[-73.9731513,40.7951019],[-73.9731284,40.7951343]]},"properties":{"kind":"sidewalk","major":false}},{"type":"Feature","geometry":{"type":"LineString","coordinates":[[-73.9735498,40.7945727],[-73.973578,40.7945347],[-73.9736058,40.7944974]]},"properties":{"kind":"sidewalk","major":false}},{"type":"Feature","geometry":{"type":"LineString","coordinates":[[-73.972316,40.7940561],[-73.9723064,40.7940713]]},"properties":{"kind":"sidewalk","major":false}},{"type":"Feature","geometry":{"type":"LineString","coordinates":[[-73.9721956,40.7940005],[-73.9721807,40.7940196]]},"properties":{"kind":"sidewalk","major":false}},{"type":"Feature","geometry":{"type":"LineString","coordinates":[[-73.9705469,40.7940438],[-73.9705616,40.794024],[-73.9709494,40.7934964],[-73.9709591,40.7934825]]},"properties":{"kind":"sidewalk","major":false}},{"type":"Feature","geometry":{"type":"LineString","coordinates":[[-73.9707232,40.7934084],[-73.9706888,40.7933941],[-73.96924087396403,40.792783053790316]]},"properties":{"kind":"sidewalk","major":false}},{"type":"Feature","geometry":{"type":"LineString","coordinates":[[-73.9707033,40.7933743],[-73.9706888,40.7933941],[-73.9703084,40.7939148],[-73.970292,40.7939373]]},"properties":{"kind":"sidewalk","major":false}},{"type":"Feature","geometry":{"type":"LineString","coordinates":[[-73.9720486,40.7943052],[-73.9718567,40.7945844],[-73.9718359,40.7946147]]},"properties":{"kind":"sidewalk","major":false}},{"type":"Feature","geometry":{"type":"LineString","coordinates":[[-73.9747588,40.7960508],[-73.9741044,40.7964461],[-73.974086,40.7964572]]},"properties":{"kind":"sidewalk","major":false}},{"type":"Feature","geometry":{"type":"LineString","coordinates":[[-73.9750555,40.7958724],[-73.9747588,40.7960508]]},"properties":{"kind":"sidewalk","major":false}},{"type":"Feature","geometry":{"type":"LineString","coordinates":[[-73.9732429,40.7953988],[-73.9732647,40.795419],[-73.9746755,40.7959799]]},"properties":{"kind":"sidewalk","major":false}},{"type":"Feature","geometry":{"type":"LineString","coordinates":[[-73.9732869,40.7953883],[-73.9732647,40.795419],[-73.9728872,40.7959314],[-73.9728739,40.7959483]]},"properties":{"kind":"sidewalk","major":false}},{"type":"Feature","geometry":{"type":"LineString","coordinates":[[-73.9719409,40.7948236],[-73.9719236,40.794844],[-73.9715328,40.7953682],[-73.9715236,40.7953806]]},"properties":{"kind":"sidewalk","major":false}},{"type":"Feature","geometry":{"type":"LineString","coordinates":[[-73.9717495,40.7947402],[-73.971735,40.7947608]]},"properties":{"kind":"sidewalk","major":false}},{"type":"Feature","geometry":{"type":"LineString","coordinates":[[-73.9715283,40.7946431],[-73.9715145,40.7946636],[-73.9713651,40.7948751],[-73.9711369,40.7952019],[-73.9711246,40.7952178]]},"properties":{"kind":"sidewalk","major":false}},{"type":"Feature","geometry":{"type":"LineString","coordinates":[[-73.9711741,40.7952172],[-73.9711369,40.7952019],[-73.9700403,40.7947386],[-73.9700097,40.794724]]},"properties":{"kind":"sidewalk","major":false}},{"type":"Feature","geometry":{"type":"LineString","coordinates":[[-73.9715018,40.7953553],[-73.9714471,40.7953323],[-73.9712478,40.7952483],[-73.9711741,40.7952172]]},"properties":{"kind":"sidewalk","major":false}},{"type":"Feature","geometry":{"type":"LineString","coordinates":[[-73.9699274,40.7948389],[-73.9699653,40.7948519],[-73.9710574,40.7953082],[-73.9710909,40.7953222]]},"properties":{"kind":"sidewalk","major":false}},{"type":"Feature","geometry":{"type":"LineString","coordinates":[[-73.9713249,40.7954197],[-73.9713668,40.795438],[-73.9714307,40.7954659]]},"properties":{"kind":"sidewalk","major":false}},{"type":"Feature","geometry":{"type":"LineString","coordinates":[[-73.9726249,40.7958457],[-73.9725958,40.7958869],[-73.9725655,40.7959297]]},"properties":{"kind":"sidewalk","major":false}},{"type":"Feature","geometry":{"type":"LineString","coordinates":[[-73.9725655,40.7959297],[-73.9725536,40.7959466]]},"properties":{"kind":"sidewalk","major":false}},{"type":"Feature","geometry":{"type":"LineString","coordinates":[[-73.9714307,40.7954659],[-73.9714584,40.7954778],[-73.9725536,40.7959466],[-73.9725741,40.7959553]]},"properties":{"kind":"sidewalk","major":false}},{"type":"Feature","geometry":{"type":"LineString","coordinates":[[-73.9726917,40.7960048],[-73.9727724,40.7960385]]},"properties":{"kind":"sidewalk","major":false}},{"type":"Feature","geometry":{"type":"LineString","coordinates":[[-73.9728125,40.7960552],[-73.9728255,40.7960372]]},"properties":{"kind":"sidewalk","major":false}},{"type":"Feature","geometry":{"type":"LineString","coordinates":[[-73.9741401,40.7964613],[-73.9741044,40.7964461],[-73.9728872,40.7959314],[-73.9728606,40.7959202]]},"properties":{"kind":"sidewalk","major":false}},{"type":"Feature","geometry":{"type":"LineString","coordinates":[[-73.9728606,40.7959202],[-73.9727768,40.7958849]]},"properties":{"kind":"sidewalk","major":false}},{"type":"Feature","geometry":{"type":"LineString","coordinates":[[-73.9728255,40.7960372],[-73.9728496,40.795993],[-73.9728739,40.7959483]]},"properties":{"kind":"sidewalk","major":false}},{"type":"Feature","geometry":{"type":"LineString","coordinates":[[-73.9727472,40.7958727],[-73.9726631,40.7958383]]},"properties":{"kind":"sidewalk","major":false}},{"type":"Feature","geometry":{"type":"LineString","coordinates":[[-73.9727768,40.7958849],[-73.9727627,40.7958791],[-73.9727472,40.7958727]]},"properties":{"kind":"sidewalk","major":false}},{"type":"Feature","geometry":{"type":"LineString","coordinates":[[-73.9714665,40.7954668],[-73.9714584,40.7954778],[-73.9710775,40.7959906],[-73.9710615,40.7960148]]},"properties":{"kind":"sidewalk","major":false}},{"type":"Feature","geometry":{"type":"LineString","coordinates":[[-73.9710909,40.7953222],[-73.9711663,40.7953541],[-73.9712244,40.7953788]]},"properties":{"kind":"sidewalk","major":false}},{"type":"Feature","geometry":{"type":"LineString","coordinates":[[-73.9712244,40.7953788],[-73.9713249,40.7954197]]},"properties":{"kind":"sidewalk","major":false}},{"type":"Feature","geometry":{"type":"LineString","coordinates":[[-73.9710685,40.795293],[-73.9710574,40.7953082],[-73.9706822,40.7958238]]},"properties":{"kind":"sidewalk","major":false}},{"type":"Feature","geometry":{"type":"LineString","coordinates":[[-73.9696992,40.7947593],[-73.9697084,40.794741]]},"properties":{"kind":"sidewalk","major":false}},{"type":"Feature","geometry":{"type":"LineString","coordinates":[[-73.9743506,40.7908068],[-73.9743833,40.7907624],[-73.974404,40.7907342]]},"properties":{"kind":"sidewalk","major":false}},{"type":"Feature","geometry":{"type":"LineString","coordinates":[[-73.974404,40.7907342],[-73.9744188,40.7907141],[-73.9748013,40.7901894],[-73.9748082,40.7901788]]},"properties":{"kind":"sidewalk","major":false}},{"type":"Feature","geometry":{"type":"LineString","coordinates":[[-73.9751991,40.7903444],[-73.9752309,40.7903014],[-73.9752572,40.7902657]]},"properties":{"kind":"sidewalk","major":false}},{"type":"Feature","geometry":{"type":"LineString","coordinates":[[-73.9752337,40.790234],[-73.9751671,40.7902073],[-73.9749912,40.7901367],[-73.974892,40.7900969]]},"properties":{"kind":"sidewalk","major":false}},{"type":"Feature","geometry":{"type":"LineString","coordinates":[[-73.9748599,40.7900985],[-73.974837,40.7901341],[-73.9748082,40.7901788]]},"properties":{"kind":"sidewalk","major":false}},{"type":"Feature","geometry":{"type":"LineString","coordinates":[[-73.9732774,40.7926882],[-73.9733404,40.7927167],[-73.9734021,40.7927446]]},"properties":{"kind":"sidewalk","major":false}},{"type":"Feature","geometry":{"type":"LineString","coordinates":[[-73.9732098,40.7926592],[-73.9732774,40.7926882]]},"properties":{"kind":"foot","name":"","bridge":false,"len":6,"major":false}},{"type":"Feature","geometry":{"type":"LineString","coordinates":[[-73.9731072,40.7942627],[-73.9731216,40.7942421]]},"properties":{"kind":"foot","name":"Pomander Walk","bridge":false,"len":2,"major":true}},{"type":"Feature","geometry":{"type":"LineString","coordinates":[[-73.975821,40.7953988],[-73.9758023,40.7953901]]},"properties":{"kind":"sidewalk","major":false}},{"type":"Feature","geometry":{"type":"LineString","coordinates":[[-73.975965,40.7956563],[-73.9759881,40.7956632]]},"properties":{"kind":"sidewalk","major":false}},{"type":"Feature","geometry":{"type":"LineString","coordinates":[[-73.9743514,40.7966996],[-73.9744029,40.796714],[-73.9744475,40.7967264]]},"properties":{"kind":"sidewalk","major":false}},{"type":"Feature","geometry":{"type":"LineString","coordinates":[[-73.9724306,40.796562],[-73.9736172,40.797063],[-73.9736976,40.796906],[-73.9737951,40.7967706],[-73.973897,40.7966508],[-73.9739813,40.7965459],[-73.973997,40.7965264]]},"properties":{"kind":"sidewalk","major":false}},{"type":"Feature","geometry":{"type":"LineString","coordinates":[[-73.969977,40.7948333],[-73.9699653,40.7948519]]},"properties":{"kind":"sidewalk","major":false}},{"type":"Feature","geometry":{"type":"LineString","coordinates":[[-73.9905202,40.7731958],[-73.9908804,40.7727016],[-73.9908944,40.7726824]]},"properties":{"kind":"sidewalk","major":false}},{"type":"Feature","geometry":{"type":"LineString","coordinates":[[-73.9908944,40.7726824],[-73.9909498,40.772654],[-73.9910191,40.7726185]]},"properties":{"kind":"sidewalk","major":false}},{"type":"Feature","geometry":{"type":"LineString","coordinates":[[-73.9902901,40.7716038],[-73.990321,40.7715584],[-73.990349,40.7715173]]},"properties":{"kind":"sidewalk","major":false}},{"type":"Feature","geometry":{"type":"LineString","coordinates":[[-73.9907348,40.7709979],[-73.9903643,40.7714967],[-73.990349,40.7715173]]},"properties":{"kind":"sidewalk","major":false}},{"type":"Feature","geometry":{"type":"LineString","coordinates":[[-73.9902901,40.7716038],[-73.9902763,40.7716226],[-73.9899078,40.7721238],[-73.9898908,40.7721463]]},"properties":{"kind":"sidewalk","major":false}},{"type":"Feature","geometry":{"type":"LineString","coordinates":[[-73.9903943,40.7715092],[-73.9904947,40.771556],[-73.9906097,40.7716095]]},"properties":{"kind":"sidewalk","major":false}},{"type":"Feature","geometry":{"type":"LineString","coordinates":[[-73.9877551,40.7704055],[-73.9877823,40.7704169],[-73.9903643,40.7714967],[-73.9903943,40.7715092]]},"properties":{"kind":"sidewalk","major":false}},{"type":"Feature","geometry":{"type":"LineString","coordinates":[[-73.9865784,40.7710136],[-73.9866186,40.7709573]]},"properties":{"kind":"foot","name":"","bridge":false,"len":6,"major":false}},{"type":"Feature","geometry":{"type":"LineString","coordinates":[[-73.986569,40.7709911],[-73.9865983,40.7709488]]},"properties":{"kind":"foot","name":"","bridge":false,"len":4,"major":false}},{"type":"Feature","geometry":{"type":"LineString","coordinates":[[-73.9865288,40.770998],[-73.9865716,40.7709376]]},"properties":{"kind":"foot","name":"","bridge":false,"len":6,"major":false}},{"type":"Feature","geometry":{"type":"LineString","coordinates":[[-73.9862128,40.7708758],[-73.986228,40.7708543],[-73.9862611,40.7708074]]},"properties":{"kind":"foot","name":"","bridge":false,"len":7,"major":false}},{"type":"Feature","geometry":{"type":"LineString","coordinates":[[-73.9812698,40.7792765],[-73.9813069,40.7792911],[-73.981548,40.7793871],[-73.9816377,40.7794228],[-73.9818057,40.7794898]]},"properties":{"kind":"sidewalk","major":false}},{"type":"Feature","geometry":{"type":"LineString","coordinates":[[-73.9815386,40.7794164],[-73.981548,40.7793871]]},"properties":{"kind":"sidewalk","major":false}},{"type":"Feature","geometry":{"type":"LineString","coordinates":[[-73.9812948,40.7793071],[-73.9813069,40.7792911],[-73.9816881,40.7787631],[-73.9817032,40.7787422]]},"properties":{"kind":"sidewalk","major":false}},{"type":"Feature","geometry":{"type":"LineString","coordinates":[[-73.987537,40.7753788],[-73.9867204,40.7750275],[-73.9849655,40.7742947],[-73.9849297,40.7742806]]},"properties":{"kind":"sidewalk","major":false}},{"type":"Feature","geometry":{"type":"LineString","coordinates":[[-73.984777,40.7740591],[-73.9847931,40.774037]]},"properties":{"kind":"sidewalk","major":false}},{"type":"Feature","geometry":{"type":"LineString","coordinates":[[-73.9848249,40.7740422],[-73.9847931,40.774037]]},"properties":{"kind":"sidewalk","major":false}},{"type":"Feature","geometry":{"type":"LineString","coordinates":[[-73.9875696,40.7703283],[-73.9875353,40.7703133],[-73.9872371,40.7701882],[-73.98609364569378,40.76970115745119]]},"properties":{"kind":"sidewalk","major":false}},{"type":"Feature","geometry":{"type":"LineString","coordinates":[[-73.987524,40.7703287],[-73.9875353,40.7703133],[-73.9877214,40.7700587],[-73.9879049,40.7698077],[-73.9879182,40.7697895]]},"properties":{"kind":"sidewalk","major":false}},{"type":"Feature","geometry":{"type":"LineString","coordinates":[[-73.987524,40.7703287],[-73.9874965,40.770363],[-73.9874535,40.7704166]]},"properties":{"kind":"sidewalk","major":false}},{"type":"Feature","geometry":{"type":"LineString","coordinates":[[-73.9896877,40.7762685],[-73.989658,40.7762644]]},"properties":{"kind":"sidewalk","major":false}},{"type":"Feature","geometry":{"type":"LineString","coordinates":[[-73.9834667,40.773503],[-73.9834811,40.7734884]]},"properties":{"kind":"sidewalk","major":false}},{"type":"Feature","geometry":{"type":"LineString","coordinates":[[-73.9911899,40.772676],[-73.9911211,40.7726429],[-73.9910631,40.7726151]]},"properties":{"kind":"sidewalk","major":false}},{"type":"Feature","geometry":{"type":"LineString","coordinates":[[-73.9910191,40.7726185],[-73.991037,40.7726039],[-73.9912459,40.7724334],[-73.9914182,40.7723168],[-73.9915782,40.7721889]]},"properties":{"kind":"sidewalk","major":false}},{"type":"Feature","geometry":{"type":"LineString","coordinates":[[-73.9910656,40.7727735],[-73.9909959,40.7727468],[-73.9909067,40.7727128]]},"properties":{"kind":"sidewalk","major":false}},{"type":"Feature","geometry":{"type":"LineString","coordinates":[[-73.98646278737598,40.76919557355202],[-73.987609,40.7696822],[-73.9879049,40.7698077]]},"properties":{"kind":"sidewalk","major":false}},{"type":"Feature","geometry":{"type":"LineString","coordinates":[[-73.9875696,40.7703283],[-73.9876313,40.770354],[-73.9877551,40.7704055]]},"properties":{"kind":"sidewalk","major":false}},{"type":"Feature","geometry":{"type":"LineString","coordinates":[[-73.9901859,40.7722403],[-73.9904101,40.7719268],[-73.990489,40.771816],[-73.9905452,40.771737],[-73.9905573,40.77172]]},"properties":{"kind":"sidewalk","major":false}},{"type":"Feature","geometry":{"type":"LineString","coordinates":[[-73.9905268,40.7717289],[-73.9905452,40.771737],[-73.990716,40.7718127],[-73.9915782,40.7721889]]},"properties":{"kind":"sidewalk","major":false}},{"type":"Feature","geometry":{"type":"LineString","coordinates":[[-73.9905268,40.7717289],[-73.9904036,40.7716766],[-73.990304,40.7716343]]},"properties":{"kind":"sidewalk","major":false}},{"type":"Feature","geometry":{"type":"LineString","coordinates":[[-73.9905573,40.77172],[-73.9905975,40.7716752],[-73.9906246,40.771645]]},"properties":{"kind":"sidewalk","major":false}},{"type":"Feature","geometry":{"type":"LineString","coordinates":[[-73.9906246,40.771645],[-73.9906406,40.7716226],[-73.9910109,40.7711037]]},"properties":{"kind":"sidewalk","major":false}},{"type":"Feature","geometry":{"type":"LineString","coordinates":[[-73.9932121,40.7727074],[-73.9931952,40.7727008],[-73.9906406,40.7716226],[-73.9906097,40.7716095]]},"properties":{"kind":"sidewalk","major":false}},{"type":"Feature","geometry":{"type":"LineString","coordinates":[[-73.9910109,40.7711037],[-73.9910165,40.7710907]]},"properties":{"kind":"sidewalk","major":false}},{"type":"Feature","geometry":{"type":"LineString","coordinates":[[-73.9910165,40.7710907],[-73.9910496,40.7710447],[-73.9910768,40.7710066]]},"properties":{"kind":"sidewalk","major":false}},{"type":"Feature","geometry":{"type":"LineString","coordinates":[[-73.9910768,40.7710066],[-73.991089,40.7709897]]},"properties":{"kind":"sidewalk","major":false}},{"type":"Feature","geometry":{"type":"LineString","coordinates":[[-73.9914943,40.7704506],[-73.9914731,40.7704722],[-73.991089,40.7709897]]},"properties":{"kind":"sidewalk","major":false}},{"type":"Feature","geometry":{"type":"LineString","coordinates":[[-73.9940172,40.7715477],[-73.9924199,40.7708709],[-73.9923634,40.7708471],[-73.9923015,40.770821],[-73.9914731,40.7704722],[-73.9914482,40.7704607]]},"properties":{"kind":"sidewalk","major":false}},{"type":"Feature","geometry":{"type":"LineString","coordinates":[[-73.9914482,40.7704607],[-73.9913261,40.7704103],[-73.9912174,40.7703654]]},"properties":{"kind":"sidewalk","major":false}},{"type":"Feature","geometry":{"type":"LineString","coordinates":[[-73.9885925,40.7692585],[-73.9886225,40.7692716],[-73.9890244,40.7694452],[-73.990262,40.7699642],[-73.9911973,40.7703565],[-73.9912174,40.7703654]]},"properties":{"kind":"sidewalk","major":false}},{"type":"Feature","geometry":{"type":"LineString","coordinates":[[-73.9912099,40.7703392],[-73.9911973,40.7703565],[-73.9908185,40.7708757],[-73.9908058,40.7708932]]},"properties":{"kind":"sidewalk","major":false}},{"type":"Feature","geometry":{"type":"LineString","coordinates":[[-73.9908058,40.7708932],[-73.9907801,40.7709309],[-73.9907451,40.7709822]]},"properties":{"kind":"sidewalk","major":false}},{"type":"Feature","geometry":{"type":"LineString","coordinates":[[-73.9907451,40.7709822],[-73.9907348,40.7709979]]},"properties":{"kind":"sidewalk","major":false}},{"type":"Feature","geometry":{"type":"LineString","coordinates":[[-73.9865501152366,40.769075967551395],[-73.9879906,40.7696849],[-73.9880146,40.769696]]},"properties":{"kind":"sidewalk","major":false}},{"type":"Feature","geometry":{"type":"LineString","coordinates":[[-73.9879182,40.7697895],[-73.9879519,40.7697409],[-73.9879785,40.7697025]]},"properties":{"kind":"sidewalk","major":false}},{"type":"Feature","geometry":{"type":"LineString","coordinates":[[-73.9877146,40.7705187],[-73.9877473,40.7704684],[-73.987769,40.7704349]]},"properties":{"kind":"sidewalk","major":false}},{"type":"Feature","geometry":{"type":"LineString","coordinates":[[-73.987769,40.7704349],[-73.9877823,40.7704169],[-73.9881553,40.7699123]]},"properties":{"kind":"sidewalk","major":false}},{"type":"Feature","geometry":{"type":"LineString","coordinates":[[-73.9881553,40.7699123],[-73.9907348,40.7709979]]},"properties":{"kind":"sidewalk","major":false}},{"type":"Feature","geometry":{"type":"LineString","coordinates":[[-73.9907348,40.7709979],[-73.9907578,40.7710073]]},"properties":{"kind":"sidewalk","major":false}},{"type":"Feature","geometry":{"type":"LineString","coordinates":[[-73.9910109,40.7711037],[-73.9909955,40.771098]]},"properties":{"kind":"sidewalk","major":false}},{"type":"Feature","geometry":{"type":"LineString","coordinates":[[-73.9909955,40.771098],[-73.9908722,40.771051],[-73.9907578,40.7710073]]},"properties":{"kind":"sidewalk","major":false}},{"type":"Feature","geometry":{"type":"LineString","coordinates":[[-73.9910109,40.7711037],[-73.9935583,40.7721922]]},"properties":{"kind":"sidewalk","major":false}},{"type":"Feature","geometry":{"type":"LineString","coordinates":[[-73.9936371,40.7720591],[-73.9924773,40.7715724],[-73.9920403,40.771389],[-73.9919925,40.7713689],[-73.9919251,40.7713406],[-73.991089,40.7709897]]},"properties":{"kind":"sidewalk","major":false}},{"type":"Feature","geometry":{"type":"LineString","coordinates":[[-73.9908185,40.7708757],[-73.988563,40.7699275],[-73.9882436,40.7697932]]},"properties":{"kind":"sidewalk","major":false}},{"type":"Feature","geometry":{"type":"LineString","coordinates":[[-73.9879906,40.7696849],[-73.9879785,40.7697025]]},"properties":{"kind":"sidewalk","major":false}},{"type":"Feature","geometry":{"type":"LineString","coordinates":[[-73.9882436,40.7697932],[-73.9882315,40.7698112]]},"properties":{"kind":"sidewalk","major":false}},{"type":"Feature","geometry":{"type":"LineString","coordinates":[[-73.9882436,40.7697932],[-73.9882093,40.7697785]]},"properties":{"kind":"sidewalk","major":false}},{"type":"Feature","geometry":{"type":"LineString","coordinates":[[-73.9881553,40.7699123],[-73.9881698,40.769893]]},"properties":{"kind":"sidewalk","major":false}},{"type":"Feature","geometry":{"type":"LineString","coordinates":[[-73.9881698,40.769893],[-73.988204,40.7698477],[-73.9882315,40.7698112]]},"properties":{"kind":"sidewalk","major":false}},{"type":"Feature","geometry":{"type":"LineString","coordinates":[[-73.9881553,40.7699123],[-73.9881255,40.7698981]]},"properties":{"kind":"sidewalk","major":false}},{"type":"Feature","geometry":{"type":"LineString","coordinates":[[-73.9880522,40.7698674],[-73.9880076,40.7698493],[-73.9879224,40.769814]]},"properties":{"kind":"sidewalk","major":false}},{"type":"Feature","geometry":{"type":"LineString","coordinates":[[-73.9879224,40.769814],[-73.9879049,40.7698077]]},"properties":{"kind":"sidewalk","major":false}},{"type":"Feature","geometry":{"type":"LineString","coordinates":[[-73.9881397,40.769749],[-73.9880971,40.7697309],[-73.9880146,40.769696]]},"properties":{"kind":"sidewalk","major":false}},{"type":"Feature","geometry":{"type":"LineString","coordinates":[[-73.9879906,40.7696849],[-73.9883627,40.7691672],[-73.9883773,40.7691449]]},"properties":{"kind":"sidewalk","major":false}},{"type":"Feature","geometry":{"type":"LineString","coordinates":[[-73.9882436,40.7697932],[-73.9886225,40.7692716],[-73.988635,40.7692532]]},"properties":{"kind":"sidewalk","major":false}},{"type":"Feature","geometry":{"type":"LineString","coordinates":[[-73.9885245,40.7692313],[-73.9884867,40.7692158],[-73.9883913,40.7691785]]},"properties":{"kind":"sidewalk","major":false}},{"type":"Feature","geometry":{"type":"LineString","coordinates":[[-73.9883913,40.7691785],[-73.9883627,40.7691672],[-73.98703470723966,40.76860484519061]]},"properties":{"kind":"sidewalk","major":false}},{"type":"Feature","geometry":{"type":"LineString","coordinates":[[-73.98730491739914,40.768463520546284],[-73.988504,40.7689703],[-73.9885351,40.7689835]]},"properties":{"kind":"sidewalk","major":false}},{"type":"Feature","geometry":{"type":"LineString","coordinates":[[-73.9884868,40.7689939],[-73.988504,40.7689703],[-73.9888834,40.7684471],[-73.9888923,40.7684348]]},"properties":{"kind":"sidewalk","major":false}},{"type":"Feature","geometry":{"type":"LineString","coordinates":[[-73.9884868,40.7689939],[-73.9884355,40.7690647],[-73.9883773,40.7691449]]},"properties":{"kind":"sidewalk","major":false}},{"type":"Feature","geometry":{"type":"LineString","coordinates":[[-73.9885351,40.7689835],[-73.9886295,40.7690234],[-73.9887261,40.7690642]]},"properties":{"kind":"sidewalk","major":false}},{"type":"Feature","geometry":{"type":"LineString","coordinates":[[-73.98874,40.769096],[-73.9886893,40.7691719],[-73.988635,40.7692532]]},"properties":{"kind":"sidewalk","major":false}},{"type":"Feature","geometry":{"type":"LineString","coordinates":[[-73.9887261,40.7690642],[-73.9887546,40.7690762],[-73.9913303,40.7701648],[-73.9913657,40.7701798]]},"properties":{"kind":"sidewalk","major":false}},{"type":"Feature","geometry":{"type":"LineString","coordinates":[[-73.9891474,40.7685439],[-73.9891366,40.7685586],[-73.9887546,40.7690762],[-73.98874,40.769096]]},"properties":{"kind":"sidewalk","major":false}},{"type":"Feature","geometry":{"type":"LineString","coordinates":[[-73.991725,40.7696331],[-73.9917112,40.7696518],[-73.9913303,40.7701648],[-73.9913138,40.7701871]]},"properties":{"kind":"sidewalk","major":false}},{"type":"Feature","geometry":{"type":"LineString","coordinates":[[-73.9913138,40.7701871],[-73.9912635,40.7702607],[-73.9912099,40.7703392]]},"properties":{"kind":"sidewalk","major":false}},{"type":"Feature","geometry":{"type":"LineString","coordinates":[[-73.9913657,40.7701798],[-73.9914633,40.7702193],[-73.9915865,40.7702691]]},"properties":{"kind":"sidewalk","major":false}},{"type":"Feature","geometry":{"type":"LineString","coordinates":[[-73.9915935,40.7703038],[-73.9916102,40.7702808],[-73.9919862,40.7697615],[-73.9919965,40.7697473]]},"properties":{"kind":"sidewalk","major":false}},{"type":"Feature","geometry":{"type":"LineString","coordinates":[[-73.9939356,40.7712337],[-73.9939081,40.7712209],[-73.993857,40.7712209],[-73.9936406,40.7711304],[-73.9933262,40.7709988],[-73.9916102,40.7702808],[-73.9915865,40.7702691]]},"properties":{"kind":"sidewalk","major":false}},{"type":"Feature","geometry":{"type":"LineString","coordinates":[[-73.9915935,40.7703038],[-73.9915429,40.7703786],[-73.9914943,40.7704506]]},"properties":{"kind":"sidewalk","major":false}},{"type":"Feature","geometry":{"type":"LineString","coordinates":[[-73.9939356,40.7712337],[-73.9939786,40.771253],[-73.99402,40.7712723]]},"properties":{"kind":"sidewalk","major":false}},{"type":"Feature","geometry":{"type":"LineString","coordinates":[[-73.9940821,40.7714299],[-73.9940523,40.7714816],[-73.9940316,40.7715174]]},"properties":{"kind":"sidewalk","major":false}},{"type":"Feature","geometry":{"type":"LineString","coordinates":[[-73.99413371260435,40.770593913265756],[-73.9941289,40.770644]]},"properties":{"kind":"sidewalk","major":false}},{"type":"Feature","geometry":{"type":"LineString","coordinates":[[-73.9919862,40.7697615],[-73.9941258,40.7706651]]},"properties":{"kind":"sidewalk","major":false}},{"type":"Feature","geometry":{"type":"LineString","coordinates":[[-73.9917356,40.7696621],[-73.9917112,40.7696518],[-73.9891366,40.7685586],[-73.9891116,40.768548]]},"properties":{"kind":"sidewalk","major":false}},{"type":"Feature","geometry":{"type":"LineString","coordinates":[[-73.9917356,40.7696621],[-73.9918333,40.7697037],[-73.9919601,40.7697574]]},"properties":{"kind":"sidewalk","major":false}},{"type":"Feature","geometry":{"type":"LineString","coordinates":[[-73.9919601,40.7697574],[-73.9919862,40.7697615]]},"properties":{"kind":"sidewalk","major":false}},{"type":"Feature","geometry":{"type":"LineString","coordinates":[[-73.9919965,40.7697473],[-73.99202474964694,40.76970505591257]]},"properties":{"kind":"sidewalk","major":false}},{"type":"Feature","geometry":{"type":"LineString","coordinates":[[-73.99175879394265,40.76959296447798],[-73.991725,40.7696331]]},"properties":{"kind":"sidewalk","major":false}},{"type":"Feature","geometry":{"type":"LineString","coordinates":[[-73.9891116,40.768548],[-73.989073,40.7685312]]},"properties":{"kind":"sidewalk","major":false}},{"type":"Feature","geometry":{"type":"LineString","coordinates":[[-73.9889108,40.7684588],[-73.9888834,40.7684471],[-73.9885739575191,40.76831714328116]]},"properties":{"kind":"sidewalk","major":false}},{"type":"Feature","geometry":{"type":"LineString","coordinates":[[-73.9891474,40.7685439],[-73.98917920383435,40.768505753520614]]},"properties":{"kind":"sidewalk","major":false}},{"type":"Feature","geometry":{"type":"LineString","coordinates":[[-73.9888923,40.7684348],[-73.9889187953514,40.76840294341914]]},"properties":{"kind":"sidewalk","major":false}},{"type":"Feature","geometry":{"type":"LineString","coordinates":[[-73.992403,40.7725316],[-73.992525,40.7725818],[-73.9929599,40.772765],[-73.993091,40.7728541]]},"properties":{"kind":"sidewalk","major":false}},{"type":"Feature","geometry":{"type":"LineString","coordinates":[[-73.9917694,40.7722712],[-73.9915146,40.7724695],[-73.9913455,40.7726011],[-73.991229,40.7726918],[-73.9911223,40.7728016],[-73.9909287,40.7730089],[-73.9906981,40.7732729],[-73.9906846,40.7732883]]},"properties":{"kind":"sidewalk","major":false}},{"type":"Feature","geometry":{"type":"LineString","coordinates":[[-73.9900024,40.7756071],[-73.989982,40.7755996],[-73.9892452,40.7752736],[-73.9882662,40.7748698]]},"properties":{"kind":"sidewalk","major":false}},{"type":"Feature","geometry":{"type":"LineString","coordinates":[[-73.9900024,40.7756071],[-73.9900829,40.7756389],[-73.9901625,40.7756703]]},"properties":{"kind":"sidewalk","major":false}},{"type":"Feature","geometry":{"type":"LineString","coordinates":[[-73.9901625,40.7756703],[-73.9902015,40.7756885]]},"properties":{"kind":"sidewalk","major":false}},{"type":"Feature","geometry":{"type":"LineString","coordinates":[[-73.9903068,40.775579],[-73.9902748,40.7755628]]},"properties":{"kind":"sidewalk","major":false}},{"type":"Feature","geometry":{"type":"LineString","coordinates":[[-73.9902748,40.7755628],[-73.9901946,40.7755277],[-73.9901296,40.7754993]]},"properties":{"kind":"sidewalk","major":false}},{"type":"Feature","geometry":{"type":"LineString","coordinates":[[-73.9901296,40.7754993],[-73.990111,40.7754914],[-73.9893234,40.7751571]]},"properties":{"kind":"sidewalk","major":false}},{"type":"Feature","geometry":{"type":"LineString","coordinates":[[-73.9893234,40.7751571],[-73.9893036,40.7751498]]},"properties":{"kind":"sidewalk","major":false}},{"type":"Feature","geometry":{"type":"LineString","coordinates":[[-73.9893036,40.7751498],[-73.9892363,40.775121],[-73.9891709,40.775093]]},"properties":{"kind":"sidewalk","major":false}},{"type":"Feature","geometry":{"type":"LineString","coordinates":[[-73.9900986,40.7755032],[-73.990111,40.7754914],[-73.9903311,40.7752708],[-73.9905932,40.7750516]]},"properties":{"kind":"sidewalk","major":false}},{"type":"Feature","geometry":{"type":"LineString","coordinates":[[-73.9900986,40.7755032],[-73.990052,40.7755358],[-73.9899889,40.7755799]]},"properties":{"kind":"sidewalk","major":false}},{"type":"Feature","geometry":{"type":"LineString","coordinates":[[-73.9905932,40.7750516],[-73.9905804,40.7750299],[-73.9896965,40.7746576],[-73.9893234,40.7751571]]},"properties":{"kind":"sidewalk","major":false}},{"type":"Feature","geometry":{"type":"LineString","coordinates":[[-73.9891479,40.7750822],[-73.9891709,40.775093]]},"properties":{"kind":"sidewalk","major":false}},{"type":"Feature","geometry":{"type":"LineString","coordinates":[[-73.9896965,40.7746576],[-73.9896767,40.7746479]]},"properties":{"kind":"sidewalk","major":false}},{"type":"Feature","geometry":{"type":"LineString","coordinates":[[-73.9897611,40.7745363],[-73.9897887,40.774548],[-73.990725,40.7749427]]},"properties":{"kind":"sidewalk","major":false}},{"type":"Feature","geometry":{"type":"LineString","coordinates":[[-73.990725,40.7749427],[-73.9912763,40.7744975],[-73.9912937,40.7744835]]},"properties":{"kind":"sidewalk","major":false}},{"type":"Feature","geometry":{"type":"LineString","coordinates":[[-73.9919348,40.7739921],[-73.9919155,40.773969],[-73.9918979,40.7739479],[-73.9911072,40.7736202],[-73.9909519,40.7735558],[-73.9906046,40.7734124],[-73.9905789,40.7734018]]},"properties":{"kind":"sidewalk","major":false}},{"type":"Feature","geometry":{"type":"LineString","coordinates":[[-73.9903007,40.7740817],[-73.9905162,40.7741735],[-73.9912763,40.7744975]]},"properties":{"kind":"sidewalk","major":false}},{"type":"Feature","geometry":{"type":"LineString","coordinates":[[-73.9912937,40.7744835],[-73.9913409,40.7744473],[-73.9913809,40.7744165]]},"properties":{"kind":"sidewalk","major":false}},{"type":"Feature","geometry":{"type":"LineString","coordinates":[[-73.9903007,40.7740817],[-73.9901591,40.7741843],[-73.9900969,40.7742294],[-73.9900229,40.7742818],[-73.9898805,40.7743827],[-73.989792,40.7745237],[-73.9897887,40.774548]]},"properties":{"kind":"sidewalk","major":false}},{"type":"Feature","geometry":{"type":"LineString","coordinates":[[-73.9901673,40.7742014],[-73.9901591,40.7741843]]},"properties":{"kind":"sidewalk","major":false}},{"type":"Feature","geometry":{"type":"LineString","coordinates":[[-73.9896965,40.7746576],[-73.9897468,40.7745963],[-73.9897887,40.774548]]},"properties":{"kind":"sidewalk","major":false}},{"type":"Feature","geometry":{"type":"LineString","coordinates":[[-73.9896767,40.7746479],[-73.9896056,40.7746183],[-73.9895098,40.7745859]]},"properties":{"kind":"sidewalk","major":false}},{"type":"Feature","geometry":{"type":"LineString","coordinates":[[-73.9897611,40.7745363],[-73.9896892,40.7744968],[-73.9896268,40.7744624]]},"properties":{"kind":"sidewalk","major":false}},{"type":"Feature","geometry":{"type":"LineString","coordinates":[[-73.9896268,40.7744624],[-73.9896073,40.7744495]]},"properties":{"kind":"sidewalk","major":false}},{"type":"Feature","geometry":{"type":"LineString","coordinates":[[-73.9931196,40.7728156],[-73.993091,40.7728541],[-73.9929131,40.7730561],[-73.992816,40.7731604],[-73.992721,40.7732623],[-73.9926438,40.7733451],[-73.9924387,40.7735332],[-73.9923214,40.7736306],[-73.9920695,40.7738476],[-73.9920531,40.7738617]]},"properties":{"kind":"sidewalk","major":false}},{"type":"Feature","geometry":{"type":"LineString","coordinates":[[-73.9921324,40.7740661],[-73.9921103,40.7740511],[-73.9920913,40.7740382]]},"properties":{"kind":"sidewalk","major":false}},{"type":"Feature","geometry":{"type":"LineString","coordinates":[[-73.9920913,40.7740382],[-73.9920107,40.7740145],[-73.9919348,40.7739921]]},"properties":{"kind":"sidewalk","major":false}},{"type":"Feature","geometry":{"type":"LineString","coordinates":[[-73.9906786,40.7732647],[-73.9906981,40.7732729],[-73.9920695,40.7738476],[-73.9920916,40.7738568]]},"properties":{"kind":"sidewalk","major":false}},{"type":"Feature","geometry":{"type":"LineString","coordinates":[[-73.9905789,40.7734018],[-73.9905102,40.7733725],[-73.9904436,40.7733442]]},"properties":{"kind":"sidewalk","major":false}},{"type":"Feature","geometry":{"type":"LineString","coordinates":[[-73.9906786,40.7732647],[-73.9906142,40.7732366],[-73.9905439,40.773206]]},"properties":{"kind":"sidewalk","major":false}},{"type":"Feature","geometry":{"type":"LineString","coordinates":[[-73.9905119,40.7732132],[-73.9904706,40.7732667],[-73.9904333,40.7733149]]},"properties":{"kind":"sidewalk","major":false}},{"type":"Feature","geometry":{"type":"LineString","coordinates":[[-73.9893108,40.7771395],[-73.9894868,40.7771835]]},"properties":{"kind":"foot","name":"","bridge":false,"len":15,"major":false}},{"type":"Feature","geometry":{"type":"LineString","coordinates":[[-73.9614023,40.8167466],[-73.9614557,40.816754],[-73.9615106,40.816752],[-73.961561,40.8167413],[-73.9616053,40.8167279],[-73.9616424,40.8167118],[-73.9616699,40.8166938],[-73.9616994,40.8166707],[-73.961726,40.8166426],[-73.9617499,40.8166104],[-73.9617654,40.8165719],[-73.9617725,40.8165404],[-73.9618251,40.8164329]]},"properties":{"kind":"foot","name":"","bridge":false,"len":50,"major":false}},{"type":"Feature","geometry":{"type":"LineString","coordinates":[[-73.9606084,40.8191325],[-73.9601451,40.8196524],[-73.9594985,40.8193822]]},"properties":{"kind":"sidewalk","major":false}},{"type":"Feature","geometry":{"type":"LineString","coordinates":[[-73.9609834,40.8187176],[-73.9609147,40.8187936],[-73.9606217,40.8191178]]},"properties":{"kind":"sidewalk","major":false}},{"type":"Feature","geometry":{"type":"LineString","coordinates":[[-73.9606217,40.8191178],[-73.9606151,40.8191251],[-73.9606084,40.8191325]]},"properties":{"kind":"sidewalk","major":false}},{"type":"Feature","geometry":{"type":"LineString","coordinates":[[-73.9603991,40.8182262],[-73.9609147,40.8187936]]},"properties":{"kind":"sidewalk","major":false}},{"type":"Feature","geometry":{"type":"LineString","coordinates":[[-73.9594257,40.819489],[-73.9600331,40.8197616],[-73.9600408,40.819773]]},"properties":{"kind":"sidewalk","major":false}},{"type":"Feature","geometry":{"type":"LineString","coordinates":[[-73.9600408,40.819773],[-73.9600932,40.8197101],[-73.9601451,40.8196524]]},"properties":{"kind":"sidewalk","major":false}},{"type":"Feature","geometry":{"type":"LineString","coordinates":[[-73.9594257,40.819489],[-73.9594625,40.819435],[-73.9594985,40.8193822]]},"properties":{"kind":"sidewalk","major":false}},{"type":"Feature","geometry":{"type":"LineString","coordinates":[[-73.9603656,40.8181909],[-73.9599511,40.8187424]]},"properties":{"kind":"sidewalk","major":false}},{"type":"Feature","geometry":{"type":"LineString","coordinates":[[-73.9599511,40.8187424],[-73.9599017,40.8188236],[-73.9598598,40.8188846]]},"properties":{"kind":"sidewalk","major":false}},{"type":"Feature","geometry":{"type":"LineString","coordinates":[[-73.9598598,40.8188846],[-73.9594985,40.8193822]]},"properties":{"kind":"sidewalk","major":false}},{"type":"Feature","geometry":{"type":"LineString","coordinates":[[-73.958694,40.8175617],[-73.9588128,40.8176123],[-73.9594566,40.8178904],[-73.9600619,40.8181391]]},"properties":{"kind":"sidewalk","major":false}},{"type":"Feature","geometry":{"type":"LineString","coordinates":[[-73.9601306,40.8180505],[-73.9601005,40.8180895],[-73.9600768,40.81812]]},"properties":{"kind":"sidewalk","major":false}},{"type":"Feature","geometry":{"type":"LineString","coordinates":[[-73.9596857,40.8186304],[-73.9590987,40.8183918],[-73.9583309,40.8180729],[-73.9571723,40.8175783]]},"properties":{"kind":"sidewalk","major":false}},{"type":"Feature","geometry":{"type":"LineString","coordinates":[[-73.9600768,40.81812],[-73.9600619,40.8181391],[-73.9596857,40.8186304],[-73.9596577,40.8186684]]},"properties":{"kind":"sidewalk","major":false}},{"type":"Feature","geometry":{"type":"LineString","coordinates":[[-73.9571723,40.8175783],[-73.9575384,40.8170715]]},"properties":{"kind":"sidewalk","major":false}},{"type":"Feature","geometry":{"type":"LineString","coordinates":[[-73.9596857,40.8186304],[-73.9598668,40.8187068],[-73.9599511,40.8187424]]},"properties":{"kind":"sidewalk","major":false}},{"type":"Feature","geometry":{"type":"LineString","coordinates":[[-73.9598598,40.8188846],[-73.9597692,40.818842],[-73.9595912,40.8187583]]},"properties":{"kind":"sidewalk","major":false}},{"type":"Feature","geometry":{"type":"LineString","coordinates":[[-73.9596019,40.8187438],[-73.9596296,40.8187064],[-73.9596577,40.8186684]]},"properties":{"kind":"sidewalk","major":false}},{"type":"Feature","geometry":{"type":"LineString","coordinates":[[-73.9575384,40.8170715],[-73.9575737,40.8170223],[-73.9576237,40.8169529]]},"properties":{"kind":"sidewalk","major":false}},{"type":"Feature","geometry":{"type":"LineString","coordinates":[[-73.9571723,40.8175783],[-73.957126,40.8176375],[-73.9570828,40.8176929]]},"properties":{"kind":"sidewalk","major":false}},{"type":"Feature","geometry":{"type":"LineString","coordinates":[[-73.9570828,40.8176929],[-73.9570021,40.8176592],[-73.9567958,40.8175732],[-73.9566949,40.8175311]]},"properties":{"kind":"sidewalk","major":false}},{"type":"Feature","geometry":{"type":"LineString","coordinates":[[-73.9566949,40.8175311],[-73.9567434,40.8174577],[-73.9567973,40.8173759]]},"properties":{"kind":"sidewalk","major":false}},{"type":"Feature","geometry":{"type":"LineString","coordinates":[[-73.9567973,40.8173759],[-73.9568987,40.8174306],[-73.9570916,40.8175348],[-73.9571723,40.8175783]]},"properties":{"kind":"sidewalk","major":false}},{"type":"Feature","geometry":{"type":"LineString","coordinates":[[-73.9592228,40.8192695],[-73.9567029,40.8182062]]},"properties":{"kind":"sidewalk","major":false}},{"type":"Feature","geometry":{"type":"LineString","coordinates":[[-73.9570828,40.8176929],[-73.9595912,40.8187583]]},"properties":{"kind":"sidewalk","major":false}},{"type":"Feature","geometry":{"type":"LineString","coordinates":[[-73.9567029,40.8182062],[-73.9570828,40.8176929]]},"properties":{"kind":"sidewalk","major":false}},{"type":"Feature","geometry":{"type":"LineString","coordinates":[[-73.9592228,40.8192695],[-73.9595912,40.8187583],[-73.9596019,40.8187438]]},"properties":{"kind":"sidewalk","major":false}},{"type":"Feature","geometry":{"type":"LineString","coordinates":[[-73.9594257,40.819489],[-73.9593259,40.8194465],[-73.9591477,40.8193685]]},"properties":{"kind":"sidewalk","major":false}},{"type":"Feature","geometry":{"type":"LineString","coordinates":[[-73.9591477,40.8193685],[-73.9591858,40.819318],[-73.9592228,40.8192695]]},"properties":{"kind":"sidewalk","major":false}},{"type":"Feature","geometry":{"type":"LineString","coordinates":[[-73.9592228,40.8192695],[-73.959402,40.8193427],[-73.9594985,40.8193822]]},"properties":{"kind":"sidewalk","major":false}},{"type":"Feature","geometry":{"type":"LineString","coordinates":[[-73.9600408,40.819773],[-73.9596268,40.8202464]]},"properties":{"kind":"sidewalk","major":false}},{"type":"Feature","geometry":{"type":"LineString","coordinates":[[-73.9590437,40.8199993],[-73.9594257,40.819489]]},"properties":{"kind":"sidewalk","major":false}},{"type":"Feature","geometry":{"type":"LineString","coordinates":[[-73.9596268,40.8202464],[-73.9595341,40.8202071],[-73.9590437,40.8199993]]},"properties":{"kind":"sidewalk","major":false}},{"type":"Feature","geometry":{"type":"LineString","coordinates":[[-73.9591477,40.8193685],[-73.9590608,40.819487],[-73.9587698,40.8198839]]},"properties":{"kind":"sidewalk","major":false}},{"type":"Feature","geometry":{"type":"LineString","coordinates":[[-73.9587698,40.8198839],[-73.9589496,40.8199596],[-73.9590437,40.8199993]]},"properties":{"kind":"sidewalk","major":false}},{"type":"Feature","geometry":{"type":"LineString","coordinates":[[-73.9590437,40.8199993],[-73.958998,40.8200614],[-73.9589691,40.8201008]]},"properties":{"kind":"sidewalk","major":false}},{"type":"Feature","geometry":{"type":"LineString","coordinates":[[-73.9589691,40.8201008],[-73.9594553,40.8203047]]},"properties":{"kind":"sidewalk","major":false}},{"type":"Feature","geometry":{"type":"LineString","coordinates":[[-73.9594553,40.8203047],[-73.9594899,40.8202619],[-73.9595341,40.8202071]]},"properties":{"kind":"sidewalk","major":false}},{"type":"Feature","geometry":{"type":"LineString","coordinates":[[-73.9589691,40.8201008],[-73.9588734,40.8200649],[-73.9586843,40.819994]]},"properties":{"kind":"sidewalk","major":false}},{"type":"Feature","geometry":{"type":"LineString","coordinates":[[-73.9586843,40.819994],[-73.9587214,40.8199462],[-73.9587698,40.8198839]]},"properties":{"kind":"sidewalk","major":false}},{"type":"Feature","geometry":{"type":"LineString","coordinates":[[-73.9586843,40.819994],[-73.9583155,40.8204986]]},"properties":{"kind":"sidewalk","major":false}},{"type":"Feature","geometry":{"type":"LineString","coordinates":[[-73.9583155,40.8204986],[-73.9579466,40.8203441]]},"properties":{"kind":"sidewalk","major":false}},{"type":"Feature","geometry":{"type":"LineString","coordinates":[[-73.9583155,40.8204986],[-73.9582785,40.8205467],[-73.9582181,40.820628]]},"properties":{"kind":"sidewalk","major":false}},{"type":"Feature","geometry":{"type":"LineString","coordinates":[[-73.9582181,40.820628],[-73.9578532,40.8204758]]},"properties":{"kind":"sidewalk","major":false}},{"type":"Feature","geometry":{"type":"LineString","coordinates":[[-73.9582181,40.820628],[-73.9581327,40.8207417]]},"properties":{"kind":"sidewalk","major":false}},{"type":"Feature","geometry":{"type":"LineString","coordinates":[[-73.9583371,40.8205216],[-73.9579112,40.8203424]]},"properties":{"kind":"sidewalk","major":false}},{"type":"Feature","geometry":{"type":"LineString","coordinates":[[-73.9582517,40.8206347],[-73.9578249,40.8204549]]},"properties":{"kind":"sidewalk","major":false}},{"type":"Feature","geometry":{"type":"LineString","coordinates":[[-73.9591477,40.8193685],[-73.9572056,40.8185524],[-73.9566323,40.8183115],[-73.956258,40.8188263],[-73.9567388,40.8190287],[-73.9568226,40.819064],[-73.957485,40.8193429],[-73.9587698,40.8198839]]},"properties":{"kind":"sidewalk","major":false}},{"type":"Feature","geometry":{"type":"LineString","coordinates":[[-73.9586843,40.819994],[-73.9581978,40.8197934],[-73.9561652,40.8189554],[-73.9553476,40.8200843]]},"properties":{"kind":"sidewalk","major":false}},{"type":"Feature","geometry":{"type":"LineString","coordinates":[[-73.9567029,40.8182062],[-73.9566646,40.8182634],[-73.9566323,40.8183115]]},"properties":{"kind":"sidewalk","major":false}},{"type":"Feature","geometry":{"type":"LineString","coordinates":[[-73.9567029,40.8182062],[-73.9566188,40.8181784],[-73.9564021,40.8181067],[-73.9563042,40.8180743]]},"properties":{"kind":"sidewalk","major":false}},{"type":"Feature","geometry":{"type":"LineString","coordinates":[[-73.9566323,40.8183115],[-73.9565433,40.8182807],[-73.9563276,40.8182062],[-73.9562351,40.8181716]]},"properties":{"kind":"sidewalk","major":false}},{"type":"Feature","geometry":{"type":"LineString","coordinates":[[-73.9566949,40.8175311],[-73.9563042,40.8180743],[-73.9562665,40.8181273],[-73.9562351,40.8181716],[-73.9558692,40.8186604],[-73.9554118,40.8184742],[-73.9555825,40.8178553],[-73.9556725,40.8175286],[-73.9556964,40.817442],[-73.9558611,40.8171774],[-73.9566949,40.8175311]]},"properties":{"kind":"sidewalk","major":false}},{"type":"Feature","geometry":{"type":"LineString","coordinates":[[-73.956258,40.8188263],[-73.9562132,40.8188886],[-73.9561652,40.8189554]]},"properties":{"kind":"sidewalk","major":false}},{"type":"Feature","geometry":{"type":"LineString","coordinates":[[-73.956258,40.8188263],[-73.9561694,40.8187885],[-73.9559544,40.8186967],[-73.9558692,40.8186604]]},"properties":{"kind":"sidewalk","major":false}},{"type":"Feature","geometry":{"type":"LineString","coordinates":[[-73.9561652,40.8189554],[-73.9560773,40.8189154],[-73.9558647,40.8188186],[-73.9557893,40.8187843]]},"properties":{"kind":"sidewalk","major":false}},{"type":"Feature","geometry":{"type":"LineString","coordinates":[[-73.9557893,40.8187843],[-73.9558268,40.8187261],[-73.9558692,40.8186604]]},"properties":{"kind":"sidewalk","major":false}},{"type":"Feature","geometry":{"type":"LineString","coordinates":[[-73.9554118,40.8184742],[-73.9553171,40.818409],[-73.9552189,40.8183414]]},"properties":{"kind":"sidewalk","major":false}},{"type":"Feature","geometry":{"type":"LineString","coordinates":[[-73.9587074,40.8175441],[-73.958694,40.8175617],[-73.9583309,40.8180729]]},"properties":{"kind":"sidewalk","major":false}},{"type":"Feature","geometry":{"type":"LineString","coordinates":[[-73.9587771,40.8167825],[-73.9584021,40.8172937]]},"properties":{"kind":"foot","name":"","bridge":false,"len":54,"major":false}},{"type":"Feature","geometry":{"type":"LineString","coordinates":[[-73.9588917,40.8165875],[-73.9588353,40.8166702]]},"properties":{"kind":"sidewalk","major":false}},{"type":"Feature","geometry":{"type":"LineString","coordinates":[[-73.9587616,40.8174737],[-73.9587328,40.8175109],[-73.9587074,40.8175441]]},"properties":{"kind":"sidewalk","major":false}},{"type":"Feature","geometry":{"type":"LineString","coordinates":[[-73.9590987,40.8183918],[-73.9594566,40.8178904]]},"properties":{"kind":"foot","name":"","bridge":false,"len":52,"major":false}},{"type":"Feature","geometry":{"type":"LineString","coordinates":[[-73.9842528,40.7859585],[-73.984263,40.7859637],[-73.9842726,40.7859646],[-73.9842819,40.7859622],[-73.9842877,40.7859575]]},"properties":{"kind":"foot","name":"","bridge":false,"len":3,"major":false}},{"type":"Feature","geometry":{"type":"LineString","coordinates":[[-73.9859158,40.7847408],[-73.9858544,40.784718]]},"properties":{"kind":"foot","name":"","bridge":false,"len":6,"major":false}},{"type":"Feature","geometry":{"type":"LineString","coordinates":[[-73.9848928,40.7859067],[-73.9848539,40.7858919]]},"properties":{"kind":"foot","name":"","bridge":false,"len":4,"major":false}},{"type":"Feature","geometry":{"type":"LineString","coordinates":[[-73.9846658,40.7858209],[-73.9846288,40.7858074]]},"properties":{"kind":"foot","name":"","bridge":false,"len":3,"major":false}},{"type":"Feature","geometry":{"type":"LineString","coordinates":[[-73.9843665,40.7858774],[-73.9843894,40.785853]]},"properties":{"kind":"foot","name":"","bridge":false,"len":3,"major":false}},{"type":"Feature","geometry":{"type":"LineString","coordinates":[[-73.9867575,40.7830385],[-73.986691,40.7830176]]},"properties":{"kind":"foot","name":"","bridge":false,"len":6,"major":false}},{"type":"Feature","geometry":{"type":"LineString","coordinates":[[-73.9862461,40.7830195],[-73.9860901,40.7830762]]},"properties":{"kind":"foot","name":"","bridge":false,"len":14,"major":false}},{"type":"Feature","geometry":{"type":"LineString","coordinates":[[-73.9858536,40.7834525],[-73.9858698,40.7835292]]},"properties":{"kind":"foot","name":"","bridge":false,"len":7,"major":false}},{"type":"Feature","geometry":{"type":"LineString","coordinates":[[-73.9870579,40.7816716],[-73.9869488,40.7818103],[-73.9868863,40.7819004],[-73.9868267,40.7820051],[-73.9867973,40.7820761],[-73.9867786,40.7821417],[-73.9867801,40.7821622],[-73.9867907,40.7821776],[-73.9867934,40.7821793]]},"properties":{"kind":"cycle","name":"","bridge":false,"len":50,"major":true}},{"type":"Feature","geometry":{"type":"LineString","coordinates":[[-73.9867934,40.7821793],[-73.9868328,40.7821967]]},"properties":{"kind":"sidewalk","major":false}},{"type":"Feature","geometry":{"type":"LineString","coordinates":[[-73.9861302,40.7838362],[-73.98622,40.7838843]]},"properties":{"kind":"foot","name":"","bridge":false,"len":9,"major":false}},{"type":"Feature","geometry":{"type":"LineString","coordinates":[[-73.9878729,40.781861],[-73.9878102,40.781843],[-73.9877503,40.781839],[-73.9877054,40.7818487],[-73.9876701,40.7818827],[-73.9876284,40.7819483],[-73.9875813,40.7820099],[-73.9875299,40.7820625],[-73.9874987,40.7820909]]},"properties":{"kind":"foot","name":"","bridge":false,"len":42,"major":false}},{"type":"Feature","geometry":{"type":"LineString","coordinates":[[-73.9867969,40.7830546],[-73.9868199,40.7830224]]},"properties":{"kind":"foot","name":"","bridge":false,"len":3,"major":false}},{"type":"Feature","geometry":{"type":"LineString","coordinates":[[-73.987588,40.7812084],[-73.9878759,40.781339],[-73.9879094,40.7813556],[-73.9879418,40.7813784],[-73.9879619,40.7814074],[-73.9879688,40.7814326],[-73.9879688,40.781461],[-73.9879614,40.7814798],[-73.9879345,40.7815487],[-73.9878843,40.78164],[-73.9878437,40.7816991],[-73.9877963,40.7817454],[-73.9877523,40.7817852]]},"properties":{"kind":"foot","name":"","bridge":false,"len":75,"major":false}},{"type":"Feature","geometry":{"type":"LineString","coordinates":[[-73.9879614,40.7814798],[-73.9879803,40.7814837]]},"properties":{"kind":"foot","name":"","bridge":false,"len":2,"major":false}},{"type":"Feature","geometry":{"type":"LineString","coordinates":[[-73.988008,40.7814896],[-73.9880499,40.7814974]]},"properties":{"kind":"foot","name":"","bridge":false,"len":4,"major":false}},{"type":"Feature","geometry":{"type":"LineString","coordinates":[[-73.9877326,40.7810877],[-73.9876784,40.781144],[-73.9876279,40.7811867],[-73.987588,40.7812084]]},"properties":{"kind":"foot","name":"","bridge":false,"len":16,"major":false}},{"type":"Feature","geometry":{"type":"LineString","coordinates":[[-73.9878759,40.781339],[-73.9878928,40.7813079],[-73.9879216,40.7812803],[-73.9879364,40.7812696]]},"properties":{"kind":"foot","name":"","bridge":false,"len":8,"major":false}},{"type":"Feature","geometry":{"type":"LineString","coordinates":[[-73.9870579,40.7816716],[-73.9870019,40.7816431]]},"properties":{"kind":"cycle","name":"","bridge":false,"len":5,"major":true}},{"type":"Feature","geometry":{"type":"LineString","coordinates":[[-73.9870019,40.7816431],[-73.9867169,40.7815154]]},"properties":{"kind":"cycle","name":"","bridge":false,"len":27,"major":true}},{"type":"Feature","geometry":{"type":"LineString","coordinates":[[-73.9888744,40.7801165],[-73.9888727,40.7801015]]},"properties":{"kind":"foot","name":"Riverside Park South Esplanade","bridge":false,"len":1,"major":true}},{"type":"Feature","geometry":{"type":"LineString","coordinates":[[-73.9889065,40.7801162],[-73.9888744,40.7801165]]},"properties":{"kind":"foot","name":"","bridge":false,"len":3,"major":false}},{"type":"Feature","geometry":{"type":"LineString","coordinates":[[-73.987588,40.7812084],[-73.9874999,40.7812465],[-73.9874325,40.7812759],[-73.9873642,40.7813147],[-73.987312,40.7813665],[-73.9872987,40.7814089],[-73.9872987,40.7814814],[-73.9873034,40.7815555],[-73.9873281,40.7816216],[-73.9873475,40.7816436],[-73.9873623,40.7816604],[-73.9874202,40.7816977],[-73.9875407,40.7817491]]},"properties":{"kind":"cycle","name":"","bridge":false,"len":71,"major":true}},{"type":"Feature","geometry":{"type":"LineString","coordinates":[[-73.9873475,40.7816436],[-73.9873566,40.7816834],[-73.9873575,40.7817243],[-73.9873469,40.7817626]]},"properties":{"kind":"foot","name":"","bridge":false,"len":10,"major":false}},{"type":"Feature","geometry":{"type":"LineString","coordinates":[[-73.9881417,40.7812987],[-73.9881279,40.7812299],[-73.9880927,40.7811731],[-73.9880305,40.7811175],[-73.9879491,40.7810619],[-73.9878949,40.7810208],[-73.9878422,40.7809653],[-73.9878071,40.7809048],[-73.9877879,40.7808275],[-73.9878006,40.7807516],[-73.9878436,40.7806899],[-73.9882667,40.7801584],[-73.9883167,40.7800158]]},"properties":{"kind":"cycle","name":"Riverside Park South Bike Path","bridge":false,"len":136,"major":true}},{"type":"Feature","geometry":{"type":"LineString","coordinates":[[-73.9881417,40.7812987],[-73.9880499,40.7814974]]},"properties":{"kind":"cycle","name":"Riverside Park South Esplanade","bridge":false,"len":19,"major":true}},{"type":"Feature","geometry":{"type":"LineString","coordinates":[[-73.9890378,40.7783874],[-73.989085,40.7784084],[-73.9892782,40.7784941],[-73.9893401,40.7785216]]},"properties":{"kind":"foot","name":"","bridge":false,"len":28,"major":false}},{"type":"Feature","geometry":{"type":"LineString","coordinates":[[-73.9893401,40.7785216],[-73.989373,40.7785362],[-73.9894019,40.7785484]]},"properties":{"kind":"sidewalk","major":false}},{"type":"Feature","geometry":{"type":"LineString","coordinates":[[-73.9886882,40.7781758],[-73.9887125,40.7782063],[-73.9887751,40.7782847]]},"properties":{"kind":"cycle","name":"","bridge":false,"len":12,"major":true}},{"type":"Feature","geometry":{"type":"LineString","coordinates":[[-73.9923384,40.7755908],[-73.9923122,40.7756297],[-73.9922452,40.7757008],[-73.9921835,40.7757434],[-73.9921325,40.7757701],[-73.9919314,40.7758754],[-73.9918292,40.7759065],[-73.9916617,40.7759576],[-73.9914565,40.7760819],[-73.9914284,40.7761183],[-73.9913158,40.7762639],[-73.991266,40.7763571],[-73.9912527,40.7764883],[-73.9911787,40.7767288],[-73.9911248,40.7768196],[-73.9910617,40.7769258],[-73.9909823,40.7770094],[-73.990854,40.7771446],[-73.9906009,40.7773236],[-73.990478,40.7774022]]},"properties":{"kind":"foot","name":"Riverside Park South Esplanade","bridge":false,"len":232,"major":true}},{"type":"Feature","geometry":{"type":"LineString","coordinates":[[-73.990478,40.7774022],[-73.9903304,40.7773377]]},"properties":{"kind":"foot","name":"","bridge":false,"len":14,"major":false}},{"type":"Feature","geometry":{"type":"LineString","coordinates":[[-73.9902773,40.7773137],[-73.9903027,40.7773252]]},"properties":{"kind":"sidewalk","major":false}},{"type":"Feature","geometry":{"type":"LineString","coordinates":[[-73.9903304,40.7773377],[-73.9903027,40.7773252]]},"properties":{"kind":"sidewalk","major":false}},{"type":"Feature","geometry":{"type":"LineString","coordinates":[[-73.9899316,40.7771529],[-73.989911,40.7771451]]},"properties":{"kind":"foot","name":"","bridge":false,"len":2,"major":false}},{"type":"Feature","geometry":{"type":"LineString","coordinates":[[-73.9897639,40.7770839],[-73.9897368,40.7770732]]},"properties":{"kind":"foot","name":"","bridge":false,"len":2,"major":false}},{"type":"Feature","geometry":{"type":"LineString","coordinates":[[-73.9888505,40.7783114],[-73.9887751,40.7782847]]},"properties":{"kind":"foot","name":"","bridge":false,"len":7,"major":false}},{"type":"Feature","geometry":{"type":"LineString","coordinates":[[-73.9885528,40.7798965],[-73.9888475,40.7798803]]},"properties":{"kind":"foot","name":"","bridge":false,"len":25,"major":false}},{"type":"Feature","geometry":{"type":"LineString","coordinates":[[-73.9884331,40.7789324],[-73.9884584,40.778874],[-73.9885127,40.7787319],[-73.9885735,40.7785806],[-73.9886029,40.7785025],[-73.988655,40.7783512],[-73.988666,40.7783008]]},"properties":{"kind":"sidewalk","major":false}},{"type":"Feature","geometry":{"type":"LineString","coordinates":[[-73.9865298,40.7807502],[-73.9865962,40.7807741],[-73.9866487,40.7807884],[-73.9866955,40.7807984],[-73.986777,40.7808105],[-73.9868697,40.7808156],[-73.9869376,40.780811],[-73.986982,40.7808017]]},"properties":{"kind":"sidewalk","major":false}},{"type":"Feature","geometry":{"type":"LineString","coordinates":[[-73.9865757,40.7813932],[-73.9865577,40.7814013],[-73.9865318,40.7814099],[-73.9864948,40.7814221]]},"properties":{"kind":"foot","name":"","bridge":false,"len":7,"major":false}},{"type":"Feature","geometry":{"type":"LineString","coordinates":[[-73.9920341,40.77238],[-73.992403,40.7725316]]},"properties":{"kind":"sidewalk","major":false}},{"type":"Feature","geometry":{"type":"LineString","coordinates":[[-73.9923562,40.7725539],[-73.992403,40.7725316]]},"properties":{"kind":"sidewalk","major":false}},{"type":"Feature","geometry":{"type":"LineString","coordinates":[[-73.9917694,40.7722712],[-73.9920341,40.77238]]},"properties":{"kind":"sidewalk","major":false}},{"type":"Feature","geometry":{"type":"LineString","coordinates":[[-73.9865096,40.7834673],[-73.986471,40.7834529]]},"properties":{"kind":"foot","name":"","bridge":false,"len":4,"major":false}},{"type":"Feature","geometry":{"type":"LineString","coordinates":[[-73.9866124,40.7833193],[-73.9865428,40.7832941],[-73.9864969,40.7832827],[-73.986453,40.7832802],[-73.9864136,40.7832842],[-73.986369,40.7832931],[-73.9863343,40.7833031],[-73.9863028,40.7833209],[-73.9862779,40.7833418],[-73.9862582,40.7833656],[-73.9862425,40.7833979],[-73.986234,40.7834282],[-73.9862327,40.7834589],[-73.9862392,40.7834877],[-73.9862543,40.7835225],[-73.9862772,40.7835498],[-73.9863081,40.7835731],[-73.9863402,40.783592],[-73.9864048,40.7836182]]},"properties":{"kind":"foot","name":"","bridge":false,"len":62,"major":false}},{"type":"Feature","geometry":{"type":"LineString","coordinates":[[-73.9866694,40.7832372],[-73.9866346,40.7832243]]},"properties":{"kind":"foot","name":"","bridge":false,"len":3,"major":false}},{"type":"Feature","geometry":{"type":"LineString","coordinates":[[-73.9867516,40.7831189],[-73.9869294,40.7831878]]},"properties":{"kind":"foot","name":"","bridge":false,"len":16,"major":false}},{"type":"Feature","geometry":{"type":"LineString","coordinates":[[-73.9867969,40.7830546],[-73.9867516,40.7831189]]},"properties":{"kind":"foot","name":"","bridge":false,"len":7,"major":false}},{"type":"Feature","geometry":{"type":"LineString","coordinates":[[-73.9863473,40.783701],[-73.9863168,40.7836889]]},"properties":{"kind":"foot","name":"","bridge":false,"len":3,"major":false}},{"type":"Feature","geometry":{"type":"LineString","coordinates":[[-73.9862959,40.7836805],[-73.9862604,40.7836605],[-73.9862278,40.7836354],[-73.9862008,40.7836041],[-73.986181,40.7835674],[-73.9861655,40.7835219],[-73.9861534,40.7834776],[-73.9861506,40.7834421],[-73.9861584,40.7834025],[-73.9861754,40.7833611],[-73.9862124,40.7833077],[-73.9862433,40.7832756],[-73.9862835,40.7832488],[-73.9863436,40.783228],[-73.9864171,40.7832125],[-73.9864696,40.7832063],[-73.9865272,40.7832063],[-73.9865779,40.7832088],[-73.9866156,40.783217]]},"properties":{"kind":"foot","name":"","bridge":false,"len":74,"major":false}},{"type":"Feature","geometry":{"type":"LineString","coordinates":[[-73.9865058,40.7837702],[-73.9864712,40.7837572],[-73.9865305,40.7836679],[-73.9864048,40.7836182]]},"properties":{"kind":"foot","name":"","bridge":false,"len":24,"major":false}},{"type":"Feature","geometry":{"type":"LineString","coordinates":[[-73.9866124,40.7833193],[-73.9867425,40.7833645],[-73.9868029,40.7832855],[-73.9868469,40.7833013]]},"properties":{"kind":"foot","name":"","bridge":false,"len":24,"major":false}},{"type":"Feature","geometry":{"type":"LineString","coordinates":[[-73.98622,40.7838843],[-73.9862002,40.7839129]]},"properties":{"kind":"foot","name":"","bridge":false,"len":3,"major":false}},{"type":"Feature","geometry":{"type":"LineString","coordinates":[[-73.9847086,40.7861684],[-73.9847326,40.7861873],[-73.984771,40.7862088],[-73.9848212,40.7862305]]},"properties":{"kind":"foot","name":"","bridge":false,"len":11,"major":false}},{"type":"Feature","geometry":{"type":"LineString","coordinates":[[-73.9844674,40.786741],[-73.9843981,40.786707]]},"properties":{"kind":"foot","name":"","bridge":false,"len":7,"major":false}},{"type":"Feature","geometry":{"type":"LineString","coordinates":[[-73.9833714,40.7844978],[-73.9833113,40.7844594],[-73.983304,40.7844549]]},"properties":{"kind":"foot","name":"","bridge":false,"len":7,"major":false}},{"type":"Feature","geometry":{"type":"LineString","coordinates":[[-73.9831411,40.7843713],[-73.9831673,40.7843843]]},"properties":{"kind":"sidewalk","major":false}},{"type":"Feature","geometry":{"type":"LineString","coordinates":[[-73.9831673,40.7843843],[-73.9832342,40.7844184],[-73.983304,40.7844549]]},"properties":{"kind":"sidewalk","major":false}},{"type":"Feature","geometry":{"type":"LineString","coordinates":[[-73.9834267,40.7843439],[-73.983433,40.7843474],[-73.9835076,40.7843889]]},"properties":{"kind":"foot","name":"","bridge":false,"len":8,"major":false}},{"type":"Feature","geometry":{"type":"LineString","coordinates":[[-73.9834267,40.7843439],[-73.983353,40.784305],[-73.9832851,40.7842741]]},"properties":{"kind":"sidewalk","major":false}},{"type":"Feature","geometry":{"type":"LineString","coordinates":[[-73.9832851,40.7842741],[-73.9832544,40.7842595]]},"properties":{"kind":"sidewalk","major":false}},{"type":"Feature","geometry":{"type":"LineString","coordinates":[[-73.9857266,40.7804997],[-73.9857501,40.7805557]]},"properties":{"kind":"cycle","name":"","bridge":false,"len":5,"major":true}},{"type":"Feature","geometry":{"type":"LineString","coordinates":[[-73.9856874,40.7806803],[-73.9855396,40.7810335],[-73.9854781,40.7811805],[-73.9854171,40.7813264]]},"properties":{"kind":"sidewalk","major":false}},{"type":"Feature","geometry":{"type":"LineString","coordinates":[[-73.9854171,40.7813264],[-73.9853718,40.7814472],[-73.9853292,40.7815557],[-73.9852925,40.7816762],[-73.9852689,40.7817531]]},"properties":{"kind":"sidewalk","major":false}},{"type":"Feature","geometry":{"type":"LineString","coordinates":[[-73.9852689,40.7817531],[-73.9852246,40.7818944],[-73.9851614,40.7820963],[-73.9850719,40.7823899],[-73.984955,40.7827628]]},"properties":{"kind":"sidewalk","major":false}},{"type":"Feature","geometry":{"type":"LineString","coordinates":[[-73.9850316,40.7827817],[-73.9851163,40.7824905],[-73.9851895,40.7822584]]},"properties":{"kind":"foot","name":"","bridge":false,"len":46,"major":false}},{"type":"Feature","geometry":{"type":"LineString","coordinates":[[-73.9850316,40.7827817],[-73.9850923,40.782806],[-73.9851512,40.7828436],[-73.985208,40.7828935],[-73.9852465,40.782945],[-73.9852749,40.7829964],[-73.9853163,40.7831117]]},"properties":{"kind":"foot","name":"","bridge":false,"len":39,"major":false}},{"type":"Feature","geometry":{"type":"LineString","coordinates":[[-73.9850316,40.7827817],[-73.984992,40.7827716],[-73.984955,40.7827628]]},"properties":{"kind":"foot","name":"","bridge":false,"len":7,"major":false}},{"type":"Feature","geometry":{"type":"LineString","coordinates":[[-73.984955,40.7827628],[-73.9849136,40.7827593],[-73.9848765,40.7827623]]},"properties":{"kind":"foot","name":"","bridge":false,"len":7,"major":false}},{"type":"Feature","geometry":{"type":"LineString","coordinates":[[-73.9847175,40.7829183],[-73.9846529,40.7830793],[-73.9846242,40.7831434],[-73.9846108,40.7831677],[-73.984594,40.7831978],[-73.9845445,40.7832859],[-73.9845398,40.7832915],[-73.9844698,40.7833745],[-73.9843456,40.7834963]]},"properties":{"kind":"foot","name":"","bridge":false,"len":59,"major":false}},{"type":"Feature","geometry":{"type":"LineString","coordinates":[[-73.9849252,40.7830139],[-73.9848665,40.7830051]]},"properties":{"kind":"foot","name":"","bridge":false,"len":5,"major":false}},{"type":"Feature","geometry":{"type":"LineString","coordinates":[[-73.9848868,40.7830889],[-73.9848365,40.783075]]},"properties":{"kind":"foot","name":"","bridge":false,"len":4,"major":false}},{"type":"Feature","geometry":{"type":"LineString","coordinates":[[-73.9846479,40.7838594],[-73.9845636,40.7838593],[-73.9845126,40.7838533],[-73.984455,40.7838386],[-73.9843982,40.7838147],[-73.9843507,40.7837908],[-73.9842899,40.7837602]]},"properties":{"kind":"foot","name":"","bridge":false,"len":32,"major":false}},{"type":"Feature","geometry":{"type":"LineString","coordinates":[[-73.9842456,40.7837123],[-73.9842514,40.7837254],[-73.9842701,40.7837472],[-73.9842899,40.7837602]]},"properties":{"kind":"foot","name":"","bridge":false,"len":6,"major":false}},{"type":"Feature","geometry":{"type":"LineString","coordinates":[[-73.9840044,40.7841008],[-73.9840946,40.7840306],[-73.9843507,40.7837908]]},"properties":{"kind":"foot","name":"","bridge":false,"len":40,"major":false}},{"type":"Feature","geometry":{"type":"LineString","coordinates":[[-73.9837738,40.7842752],[-73.9837194,40.7842378]]},"properties":{"kind":"foot","name":"","bridge":false,"len":6,"major":false}},{"type":"Feature","geometry":{"type":"LineString","coordinates":[[-73.9836901,40.784361],[-73.9836129,40.7843153]]},"properties":{"kind":"foot","name":"","bridge":false,"len":8,"major":false}},{"type":"Feature","geometry":{"type":"LineString","coordinates":[[-73.9833113,40.7844594],[-73.983433,40.7843474]]},"properties":{"kind":"sidewalk","major":false}},{"type":"Feature","geometry":{"type":"LineString","coordinates":[[-73.9832544,40.7842595],[-73.983237,40.784278]]},"properties":{"kind":"sidewalk","major":false}},{"type":"Feature","geometry":{"type":"LineString","coordinates":[[-73.9831411,40.7843713],[-73.983157,40.7843542]]},"properties":{"kind":"sidewalk","major":false}},{"type":"Feature","geometry":{"type":"LineString","coordinates":[[-73.983237,40.784278],[-73.983203,40.7843104],[-73.983157,40.7843542]]},"properties":{"kind":"sidewalk","major":false}},{"type":"Feature","geometry":{"type":"LineString","coordinates":[[-73.9826691,40.785129],[-73.9826238,40.7851684],[-73.9824828,40.7852918],[-73.9823621,40.7854025],[-73.9822086,40.785552],[-73.9820639,40.7856944],[-73.9818731,40.7858813],[-73.981713,40.7860465],[-73.9815956,40.7861865],[-73.9815222,40.7863016]]},"properties":{"kind":"sidewalk","major":false}},{"type":"Feature","geometry":{"type":"LineString","coordinates":[[-73.9821647,40.7874435],[-73.9821898,40.7873836],[-73.9822131,40.7873237]]},"properties":{"kind":"foot","name":"","bridge":false,"len":11,"major":false}},{"type":"Feature","geometry":{"type":"LineString","coordinates":[[-73.9819351,40.7873921],[-73.9819608,40.7873277],[-73.9819838,40.7872685]]},"properties":{"kind":"foot","name":"","bridge":false,"len":11,"major":false}},{"type":"Feature","geometry":{"type":"LineString","coordinates":[[-73.9815222,40.7863016],[-73.9814884,40.7863576],[-73.9814531,40.7864277],[-73.9814278,40.7864973],[-73.9814058,40.7865704],[-73.9813872,40.7866527],[-73.9813718,40.7867671],[-73.9813632,40.7868411]]},"properties":{"kind":"sidewalk","major":false}},{"type":"Feature","geometry":{"type":"LineString","coordinates":[[-73.9813632,40.7868411],[-73.9813459,40.7869946],[-73.9813272,40.7871803],[-73.9813139,40.7873487],[-73.9812959,40.78756]]},"properties":{"kind":"sidewalk","major":false}},{"type":"Feature","geometry":{"type":"LineString","coordinates":[[-73.9812959,40.78756],[-73.981287,40.7876329],[-73.9812441,40.7876298]]},"properties":{"kind":"sidewalk","major":false}},{"type":"Feature","geometry":{"type":"LineString","coordinates":[[-73.981287,40.7876329],[-73.9812708,40.7877725],[-73.9812126,40.7882646],[-73.9812062,40.7884367],[-73.981196,40.7884923],[-73.9811728,40.7885726],[-73.9809853,40.7892212]]},"properties":{"kind":"sidewalk","major":false}},{"type":"Feature","geometry":{"type":"LineString","coordinates":[[-73.9652305,40.8087113],[-73.9651606,40.8086764],[-73.9651157,40.8086554]]},"properties":{"kind":"sidewalk","major":false}},{"type":"Feature","geometry":{"type":"LineString","coordinates":[[-73.967415,40.7978925],[-73.9675217,40.7979298],[-73.967679,40.7979979],[-73.9677252,40.797937],[-73.9677629,40.7978865],[-73.9676046,40.7978164],[-73.9675062,40.7977782],[-73.9674659,40.7978287],[-73.967415,40.7978925]]},"properties":{"kind":"sidewalk","major":false}},{"type":"Feature","geometry":{"type":"LineString","coordinates":[[-73.9647142,40.8016538],[-73.96478,40.8016823],[-73.9648994,40.801736]]},"properties":{"kind":"sidewalk","major":false}},{"type":"Feature","geometry":{"type":"LineString","coordinates":[[-73.9647142,40.8016538],[-73.9646778,40.8016381],[-73.9638348,40.8012844],[-73.96321890280657,40.8010308670428]]},"properties":{"kind":"sidewalk","major":false}},{"type":"Feature","geometry":{"type":"LineString","coordinates":[[-73.9646342,40.801772],[-73.9645884,40.8017526],[-73.96313768879723,40.80114209938932]]},"properties":{"kind":"sidewalk","major":false}},{"type":"Feature","geometry":{"type":"LineString","coordinates":[[-73.965272,40.8012194],[-73.9651499,40.80117],[-73.9650937,40.8011473]]},"properties":{"kind":"sidewalk","major":false}},{"type":"Feature","geometry":{"type":"LineString","coordinates":[[-73.9646567,40.8016635],[-73.9646778,40.8016381],[-73.9650457,40.8011279],[-73.9650627,40.8011059]]},"properties":{"kind":"sidewalk","major":false}},{"type":"Feature","geometry":{"type":"LineString","coordinates":[[-73.965325,40.8012128],[-73.9653097,40.8012346],[-73.9649387,40.8017536],[-73.964929,40.801767]]},"properties":{"kind":"sidewalk","major":false}},{"type":"Feature","geometry":{"type":"LineString","coordinates":[[-73.9645859662814,40.79915850931309],[-73.9660355,40.799775],[-73.9660586,40.7997848]]},"properties":{"kind":"sidewalk","major":false}},{"type":"Feature","geometry":{"type":"LineString","coordinates":[[-73.9660586,40.7997848],[-73.9661562,40.799825],[-73.9662622,40.7998686]]},"properties":{"kind":"sidewalk","major":false}},{"type":"Feature","geometry":{"type":"LineString","coordinates":[[-73.96368078338989,40.80039826607268],[-73.9651303,40.80101],[-73.9651834,40.8010314]]},"properties":{"kind":"sidewalk","major":false}},{"type":"Feature","geometry":{"type":"LineString","coordinates":[[-73.9650937,40.8011473],[-73.9650457,40.8011279],[-73.9642107,40.8007732],[-73.96359739745363,40.80051247313416]]},"properties":{"kind":"sidewalk","major":false}},{"type":"Feature","geometry":{"type":"LineString","coordinates":[[-73.9676143,40.8022039],[-73.9676755,40.802231],[-73.9677553,40.8022701],[-73.9678232,40.8022949],[-73.9678888,40.8023204],[-73.9679557,40.8023455]]},"properties":{"kind":"sidewalk","major":false}},{"type":"Feature","geometry":{"type":"LineString","coordinates":[[-73.9679683,40.7971452],[-73.9680604,40.7971844],[-73.9682069,40.7972492],[-73.9681641,40.7973047],[-73.9681163,40.7973665],[-73.9679738,40.7973034],[-73.9678823,40.7972653]]},"properties":{"kind":"sidewalk","major":false}},{"type":"Feature","geometry":{"type":"LineString","coordinates":[[-73.9681163,40.7973665],[-73.9677629,40.7978865]]},"properties":{"kind":"sidewalk","major":false}},{"type":"Feature","geometry":{"type":"LineString","coordinates":[[-73.9679195,40.7972133],[-73.9678823,40.7972653],[-73.9675062,40.7977782]]},"properties":{"kind":"sidewalk","major":false}},{"type":"Feature","geometry":{"type":"LineString","coordinates":[[-73.9674415,40.8028028],[-73.9675054,40.8028269],[-73.9675773,40.8028573]]},"properties":{"kind":"sidewalk","major":false}},{"type":"Feature","geometry":{"type":"LineString","coordinates":[[-73.9674055,40.8028134],[-73.9674138,40.8027924],[-73.9675102,40.8025043],[-73.9675717,40.802185],[-73.9675775,40.8021606]]},"properties":{"kind":"sidewalk","major":false}},{"type":"Feature","geometry":{"type":"LineString","coordinates":[[-73.9648994,40.801736],[-73.9649387,40.8017536],[-73.9654667,40.8019817],[-73.9658915,40.8021608],[-73.9664599,40.8024007],[-73.9671442,40.8026884],[-73.9674138,40.8027924],[-73.9674415,40.8028028]]},"properties":{"kind":"sidewalk","major":false}},{"type":"Feature","geometry":{"type":"LineString","coordinates":[[-73.9673905,40.8029361],[-73.9673631,40.802924],[-73.9657995,40.8022492],[-73.964856,40.8018662],[-73.9648172,40.8018496]]},"properties":{"kind":"sidewalk","major":false}},{"type":"Feature","geometry":{"type":"LineString","coordinates":[[-73.9655379,40.800467],[-73.9655938,40.8003886],[-73.9656437,40.8003185]]},"properties":{"kind":"sidewalk","major":false}},{"type":"Feature","geometry":{"type":"LineString","coordinates":[[-73.9691057,40.8010637],[-73.9690109,40.8010266],[-73.9689057,40.8009842]]},"properties":{"kind":"sidewalk","major":false}},{"type":"Feature","geometry":{"type":"LineString","coordinates":[[-73.9695632,40.8004337],[-73.9694673,40.8003939],[-73.9693714,40.8003541]]},"properties":{"kind":"sidewalk","major":false}},{"type":"Feature","geometry":{"type":"LineString","coordinates":[[-73.9696137,40.8004305],[-73.9696015,40.8004495],[-73.9692187,40.8009644],[-73.9692037,40.8009851]]},"properties":{"kind":"sidewalk","major":false}},{"type":"Feature","geometry":{"type":"LineString","coordinates":[[-73.9689457,40.8008732],[-73.9689582,40.8008554],[-73.9693454,40.8003433],[-73.969358,40.800326]]},"properties":{"kind":"sidewalk","major":false}},{"type":"Feature","geometry":{"type":"LineString","coordinates":[[-73.965161005062,40.79837092459187],[-73.9652679,40.7984164],[-73.9656808,40.7985921],[-73.9658855,40.7986801]]},"properties":{"kind":"sidewalk","major":false}},{"type":"Feature","geometry":{"type":"LineString","coordinates":[[-73.9662622,40.7998686],[-73.966287,40.7998789],[-73.9677593,40.8004904],[-73.9677957,40.8005058]]},"properties":{"kind":"sidewalk","major":false}},{"type":"Feature","geometry":{"type":"LineString","coordinates":[[-73.9677957,40.8005058],[-73.9678625,40.8005369],[-73.9679427,40.8005742]]},"properties":{"kind":"sidewalk","major":false}},{"type":"Feature","geometry":{"type":"LineString","coordinates":[[-73.9680748,40.8013131],[-73.9680091,40.801282],[-73.9677806,40.8011815],[-73.967707,40.8011527]]},"properties":{"kind":"sidewalk","major":false}},{"type":"Feature","geometry":{"type":"LineString","coordinates":[[-73.9681018,40.8013465],[-73.9681026,40.8013263],[-73.9681843,40.8006852],[-73.9681875,40.8006588]]},"properties":{"kind":"sidewalk","major":false}},{"type":"Feature","geometry":{"type":"LineString","coordinates":[[-73.9798816,40.7862888],[-73.9797865,40.7862488],[-73.9796836,40.786204]]},"properties":{"kind":"sidewalk","major":false}},{"type":"Feature","geometry":{"type":"LineString","coordinates":[[-73.9798381,40.7863946],[-73.9798679,40.7863559],[-73.9798922,40.7863203]]},"properties":{"kind":"sidewalk","major":false}},{"type":"Feature","geometry":{"type":"LineString","coordinates":[[-73.9796836,40.786204],[-73.9796543,40.7861926],[-73.9787789,40.7858251],[-73.9787504,40.7858128]]},"properties":{"kind":"sidewalk","major":false}},{"type":"Feature","geometry":{"type":"LineString","coordinates":[[-73.979642,40.7862109],[-73.979615,40.7862488],[-73.979589,40.7862845]]},"properties":{"kind":"sidewalk","major":false}},{"type":"Feature","geometry":{"type":"LineString","coordinates":[[-73.979589,40.7862845],[-73.9795758,40.7863028],[-73.9791909,40.7868232]]},"properties":{"kind":"sidewalk","major":false}},{"type":"Feature","geometry":{"type":"LineString","coordinates":[[-73.9575159,40.821289],[-73.9574177,40.8212349],[-73.9573607,40.8212013],[-73.9572636,40.8211607],[-73.9573977,40.8210856],[-73.9575031,40.8210149]]},"properties":{"kind":"sidewalk","major":false}},{"type":"Feature","geometry":{"type":"LineString","coordinates":[[-73.9572636,40.8211607],[-73.9552012,40.8202885]]},"properties":{"kind":"sidewalk","major":false}},{"type":"Feature","geometry":{"type":"LineString","coordinates":[[-73.9552012,40.8202885],[-73.9551171,40.8202534],[-73.9549075,40.8201661],[-73.9547975,40.8201202]]},"properties":{"kind":"sidewalk","major":false}},{"type":"Feature","geometry":{"type":"LineString","coordinates":[[-73.9567388,40.8216034],[-73.956673,40.8216621],[-73.9566169,40.8217135]]},"properties":{"kind":"sidewalk","major":false}},{"type":"Feature","geometry":{"type":"LineString","coordinates":[[-73.9566169,40.8217135],[-73.9547468,40.8209021]]},"properties":{"kind":"sidewalk","major":false}},{"type":"Feature","geometry":{"type":"LineString","coordinates":[[-73.9567388,40.8216034],[-73.9548194,40.8208026]]},"properties":{"kind":"sidewalk","major":false}},{"type":"Feature","geometry":{"type":"LineString","coordinates":[[-73.9544407,40.8206442],[-73.9545598,40.820694],[-73.9547296,40.8207651],[-73.9548194,40.8208026]]},"properties":{"kind":"sidewalk","major":false}},{"type":"Feature","geometry":{"type":"LineString","coordinates":[[-73.9566169,40.8217135],[-73.9560876,40.8221561],[-73.9543608,40.8214267]]},"properties":{"kind":"sidewalk","major":false}},{"type":"Feature","geometry":{"type":"LineString","coordinates":[[-73.9559837,40.8222489],[-73.9542837,40.8215316]]},"properties":{"kind":"sidewalk","major":false}},{"type":"Feature","geometry":{"type":"LineString","coordinates":[[-73.9560876,40.8221561],[-73.9560319,40.8222007],[-73.9559837,40.8222489],[-73.9560694,40.8222818],[-73.9561015,40.8222941]]},"properties":{"kind":"sidewalk","major":false}},{"type":"Feature","geometry":{"type":"LineString","coordinates":[[-73.9543608,40.8214267],[-73.9543288,40.8214703],[-73.9542837,40.8215316]]},"properties":{"kind":"sidewalk","major":false}},{"type":"Feature","geometry":{"type":"LineString","coordinates":[[-73.9538224,40.8221706],[-73.9537417,40.8221368],[-73.9535483,40.8220558],[-73.9534343,40.822008]]},"properties":{"kind":"sidewalk","major":false}},{"type":"Feature","geometry":{"type":"LineString","coordinates":[[-73.9539169,40.8220415],[-73.955526,40.8227222]]},"properties":{"kind":"sidewalk","major":false}},{"type":"Feature","geometry":{"type":"LineString","coordinates":[[-73.9529957,40.8232937],[-73.9529595,40.8233487],[-73.9529167,40.8234066]]},"properties":{"kind":"sidewalk","major":false}},{"type":"Feature","geometry":{"type":"LineString","coordinates":[[-73.9529167,40.8234066],[-73.9533404,40.8235851],[-73.9547192,40.8241702]]},"properties":{"kind":"sidewalk","major":false}},{"type":"Feature","geometry":{"type":"LineString","coordinates":[[-73.9547192,40.8241702],[-73.9547732,40.8241022],[-73.9548039,40.8240653]]},"properties":{"kind":"sidewalk","major":false}},{"type":"Feature","geometry":{"type":"LineString","coordinates":[[-73.9548039,40.8240653],[-73.9541506,40.8237817],[-73.9537702,40.8236289],[-73.9529957,40.8232937]]},"properties":{"kind":"sidewalk","major":false}},{"type":"Feature","geometry":{"type":"LineString","coordinates":[[-73.9905932,40.7750516],[-73.9906692,40.7751035],[-73.9907698,40.7751721]]},"properties":{"kind":"sidewalk","major":false}},{"type":"Feature","geometry":{"type":"LineString","coordinates":[[-73.9893234,40.7751571],[-73.9892858,40.7752129],[-73.9892452,40.7752736]]},"properties":{"kind":"sidewalk","major":false}},{"type":"Feature","geometry":{"type":"LineString","coordinates":[[-73.9895636,40.7760817],[-73.9891332,40.7759092],[-73.9891025,40.77596],[-73.9890647,40.7760116],[-73.9894725,40.7761877]]},"properties":{"kind":"sidewalk","major":false}},{"type":"Feature","geometry":{"type":"LineString","coordinates":[[-73.9626083,40.8048661],[-73.9625183,40.8048271],[-73.9624236,40.804786]]},"properties":{"kind":"sidewalk","major":false}},{"type":"Feature","geometry":{"type":"LineString","coordinates":[[-73.9625209,40.8049869],[-73.9624288,40.8049499],[-73.9623313,40.804911]]},"properties":{"kind":"sidewalk","major":false}},{"type":"Feature","geometry":{"type":"LineString","coordinates":[[-73.9619058,40.8054299],[-73.9619224,40.8054077],[-73.9622989,40.8048937],[-73.962314,40.8048742]]},"properties":{"kind":"sidewalk","major":false}},{"type":"Feature","geometry":{"type":"LineString","coordinates":[[-73.9619058,40.8054299],[-73.9618777,40.8054708],[-73.9618554,40.8055032]]},"properties":{"kind":"sidewalk","major":false}},{"type":"Feature","geometry":{"type":"LineString","coordinates":[[-73.9625209,40.8049869],[-73.9625482,40.8049983],[-73.9650635,40.806065],[-73.9650975,40.806079]]},"properties":{"kind":"sidewalk","major":false}},{"type":"Feature","geometry":{"type":"LineString","coordinates":[[-73.9655161,40.8061026],[-73.9654375,40.80607],[-73.9652511,40.8059925],[-73.9651798,40.8059629]]},"properties":{"kind":"sidewalk","major":false}},{"type":"Feature","geometry":{"type":"LineString","coordinates":[[-73.9650868,40.8067638],[-73.9650998,40.8067454],[-73.9654669,40.8062312],[-73.9654803,40.8062115]]},"properties":{"kind":"sidewalk","major":false}},{"type":"Feature","geometry":{"type":"LineString","coordinates":[[-73.9646408,40.8067042],[-73.9647138,40.8067347],[-73.9648983,40.8068119],[-73.964973,40.8068431]]},"properties":{"kind":"sidewalk","major":false}},{"type":"Feature","geometry":{"type":"LineString","coordinates":[[-73.9646226,40.8066764],[-73.9646109,40.8066919],[-73.9642283,40.8072013]]},"properties":{"kind":"sidewalk","major":false}},{"type":"Feature","geometry":{"type":"LineString","coordinates":[[-73.9655634,40.805452],[-73.9656244,40.8054774],[-73.9656888,40.8055043]]},"properties":{"kind":"sidewalk","major":false}},{"type":"Feature","geometry":{"type":"LineString","coordinates":[[-73.9658857,40.8055863],[-73.9659376,40.805608],[-73.9672986,40.8061778]]},"properties":{"kind":"sidewalk","major":false}},{"type":"Feature","geometry":{"type":"LineString","coordinates":[[-73.9673433,40.8060514],[-73.9660211,40.8054883],[-73.9659774,40.8054697]]},"properties":{"kind":"sidewalk","major":false}},{"type":"Feature","geometry":{"type":"LineString","coordinates":[[-73.9673433,40.8060514],[-73.9673239,40.8061063],[-73.9672986,40.8061778]]},"properties":{"kind":"sidewalk","major":false}},{"type":"Feature","geometry":{"type":"LineString","coordinates":[[-73.9630174,40.8108437],[-73.9630332,40.8108231],[-73.963257,40.8105183],[-73.9633476,40.8103937],[-73.9633629,40.8103726],[-73.963424,40.8102885],[-73.9634272,40.8102841],[-73.9637131,40.8098884],[-73.9640384,40.8094585],[-73.9643578,40.8090172],[-73.9647305,40.8085022]]},"properties":{"kind":"sidewalk","major":false}},{"type":"Feature","geometry":{"type":"LineString","coordinates":[[-73.9649314,40.8085493],[-73.9649638,40.8085089],[-73.9650173,40.8084425],[-73.9650479,40.8084044]]},"properties":{"kind":"sidewalk","major":false}},{"type":"Feature","geometry":{"type":"LineString","coordinates":[[-73.9622848,40.8099406],[-73.9623633,40.8099741],[-73.9625495,40.810052],[-73.9626103,40.8100774]]},"properties":{"kind":"sidewalk","major":false}},{"type":"Feature","geometry":{"type":"LineString","coordinates":[[-73.9623643,40.8098339],[-73.9624413,40.8098684],[-73.9626267,40.8099483],[-73.9626854,40.8099736]]},"properties":{"kind":"sidewalk","major":false}},{"type":"Feature","geometry":{"type":"LineString","coordinates":[[-73.9630661,40.8094501],[-73.9629974,40.80942],[-73.9628211,40.8093426],[-73.9627448,40.8093085]]},"properties":{"kind":"sidewalk","major":false}},{"type":"Feature","geometry":{"type":"LineString","coordinates":[[-73.9631519,40.8093331],[-73.9630826,40.8093013],[-73.9629058,40.8092253],[-73.9628306,40.8091934]]},"properties":{"kind":"sidewalk","major":false}},{"type":"Feature","geometry":{"type":"LineString","coordinates":[[-73.9713942,40.7979193],[-73.9713026,40.7978799],[-73.9711966,40.7978374]]},"properties":{"kind":"sidewalk","major":false}},{"type":"Feature","geometry":{"type":"LineString","coordinates":[[-73.9714229,40.7979317],[-73.9730586,40.7986185]]},"properties":{"kind":"sidewalk","major":false}},{"type":"Feature","geometry":{"type":"LineString","coordinates":[[-73.9731448,40.7985136],[-73.9727672,40.7983539],[-73.972359,40.7981823],[-73.9718521,40.7979723],[-73.971511,40.7978261],[-73.9714817,40.7978108]]},"properties":{"kind":"sidewalk","major":false}},{"type":"Feature","geometry":{"type":"LineString","coordinates":[[-73.9730586,40.7986185],[-73.9731029,40.7985639],[-73.9731448,40.7985136]]},"properties":{"kind":"sidewalk","major":false}},{"type":"Feature","geometry":{"type":"LineString","coordinates":[[-73.9731372,40.7986517],[-73.9730978,40.7986367],[-73.9730736,40.7986255],[-73.9730586,40.7986185]]},"properties":{"kind":"sidewalk","major":false}},{"type":"Feature","geometry":{"type":"LineString","coordinates":[[-73.9732197,40.7985405],[-73.9731855,40.7985277],[-73.9731448,40.7985136]]},"properties":{"kind":"sidewalk","major":false}},{"type":"Feature","geometry":{"type":"LineString","coordinates":[[-73.970338,40.798995],[-73.9703111,40.7990304],[-73.9702813,40.7990699]]},"properties":{"kind":"sidewalk","major":false}},{"type":"Feature","geometry":{"type":"LineString","coordinates":[[-73.9707891,40.7983651],[-73.970762,40.7984022],[-73.9707345,40.7984396]]},"properties":{"kind":"sidewalk","major":false}},{"type":"Feature","geometry":{"type":"LineString","coordinates":[[-73.970338,40.798995],[-73.9703508,40.7989781],[-73.9707238,40.7984548]]},"properties":{"kind":"sidewalk","major":false}},{"type":"Feature","geometry":{"type":"LineString","coordinates":[[-73.9707891,40.7983651],[-73.9708006,40.7983493],[-73.9711719,40.7978275],[-73.9711814,40.7978131]]},"properties":{"kind":"sidewalk","major":false}},{"type":"Feature","geometry":{"type":"LineString","coordinates":[[-73.9710278,40.7984634],[-73.9710418,40.7984458],[-73.9714229,40.7979317]]},"properties":{"kind":"sidewalk","major":false}},{"type":"Feature","geometry":{"type":"LineString","coordinates":[[-73.9533602,40.8227883],[-73.9532809,40.8227549],[-73.9530824,40.8226713],[-73.95299,40.8226324]]},"properties":{"kind":"sidewalk","major":false}},{"type":"Feature","geometry":{"type":"LineString","coordinates":[[-73.9529957,40.8232937],[-73.95291,40.8232586],[-73.9527139,40.8231782],[-73.9525997,40.8231313],[-73.9525658,40.8231801],[-73.9525191,40.8232472],[-73.952631,40.8232921],[-73.9528268,40.8233706],[-73.9529167,40.8234066]]},"properties":{"kind":"sidewalk","major":false}},{"type":"Feature","geometry":{"type":"LineString","coordinates":[[-73.9525997,40.8231313],[-73.95299,40.8226324]]},"properties":{"kind":"sidewalk","major":false}},{"type":"Feature","geometry":{"type":"LineString","coordinates":[[-73.9533602,40.8227883],[-73.9529957,40.8232937]]},"properties":{"kind":"sidewalk","major":false}},{"type":"Feature","geometry":{"type":"LineString","coordinates":[[-73.9525325,40.8239176],[-73.9524544,40.8238852],[-73.9522586,40.8238039],[-73.9521545,40.8237607],[-73.9521206,40.8238098],[-73.9520748,40.8238744],[-73.9521744,40.8239178],[-73.9523702,40.8240021],[-73.9524448,40.8240339],[-73.9524945,40.8239688],[-73.9525325,40.8239176]]},"properties":{"kind":"sidewalk","major":false}},{"type":"Feature","geometry":{"type":"LineString","coordinates":[[-73.9529167,40.8234066],[-73.9525325,40.8239176]]},"properties":{"kind":"sidewalk","major":false}},{"type":"Feature","geometry":{"type":"LineString","coordinates":[[-73.9521545,40.8237607],[-73.9525191,40.8232472]]},"properties":{"kind":"sidewalk","major":false}},{"type":"Feature","geometry":{"type":"LineString","coordinates":[[-73.9538224,40.8221706],[-73.9534316,40.8226714]]},"properties":{"kind":"sidewalk","major":false}},{"type":"Feature","geometry":{"type":"LineString","coordinates":[[-73.9534343,40.822008],[-73.953069,40.8225119]]},"properties":{"kind":"sidewalk","major":false}},{"type":"Feature","geometry":{"type":"LineString","coordinates":[[-73.9552282,40.8235631],[-73.9553166,40.8235872],[-73.9554184,40.8236149],[-73.9554666,40.823629]]},"properties":{"kind":"sidewalk","major":false}},{"type":"Feature","geometry":{"type":"LineString","coordinates":[[-73.9552953,40.8234434],[-73.9534316,40.8226714]]},"properties":{"kind":"sidewalk","major":false}},{"type":"Feature","geometry":{"type":"LineString","coordinates":[[-73.9552282,40.8235631],[-73.9548715,40.8234121],[-73.9544773,40.8232452],[-73.9541585,40.8231103],[-73.9533602,40.8227883]]},"properties":{"kind":"sidewalk","major":false}},{"type":"Feature","geometry":{"type":"LineString","coordinates":[[-73.9527675,40.8217204],[-73.9528296,40.8217466],[-73.9529292,40.8217831]]},"properties":{"kind":"sidewalk","major":false}},{"type":"Feature","geometry":{"type":"LineString","coordinates":[[-73.9509928,40.8208173],[-73.952209,40.8213396],[-73.9528903,40.8216321],[-73.9529701,40.8216641],[-73.9530431,40.8216941],[-73.9531005,40.8217165],[-73.9535288,40.8218788]]},"properties":{"kind":"sidewalk","major":false}},{"type":"Feature","geometry":{"type":"LineString","coordinates":[[-73.9509928,40.8208173],[-73.9508687,40.8207488],[-73.9507721,40.8206909]]},"properties":{"kind":"sidewalk","major":false}},{"type":"Feature","geometry":{"type":"LineString","coordinates":[[-73.9509098,40.8209289],[-73.9527675,40.8217204]]},"properties":{"kind":"sidewalk","major":false}},{"type":"Feature","geometry":{"type":"LineString","coordinates":[[-73.9635537,40.8036311],[-73.9639578,40.8038024],[-73.966068,40.8046964],[-73.9661019,40.8047103]]},"properties":{"kind":"sidewalk","major":false}},{"type":"Feature","geometry":{"type":"LineString","coordinates":[[-73.9659856,40.8048091],[-73.9652532,40.8044872],[-73.9651763,40.8044533],[-73.9646399,40.8042304],[-73.9639753,40.8039531],[-73.9634667,40.80374]]},"properties":{"kind":"sidewalk","major":false}},{"type":"Feature","geometry":{"type":"LineString","coordinates":[[-73.9638549,40.8031132],[-73.9639255,40.8031424],[-73.9643253,40.803302],[-73.965964,40.8039846],[-73.9664394,40.8041827],[-73.9664801,40.8042002]]},"properties":{"kind":"sidewalk","major":false}},{"type":"Feature","geometry":{"type":"LineString","coordinates":[[-73.9668066,40.8041003],[-73.9668692,40.8041254],[-73.9669352,40.8041538]]},"properties":{"kind":"sidewalk","major":false}},{"type":"Feature","geometry":{"type":"LineString","coordinates":[[-73.9676981,40.8014147],[-73.9676398,40.8013925],[-73.9657733,40.8005947],[-73.9657414,40.8005817]]},"properties":{"kind":"sidewalk","major":false}},{"type":"Feature","geometry":{"type":"LineString","coordinates":[[-73.9658782,40.8003825],[-73.9659141,40.8003972],[-73.9676591,40.8011339],[-73.967707,40.8011527]]},"properties":{"kind":"sidewalk","major":false}},{"type":"Feature","geometry":{"type":"LineString","coordinates":[[-73.9653931,40.8011162],[-73.9676016,40.8020447]]},"properties":{"kind":"sidewalk","major":false}},{"type":"Feature","geometry":{"type":"LineString","coordinates":[[-73.9676143,40.8022039],[-73.9675717,40.802185],[-73.9653097,40.8012346],[-73.965272,40.8012194]]},"properties":{"kind":"sidewalk","major":false}},{"type":"Feature","geometry":{"type":"LineString","coordinates":[[-73.9671265,40.8036418],[-73.9671964,40.8036695],[-73.967263,40.8037026]]},"properties":{"kind":"sidewalk","major":false}},{"type":"Feature","geometry":{"type":"LineString","coordinates":[[-73.9643926,40.8024893],[-73.9668938,40.8035448],[-73.966938,40.8035644]]},"properties":{"kind":"sidewalk","major":false}},{"type":"Feature","geometry":{"type":"LineString","coordinates":[[-73.9670266,40.8034442],[-73.9669905,40.8034295],[-73.9644721,40.8023795],[-73.9644388,40.802364]]},"properties":{"kind":"sidewalk","major":false}},{"type":"Feature","geometry":{"type":"LineString","coordinates":[[-73.9642641,40.8022896],[-73.9643216,40.8023093],[-73.9644388,40.802364]]},"properties":{"kind":"sidewalk","major":false}},{"type":"Feature","geometry":{"type":"LineString","coordinates":[[-73.964051,40.8029682],[-73.9640053,40.8030305],[-73.9639552,40.8031002]]},"properties":{"kind":"sidewalk","major":false}},{"type":"Feature","geometry":{"type":"LineString","coordinates":[[-73.9637671,40.8028501],[-73.9637307,40.8029096],[-73.9636851,40.8029843]]},"properties":{"kind":"sidewalk","major":false}},{"type":"Feature","geometry":{"type":"LineString","coordinates":[[-73.9666068,40.8040177],[-73.9665715,40.8039972],[-73.9640625,40.8029504],[-73.9639491,40.8028993]]},"properties":{"kind":"sidewalk","major":false}},{"type":"Feature","geometry":{"type":"LineString","coordinates":[[-73.9691223,40.8035168],[-73.9690954,40.8035058],[-73.9678383,40.802963],[-73.9678004,40.8029484]]},"properties":{"kind":"sidewalk","major":false}},{"type":"Feature","geometry":{"type":"LineString","coordinates":[[-73.9677235,40.8030753],[-73.9677685,40.8030926],[-73.9690176,40.8036151],[-73.9690396,40.8036241]]},"properties":{"kind":"sidewalk","major":false}},{"type":"Feature","geometry":{"type":"LineString","coordinates":[[-73.9522234,40.8171445],[-73.9523057,40.8171725],[-73.9523975,40.8172075],[-73.9523593,40.8172648],[-73.9523117,40.8173272],[-73.9522226,40.8172875],[-73.952147,40.8172546]]},"properties":{"kind":"sidewalk","major":false}},{"type":"Feature","geometry":{"type":"LineString","coordinates":[[-73.95295,40.8159672],[-73.9529623,40.8158879],[-73.9529743,40.8158331],[-73.9529796,40.8158089],[-73.9528737,40.8158002],[-73.9527699,40.81579]]},"properties":{"kind":"sidewalk","major":false}},{"type":"Feature","geometry":{"type":"LineString","coordinates":[[-73.95295,40.8159672],[-73.9528524,40.8159484],[-73.9527525,40.8159303]]},"properties":{"kind":"sidewalk","major":false}},{"type":"Feature","geometry":{"type":"LineString","coordinates":[[-73.9529796,40.8158089],[-73.9530547,40.8151938]]},"properties":{"kind":"sidewalk","major":false}},{"type":"Feature","geometry":{"type":"LineString","coordinates":[[-73.9530761,40.8150395],[-73.9530683,40.8151134],[-73.9530547,40.8151938],[-73.9529618,40.8151508],[-73.95292068078813,40.81513551979183]]},"properties":{"kind":"sidewalk","major":false}},{"type":"Feature","geometry":{"type":"LineString","coordinates":[[-73.9530761,40.8150395],[-73.95300542973422,40.81501944592458]]},"properties":{"kind":"sidewalk","major":false}},{"type":"Feature","geometry":{"type":"LineString","coordinates":[[-73.95295,40.8159672],[-73.9528991,40.8163265],[-73.9528535,40.8165132],[-73.9527757,40.8166716],[-73.9523975,40.8172075]]},"properties":{"kind":"sidewalk","major":false}},{"type":"Feature","geometry":{"type":"LineString","coordinates":[[-73.9528956,40.8182172],[-73.9528856,40.8182304],[-73.9528436,40.818286],[-73.9528046,40.8183421],[-73.9526935,40.8182718],[-73.9525845,40.8182057]]},"properties":{"kind":"sidewalk","major":false}},{"type":"Feature","geometry":{"type":"LineString","coordinates":[[-73.9528956,40.8182172],[-73.9527699,40.8181648],[-73.952649,40.818111]]},"properties":{"kind":"sidewalk","major":false}},{"type":"Feature","geometry":{"type":"LineString","coordinates":[[-73.9533823,40.8175587],[-73.9533196,40.8176488],[-73.9532656,40.8177153],[-73.9532578,40.8177249],[-73.9531204,40.8176678],[-73.9530056,40.8176244],[-73.9530474,40.8175496],[-73.953077,40.8175026],[-73.9532224,40.8175255],[-73.9533823,40.8175587]]},"properties":{"kind":"sidewalk","major":false}},{"type":"Feature","geometry":{"type":"LineString","coordinates":[[-73.9532578,40.8177249],[-73.9528956,40.8182172]]},"properties":{"kind":"sidewalk","major":false}},{"type":"Feature","geometry":{"type":"LineString","coordinates":[[-73.952649,40.818111],[-73.9530056,40.8176244]]},"properties":{"kind":"sidewalk","major":false}},{"type":"Feature","geometry":{"type":"LineString","coordinates":[[-73.9524372,40.8188747],[-73.9523694,40.8189679],[-73.9523026,40.8190656],[-73.9521547,40.8190089]]},"properties":{"kind":"sidewalk","major":false}},{"type":"Feature","geometry":{"type":"LineString","coordinates":[[-73.9524372,40.8188747],[-73.9522672,40.818855],[-73.9521072,40.8188374],[-73.952074,40.8188937]]},"properties":{"kind":"sidewalk","major":false}},{"type":"Feature","geometry":{"type":"LineString","coordinates":[[-73.9524372,40.8188747],[-73.9549351,40.8199203],[-73.9549656,40.8199167]]},"properties":{"kind":"sidewalk","major":false}},{"type":"Feature","geometry":{"type":"LineString","coordinates":[[-73.9547975,40.8201202],[-73.9523026,40.8190656]]},"properties":{"kind":"sidewalk","major":false}},{"type":"Feature","geometry":{"type":"LineString","coordinates":[[-73.9524372,40.8188747],[-73.9528046,40.8183421]]},"properties":{"kind":"sidewalk","major":false}},{"type":"Feature","geometry":{"type":"LineString","coordinates":[[-73.952649,40.818111],[-73.9526135,40.8181632],[-73.9525845,40.8182057],[-73.9521072,40.8188374]]},"properties":{"kind":"sidewalk","major":false}},{"type":"Feature","geometry":{"type":"LineString","coordinates":[[-73.9544407,40.8206442],[-73.951905,40.819577]]},"properties":{"kind":"sidewalk","major":false}},{"type":"Feature","geometry":{"type":"LineString","coordinates":[[-73.9518283,40.8196829],[-73.9530824,40.8201999],[-73.9543681,40.8207436]]},"properties":{"kind":"sidewalk","major":false}},{"type":"Feature","geometry":{"type":"LineString","coordinates":[[-73.9518283,40.8196829],[-73.95168,40.8196367],[-73.9515617,40.8195999]]},"properties":{"kind":"sidewalk","major":false}},{"type":"Feature","geometry":{"type":"LineString","coordinates":[[-73.951905,40.819577],[-73.9517776,40.8195067],[-73.9516716,40.8194483]]},"properties":{"kind":"sidewalk","major":false}},{"type":"Feature","geometry":{"type":"LineString","coordinates":[[-73.9523026,40.8190656],[-73.951905,40.819577]]},"properties":{"kind":"sidewalk","major":false}},{"type":"Feature","geometry":{"type":"LineString","coordinates":[[-73.9509928,40.8208173],[-73.9514456,40.8201991],[-73.9518283,40.8196829]]},"properties":{"kind":"sidewalk","major":false}},{"type":"Feature","geometry":{"type":"LineString","coordinates":[[-73.9701737,40.7965825],[-73.9702448,40.7966102],[-73.9704414,40.7966914],[-73.9705059,40.7967183]]},"properties":{"kind":"sidewalk","major":false}},{"type":"Feature","geometry":{"type":"LineString","coordinates":[[-73.9701284,40.797235],[-73.9700584,40.7972062],[-73.9698597,40.7971246],[-73.9697999,40.7971001]]},"properties":{"kind":"sidewalk","major":false}},{"type":"Feature","geometry":{"type":"LineString","coordinates":[[-73.9709587,40.7960953],[-73.9708991,40.7960712],[-73.9706998,40.7959887],[-73.9706271,40.7959578]]},"properties":{"kind":"sidewalk","major":false}},{"type":"Feature","geometry":{"type":"LineString","coordinates":[[-73.9705953,40.7959443],[-73.9702047,40.7964505],[-73.9701905,40.7964702]]},"properties":{"kind":"sidewalk","major":false}},{"type":"Feature","geometry":{"type":"LineString","coordinates":[[-73.9706025,40.7966418],[-73.9706149,40.796622],[-73.9709928,40.7961066],[-73.9710086,40.796086]]},"properties":{"kind":"sidewalk","major":false}},{"type":"Feature","geometry":{"type":"LineString","coordinates":[[-73.9701505,40.7972679],[-73.9701637,40.7972495],[-73.970542,40.7967314],[-73.9705535,40.7967174]]},"properties":{"kind":"sidewalk","major":false}},{"type":"Feature","geometry":{"type":"LineString","coordinates":[[-73.9701395,40.7965406],[-73.9701277,40.7965624],[-73.9697605,40.7970839],[-73.9697454,40.7971053]]},"properties":{"kind":"sidewalk","major":false}},{"type":"Feature","geometry":{"type":"LineString","coordinates":[[-73.9725228,40.7940415],[-73.9725378,40.7940199]]},"properties":{"kind":"sidewalk","major":false}},{"type":"Feature","geometry":{"type":"LineString","coordinates":[[-73.95429298039609,40.8132559905485],[-73.9545916,40.8133809],[-73.9551025,40.8136001]]},"properties":{"kind":"sidewalk","major":false}},{"type":"Feature","geometry":{"type":"LineString","coordinates":[[-73.9549403,40.8134021],[-73.9549783,40.8134476],[-73.9550771,40.8135662]]},"properties":{"kind":"sidewalk","major":false}},{"type":"Feature","geometry":{"type":"LineString","coordinates":[[-73.95436876551241,40.81315219372345],[-73.9549175,40.8133768]]},"properties":{"kind":"sidewalk","major":false}},{"type":"Feature","geometry":{"type":"LineString","coordinates":[[-73.9509054,40.8184878],[-73.950976,40.8184364],[-73.95105,40.818389],[-73.9509498,40.8183471],[-73.9508466,40.8183071]]},"properties":{"kind":"sidewalk","major":false}},{"type":"Feature","geometry":{"type":"LineString","coordinates":[[-73.9507717,40.8183502],[-73.9506982,40.8184046],[-73.9507985,40.8184423]]},"properties":{"kind":"sidewalk","major":false}},{"type":"Feature","geometry":{"type":"LineString","coordinates":[[-73.9508466,40.8183071],[-73.9508067,40.8182974],[-73.9506566169682,40.818236427300384]]},"properties":{"kind":"sidewalk","major":false}},{"type":"Feature","geometry":{"type":"LineString","coordinates":[[-73.95057240237635,40.81835176930528],[-73.9506982,40.8184046]]},"properties":{"kind":"sidewalk","major":false}},{"type":"Feature","geometry":{"type":"LineString","coordinates":[[-73.95105,40.818389],[-73.9521072,40.8188374]]},"properties":{"kind":"sidewalk","major":false}},{"type":"Feature","geometry":{"type":"LineString","coordinates":[[-73.9506982,40.8184046],[-73.9504408,40.8187224],[-73.9501825,40.8190679]]},"properties":{"kind":"sidewalk","major":false}},{"type":"Feature","geometry":{"type":"LineString","coordinates":[[-73.9553253,40.8194065],[-73.9553607,40.8193494],[-73.9554028,40.8192881]]},"properties":{"kind":"sidewalk","major":false}},{"type":"Feature","geometry":{"type":"LineString","coordinates":[[-73.9554028,40.8192881],[-73.9538139,40.8186331],[-73.9528856,40.8182304]]},"properties":{"kind":"sidewalk","major":false}},{"type":"Feature","geometry":{"type":"LineString","coordinates":[[-73.9553253,40.8194065],[-73.9528046,40.8183421]]},"properties":{"kind":"sidewalk","major":false}},{"type":"Feature","geometry":{"type":"LineString","coordinates":[[-73.9557893,40.8187843],[-73.9550456,40.8184591],[-73.9540323,40.8180396],[-73.9532656,40.8177153]]},"properties":{"kind":"sidewalk","major":false}},{"type":"Feature","geometry":{"type":"LineString","coordinates":[[-73.9541612,40.8164976],[-73.9540233,40.8164288],[-73.9539297,40.8163652],[-73.9539673,40.8163098],[-73.9540016,40.8162549],[-73.9541098,40.8163115],[-73.9542429,40.8163839]]},"properties":{"kind":"sidewalk","major":false}},{"type":"Feature","geometry":{"type":"LineString","coordinates":[[-73.9540016,40.8162549],[-73.9529743,40.8158331]]},"properties":{"kind":"sidewalk","major":false}},{"type":"Feature","geometry":{"type":"LineString","coordinates":[[-73.9539297,40.8163652],[-73.95295,40.8159672]]},"properties":{"kind":"sidewalk","major":false}},{"type":"Feature","geometry":{"type":"LineString","coordinates":[[-73.9696449,40.8003168],[-73.9696769,40.800332],[-73.9709958,40.8008798],[-73.971021,40.8008903]]},"properties":{"kind":"sidewalk","major":false}},{"type":"Feature","geometry":{"type":"LineString","coordinates":[[-73.97093,40.8010177],[-73.9709038,40.8010065],[-73.9696015,40.8004495],[-73.9695632,40.8004337]]},"properties":{"kind":"sidewalk","major":false}},{"type":"Feature","geometry":{"type":"LineString","coordinates":[[-73.9705291,40.8015257],[-73.9692187,40.8009644]]},"properties":{"kind":"sidewalk","major":false}},{"type":"Feature","geometry":{"type":"LineString","coordinates":[[-73.9691057,40.8010637],[-73.9691379,40.8010777],[-73.970454,40.8016224]]},"properties":{"kind":"sidewalk","major":false}},{"type":"Feature","geometry":{"type":"LineString","coordinates":[[-73.9695327,40.8028924],[-73.9695137,40.8029187],[-73.9694802,40.8029666]]},"properties":{"kind":"sidewalk","major":false}},{"type":"Feature","geometry":{"type":"LineString","coordinates":[[-73.9694726,40.8029774],[-73.9681976,40.8024505],[-73.9681637,40.8024348]]},"properties":{"kind":"sidewalk","major":false}},{"type":"Feature","geometry":{"type":"LineString","coordinates":[[-73.9682007,40.8023041],[-73.9682284,40.8023178],[-73.9695452,40.8028751]]},"properties":{"kind":"sidewalk","major":false}},{"type":"Feature","geometry":{"type":"LineString","coordinates":[[-73.9686087,40.8041454],[-73.968582,40.8041785],[-73.9685476,40.8042211]]},"properties":{"kind":"sidewalk","major":false}},{"type":"Feature","geometry":{"type":"LineString","coordinates":[[-73.9686202,40.8041312],[-73.9673864,40.8035996],[-73.9673491,40.8035852]]},"properties":{"kind":"sidewalk","major":false}},{"type":"Feature","geometry":{"type":"LineString","coordinates":[[-73.9685357,40.8042357],[-73.9673027,40.8037195],[-73.967263,40.8037026]]},"properties":{"kind":"sidewalk","major":false}},{"type":"Feature","geometry":{"type":"LineString","coordinates":[[-73.9680425,40.8046526],[-73.9680061,40.8046313],[-73.9679388,40.804591],[-73.966975,40.8041709],[-73.9669352,40.8041538]]},"properties":{"kind":"sidewalk","major":false}},{"type":"Feature","geometry":{"type":"LineString","coordinates":[[-73.9663455,40.8049596],[-73.9662673,40.8049272],[-73.9662182,40.8049069]]},"properties":{"kind":"sidewalk","major":false}},{"type":"Feature","geometry":{"type":"LineString","coordinates":[[-73.9661019,40.8047103],[-73.9661723,40.804736],[-73.9662351,40.804763]]},"properties":{"kind":"sidewalk","major":false}},{"type":"Feature","geometry":{"type":"LineString","coordinates":[[-73.966431,40.8048467],[-73.9664694,40.8048641],[-73.9677058,40.8053853]]},"properties":{"kind":"sidewalk","major":false}},{"type":"Feature","geometry":{"type":"LineString","coordinates":[[-73.9676316,40.8054949],[-73.9663908,40.8049725],[-73.9663455,40.8049596]]},"properties":{"kind":"sidewalk","major":false}},{"type":"Feature","geometry":{"type":"LineString","coordinates":[[-73.9544608,40.815638],[-73.9530761,40.8150395]]},"properties":{"kind":"sidewalk","major":false}},{"type":"Feature","geometry":{"type":"LineString","coordinates":[[-73.9530547,40.8151938],[-73.9535968,40.8154195],[-73.9537455,40.8154814],[-73.9543825,40.8157467]]},"properties":{"kind":"sidewalk","major":false}},{"type":"Feature","geometry":{"type":"LineString","coordinates":[[-73.9543825,40.8157467],[-73.9540016,40.8162549]]},"properties":{"kind":"sidewalk","major":false}},{"type":"Feature","geometry":{"type":"LineString","coordinates":[[-73.9548402,40.8151032],[-73.954828,40.8151199],[-73.9544608,40.815638]]},"properties":{"kind":"sidewalk","major":false}},{"type":"Feature","geometry":{"type":"LineString","coordinates":[[-73.9647575,40.8085145],[-73.9647305,40.8085022],[-73.9640288,40.8081998],[-73.9639948,40.8081851]]},"properties":{"kind":"sidewalk","major":false}},{"type":"Feature","geometry":{"type":"LineString","coordinates":[[-73.9620611,40.8056217],[-73.9620882,40.8056299],[-73.9628471,40.805953],[-73.9638374,40.8063746],[-73.9646109,40.8066919],[-73.9646408,40.8067042]]},"properties":{"kind":"sidewalk","major":false}},{"type":"Feature","geometry":{"type":"LineString","coordinates":[[-73.9671327,40.8067696],[-73.9671063,40.8067586],[-73.9655459,40.806115],[-73.9655161,40.8061026]]},"properties":{"kind":"sidewalk","major":false}},{"type":"Feature","geometry":{"type":"LineString","coordinates":[[-73.965432,40.8062168],[-73.9654669,40.8062312],[-73.9670504,40.8069046],[-73.9670843,40.8069193]]},"properties":{"kind":"sidewalk","major":false}},{"type":"Feature","geometry":{"type":"LineString","coordinates":[[-73.9655346,40.8054068],[-73.9655152,40.8054319],[-73.9651456,40.8059499]]},"properties":{"kind":"sidewalk","major":false}},{"type":"Feature","geometry":{"type":"LineString","coordinates":[[-73.96276245553953,40.80165602643326],[-73.9642065,40.8022698],[-73.9642641,40.8022896]]},"properties":{"kind":"sidewalk","major":false}},{"type":"Feature","geometry":{"type":"LineString","coordinates":[[-73.96267868149945,40.80177076504953],[-73.9632512,40.8020109],[-73.9641242,40.8023829]]},"properties":{"kind":"sidewalk","major":false}},{"type":"Feature","geometry":{"type":"LineString","coordinates":[[-73.9655454,40.8005017],[-73.9655204,40.8004915],[-73.96436,40.8000019],[-73.96406198144908,40.79987616951624]]},"properties":{"kind":"sidewalk","major":false}},{"type":"Feature","geometry":{"type":"LineString","coordinates":[[-73.96420383736934,40.79968188078443],[-73.9644556,40.7997876],[-73.9656612,40.8002939],[-73.9656904,40.8003058]]},"properties":{"kind":"sidewalk","major":false}},{"type":"Feature","geometry":{"type":"LineString","coordinates":[[-73.9698223,40.7997259],[-73.9699258,40.7997689],[-73.9700184,40.7998073]]},"properties":{"kind":"sidewalk","major":false}},{"type":"Feature","geometry":{"type":"LineString","coordinates":[[-73.9713644,40.8003674],[-73.9700478,40.7998195],[-73.9700184,40.7998073]]},"properties":{"kind":"sidewalk","major":false}},{"type":"Feature","geometry":{"type":"LineString","coordinates":[[-73.9684187,40.7989914],[-73.9684893,40.799019],[-73.9685605,40.7990468]]},"properties":{"kind":"sidewalk","major":false}},{"type":"Feature","geometry":{"type":"LineString","coordinates":[[-73.9691696,40.7985983],[-73.9691555,40.7986183],[-73.968791,40.7991382],[-73.9687783,40.7991576]]},"properties":{"kind":"sidewalk","major":false}},{"type":"Feature","geometry":{"type":"LineString","coordinates":[[-73.9688749,40.7983585],[-73.9689352,40.7983827],[-73.9691433,40.7984663],[-73.9692075,40.7984921]]},"properties":{"kind":"sidewalk","major":false}},{"type":"Feature","geometry":{"type":"LineString","coordinates":[[-73.9696265,40.797971],[-73.969611,40.7979921],[-73.969236,40.7985035],[-73.9692214,40.7985243]]},"properties":{"kind":"sidewalk","major":false}},{"type":"Feature","geometry":{"type":"LineString","coordinates":[[-73.9688347,40.7983588],[-73.9688437,40.7983459],[-73.96923,40.7978316]]},"properties":{"kind":"sidewalk","major":false}},{"type":"Feature","geometry":{"type":"LineString","coordinates":[[-73.9696819,40.7978956],[-73.9696924,40.7978813],[-73.9700783,40.7973645],[-73.9700914,40.7973503]]},"properties":{"kind":"sidewalk","major":false}},{"type":"Feature","geometry":{"type":"LineString","coordinates":[[-73.9696949,40.7971755],[-73.9696791,40.7972],[-73.9693115,40.7977208],[-73.9692999,40.7977365]]},"properties":{"kind":"sidewalk","major":false}},{"type":"Feature","geometry":{"type":"LineString","coordinates":[[-73.9696686,40.7978713],[-73.9695983,40.7978416],[-73.9693907,40.7977542],[-73.9693379,40.7977319]]},"properties":{"kind":"sidewalk","major":false}},{"type":"Feature","geometry":{"type":"LineString","coordinates":[[-73.9701284,40.797235],[-73.9701637,40.7972495],[-73.9712527,40.7977091],[-73.9712859,40.7977237]]},"properties":{"kind":"sidewalk","major":false}},{"type":"Feature","geometry":{"type":"LineString","coordinates":[[-73.9711966,40.7978374],[-73.9711719,40.7978275],[-73.9700783,40.7973645],[-73.9700409,40.7973545]]},"properties":{"kind":"sidewalk","major":false}},{"type":"Feature","geometry":{"type":"LineString","coordinates":[[-73.9693379,40.7977319],[-73.9693115,40.7977208],[-73.9682069,40.7972492]]},"properties":{"kind":"sidewalk","major":false}},{"type":"Feature","geometry":{"type":"LineString","coordinates":[[-73.9681163,40.7973665],[-73.96923,40.7978316]]},"properties":{"kind":"sidewalk","major":false}},{"type":"Feature","geometry":{"type":"LineString","coordinates":[[-73.9688749,40.7983585],[-73.9688437,40.7983459],[-73.9677629,40.7978865]]},"properties":{"kind":"sidewalk","major":false}},{"type":"Feature","geometry":{"type":"LineString","coordinates":[[-73.967679,40.7979979],[-73.9687633,40.7984607],[-73.9687931,40.7984727]]},"properties":{"kind":"sidewalk","major":false}},{"type":"Feature","geometry":{"type":"LineString","coordinates":[[-73.9692075,40.7984921],[-73.969236,40.7985035],[-73.9703508,40.7989781],[-73.9703649,40.7989839]]},"properties":{"kind":"sidewalk","major":false}},{"type":"Feature","geometry":{"type":"LineString","coordinates":[[-73.9691246,40.7986059],[-73.9691555,40.7986183],[-73.9702715,40.7990828],[-73.9702858,40.7990907]]},"properties":{"kind":"sidewalk","major":false}},{"type":"Feature","geometry":{"type":"LineString","coordinates":[[-73.9699105,40.7996105],[-73.9698796,40.7995971],[-73.968791,40.7991382],[-73.9687365,40.7991155]]},"properties":{"kind":"sidewalk","major":false}},{"type":"Feature","geometry":{"type":"LineString","coordinates":[[-73.9530761,40.8150395],[-73.95309690301103,40.81489416227825]]},"properties":{"kind":"sidewalk","major":false}},{"type":"Feature","geometry":{"type":"LineString","coordinates":[[-73.9560928,40.8134059],[-73.9559436,40.8132069],[-73.9556872,40.8129235],[-73.9553701,40.8125505],[-73.95506902206162,40.81219310821877]]},"properties":{"kind":"sidewalk","major":false}},{"type":"Feature","geometry":{"type":"LineString","coordinates":[[-73.9495486,40.8228099],[-73.9494066,40.8227501],[-73.9492822,40.8226978]]},"properties":{"kind":"sidewalk","major":false}},{"type":"Feature","geometry":{"type":"LineString","coordinates":[[-73.9504772,40.8230499],[-73.9496368,40.8226897]]},"properties":{"kind":"sidewalk","major":false}},{"type":"Feature","geometry":{"type":"LineString","coordinates":[[-73.9503308,40.8231453],[-73.9495486,40.8228099]]},"properties":{"kind":"sidewalk","major":false}},{"type":"Feature","geometry":{"type":"LineString","coordinates":[[-73.9491759,40.8233193],[-73.9490345,40.8232597],[-73.9489229,40.8232126]]},"properties":{"kind":"sidewalk","major":false}},{"type":"Feature","geometry":{"type":"LineString","coordinates":[[-73.9491759,40.8233193],[-73.9495486,40.8228099]]},"properties":{"kind":"sidewalk","major":false}},{"type":"Feature","geometry":{"type":"LineString","coordinates":[[-73.9492822,40.8226978],[-73.9489229,40.8232126]]},"properties":{"kind":"sidewalk","major":false}},{"type":"Feature","geometry":{"type":"LineString","coordinates":[[-73.9525997,40.8231313],[-73.9514509,40.8226571]]},"properties":{"kind":"sidewalk","major":false}},{"type":"Feature","geometry":{"type":"LineString","coordinates":[[-73.952123,40.8222588],[-73.9520309,40.8222239],[-73.9519413,40.8221907]]},"properties":{"kind":"sidewalk","major":false}},{"type":"Feature","geometry":{"type":"LineString","coordinates":[[-73.952123,40.8222588],[-73.9514509,40.8226571]]},"properties":{"kind":"sidewalk","major":false}},{"type":"Feature","geometry":{"type":"LineString","coordinates":[[-73.9519413,40.8221907],[-73.9512875,40.822579]]},"properties":{"kind":"sidewalk","major":false}},{"type":"Feature","geometry":{"type":"LineString","coordinates":[[-73.953069,40.8225119],[-73.9522703,40.8221795]]},"properties":{"kind":"sidewalk","major":false}},{"type":"Feature","geometry":{"type":"LineString","coordinates":[[-73.95299,40.8226324],[-73.952123,40.8222588]]},"properties":{"kind":"sidewalk","major":false}},{"type":"Feature","geometry":{"type":"LineString","coordinates":[[-73.9700621,40.7997995],[-73.9700478,40.7998195],[-73.9696769,40.800332]]},"properties":{"kind":"sidewalk","major":false}},{"type":"Feature","geometry":{"type":"LineString","coordinates":[[-73.9694126,40.8002504],[-73.9694294,40.8002273],[-73.9697987,40.7997171],[-73.9698129,40.7996977]]},"properties":{"kind":"sidewalk","major":false}},{"type":"Feature","geometry":{"type":"LineString","coordinates":[[-73.9686301,40.8017491],[-73.9686729,40.8016908],[-73.9687142,40.8016358]]},"properties":{"kind":"sidewalk","major":false}},{"type":"Feature","geometry":{"type":"LineString","coordinates":[[-73.9687071,40.8016002],[-73.9687319,40.8016119],[-73.9700546,40.8021715]]},"properties":{"kind":"sidewalk","major":false}},{"type":"Feature","geometry":{"type":"LineString","coordinates":[[-73.9685904,40.801759],[-73.9686154,40.8017691],[-73.9699354,40.8023336]]},"properties":{"kind":"sidewalk","major":false}},{"type":"Feature","geometry":{"type":"LineString","coordinates":[[-73.9557893,40.8187843],[-73.9554028,40.8192881]]},"properties":{"kind":"sidewalk","major":false}},{"type":"Feature","geometry":{"type":"LineString","coordinates":[[-73.9553253,40.8194065],[-73.9549656,40.8199167]]},"properties":{"kind":"sidewalk","major":false}},{"type":"Feature","geometry":{"type":"LineString","coordinates":[[-73.9865221,40.7716736],[-73.9862067,40.7715445],[-73.9857145,40.7713432]]},"properties":{"kind":"sidewalk","major":false}},{"type":"Feature","geometry":{"type":"LineString","coordinates":[[-73.981521077401,40.77596383928361],[-73.9819173,40.7761282]]},"properties":{"kind":"sidewalk","major":false}},{"type":"Feature","geometry":{"type":"LineString","coordinates":[[-73.9819176,40.7762664],[-73.98144295862447,40.77607083233678]]},"properties":{"kind":"sidewalk","major":false}},{"type":"Feature","geometry":{"type":"LineString","coordinates":[[-73.9668802,40.8074929],[-73.966844,40.8074798],[-73.9650998,40.8067454],[-73.9650591,40.8067289]]},"properties":{"kind":"sidewalk","major":false}},{"type":"Feature","geometry":{"type":"LineString","coordinates":[[-73.9870982,40.7790537],[-73.9870657,40.779046],[-73.9870586,40.7790654]]},"properties":{"kind":"sidewalk","major":false}},{"type":"Feature","geometry":{"type":"LineString","coordinates":[[-73.95105,40.818389],[-73.9517724,40.8180183],[-73.9519639,40.8178044],[-73.9523117,40.8173272]]},"properties":{"kind":"sidewalk","major":false}},{"type":"Feature","geometry":{"type":"LineString","coordinates":[[-73.9557552,40.8143029],[-73.9557933,40.8142513],[-73.9558512,40.814173],[-73.9557583,40.8140627]]},"properties":{"kind":"sidewalk","major":false}},{"type":"Feature","geometry":{"type":"LineString","coordinates":[[-73.95453280942941,40.81292751586346],[-73.9549175,40.8133768],[-73.9549403,40.8134021]]},"properties":{"kind":"sidewalk","major":false}},{"type":"Feature","geometry":{"type":"LineString","coordinates":[[-73.9556721,40.8139602],[-73.955166,40.8134002]]},"properties":{"kind":"sidewalk","major":false}},{"type":"Feature","geometry":{"type":"LineString","coordinates":[[-73.9550771,40.8135662],[-73.9551025,40.8136001],[-73.9551454,40.8136201],[-73.9555678,40.8141169],[-73.9555906,40.8141431]]},"properties":{"kind":"sidewalk","major":false}},{"type":"Feature","geometry":{"type":"LineString","coordinates":[[-73.9556721,40.8139602],[-73.9560928,40.8134059]]},"properties":{"kind":"sidewalk","major":false}},{"type":"Feature","geometry":{"type":"LineString","coordinates":[[-73.9555678,40.8141169],[-73.9553774,40.8143773]]},"properties":{"kind":"sidewalk","major":false}},{"type":"Feature","geometry":{"type":"LineString","coordinates":[[-73.9555969,40.8144695],[-73.9554879,40.8144237],[-73.9553774,40.8143773],[-73.955334,40.814436],[-73.955293,40.8144986],[-73.9554029,40.8145414],[-73.9555147,40.8145835]]},"properties":{"kind":"sidewalk","major":false}},{"type":"Feature","geometry":{"type":"LineString","coordinates":[[-73.9553774,40.8143773],[-73.95391610102038,40.813772172148894]]},"properties":{"kind":"sidewalk","major":false}},{"type":"Feature","geometry":{"type":"LineString","coordinates":[[-73.95383687928808,40.81388067583258],[-73.955293,40.8144986]]},"properties":{"kind":"sidewalk","major":false}},{"type":"Feature","geometry":{"type":"LineString","coordinates":[[-73.9548965,40.8150252],[-73.9549103,40.8150072],[-73.955293,40.8144986]]},"properties":{"kind":"sidewalk","major":false}},{"type":"Feature","geometry":{"type":"LineString","coordinates":[[-73.95337561857961,40.81451242780956],[-73.954828,40.8151199],[-73.9548561,40.8151317]]},"properties":{"kind":"sidewalk","major":false}},{"type":"Feature","geometry":{"type":"LineString","coordinates":[[-73.95345648314878,40.814401674063355],[-73.9549103,40.8150072],[-73.9549401,40.8150197]]},"properties":{"kind":"sidewalk","major":false}},{"type":"Feature","geometry":{"type":"LineString","coordinates":[[-73.9658855,40.7986801],[-73.9659315,40.7986974],[-73.9659548,40.798774],[-73.966581,40.7990371]]},"properties":{"kind":"sidewalk","major":false}},{"type":"Feature","geometry":{"type":"LineString","coordinates":[[-73.9535288,40.8218788],[-73.9535427,40.82186],[-73.9538164,40.8214911],[-73.9538989,40.8213793],[-73.9539827,40.8212658],[-73.9543145,40.8208162],[-73.9543681,40.8207436]]},"properties":{"kind":"sidewalk","major":false}},{"type":"Feature","geometry":{"type":"LineString","coordinates":[[-73.9529701,40.8216641],[-73.9543145,40.8208162]]},"properties":{"kind":"foot","name":"Hamilton Place","bridge":false,"len":135,"major":true}},{"type":"Feature","geometry":{"type":"LineString","coordinates":[[-73.9531005,40.8217165],[-73.9531861,40.821701],[-73.9532594,40.8216933],[-73.9533449,40.8216717],[-73.9534149,40.8216507],[-73.9534324,40.8216455],[-73.9534731,40.821607],[-73.9535159,40.8215716],[-73.9535871,40.8215315],[-73.9536502,40.8214884],[-73.953693,40.8214699],[-73.9537581,40.8214745],[-73.9538164,40.8214911]]},"properties":{"kind":"foot","name":"","bridge":false,"len":67,"major":false}},{"type":"Feature","geometry":{"type":"LineString","coordinates":[[-73.953693,40.8214699],[-73.9537276,40.8214237],[-73.9537642,40.8213914],[-73.9537866,40.8213729],[-73.9538192,40.8213544],[-73.9538518,40.8213575],[-73.9538701,40.8213682],[-73.9538989,40.8213793]]},"properties":{"kind":"foot","name":"","bridge":false,"len":22,"major":false}},{"type":"Feature","geometry":{"type":"LineString","coordinates":[[-73.9529557,40.8217626],[-73.9529903,40.8217342],[-73.9530153,40.8217136]]},"properties":{"kind":"sidewalk","major":false}},{"type":"Feature","geometry":{"type":"LineString","coordinates":[[-73.9543681,40.8207436],[-73.9544028,40.820696],[-73.9544407,40.8206442]]},"properties":{"kind":"sidewalk","major":false}},{"type":"Feature","geometry":{"type":"LineString","coordinates":[[-73.9547468,40.8209021],[-73.9546588,40.8208653],[-73.9544909,40.820795],[-73.9543681,40.8207436]]},"properties":{"kind":"sidewalk","major":false}},{"type":"Feature","geometry":{"type":"LineString","coordinates":[[-73.9548194,40.8208026],[-73.9547812,40.8208549],[-73.9547468,40.8209021]]},"properties":{"kind":"sidewalk","major":false}},{"type":"Feature","geometry":{"type":"LineString","coordinates":[[-73.9543608,40.8214267],[-73.9542802,40.8213924],[-73.9540987,40.8213152],[-73.9539827,40.8212658]]},"properties":{"kind":"sidewalk","major":false}},{"type":"Feature","geometry":{"type":"LineString","coordinates":[[-73.9542837,40.8215316],[-73.9542029,40.8214996],[-73.9540163,40.8214257],[-73.9538989,40.8213793]]},"properties":{"kind":"sidewalk","major":false}},{"type":"Feature","geometry":{"type":"LineString","coordinates":[[-73.9543608,40.8214267],[-73.9547468,40.8209021]]},"properties":{"kind":"sidewalk","major":false}},{"type":"Feature","geometry":{"type":"LineString","coordinates":[[-73.9535427,40.82186],[-73.953513,40.8218369],[-73.9534931,40.8218093],[-73.9534781,40.8217842],[-73.9534748,40.8217691],[-73.9534732,40.821754],[-73.9534715,40.8217377],[-73.9534615,40.8217264],[-73.9534433,40.82171],[-73.953435,40.8217],[-73.9534333,40.8216799],[-73.9534149,40.8216507]]},"properties":{"kind":"foot","name":"","bridge":false,"len":22,"major":false}},{"type":"Feature","geometry":{"type":"LineString","coordinates":[[-73.9522703,40.8221795],[-73.9529292,40.8217831]]},"properties":{"kind":"sidewalk","major":false}},{"type":"Feature","geometry":{"type":"LineString","coordinates":[[-73.9520965,40.8221047],[-73.9527675,40.8217204]]},"properties":{"kind":"sidewalk","major":false}},{"type":"Feature","geometry":{"type":"LineString","coordinates":[[-73.9528903,40.8216321],[-73.9528358,40.8216713],[-73.9527675,40.8217204]]},"properties":{"kind":"sidewalk","major":false}},{"type":"Feature","geometry":{"type":"LineString","coordinates":[[-73.9529292,40.8217831],[-73.9534343,40.822008]]},"properties":{"kind":"sidewalk","major":false}},{"type":"Feature","geometry":{"type":"LineString","coordinates":[[-73.9509098,40.8209289],[-73.9505479,40.8214492]]},"properties":{"kind":"sidewalk","major":false}},{"type":"Feature","geometry":{"type":"LineString","coordinates":[[-73.9505479,40.8214492],[-73.9520965,40.8221047]]},"properties":{"kind":"sidewalk","major":false}},{"type":"Feature","geometry":{"type":"LineString","coordinates":[[-73.9512875,40.822579],[-73.950094,40.82207]]},"properties":{"kind":"sidewalk","major":false}},{"type":"Feature","geometry":{"type":"LineString","coordinates":[[-73.950094,40.82207],[-73.9499478,40.8220091],[-73.9498319,40.8219608]]},"properties":{"kind":"sidewalk","major":false}},{"type":"Feature","geometry":{"type":"LineString","coordinates":[[-73.9498319,40.8219608],[-73.9497936,40.8220141],[-73.9497457,40.8220807]]},"properties":{"kind":"sidewalk","major":false}},{"type":"Feature","geometry":{"type":"LineString","coordinates":[[-73.9497457,40.8220807],[-73.9498612,40.822127],[-73.9500052,40.8221847]]},"properties":{"kind":"sidewalk","major":false}},{"type":"Feature","geometry":{"type":"LineString","coordinates":[[-73.9500052,40.8221847],[-73.9500532,40.8221227],[-73.950094,40.82207]]},"properties":{"kind":"sidewalk","major":false}},{"type":"Feature","geometry":{"type":"LineString","coordinates":[[-73.950094,40.82207],[-73.9504651,40.8215653]]},"properties":{"kind":"sidewalk","major":false}},{"type":"Feature","geometry":{"type":"LineString","coordinates":[[-73.9505479,40.8214492],[-73.9504003,40.8213889],[-73.950295,40.8213459]]},"properties":{"kind":"sidewalk","major":false}},{"type":"Feature","geometry":{"type":"LineString","coordinates":[[-73.9504651,40.8215653],[-73.9519413,40.8221907]]},"properties":{"kind":"sidewalk","major":false}},{"type":"Feature","geometry":{"type":"LineString","coordinates":[[-73.951905,40.819577],[-73.9518702,40.819625],[-73.9518283,40.8196829]]},"properties":{"kind":"sidewalk","major":false}},{"type":"Feature","geometry":{"type":"LineString","coordinates":[[-73.9629266,40.8137266],[-73.9628983,40.8137865]]},"properties":{"kind":"foot","name":"","bridge":false,"len":6,"major":false}},{"type":"Feature","geometry":{"type":"LineString","coordinates":[[-73.9623785,40.8137155],[-73.9625464,40.8137632],[-73.9627646,40.8138248]]},"properties":{"kind":"foot","name":"","bridge":false,"len":34,"major":false}},{"type":"Feature","geometry":{"type":"LineString","coordinates":[[-73.96223,40.8122169],[-73.9622528,40.8122266],[-73.9629643,40.8125217]]},"properties":{"kind":"sidewalk","major":false}},{"type":"Feature","geometry":{"type":"LineString","coordinates":[[-73.961886,40.8163356],[-73.9619144,40.8163665]]},"properties":{"kind":"sidewalk","major":false}},{"type":"Feature","geometry":{"type":"LineString","coordinates":[[-73.9619264,40.8163796],[-73.9618251,40.8164329]]},"properties":{"kind":"sidewalk","major":false}},{"type":"Feature","geometry":{"type":"LineString","coordinates":[[-73.9651456,40.8059499],[-73.9626409,40.8048795],[-73.9626083,40.8048661]]},"properties":{"kind":"sidewalk","major":false}},{"type":"Feature","geometry":{"type":"LineString","coordinates":[[-73.9613908,40.8061295],[-73.9613753,40.8061511],[-73.9613696,40.8061619],[-73.9609867,40.8066848],[-73.9609688,40.8067094]]},"properties":{"kind":"sidewalk","major":false}},{"type":"Feature","geometry":{"type":"LineString","coordinates":[[-73.9618554,40.8055032],[-73.9618381,40.8055267],[-73.9617831,40.8056013],[-73.9614614,40.8060357],[-73.961444,40.8060596]]},"properties":{"kind":"sidewalk","major":false}},{"type":"Feature","geometry":{"type":"LineString","coordinates":[[-73.9618695,40.8055405],[-73.9619677,40.805582],[-73.9620611,40.8056217]]},"properties":{"kind":"sidewalk","major":false}},{"type":"Feature","geometry":{"type":"LineString","coordinates":[[-73.9840485,40.7736668],[-73.9840811,40.7737552],[-73.9839833,40.7738905]]},"properties":{"kind":"foot","name":"The President\u2019s Bridge","bridge":true,"len":22,"major":true}},{"type":"Feature","geometry":{"type":"LineString","coordinates":[[-73.9924199,40.7708709],[-73.9920403,40.771389]]},"properties":{"kind":"sidewalk","major":false}},{"type":"Feature","geometry":{"type":"LineString","coordinates":[[-73.9923015,40.770821],[-73.9921291,40.7710591],[-73.9919251,40.7713406]]},"properties":{"kind":"sidewalk","major":false}},{"type":"Feature","geometry":{"type":"LineString","coordinates":[[-73.99107,40.7709816],[-73.991089,40.7709897]]},"properties":{"kind":"sidewalk","major":false}},{"type":"Feature","geometry":{"type":"LineString","coordinates":[[-73.9908185,40.7708757],[-73.9908444,40.7708871]]},"properties":{"kind":"sidewalk","major":false}},{"type":"Feature","geometry":{"type":"LineString","coordinates":[[-73.99107,40.7709816],[-73.9909516,40.770932],[-73.9908444,40.7708871]]},"properties":{"kind":"sidewalk","major":false}},{"type":"Feature","geometry":{"type":"LineString","coordinates":[[-73.9909383,40.7750312],[-73.9908194,40.7749818],[-73.990725,40.7749427]]},"properties":{"kind":"sidewalk","major":false}},{"type":"Feature","geometry":{"type":"LineString","coordinates":[[-73.990725,40.7749427],[-73.9906709,40.7749874],[-73.9905932,40.7750516]]},"properties":{"kind":"sidewalk","major":false}},{"type":"Feature","geometry":{"type":"LineString","coordinates":[[-73.9511407,40.8226676],[-73.9504772,40.8230499]]},"properties":{"kind":"sidewalk","major":false}},{"type":"Feature","geometry":{"type":"LineString","coordinates":[[-73.9491759,40.8233193],[-73.9496692,40.8235344]]},"properties":{"kind":"sidewalk","major":false}},{"type":"Feature","geometry":{"type":"LineString","coordinates":[[-73.9496692,40.8235344],[-73.9503308,40.8231453]]},"properties":{"kind":"sidewalk","major":false}},{"type":"Feature","geometry":{"type":"LineString","coordinates":[[-73.9496692,40.8235344],[-73.949607,40.8235748],[-73.9495357,40.8236198],[-73.9496176,40.823652],[-73.949721,40.8236931],[-73.9497882,40.8236514],[-73.9498573,40.8236106],[-73.9497574,40.8235687],[-73.9496692,40.8235344]]},"properties":{"kind":"sidewalk","major":false}},{"type":"Feature","geometry":{"type":"LineString","coordinates":[[-73.9498573,40.8236106],[-73.9505183,40.8232121]]},"properties":{"kind":"sidewalk","major":false}},{"type":"Feature","geometry":{"type":"LineString","coordinates":[[-73.9505183,40.8232121],[-73.9520748,40.8238744]]},"properties":{"kind":"sidewalk","major":false}},{"type":"Feature","geometry":{"type":"LineString","coordinates":[[-73.9489229,40.8232126],[-73.9477463,40.8227169]]},"properties":{"kind":"sidewalk","major":false}},{"type":"Feature","geometry":{"type":"LineString","coordinates":[[-73.9477463,40.8227169],[-73.9481169,40.8222093]]},"properties":{"kind":"sidewalk","major":false}},{"type":"Feature","geometry":{"type":"LineString","coordinates":[[-73.9481169,40.8222093],[-73.9492822,40.8226978]]},"properties":{"kind":"sidewalk","major":false}},{"type":"Feature","geometry":{"type":"LineString","coordinates":[[-73.9496368,40.8226897],[-73.9500052,40.8221847]]},"properties":{"kind":"sidewalk","major":false}},{"type":"Feature","geometry":{"type":"LineString","coordinates":[[-73.9500052,40.8221847],[-73.9511407,40.8226676]]},"properties":{"kind":"sidewalk","major":false}},{"type":"Feature","geometry":{"type":"LineString","coordinates":[[-73.9497457,40.8220807],[-73.9493704,40.8225777]]},"properties":{"kind":"sidewalk","major":false}},{"type":"Feature","geometry":{"type":"LineString","coordinates":[[-73.9490947,40.8234295],[-73.9495357,40.8236198]]},"properties":{"kind":"sidewalk","major":false}},{"type":"Feature","geometry":{"type":"LineString","coordinates":[[-73.9498573,40.8236106],[-73.9516965,40.8243889]]},"properties":{"kind":"sidewalk","major":false}},{"type":"Feature","geometry":{"type":"LineString","coordinates":[[-73.9516965,40.8243889],[-73.9520748,40.8238744]]},"properties":{"kind":"sidewalk","major":false}},{"type":"Feature","geometry":{"type":"LineString","coordinates":[[-73.9495357,40.8236198],[-73.9488698,40.8240108]]},"properties":{"kind":"sidewalk","major":false}},{"type":"Feature","geometry":{"type":"LineString","coordinates":[[-73.9488698,40.8240108],[-73.9487192,40.8239437]]},"properties":{"kind":"sidewalk","major":false}},{"type":"Feature","geometry":{"type":"LineString","coordinates":[[-73.9487192,40.8239437],[-73.9490947,40.8234295]]},"properties":{"kind":"sidewalk","major":false}},{"type":"Feature","geometry":{"type":"LineString","coordinates":[[-73.9525325,40.8239176],[-73.9543378,40.8246843]]},"properties":{"kind":"sidewalk","major":false}},{"type":"Feature","geometry":{"type":"LineString","coordinates":[[-73.9543378,40.8246843],[-73.9547192,40.8241702]]},"properties":{"kind":"sidewalk","major":false}},{"type":"Feature","geometry":{"type":"LineString","coordinates":[[-73.9548039,40.8240653],[-73.9552282,40.8235631]]},"properties":{"kind":"sidewalk","major":false}},{"type":"Feature","geometry":{"type":"LineString","coordinates":[[-73.9552953,40.8234434],[-73.9555627,40.8229503]]},"properties":{"kind":"sidewalk","major":false}},{"type":"Feature","geometry":{"type":"LineString","coordinates":[[-73.955662,40.8227569],[-73.9556978,40.8226874],[-73.9558031,40.8224995],[-73.9559363,40.8223121],[-73.9559837,40.8222489]]},"properties":{"kind":"sidewalk","major":false}},{"type":"Feature","geometry":{"type":"LineString","coordinates":[[-73.9555627,40.8229503],[-73.9555807,40.822917],[-73.9556549,40.8227708],[-73.955662,40.8227569]]},"properties":{"kind":"sidewalk","major":false}},{"type":"Feature","geometry":{"type":"LineString","coordinates":[[-73.9542837,40.8215316],[-73.9539169,40.8220415]]},"properties":{"kind":"sidewalk","major":false}},{"type":"Feature","geometry":{"type":"LineString","coordinates":[[-73.9631466,40.8035894],[-73.9631581,40.8036046],[-73.9631925,40.8036313],[-73.9632167,40.8036379],[-73.9632563,40.8036348]]},"properties":{"kind":"foot","name":"","bridge":false,"len":11,"major":false}},{"type":"Feature","geometry":{"type":"LineString","coordinates":[[-73.9623669,40.8048003],[-73.96234,40.8048378],[-73.962314,40.8048742]]},"properties":{"kind":"sidewalk","major":false}},{"type":"Feature","geometry":{"type":"LineString","coordinates":[[-73.9623313,40.804911],[-73.9622989,40.8048937],[-73.9614277,40.8045233],[-73.9609401,40.804316],[-73.9608828,40.8042917],[-73.96084866916154,40.80427718688688]]},"properties":{"kind":"sidewalk","major":false}},{"type":"Feature","geometry":{"type":"LineString","coordinates":[[-73.9640625,40.8029504],[-73.964051,40.8029682]]},"properties":{"kind":"sidewalk","major":false}},{"type":"Feature","geometry":{"type":"LineString","coordinates":[[-73.9639491,40.8028993],[-73.9639029,40.8028747],[-73.9638347,40.8028397]]},"properties":{"kind":"sidewalk","major":false}},{"type":"Feature","geometry":{"type":"LineString","coordinates":[[-73.9638347,40.8028397],[-73.9637896,40.8028207],[-73.9637671,40.8028501]]},"properties":{"kind":"sidewalk","major":false}},{"type":"Feature","geometry":{"type":"LineString","coordinates":[[-73.9628658,40.8041724],[-73.962835,40.8041599]]},"properties":{"kind":"sidewalk","major":false}},{"type":"Feature","geometry":{"type":"LineString","coordinates":[[-73.9627855,40.8042822],[-73.9627571,40.8042709]]},"properties":{"kind":"sidewalk","major":false}},{"type":"Feature","geometry":{"type":"LineString","coordinates":[[-73.9630078,40.8043709],[-73.962977,40.8043588]]},"properties":{"kind":"sidewalk","major":false}},{"type":"Feature","geometry":{"type":"LineString","coordinates":[[-73.9630936,40.8042656],[-73.96306,40.8042523]]},"properties":{"kind":"sidewalk","major":false}},{"type":"Feature","geometry":{"type":"LineString","coordinates":[[-73.9559936,40.8261278],[-73.9560278,40.8261182]]},"properties":{"kind":"foot","name":"","bridge":false,"len":3,"major":false}},{"type":"Feature","geometry":{"type":"LineString","coordinates":[[-73.9558795,40.8261599],[-73.9559936,40.8261278]]},"properties":{"kind":"foot","name":"","bridge":false,"len":10,"major":false}},{"type":"Feature","geometry":{"type":"LineString","coordinates":[[-73.956365,40.8262853],[-73.9560387,40.8261591],[-73.9560278,40.8261182],[-73.9560172,40.826078],[-73.9562693,40.8256883],[-73.9566542,40.8258385],[-73.956365,40.8262853]]},"properties":{"kind":"foot","name":"","bridge":false,"len":157,"major":false}},{"type":"Feature","geometry":{"type":"LineString","coordinates":[[-73.9564135,40.8263986],[-73.9563971,40.8263602]]},"properties":{"kind":"foot","name":"","bridge":false,"len":4,"major":false}},{"type":"Feature","geometry":{"type":"LineString","coordinates":[[-73.9563971,40.8263602],[-73.956365,40.8262853]]},"properties":{"kind":"foot","name":"","bridge":false,"len":7,"major":false}},{"type":"Feature","geometry":{"type":"LineString","coordinates":[[-73.9641048,40.8080926],[-73.9641235,40.808069],[-73.9641519,40.8080326]]},"properties":{"kind":"sidewalk","major":false}},{"type":"Feature","geometry":{"type":"LineString","coordinates":[[-73.963786,40.8081099],[-73.9637334,40.8080808],[-73.9636717,40.808048]]},"properties":{"kind":"sidewalk","major":false}},{"type":"Feature","geometry":{"type":"LineString","coordinates":[[-73.9634554,40.808264],[-73.9635972,40.8080681],[-73.9636275,40.8080263]]},"properties":{"kind":"sidewalk","major":false}},{"type":"Feature","geometry":{"type":"LineString","coordinates":[[-73.9638098,40.8078644],[-73.9638708,40.8078886],[-73.9639307,40.8079124]]},"properties":{"kind":"sidewalk","major":false}},{"type":"Feature","geometry":{"type":"LineString","coordinates":[[-73.9636457,40.8080012],[-73.9636899,40.8079401],[-73.9637227,40.8078947]]},"properties":{"kind":"sidewalk","major":false}},{"type":"Feature","geometry":{"type":"LineString","coordinates":[[-73.9640041,40.8079415],[-73.9639307,40.8079124]]},"properties":{"kind":"foot","name":"","bridge":false,"len":7,"major":false}},{"type":"Feature","geometry":{"type":"LineString","coordinates":[[-73.9637603,40.8078429],[-73.9638098,40.8078644]]},"properties":{"kind":"sidewalk","major":false}},{"type":"Feature","geometry":{"type":"LineString","coordinates":[[-73.9639948,40.8081851],[-73.9639191,40.8081592],[-73.9638584,40.8081401]]},"properties":{"kind":"sidewalk","major":false}},{"type":"Feature","geometry":{"type":"LineString","coordinates":[[-73.9636275,40.8080263],[-73.9636717,40.808048]]},"properties":{"kind":"sidewalk","major":false}},{"type":"Feature","geometry":{"type":"LineString","coordinates":[[-73.9647575,40.8085145],[-73.9648117,40.8085359],[-73.9648862,40.8085663]]},"properties":{"kind":"sidewalk","major":false}},{"type":"Feature","geometry":{"type":"LineString","coordinates":[[-73.9836348,40.7760326],[-73.9836579,40.7760424]]},"properties":{"kind":"sidewalk","major":false}},{"type":"Feature","geometry":{"type":"LineString","coordinates":[[-73.9835799,40.7760093],[-73.9836348,40.7760326]]},"properties":{"kind":"foot","name":"","bridge":false,"len":5,"major":false}},{"type":"Feature","geometry":{"type":"LineString","coordinates":[[-73.9835752,40.7761579],[-73.9835529,40.7761482]]},"properties":{"kind":"sidewalk","major":false}},{"type":"Feature","geometry":{"type":"LineString","coordinates":[[-73.9835529,40.7761482],[-73.9834941,40.7761227]]},"properties":{"kind":"foot","name":"","bridge":false,"len":5,"major":false}},{"type":"Feature","geometry":{"type":"LineString","coordinates":[[-73.9872938,40.7768829],[-73.9869117,40.7767253]]},"properties":{"kind":"foot","name":"","bridge":false,"len":35,"major":false}},{"type":"Feature","geometry":{"type":"LineString","coordinates":[[-73.9876642,40.7764905],[-73.9877044,40.7764367]]},"properties":{"kind":"foot","name":"","bridge":false,"len":6,"major":false}},{"type":"Feature","geometry":{"type":"LineString","coordinates":[[-73.9899024,40.7762309],[-73.9898951,40.7762403],[-73.9898809,40.7762596],[-73.9898558,40.7762934],[-73.9898427,40.7763112],[-73.9898303,40.7763279],[-73.9897689,40.7764105]]},"properties":{"kind":"foot","name":"","bridge":false,"len":19,"major":false}},{"type":"Feature","geometry":{"type":"LineString","coordinates":[[-73.9524448,40.8240339],[-73.9520857,40.8245521]]},"properties":{"kind":"sidewalk","major":false}},{"type":"Feature","geometry":{"type":"LineString","coordinates":[[-73.9520857,40.8245521],[-73.9536914,40.8252247]]},"properties":{"kind":"sidewalk","major":false}},{"type":"Feature","geometry":{"type":"LineString","coordinates":[[-73.9536914,40.8252247],[-73.9542263,40.8247833]]},"properties":{"kind":"sidewalk","major":false}},{"type":"Feature","geometry":{"type":"LineString","coordinates":[[-73.9542263,40.8247833],[-73.9524448,40.8240339]]},"properties":{"kind":"sidewalk","major":false}},{"type":"Feature","geometry":{"type":"LineString","coordinates":[[-73.9543378,40.8246843],[-73.954299,40.8247188],[-73.9542263,40.8247833]]},"properties":{"kind":"sidewalk","major":false}},{"type":"Feature","geometry":{"type":"LineString","coordinates":[[-73.9536914,40.8252247],[-73.953615,40.8252723],[-73.9535491,40.8253133]]},"properties":{"kind":"sidewalk","major":false}},{"type":"Feature","geometry":{"type":"LineString","coordinates":[[-73.9520857,40.8245521],[-73.9519959,40.8245146],[-73.951799,40.8244318],[-73.9516965,40.8243889]]},"properties":{"kind":"sidewalk","major":false}},{"type":"Feature","geometry":{"type":"LineString","coordinates":[[-73.9520857,40.8245521],[-73.9520476,40.8246062],[-73.952005,40.8246664]]},"properties":{"kind":"sidewalk","major":false}},{"type":"Feature","geometry":{"type":"LineString","coordinates":[[-73.952005,40.8246664],[-73.9519129,40.824628],[-73.9517161,40.8245451],[-73.9516144,40.8245006]]},"properties":{"kind":"sidewalk","major":false}},{"type":"Feature","geometry":{"type":"LineString","coordinates":[[-73.9516144,40.8245006],[-73.9516572,40.8244423],[-73.9516965,40.8243889]]},"properties":{"kind":"sidewalk","major":false}},{"type":"Feature","geometry":{"type":"LineString","coordinates":[[-73.952005,40.8246664],[-73.9535491,40.8253133]]},"properties":{"kind":"sidewalk","major":false}},{"type":"Feature","geometry":{"type":"LineString","coordinates":[[-73.952005,40.8246664],[-73.951637,40.8251716]]},"properties":{"kind":"sidewalk","major":false}},{"type":"Feature","geometry":{"type":"LineString","coordinates":[[-73.951637,40.8251716],[-73.952944,40.8257249]]},"properties":{"kind":"sidewalk","major":false}},{"type":"Feature","geometry":{"type":"LineString","coordinates":[[-73.952944,40.8257249],[-73.9530414,40.8256305],[-73.9531069,40.8255758],[-73.9532078,40.8255],[-73.9533592,40.8254133],[-73.9535491,40.8253133]]},"properties":{"kind":"sidewalk","major":false}},{"type":"Feature","geometry":{"type":"LineString","coordinates":[[-73.9516144,40.8245006],[-73.949721,40.8236931]]},"properties":{"kind":"sidewalk","major":false}},{"type":"Feature","geometry":{"type":"LineString","coordinates":[[-73.949721,40.8236931],[-73.9490467,40.8240834]]},"properties":{"kind":"sidewalk","major":false}},{"type":"Feature","geometry":{"type":"LineString","coordinates":[[-73.9490467,40.8240834],[-73.9512367,40.8250019]]},"properties":{"kind":"sidewalk","major":false}},{"type":"Feature","geometry":{"type":"LineString","coordinates":[[-73.9512367,40.8250019],[-73.9516144,40.8245006]]},"properties":{"kind":"sidewalk","major":false}},{"type":"Feature","geometry":{"type":"LineString","coordinates":[[-73.951637,40.8251716],[-73.9515457,40.825132],[-73.951349,40.8250484],[-73.9512367,40.8250019]]},"properties":{"kind":"sidewalk","major":false}},{"type":"Feature","geometry":{"type":"LineString","coordinates":[[-73.9512367,40.8250019],[-73.9511967,40.8250564],[-73.9511479,40.825124]]},"properties":{"kind":"sidewalk","major":false}},{"type":"Feature","geometry":{"type":"LineString","coordinates":[[-73.9511479,40.825124],[-73.9512588,40.8251711],[-73.951458,40.8252517],[-73.9515528,40.8252902]]},"properties":{"kind":"sidewalk","major":false}},{"type":"Feature","geometry":{"type":"LineString","coordinates":[[-73.9515528,40.8252902],[-73.9515987,40.8252253],[-73.951637,40.8251716]]},"properties":{"kind":"sidewalk","major":false}},{"type":"Feature","geometry":{"type":"LineString","coordinates":[[-73.9490467,40.8240834],[-73.9489491,40.8240434],[-73.9488698,40.8240108]]},"properties":{"kind":"sidewalk","major":false}},{"type":"Feature","geometry":{"type":"LineString","coordinates":[[-73.952944,40.8257249],[-73.9529047,40.8257741],[-73.9528603,40.8258298]]},"properties":{"kind":"sidewalk","major":false}},{"type":"Feature","geometry":{"type":"LineString","coordinates":[[-73.9531702,40.8258139],[-73.9531247,40.8257896],[-73.9530312,40.8257529],[-73.952944,40.8257249]]},"properties":{"kind":"sidewalk","major":false}},{"type":"Feature","geometry":{"type":"LineString","coordinates":[[-73.9522874,40.8270772],[-73.9524015,40.8269123],[-73.9526188,40.8266322],[-73.9526688,40.8265685],[-73.9527421,40.8264779],[-73.9528534,40.8263633],[-73.9530184,40.8262242],[-73.9531834,40.8260994],[-73.9533081,40.8259908],[-73.9533671,40.825922]]},"properties":{"kind":"foot","name":"","bridge":false,"len":135,"major":false}},{"type":"Feature","geometry":{"type":"LineString","coordinates":[[-73.9533671,40.825922],[-73.9534465,40.8259647]]},"properties":{"kind":"foot","name":"","bridge":false,"len":8,"major":false}},{"type":"Feature","geometry":{"type":"LineString","coordinates":[[-73.9534792,40.8259801],[-73.9536263,40.8260528],[-73.954149,40.8254926],[-73.9553126,40.8242505],[-73.9553564,40.8241552],[-73.9553807,40.82406],[-73.9554407,40.8239351],[-73.9555525,40.8237131]]},"properties":{"kind":"foot","name":"","bridge":false,"len":274,"major":true}},{"type":"Feature","geometry":{"type":"LineString","coordinates":[[-73.9528603,40.8258298],[-73.9515528,40.8252902]]},"properties":{"kind":"sidewalk","major":false}},{"type":"Feature","geometry":{"type":"LineString","coordinates":[[-73.9515528,40.8252902],[-73.9511846,40.8257965]]},"properties":{"kind":"sidewalk","major":false}},{"type":"Feature","geometry":{"type":"LineString","coordinates":[[-73.9511846,40.8257965],[-73.9524477,40.8263335],[-73.9524778,40.8263384]]},"properties":{"kind":"sidewalk","major":false}},{"type":"Feature","geometry":{"type":"LineString","coordinates":[[-73.9524332,40.8263496],[-73.9524477,40.8263335],[-73.9528603,40.8258298]]},"properties":{"kind":"sidewalk","major":false}},{"type":"Feature","geometry":{"type":"LineString","coordinates":[[-73.9511479,40.825124],[-73.9489198,40.8241653]]},"properties":{"kind":"sidewalk","major":false}},{"type":"Feature","geometry":{"type":"LineString","coordinates":[[-73.9489198,40.8241653],[-73.9482588,40.8245638]]},"properties":{"kind":"sidewalk","major":false}},{"type":"Feature","geometry":{"type":"LineString","coordinates":[[-73.9482588,40.8245638],[-73.9507845,40.8256349]]},"properties":{"kind":"sidewalk","major":false}},{"type":"Feature","geometry":{"type":"LineString","coordinates":[[-73.9507845,40.8256349],[-73.9507932,40.8256227],[-73.9511479,40.825124]]},"properties":{"kind":"sidewalk","major":false}},{"type":"Feature","geometry":{"type":"LineString","coordinates":[[-73.9490467,40.8240834],[-73.948982,40.8241257],[-73.9489198,40.8241653]]},"properties":{"kind":"sidewalk","major":false}},{"type":"Feature","geometry":{"type":"LineString","coordinates":[[-73.9488698,40.8240108],[-73.9488072,40.8240523],[-73.9487523,40.8240891]]},"properties":{"kind":"sidewalk","major":false}},{"type":"Feature","geometry":{"type":"LineString","coordinates":[[-73.9487523,40.8240891],[-73.9486396,40.8240461],[-73.9484758,40.8242471],[-73.9484964,40.8242549],[-73.9487523,40.8240891]]},"properties":{"kind":"sidewalk","major":false}},{"type":"Feature","geometry":{"type":"LineString","coordinates":[[-73.9487066,40.8239615],[-73.9486771,40.8239976],[-73.9486477,40.824035]]},"properties":{"kind":"sidewalk","major":false}},{"type":"Feature","geometry":{"type":"LineString","coordinates":[[-73.9487192,40.8239437],[-73.948582,40.8238857],[-73.9484675,40.8238374]]},"properties":{"kind":"sidewalk","major":false}},{"type":"Feature","geometry":{"type":"LineString","coordinates":[[-73.9484675,40.8238374],[-73.9484272,40.8238926],[-73.9483874,40.823947]]},"properties":{"kind":"sidewalk","major":false}},{"type":"Feature","geometry":{"type":"LineString","coordinates":[[-73.9484196,40.8239604],[-73.9485039,40.8239928],[-73.9486219,40.8240389]]},"properties":{"kind":"sidewalk","major":false}},{"type":"Feature","geometry":{"type":"LineString","coordinates":[[-73.9488417,40.8233229],[-73.9484675,40.8238374]]},"properties":{"kind":"sidewalk","major":false}},{"type":"Feature","geometry":{"type":"LineString","coordinates":[[-73.9484675,40.8238374],[-73.9473027,40.8233388]]},"properties":{"kind":"sidewalk","major":false}},{"type":"Feature","geometry":{"type":"LineString","coordinates":[[-73.9473027,40.8233388],[-73.9476633,40.8228316]]},"properties":{"kind":"sidewalk","major":false}},{"type":"Feature","geometry":{"type":"LineString","coordinates":[[-73.9476633,40.8228316],[-73.9488417,40.8233229]]},"properties":{"kind":"sidewalk","major":false}},{"type":"Feature","geometry":{"type":"LineString","coordinates":[[-73.9477463,40.8227169],[-73.9477099,40.8227672],[-73.9476633,40.8228316]]},"properties":{"kind":"sidewalk","major":false}},{"type":"Feature","geometry":{"type":"LineString","coordinates":[[-73.9493704,40.8225777],[-73.9482049,40.8220996]]},"properties":{"kind":"sidewalk","major":false}},{"type":"Feature","geometry":{"type":"LineString","coordinates":[[-73.9482049,40.8220996],[-73.9485912,40.821581]]},"properties":{"kind":"sidewalk","major":false}},{"type":"Feature","geometry":{"type":"LineString","coordinates":[[-73.9497457,40.8220807],[-73.9485912,40.821581]]},"properties":{"kind":"sidewalk","major":false}},{"type":"Feature","geometry":{"type":"LineString","coordinates":[[-73.9486636,40.8214782],[-73.9486294,40.8215285],[-73.9485912,40.821581],[-73.9484928,40.8215397],[-73.9484024,40.8214995],[-73.9484412,40.8214479],[-73.9484783,40.8213996],[-73.9485789,40.8214423],[-73.9486636,40.8214782]]},"properties":{"kind":"sidewalk","major":false}},{"type":"Feature","geometry":{"type":"LineString","coordinates":[[-73.9481169,40.8222093],[-73.9481698,40.8221433],[-73.9482049,40.8220996],[-73.9481145,40.8220587],[-73.9480271,40.8220193],[-73.9479912,40.8220688],[-73.9479439,40.8221342],[-73.9480332,40.822173],[-73.9481169,40.8222093]]},"properties":{"kind":"sidewalk","major":false}},{"type":"Feature","geometry":{"type":"LineString","coordinates":[[-73.9479439,40.8221342],[-73.94784230599797,40.822090964412894]]},"properties":{"kind":"sidewalk","major":false}},{"type":"Feature","geometry":{"type":"LineString","coordinates":[[-73.94609400717877,40.824485469765584],[-73.9461967,40.8245298]]},"properties":{"kind":"sidewalk","major":false}},{"type":"Feature","geometry":{"type":"LineString","coordinates":[[-73.9461967,40.8245298],[-73.9465854,40.8240067]]},"properties":{"kind":"sidewalk","major":false}},{"type":"Feature","geometry":{"type":"LineString","coordinates":[[-73.9465854,40.8240067],[-73.94647735799276,40.82396042475268]]},"properties":{"kind":"sidewalk","major":false}},{"type":"Feature","geometry":{"type":"LineString","coordinates":[[-73.9465854,40.8240067],[-73.9466318,40.823942],[-73.9466678,40.8238918],[-73.946761,40.8239328],[-73.9468458,40.8239701],[-73.946811,40.8240181],[-73.9467646,40.8240822],[-73.9466784,40.8240459],[-73.9465854,40.8240067]]},"properties":{"kind":"sidewalk","major":false}},{"type":"Feature","geometry":{"type":"LineString","coordinates":[[-73.9466678,40.8238918],[-73.947489,40.8227605],[-73.9475756,40.8226413],[-73.9479439,40.8221342]]},"properties":{"kind":"sidewalk","major":false}},{"type":"Feature","geometry":{"type":"LineString","coordinates":[[-73.9476633,40.8228316],[-73.9475904,40.8228018],[-73.947489,40.8227605]]},"properties":{"kind":"sidewalk","major":false}},{"type":"Feature","geometry":{"type":"LineString","coordinates":[[-73.9477463,40.8227169],[-73.9476751,40.8226854],[-73.9475756,40.8226413]]},"properties":{"kind":"sidewalk","major":false}},{"type":"Feature","geometry":{"type":"LineString","coordinates":[[-73.94655951297142,40.823847903635595],[-73.9466678,40.8238918]]},"properties":{"kind":"sidewalk","major":false}},{"type":"Feature","geometry":{"type":"LineString","coordinates":[[-73.9473027,40.8233388],[-73.9472563,40.8234006],[-73.9472224,40.8234456]]},"properties":{"kind":"sidewalk","major":false}},{"type":"Feature","geometry":{"type":"LineString","coordinates":[[-73.9472224,40.8234456],[-73.9468458,40.8239701]]},"properties":{"kind":"sidewalk","major":false}},{"type":"Feature","geometry":{"type":"LineString","coordinates":[[-73.9468458,40.8239701],[-73.9480028,40.8244586]]},"properties":{"kind":"sidewalk","major":false}},{"type":"Feature","geometry":{"type":"LineString","coordinates":[[-73.9480028,40.8244586],[-73.9483874,40.823947]]},"properties":{"kind":"sidewalk","major":false}},{"type":"Feature","geometry":{"type":"LineString","coordinates":[[-73.9483874,40.823947],[-73.9472224,40.8234456]]},"properties":{"kind":"sidewalk","major":false}},{"type":"Feature","geometry":{"type":"LineString","coordinates":[[-73.9467646,40.8240822],[-73.9463736,40.8246009]]},"properties":{"kind":"sidewalk","major":false}},{"type":"Feature","geometry":{"type":"LineString","coordinates":[[-73.9463736,40.8246009],[-73.947544,40.8250906]]},"properties":{"kind":"sidewalk","major":false}},{"type":"Feature","geometry":{"type":"LineString","coordinates":[[-73.947544,40.8250906],[-73.947924,40.8245682]]},"properties":{"kind":"sidewalk","major":false}},{"type":"Feature","geometry":{"type":"LineString","coordinates":[[-73.947924,40.8245682],[-73.9467646,40.8240822]]},"properties":{"kind":"sidewalk","major":false}},{"type":"Feature","geometry":{"type":"LineString","coordinates":[[-73.9672986,40.8061778],[-73.9673604,40.806162],[-73.9674064,40.8061514]]},"properties":{"kind":"sidewalk","major":false}},{"type":"Feature","geometry":{"type":"LineString","coordinates":[[-73.9897106,40.7728469],[-73.9896029,40.7728095]]},"properties":{"kind":"sidewalk","major":false}},{"type":"Feature","geometry":{"type":"LineString","coordinates":[[-73.9896029,40.7728095],[-73.9895845,40.7728031],[-73.9895745,40.7727996]]},"properties":{"kind":"foot","name":"","bridge":false,"len":3,"major":false}},{"type":"Feature","geometry":{"type":"LineString","coordinates":[[-73.988952,40.7735159],[-73.9889071,40.7734982]]},"properties":{"kind":"sidewalk","major":false}},{"type":"Feature","geometry":{"type":"LineString","coordinates":[[-73.98683,40.7716519],[-73.986855,40.771662]]},"properties":{"kind":"sidewalk","major":false}},{"type":"Feature","geometry":{"type":"LineString","coordinates":[[-73.9867672,40.7716263],[-73.98683,40.7716519]]},"properties":{"kind":"foot","name":"","bridge":false,"len":6,"major":false}},{"type":"Feature","geometry":{"type":"LineString","coordinates":[[-73.9867673,40.7717739],[-73.9867483,40.7717661]]},"properties":{"kind":"sidewalk","major":false}},{"type":"Feature","geometry":{"type":"LineString","coordinates":[[-73.9876295,40.7699511],[-73.9876345,40.769952],[-73.9876452,40.7699541],[-73.9876615,40.7699503],[-73.9876757,40.7699441],[-73.9876839,40.769928],[-73.9876894,40.7699026],[-73.987691,40.7698641],[-73.9876823,40.769851],[-73.9876706,40.7698452],[-73.9876508,40.7698464],[-73.9876325,40.7698518],[-73.9876193,40.7698637],[-73.9875949,40.7698983],[-73.9875929,40.7699141],[-73.987598,40.7699295],[-73.9876107,40.7699407],[-73.9876295,40.7699511]]},"properties":{"kind":"foot","name":"","bridge":false,"len":28,"major":false}},{"type":"Feature","geometry":{"type":"LineString","coordinates":[[-73.9875339,40.7700553],[-73.9875136,40.7700538],[-73.9874897,40.77006],[-73.987474,40.7700731],[-73.9874542,40.7700965],[-73.987446,40.7701112],[-73.9874425,40.7701265],[-73.9874486,40.7701396],[-73.9874623,40.770145],[-73.9874811,40.770145],[-73.9874974,40.7701404],[-73.9875182,40.7701354],[-73.9875461,40.7701204],[-73.9875604,40.7701092],[-73.9875665,40.7700938],[-73.9875624,40.7700746],[-73.9875525,40.770066],[-73.9875339,40.7700553]]},"properties":{"kind":"foot","name":"","bridge":false,"len":29,"major":false}},{"type":"Feature","geometry":{"type":"LineString","coordinates":[[-73.9876332,40.770022],[-73.9875962,40.7700066],[-73.9875492,40.769987]]},"properties":{"kind":"foot","name":"","bridge":false,"len":8,"major":false}},{"type":"Feature","geometry":{"type":"LineString","coordinates":[[-73.98642,40.7722586],[-73.9864431,40.772267]]},"properties":{"kind":"sidewalk","major":false}},{"type":"Feature","geometry":{"type":"LineString","coordinates":[[-73.9887751,40.7782847],[-73.9886257,40.7790135],[-73.9885105,40.7795352]]},"properties":{"kind":"foot","name":"","bridge":false,"len":109,"major":false}},{"type":"Feature","geometry":{"type":"LineString","coordinates":[[-73.9852641,40.7785055],[-73.9848964,40.7790261],[-73.9848826,40.7790409]]},"properties":{"kind":"sidewalk","major":false}},{"type":"Feature","geometry":{"type":"LineString","coordinates":[[-73.9826252,40.7770209],[-73.9825412,40.7769886]]},"properties":{"kind":"foot","name":"","bridge":false,"len":8,"major":false}},{"type":"Feature","geometry":{"type":"LineString","coordinates":[[-73.9825404,40.7769771],[-73.9825412,40.7769886],[-73.9825368,40.7769995],[-73.9825277,40.7770087],[-73.982515,40.777015],[-73.9825002,40.7770175],[-73.9824843,40.777016],[-73.982471,40.7770106],[-73.9824608,40.777002],[-73.9824552,40.7769914],[-73.9824547,40.7769799],[-73.9824594,40.776969],[-73.9824685,40.77696],[-73.9824814,40.7769539],[-73.9824962,40.7769515],[-73.9825112,40.776953],[-73.9825246,40.7769584],[-73.9825348,40.7769669],[-73.9825404,40.7769771]]},"properties":{"kind":"foot","name":"","bridge":false,"len":20,"major":false}},{"type":"Feature","geometry":{"type":"LineString","coordinates":[[-73.9824594,40.776969],[-73.9823407,40.776966]]},"properties":{"kind":"foot","name":"","bridge":false,"len":10,"major":false}},{"type":"Feature","geometry":{"type":"LineString","coordinates":[[-73.9801534,40.7804627],[-73.980252,40.7805014],[-73.9803514,40.7805404]]},"properties":{"kind":"sidewalk","major":false}},{"type":"Feature","geometry":{"type":"LineString","coordinates":[[-73.9805299,40.7799405],[-73.98062,40.7799807],[-73.9806669,40.7800016]]},"properties":{"kind":"sidewalk","major":false}},{"type":"Feature","geometry":{"type":"LineString","coordinates":[[-73.9806871,40.7800115],[-73.9806669,40.7800016]]},"properties":{"kind":"foot","name":"","bridge":false,"len":2,"major":false}},{"type":"Feature","geometry":{"type":"LineString","coordinates":[[-73.9818943,40.7788435],[-73.9818834,40.778876]]},"properties":{"kind":"foot","name":"","bridge":false,"len":3,"major":false}},{"type":"Feature","geometry":{"type":"LineString","coordinates":[[-73.9816052,40.7791806],[-73.9816922,40.7791929],[-73.9818101,40.7792084],[-73.9818237,40.7791612]]},"properties":{"kind":"foot","name":"","bridge":false,"len":22,"major":false}},{"type":"Feature","geometry":{"type":"LineString","coordinates":[[-73.9816674,40.7789558],[-73.9817448,40.7789708]]},"properties":{"kind":"foot","name":"","bridge":false,"len":7,"major":false}},{"type":"Feature","geometry":{"type":"LineString","coordinates":[[-73.981548,40.7793871],[-73.9816052,40.7791806],[-73.9816674,40.7789558],[-73.9817175,40.7787746]]},"properties":{"kind":"foot","name":"","bridge":false,"len":54,"major":false}},{"type":"Feature","geometry":{"type":"LineString","coordinates":[[-73.9817851,40.7788009],[-73.9817448,40.7789708],[-73.9816922,40.7791929],[-73.9816377,40.7794228]]},"properties":{"kind":"foot","name":"","bridge":false,"len":54,"major":false}},{"type":"Feature","geometry":{"type":"LineString","coordinates":[[-73.9819492,40.7788455],[-73.9819457,40.7788636]]},"properties":{"kind":"sidewalk","major":false}},{"type":"Feature","geometry":{"type":"LineString","coordinates":[[-73.9816594,40.7787519],[-73.9816881,40.7787631],[-73.9817175,40.7787746],[-73.9817851,40.7788009],[-73.9818943,40.7788435],[-73.9819457,40.7788636],[-73.981974,40.7788746]]},"properties":{"kind":"sidewalk","major":false}},{"type":"Feature","geometry":{"type":"LineString","coordinates":[[-73.9788369,40.7825499],[-73.9788145,40.7825407]]},"properties":{"kind":"foot","name":"","bridge":false,"len":2,"major":false}},{"type":"Feature","geometry":{"type":"LineString","coordinates":[[-73.978882,40.7825685],[-73.9788369,40.7825499]]},"properties":{"kind":"sidewalk","major":false}},{"type":"Feature","geometry":{"type":"LineString","coordinates":[[-73.9445562,40.8296403],[-73.9470941,40.8307114]]},"properties":{"kind":"sidewalk","major":false}},{"type":"Feature","geometry":{"type":"LineString","coordinates":[[-73.9444804,40.8297578],[-73.9469897,40.8308333]]},"properties":{"kind":"sidewalk","major":false}},{"type":"Feature","geometry":{"type":"LineString","coordinates":[[-73.9469897,40.8308333],[-73.9470462,40.8307673],[-73.9470941,40.8307114]]},"properties":{"kind":"sidewalk","major":false}},{"type":"Feature","geometry":{"type":"LineString","coordinates":[[-73.9469897,40.8308333],[-73.9470836,40.8308694],[-73.9471889,40.8309099],[-73.9472948,40.8309527],[-73.9473649,40.830981]]},"properties":{"kind":"sidewalk","major":false}},{"type":"Feature","geometry":{"type":"LineString","coordinates":[[-73.9473944,40.8309838],[-73.9474322,40.8309349],[-73.9474772,40.8308848]]},"properties":{"kind":"sidewalk","major":false}},{"type":"Feature","geometry":{"type":"LineString","coordinates":[[-73.9474673,40.8308663],[-73.9473803,40.8308311],[-73.9473248,40.8308024]]},"properties":{"kind":"sidewalk","major":false}},{"type":"Feature","geometry":{"type":"LineString","coordinates":[[-73.9470941,40.8307114],[-73.9471788,40.830741],[-73.9472571,40.8307648]]},"properties":{"kind":"sidewalk","major":false}},{"type":"Feature","geometry":{"type":"LineString","coordinates":[[-73.9473248,40.8308024],[-73.9472571,40.8307648]]},"properties":{"kind":"sidewalk","major":false}},{"type":"Feature","geometry":{"type":"LineString","coordinates":[[-73.9474673,40.8308663],[-73.9474772,40.8308848],[-73.9474837,40.8308904],[-73.9480495,40.8311285]]},"properties":{"kind":"sidewalk","major":false}},{"type":"Feature","geometry":{"type":"LineString","coordinates":[[-73.947248,40.8311423],[-73.9473649,40.830981],[-73.9473944,40.8309838],[-73.9491887,40.8317445]]},"properties":{"kind":"sidewalk","major":false}},{"type":"Feature","geometry":{"type":"LineString","coordinates":[[-73.949202,40.8316092],[-73.9480495,40.8311285]]},"properties":{"kind":"sidewalk","major":false}},{"type":"Feature","geometry":{"type":"LineString","coordinates":[[-73.9470941,40.8307114],[-73.9474681,40.8302077],[-73.9452108,40.8292409],[-73.9449126,40.8291159],[-73.9445562,40.8296403]]},"properties":{"kind":"sidewalk","major":false}},{"type":"Feature","geometry":{"type":"LineString","coordinates":[[-73.9440975,40.830276],[-73.9466301,40.8313343],[-73.9466615,40.8313471]]},"properties":{"kind":"sidewalk","major":false}},{"type":"Feature","geometry":{"type":"LineString","coordinates":[[-73.9440185,40.8303797],[-73.9442214,40.8304708],[-73.9444194,40.8305594],[-73.9455091,40.8310142],[-73.9455997,40.8310527],[-73.9461102,40.8312655],[-73.9461206,40.8312811],[-73.9461511,40.8312937],[-73.9461751,40.8312932],[-73.946541,40.8314547],[-73.9465651,40.8314648]]},"properties":{"kind":"sidewalk","major":false}},{"type":"Feature","geometry":{"type":"LineString","coordinates":[[-73.9465651,40.8314648],[-73.946633,40.8314929],[-73.9467014,40.831522]]},"properties":{"kind":"sidewalk","major":false}},{"type":"Feature","geometry":{"type":"LineString","coordinates":[[-73.9469445,40.8315996],[-73.9469684,40.8315603],[-73.9469901,40.8315246]]},"properties":{"kind":"sidewalk","major":false}},{"type":"Feature","geometry":{"type":"LineString","coordinates":[[-73.9467919,40.8314056],[-73.9467199,40.8313731],[-73.9466615,40.8313471]]},"properties":{"kind":"sidewalk","major":false}},{"type":"Feature","geometry":{"type":"LineString","coordinates":[[-73.9469837,40.8314886],[-73.947008,40.8314989],[-73.9494971,40.8325537],[-73.9495303,40.8325624],[-73.9495645,40.8325551]]},"properties":{"kind":"sidewalk","major":false}},{"type":"Feature","geometry":{"type":"LineString","coordinates":[[-73.9495787,40.8327453],[-73.9481286,40.8321214],[-73.948044,40.8320861],[-73.9469325,40.8316163],[-73.946898,40.8316022]]},"properties":{"kind":"sidewalk","major":false}},{"type":"Feature","geometry":{"type":"LineString","coordinates":[[-73.9466097,40.8313624],[-73.9465826,40.8313981],[-73.9465544,40.8314365]]},"properties":{"kind":"sidewalk","major":false}},{"type":"Feature","geometry":{"type":"LineString","coordinates":[[-73.9465544,40.8314365],[-73.946541,40.8314547],[-73.9457019,40.8325976],[-73.945685,40.8326212]]},"properties":{"kind":"sidewalk","major":false}},{"type":"Feature","geometry":{"type":"LineString","coordinates":[[-73.9458641,40.8326655],[-73.9459075,40.8326836],[-73.9459652,40.8327089]]},"properties":{"kind":"foot","name":"","bridge":false,"len":9,"major":false}},{"type":"Feature","geometry":{"type":"LineString","coordinates":[[-73.9460766,40.832784],[-73.9460256,40.832852],[-73.946007,40.8328753]]},"properties":{"kind":"sidewalk","major":false}},{"type":"Feature","geometry":{"type":"LineString","coordinates":[[-73.9460585,40.8327461],[-73.9460915,40.8327606],[-73.947176,40.8332129],[-73.9481945,40.8336437],[-73.9485852,40.8338086],[-73.9486804,40.8338487],[-73.9489932,40.8339826]]},"properties":{"kind":"sidewalk","major":false}},{"type":"Feature","geometry":{"type":"LineString","coordinates":[[-73.9460766,40.832784],[-73.9460915,40.8327606],[-73.9461785,40.8326669],[-73.9463779,40.8323857],[-73.9469325,40.8316163],[-73.9469445,40.8315996]]},"properties":{"kind":"sidewalk","major":false}},{"type":"Feature","geometry":{"type":"LineString","coordinates":[[-73.9495787,40.8327453],[-73.9495568,40.8326312],[-73.9495645,40.8325551]]},"properties":{"kind":"sidewalk","major":false}},{"type":"Feature","geometry":{"type":"LineString","coordinates":[[-73.9495787,40.8327453],[-73.949573,40.832792],[-73.9495034,40.8330994],[-73.9493555,40.8335521],[-73.9492493,40.8339095],[-73.9492095,40.8339885],[-73.9491697,40.834051]]},"properties":{"kind":"sidewalk","major":false}},{"type":"Feature","geometry":{"type":"LineString","coordinates":[[-73.9494951,40.8340117],[-73.9495227,40.8339573],[-73.9495458,40.8339053],[-73.9498724,40.8328359],[-73.9498792,40.8327784],[-73.9498669,40.8326215],[-73.9497755,40.8322555]]},"properties":{"kind":"sidewalk","major":false}},{"type":"Feature","geometry":{"type":"LineString","coordinates":[[-73.9498669,40.8326215],[-73.9497705,40.8326085],[-73.9495645,40.8325551]]},"properties":{"kind":"sidewalk","major":false}},{"type":"Feature","geometry":{"type":"LineString","coordinates":[[-73.9498792,40.8327784],[-73.9497797,40.8327731],[-73.9495787,40.8327453]]},"properties":{"kind":"sidewalk","major":false}},{"type":"Feature","geometry":{"type":"LineString","coordinates":[[-73.9495645,40.8325551],[-73.9495231,40.8324462],[-73.9494752,40.8323548],[-73.9493154,40.8321227],[-73.9492802,40.8320643],[-73.9492389,40.8319439],[-73.9492073,40.8318104],[-73.9491887,40.8317445]]},"properties":{"kind":"sidewalk","major":false}},{"type":"Feature","geometry":{"type":"LineString","coordinates":[[-73.9491887,40.8317445],[-73.9492012,40.8316733],[-73.949202,40.8316092]]},"properties":{"kind":"sidewalk","major":false}},{"type":"Feature","geometry":{"type":"LineString","coordinates":[[-73.949202,40.8316092],[-73.9493876,40.831013]]},"properties":{"kind":"sidewalk","major":false}},{"type":"Feature","geometry":{"type":"LineString","coordinates":[[-73.9493876,40.831013],[-73.9478486,40.8303665]]},"properties":{"kind":"sidewalk","major":false}},{"type":"Feature","geometry":{"type":"LineString","coordinates":[[-73.9493876,40.831013],[-73.9494051,40.8309382],[-73.9494211,40.8308696]]},"properties":{"kind":"sidewalk","major":false}},{"type":"Feature","geometry":{"type":"LineString","coordinates":[[-73.9494211,40.8308696],[-73.9496097,40.8302949],[-73.949616,40.8302757]]},"properties":{"kind":"sidewalk","major":false}},{"type":"Feature","geometry":{"type":"LineString","coordinates":[[-73.9493656,40.8342103],[-73.9494405,40.8341054],[-73.9494951,40.8340117]]},"properties":{"kind":"sidewalk","major":false}},{"type":"Feature","geometry":{"type":"LineString","coordinates":[[-73.9563673,40.8273854],[-73.956344,40.8274207],[-73.9563365,40.8274461],[-73.956338,40.8274801],[-73.9563299,40.8275118],[-73.9562358,40.8275491],[-73.9561811,40.8275624],[-73.9560938,40.8275557],[-73.9559265,40.827526],[-73.9558908,40.8274798],[-73.9557979,40.8273133],[-73.9557543,40.8272351]]},"properties":{"kind":"foot","name":"","bridge":false,"len":76,"major":false}},{"type":"Feature","geometry":{"type":"LineString","coordinates":[[-73.9557979,40.8273133],[-73.9557027,40.8272853],[-73.955563,40.8273263],[-73.9555016,40.8272053]]},"properties":{"kind":"foot","name":"","bridge":false,"len":32,"major":false}},{"type":"Feature","geometry":{"type":"LineString","coordinates":[[-73.9556689,40.827587],[-73.955563,40.8273263]]},"properties":{"kind":"foot","name":"","bridge":false,"len":24,"major":false}},{"type":"Feature","geometry":{"type":"LineString","coordinates":[[-73.9551603,40.8270793],[-73.954964,40.8273682]]},"properties":{"kind":"foot","name":"","bridge":false,"len":30,"major":false}},{"type":"Feature","geometry":{"type":"LineString","coordinates":[[-73.9523583,40.8264479],[-73.9523428,40.8264408],[-73.951102,40.825901]]},"properties":{"kind":"sidewalk","major":false}},{"type":"Feature","geometry":{"type":"LineString","coordinates":[[-73.9511623,40.8258131],[-73.9511427,40.8258398],[-73.9511063,40.8258876]]},"properties":{"kind":"sidewalk","major":false}},{"type":"Feature","geometry":{"type":"LineString","coordinates":[[-73.951102,40.825901],[-73.9510738,40.8259014],[-73.9507111,40.8264202],[-73.9506916,40.8264481]]},"properties":{"kind":"sidewalk","major":false}},{"type":"Feature","geometry":{"type":"LineString","coordinates":[[-73.9508516,40.8258096],[-73.9508095,40.8257924],[-73.950735,40.8257619]]},"properties":{"kind":"sidewalk","major":false}},{"type":"Feature","geometry":{"type":"LineString","coordinates":[[-73.9511496,40.8257765],[-73.9510871,40.8257494],[-73.9510385,40.8257283]]},"properties":{"kind":"sidewalk","major":false}},{"type":"Feature","geometry":{"type":"LineString","coordinates":[[-73.9507217,40.8257201],[-73.9507562,40.8256755],[-73.9507757,40.8256503]]},"properties":{"kind":"sidewalk","major":false}},{"type":"Feature","geometry":{"type":"LineString","coordinates":[[-73.9511846,40.8257965],[-73.9511496,40.8257765]]},"properties":{"kind":"foot","name":"","bridge":false,"len":3,"major":false}},{"type":"Feature","geometry":{"type":"LineString","coordinates":[[-73.9506855,40.8257435],[-73.9503152,40.8262548]]},"properties":{"kind":"sidewalk","major":false}},{"type":"Feature","geometry":{"type":"LineString","coordinates":[[-73.9506855,40.8257435],[-73.9506153,40.8257013],[-73.9481801,40.8246735]]},"properties":{"kind":"sidewalk","major":false}},{"type":"Feature","geometry":{"type":"LineString","coordinates":[[-73.9503152,40.8262548],[-73.9478032,40.8251962]]},"properties":{"kind":"sidewalk","major":false}},{"type":"Feature","geometry":{"type":"LineString","coordinates":[[-73.9503635,40.8262739],[-73.9504357,40.8263043],[-73.950495,40.8263293]]},"properties":{"kind":"sidewalk","major":false}},{"type":"Feature","geometry":{"type":"LineString","coordinates":[[-73.9431567,40.8315045],[-73.9430525,40.8314629],[-73.9429702,40.8314269]]},"properties":{"kind":"sidewalk","major":false}},{"type":"Feature","geometry":{"type":"LineString","coordinates":[[-73.9429702,40.8314269],[-73.9429335,40.8314132],[-73.9425204,40.8312593],[-73.9423821,40.8311997],[-73.94170895187005,40.830911541129076]]},"properties":{"kind":"sidewalk","major":false}},{"type":"Feature","geometry":{"type":"LineString","coordinates":[[-73.942908,40.8314486],[-73.9428538,40.8315208],[-73.9427974,40.8315931]]},"properties":{"kind":"sidewalk","major":false}},{"type":"Feature","geometry":{"type":"LineString","coordinates":[[-73.9431627,40.8315551],[-73.9431101,40.8316294],[-73.943059,40.8317017]]},"properties":{"kind":"sidewalk","major":false}},{"type":"Feature","geometry":{"type":"LineString","coordinates":[[-73.9433749,40.830814],[-73.9433533,40.8308437],[-73.9433157,40.8308954]]},"properties":{"kind":"sidewalk","major":false}},{"type":"Feature","geometry":{"type":"LineString","coordinates":[[-73.9435249,40.8309963],[-73.9434146,40.8309538],[-73.9433323,40.8309221]]},"properties":{"kind":"sidewalk","major":false}},{"type":"Feature","geometry":{"type":"LineString","coordinates":[[-73.9436053,40.8308834],[-73.9434975,40.8308405],[-73.9434175,40.8308087]]},"properties":{"kind":"sidewalk","major":false}},{"type":"Feature","geometry":{"type":"LineString","coordinates":[[-73.94231378683234,40.82966293585688],[-73.9437644,40.830269]]},"properties":{"kind":"sidewalk","major":false}},{"type":"Feature","geometry":{"type":"LineString","coordinates":[[-73.949977,40.8294918],[-73.9499512,40.8294809],[-73.9488344,40.8290115]]},"properties":{"kind":"sidewalk","major":false}},{"type":"Feature","geometry":{"type":"LineString","coordinates":[[-73.9499434,40.8295042],[-73.9499512,40.8294809],[-73.9500087,40.8293236],[-73.9502277,40.8289433],[-73.950237,40.8289259]]},"properties":{"kind":"sidewalk","major":false}},{"type":"Feature","geometry":{"type":"LineString","coordinates":[[-73.9502999,40.8288417],[-73.9502743,40.8288738],[-73.950237,40.8289259]]},"properties":{"kind":"sidewalk","major":false}},{"type":"Feature","geometry":{"type":"LineString","coordinates":[[-73.9503113,40.8288224],[-73.9492688,40.828389],[-73.9496475,40.8278714],[-73.9496641,40.8278488]]},"properties":{"kind":"sidewalk","major":false}},{"type":"Feature","geometry":{"type":"LineString","coordinates":[[-73.9492579,40.8284063],[-73.9492404,40.8284356],[-73.9492139,40.8284781]]},"properties":{"kind":"sidewalk","major":false}},{"type":"Feature","geometry":{"type":"LineString","coordinates":[[-73.9496219,40.8278608],[-73.9495708,40.8278375],[-73.9494647,40.827795],[-73.949371,40.8277575],[-73.949289,40.8277242]]},"properties":{"kind":"sidewalk","major":false}},{"type":"Feature","geometry":{"type":"LineString","coordinates":[[-73.9497176,40.8277804],[-73.9496934,40.8278105],[-73.9496641,40.8278488]]},"properties":{"kind":"sidewalk","major":false}},{"type":"Feature","geometry":{"type":"LineString","coordinates":[[-73.9497064,40.8277466],[-73.9496547,40.8277218],[-73.9495498,40.8276772],[-73.9494574,40.8276379],[-73.9493835,40.8276039]]},"properties":{"kind":"sidewalk","major":false}},{"type":"Feature","geometry":{"type":"LineString","coordinates":[[-73.9493273,40.8276141],[-73.9493466,40.8275885],[-73.9497235,40.8270888],[-73.9497389,40.8270684]]},"properties":{"kind":"sidewalk","major":false}},{"type":"Feature","geometry":{"type":"LineString","coordinates":[[-73.950303,40.8262856],[-73.9502498,40.8263549],[-73.9501944,40.826427]]},"properties":{"kind":"sidewalk","major":false}},{"type":"Feature","geometry":{"type":"LineString","coordinates":[[-73.9501944,40.826427],[-73.9501731,40.8264573],[-73.9498092,40.8269694],[-73.949793,40.8269923]]},"properties":{"kind":"sidewalk","major":false}},{"type":"Feature","geometry":{"type":"LineString","coordinates":[[-73.949841,40.8269828],[-73.9499043,40.827016],[-73.9501085,40.8271061],[-73.9501539,40.8271246]]},"properties":{"kind":"sidewalk","major":false}},{"type":"Feature","geometry":{"type":"LineString","coordinates":[[-73.9501539,40.8271246],[-73.9501942,40.8271419],[-73.9507889,40.827397]]},"properties":{"kind":"sidewalk","major":false}},{"type":"Feature","geometry":{"type":"LineString","coordinates":[[-73.9505991,40.8265955],[-73.9505787,40.8266228],[-73.9501942,40.8271419],[-73.950178,40.8271638]]},"properties":{"kind":"sidewalk","major":false}},{"type":"Feature","geometry":{"type":"LineString","coordinates":[[-73.9500836,40.8272421],[-73.9500256,40.8272176],[-73.94992,40.8271723],[-73.9498216,40.8271301],[-73.9497507,40.8271004]]},"properties":{"kind":"sidewalk","major":false}},{"type":"Feature","geometry":{"type":"LineString","coordinates":[[-73.949793,40.8269923],[-73.9497704,40.8270263],[-73.9497389,40.8270684]]},"properties":{"kind":"sidewalk","major":false}},{"type":"Feature","geometry":{"type":"LineString","coordinates":[[-73.949841,40.8269828],[-73.9498092,40.8269694],[-73.9472811,40.8259061]]},"properties":{"kind":"sidewalk","major":false}},{"type":"Feature","geometry":{"type":"LineString","coordinates":[[-73.9497507,40.8271004],[-73.9497235,40.8270888],[-73.9472024,40.8260154]]},"properties":{"kind":"sidewalk","major":false}},{"type":"Feature","geometry":{"type":"LineString","coordinates":[[-73.950495,40.8263293],[-73.9506359,40.8263884],[-73.9506813,40.8264079]]},"properties":{"kind":"sidewalk","major":false}},{"type":"Feature","geometry":{"type":"LineString","coordinates":[[-73.9505381,40.8266061],[-73.9504902,40.8265877],[-73.950282,40.8265062],[-73.9502061,40.8264713]]},"properties":{"kind":"sidewalk","major":false}},{"type":"Feature","geometry":{"type":"LineString","coordinates":[[-73.9506916,40.8264481],[-73.9506414,40.8265213],[-73.9505991,40.8265955]]},"properties":{"kind":"sidewalk","major":false}},{"type":"Feature","geometry":{"type":"LineString","coordinates":[[-73.9506813,40.8264079],[-73.9507111,40.8264202],[-73.9519502,40.8269321],[-73.9523331,40.8264541],[-73.9523428,40.8264408],[-73.9523525,40.8264308]]},"properties":{"kind":"sidewalk","major":false}},{"type":"Feature","geometry":{"type":"LineString","coordinates":[[-73.9524332,40.8263496],[-73.9524024,40.8263832],[-73.9523525,40.8264308]]},"properties":{"kind":"sidewalk","major":false}},{"type":"Feature","geometry":{"type":"LineString","coordinates":[[-73.9524778,40.8263384],[-73.9525319,40.8263662],[-73.9526191,40.8264089],[-73.9527421,40.8264779]]},"properties":{"kind":"sidewalk","major":false}},{"type":"Feature","geometry":{"type":"LineString","coordinates":[[-73.9526688,40.8265685],[-73.9525325,40.82651],[-73.9524438,40.8264728],[-73.9523583,40.8264479]]},"properties":{"kind":"sidewalk","major":false}},{"type":"Feature","geometry":{"type":"LineString","coordinates":[[-73.9499434,40.8295042],[-73.9499316,40.8295452],[-73.9499181,40.8295922]]},"properties":{"kind":"sidewalk","major":false}},{"type":"Feature","geometry":{"type":"LineString","coordinates":[[-73.949977,40.8294918],[-73.9500404,40.829525],[-73.9501217,40.8295676],[-73.9502314,40.8296146]]},"properties":{"kind":"sidewalk","major":false}},{"type":"Feature","geometry":{"type":"LineString","coordinates":[[-73.9502096,40.8297052],[-73.9500938,40.8296723],[-73.9500111,40.8296438],[-73.9499478,40.8296219]]},"properties":{"kind":"sidewalk","major":false}},{"type":"Feature","geometry":{"type":"LineString","coordinates":[[-73.9499478,40.8296219],[-73.9499105,40.8296088],[-73.9498664,40.8295933],[-73.9487514,40.8291258]]},"properties":{"kind":"sidewalk","major":false}},{"type":"Feature","geometry":{"type":"LineString","coordinates":[[-73.9502277,40.8289433],[-73.9492026,40.828494],[-73.9491785,40.8284834]]},"properties":{"kind":"sidewalk","major":false}},{"type":"Feature","geometry":{"type":"LineString","coordinates":[[-73.9491785,40.8284834],[-73.9491136,40.8284589],[-73.9489146,40.8283837],[-73.9488447,40.8283511]]},"properties":{"kind":"sidewalk","major":false}},{"type":"Feature","geometry":{"type":"LineString","coordinates":[[-73.9492539,40.8283827],[-73.9491906,40.8283543],[-73.9490874,40.8283085],[-73.9489981,40.8282689],[-73.948924,40.828234]]},"properties":{"kind":"sidewalk","major":false}},{"type":"Feature","geometry":{"type":"LineString","coordinates":[[-73.9497064,40.8277466],[-73.9497331,40.8277589],[-73.9507722,40.8281983],[-73.9508008,40.828208]]},"properties":{"kind":"sidewalk","major":false}},{"type":"Feature","geometry":{"type":"LineString","coordinates":[[-73.9507563,40.8282203],[-73.9507349,40.8282447],[-73.9506972,40.8282942]]},"properties":{"kind":"sidewalk","major":false}},{"type":"Feature","geometry":{"type":"LineString","coordinates":[[-73.9509606,40.8284223],[-73.9508655,40.8283744],[-73.9507794,40.8283399],[-73.9507252,40.8283176]]},"properties":{"kind":"sidewalk","major":false}},{"type":"Feature","geometry":{"type":"LineString","coordinates":[[-73.9510448,40.828299],[-73.950948,40.8282632],[-73.9508592,40.8282288],[-73.9508008,40.828208]]},"properties":{"kind":"sidewalk","major":false}},{"type":"Feature","geometry":{"type":"LineString","coordinates":[[-73.9511566,40.8276835],[-73.9501112,40.8272535],[-73.9500836,40.8272421]]},"properties":{"kind":"sidewalk","major":false}},{"type":"Feature","geometry":{"type":"LineString","coordinates":[[-73.9501238,40.8272366],[-73.9501112,40.8272535],[-73.9497331,40.8277589],[-73.9497176,40.8277804]]},"properties":{"kind":"sidewalk","major":false}},{"type":"Feature","geometry":{"type":"LineString","coordinates":[[-73.9505381,40.8266061],[-73.9505787,40.8266228],[-73.9509913,40.8267927],[-73.9517751,40.8271358],[-73.9518104,40.8271512]]},"properties":{"kind":"sidewalk","major":false}},{"type":"Feature","geometry":{"type":"LineString","coordinates":[[-73.9517907,40.8271213],[-73.9517751,40.8271358],[-73.9517173,40.8271893],[-73.9515526,40.827317],[-73.9513358,40.8274829],[-73.9512405,40.8275869],[-73.9507889,40.827397]]},"properties":{"kind":"sidewalk","major":false}},{"type":"Feature","geometry":{"type":"LineString","coordinates":[[-73.9512263,40.8275988],[-73.951203,40.8276279],[-73.9511631,40.8276748]]},"properties":{"kind":"sidewalk","major":false}},{"type":"Feature","geometry":{"type":"LineString","coordinates":[[-73.9521237,40.8272151],[-73.9520895,40.8272453],[-73.951608,40.8276135],[-73.951399,40.8278116],[-73.9510448,40.828299],[-73.9509606,40.8284223],[-73.9505916,40.8289402]]},"properties":{"kind":"sidewalk","major":false}},{"type":"Feature","geometry":{"type":"LineString","coordinates":[[-73.9520895,40.8272453],[-73.9520326,40.8272242]]},"properties":{"kind":"sidewalk","major":false}},{"type":"Feature","geometry":{"type":"LineString","coordinates":[[-73.9521886,40.8270423],[-73.952134,40.8270185],[-73.9520405,40.8269756],[-73.9519938,40.8269522]]},"properties":{"kind":"sidewalk","major":false}},{"type":"Feature","geometry":{"type":"LineString","coordinates":[[-73.9522874,40.8270772],[-73.9521886,40.8270423]]},"properties":{"kind":"sidewalk","major":false}},{"type":"Feature","geometry":{"type":"LineString","coordinates":[[-73.9522874,40.8270772],[-73.9522264,40.827158],[-73.9521683,40.827235]]},"properties":{"kind":"sidewalk","major":false}},{"type":"Feature","geometry":{"type":"LineString","coordinates":[[-73.9492675,40.8277015],[-73.9492602,40.827712],[-73.9488957,40.8282221],[-73.9488843,40.828238]]},"properties":{"kind":"sidewalk","major":false}},{"type":"Feature","geometry":{"type":"LineString","coordinates":[[-73.949616,40.8302757],[-73.9496333,40.8302214]]},"properties":{"kind":"sidewalk","major":false}},{"type":"Feature","geometry":{"type":"LineString","coordinates":[[-73.9496537,40.8301749],[-73.9483808,40.8296281]]},"properties":{"kind":"sidewalk","major":false}},{"type":"Feature","geometry":{"type":"LineString","coordinates":[[-73.9496333,40.8302214],[-73.949648,40.8301874]]},"properties":{"kind":"sidewalk","major":false}},{"type":"Feature","geometry":{"type":"LineString","coordinates":[[-73.949648,40.8301874],[-73.9496537,40.8301749],[-73.9499105,40.8296088],[-73.9499181,40.8295922]]},"properties":{"kind":"sidewalk","major":false}},{"type":"Feature","geometry":{"type":"LineString","coordinates":[[-73.9504909,40.8290995],[-73.9504101,40.8292263],[-73.9503766,40.8292825],[-73.9503027,40.8294303],[-73.9502314,40.8296146],[-73.9502096,40.8297052],[-73.9501488,40.8302031],[-73.9501156,40.8304445],[-73.9501011,40.8305213],[-73.9500563,40.8306232],[-73.9499644,40.8307806],[-73.9498815,40.830922]]},"properties":{"kind":"sidewalk","major":false}},{"type":"Feature","geometry":{"type":"LineString","coordinates":[[-73.9483076,40.8297474],[-73.9479277,40.8302535],[-73.9494211,40.8308696]]},"properties":{"kind":"sidewalk","major":false}},{"type":"Feature","geometry":{"type":"LineString","coordinates":[[-73.9481801,40.8246735],[-73.9480436,40.8246173],[-73.947924,40.8245682]]},"properties":{"kind":"sidewalk","major":false}},{"type":"Feature","geometry":{"type":"LineString","coordinates":[[-73.9481801,40.8246735],[-73.9478032,40.8251962]]},"properties":{"kind":"sidewalk","major":false}},{"type":"Feature","geometry":{"type":"LineString","coordinates":[[-73.9478032,40.8251962],[-73.9477326,40.8252954],[-73.9476632,40.8253931]]},"properties":{"kind":"sidewalk","major":false}},{"type":"Feature","geometry":{"type":"LineString","coordinates":[[-73.947404,40.8252875],[-73.9470279,40.8258017]]},"properties":{"kind":"sidewalk","major":false}},{"type":"Feature","geometry":{"type":"LineString","coordinates":[[-73.9472811,40.8259061],[-73.9476632,40.8253931]]},"properties":{"kind":"sidewalk","major":false}},{"type":"Feature","geometry":{"type":"LineString","coordinates":[[-73.9470279,40.8258017],[-73.9471435,40.8258494],[-73.9472811,40.8259061]]},"properties":{"kind":"sidewalk","major":false}},{"type":"Feature","geometry":{"type":"LineString","coordinates":[[-73.9470279,40.8258017],[-73.9458672,40.8253132]]},"properties":{"kind":"sidewalk","major":false}},{"type":"Feature","geometry":{"type":"LineString","coordinates":[[-73.9460654,40.824717],[-73.9456873,40.825241],[-73.94557608211994,40.82519483038061]]},"properties":{"kind":"sidewalk","major":false}},{"type":"Feature","geometry":{"type":"LineString","coordinates":[[-73.9462478,40.8247898],[-73.9458672,40.8253132]]},"properties":{"kind":"sidewalk","major":false}},{"type":"Feature","geometry":{"type":"LineString","coordinates":[[-73.9458672,40.8253132],[-73.9457696,40.825274],[-73.9456873,40.825241],[-73.9456524,40.8252907],[-73.9456098,40.8253514],[-73.9456851,40.8253816],[-73.9457898,40.8254237],[-73.9458303,40.8253658],[-73.9458672,40.8253132]]},"properties":{"kind":"sidewalk","major":false}},{"type":"Feature","geometry":{"type":"LineString","coordinates":[[-73.9469492,40.825911],[-73.9465764,40.8264306]]},"properties":{"kind":"sidewalk","major":false}},{"type":"Feature","geometry":{"type":"LineString","coordinates":[[-73.9462478,40.8247898],[-73.9463066,40.8246947],[-73.9463736,40.8246009],[-73.9462897,40.8245698],[-73.9461967,40.8245298],[-73.9461332,40.8246213],[-73.9460654,40.824717],[-73.9461543,40.8247527],[-73.9462478,40.8247898]]},"properties":{"kind":"sidewalk","major":false}},{"type":"Feature","geometry":{"type":"LineString","coordinates":[[-73.947404,40.8252875],[-73.9462478,40.8247898]]},"properties":{"kind":"sidewalk","major":false}},{"type":"Feature","geometry":{"type":"LineString","coordinates":[[-73.9460654,40.824717],[-73.94595766251906,40.824672210163676]]},"properties":{"kind":"sidewalk","major":false}},{"type":"Feature","geometry":{"type":"LineString","coordinates":[[-73.9675263,40.8061744],[-73.9675147,40.8061754],[-73.9675043,40.8061792],[-73.9674962,40.8061855],[-73.9674916,40.8061928],[-73.9674902,40.8062009],[-73.9674922,40.8062088],[-73.9674974,40.8062159],[-73.9675052,40.8062214],[-73.967515,40.8062248],[-73.9675256,40.8062258],[-73.9675361,40.8062241],[-73.9675454,40.8062201],[-73.9675531,40.8062135],[-73.9675574,40.8062054],[-73.9675578,40.8061966],[-73.9675543,40.8061882],[-73.9675473,40.8061813],[-73.9675375,40.8061765],[-73.9675263,40.8061744]]},"properties":{"kind":"foot","name":"","bridge":false,"len":16,"major":false}},{"type":"Feature","geometry":{"type":"LineString","coordinates":[[-73.9675869,40.8062267],[-73.9675531,40.8062135]]},"properties":{"kind":"foot","name":"","bridge":false,"len":3,"major":false}},{"type":"Feature","geometry":{"type":"LineString","coordinates":[[-73.9674741,40.8062082],[-73.9674475,40.8062307],[-73.9674331,40.8062521],[-73.9673987,40.8063378],[-73.9673708,40.8064787],[-73.9673379,40.8065958],[-73.9673196,40.8066529],[-73.9673059,40.8066752],[-73.9672172,40.8068086]]},"properties":{"kind":"foot","name":"","bridge":false,"len":56,"major":false}},{"type":"Feature","geometry":{"type":"LineString","coordinates":[[-73.9675043,40.8061792],[-73.9674995,40.8061335],[-73.967498,40.8060979],[-73.9675024,40.8060658],[-73.9675176,40.8060267],[-73.9675357,40.8059819],[-73.967565,40.805945],[-73.9675907,40.8059068],[-73.9676041,40.8058638],[-73.9676038,40.8058233],[-73.9676107,40.8057956],[-73.9676227,40.805762],[-73.967646,40.8057359],[-73.9676756,40.8057169],[-73.9677251,40.805685]]},"properties":{"kind":"foot","name":"","bridge":false,"len":49,"major":false}},{"type":"Feature","geometry":{"type":"LineString","coordinates":[[-73.9454183,40.8259377],[-73.9453146,40.8258952],[-73.9452425,40.8258657],[-73.9452053,40.8259177],[-73.9451638,40.8259757],[-73.9452345,40.8260047],[-73.9453396,40.8260477],[-73.9453794,40.8259922],[-73.9454183,40.8259377]]},"properties":{"kind":"sidewalk","major":false}},{"type":"Feature","geometry":{"type":"LineString","coordinates":[[-73.9447731,40.8264875],[-73.9451638,40.8259757],[-73.94504338380037,40.82592442475178]]},"properties":{"kind":"sidewalk","major":false}},{"type":"Feature","geometry":{"type":"LineString","coordinates":[[-73.9476632,40.8253931],[-73.9501731,40.8264573],[-73.9502061,40.8264713]]},"properties":{"kind":"sidewalk","major":false}},{"type":"Feature","geometry":{"type":"LineString","coordinates":[[-73.9465764,40.8264306],[-73.9454183,40.8259377],[-73.9457898,40.8254237],[-73.9469492,40.825911]]},"properties":{"kind":"sidewalk","major":false}},{"type":"Feature","geometry":{"type":"LineString","coordinates":[[-73.9464964,40.8265399],[-73.9453396,40.8260477]]},"properties":{"kind":"sidewalk","major":false}},{"type":"Feature","geometry":{"type":"LineString","coordinates":[[-73.9453396,40.8260477],[-73.9449517,40.8265564]]},"properties":{"kind":"sidewalk","major":false}},{"type":"Feature","geometry":{"type":"MultiLineString","coordinates":[[[-73.9452425,40.8258657],[-73.9456098,40.8253514],[-73.94549731562822,40.82530271055761]],[[-73.94512264003112,40.82581587381833],[-73.9452425,40.8258657]]]},"properties":{"kind":"sidewalk","major":false}},{"type":"Feature","geometry":{"type":"LineString","coordinates":[[-73.94276673186769,40.82904257319364],[-73.9442219,40.8296528]]},"properties":{"kind":"sidewalk","major":false}},{"type":"Feature","geometry":{"type":"LineString","coordinates":[[-73.94329957412111,40.82831278168778],[-73.9433125,40.8283053],[-73.94330676275383,40.828302935991296]]},"properties":{"kind":"sidewalk","major":false}},{"type":"Feature","geometry":{"type":"LineString","coordinates":[[-73.94356234509422,40.82795288525891],[-73.9437609,40.8278323]]},"properties":{"kind":"sidewalk","major":false}},{"type":"Feature","geometry":{"type":"LineString","coordinates":[[-73.9442332,40.8272219],[-73.94412870408304,40.82717718855571]]},"properties":{"kind":"sidewalk","major":false}},{"type":"Feature","geometry":{"type":"LineString","coordinates":[[-73.9442963,40.8295411],[-73.94284882687262,40.82893013421779]]},"properties":{"kind":"sidewalk","major":false}},{"type":"Feature","geometry":{"type":"LineString","coordinates":[[-73.9433125,40.8283053],[-73.9447583,40.8289187],[-73.9451269,40.8284088]]},"properties":{"kind":"sidewalk","major":false}},{"type":"Feature","geometry":{"type":"LineString","coordinates":[[-73.94459546525974,40.826537903026384],[-73.9447009,40.826582],[-73.9443159,40.827094],[-73.94421799709005,40.8270548910509]]},"properties":{"kind":"sidewalk","major":false}},{"type":"Feature","geometry":{"type":"LineString","coordinates":[[-73.9447731,40.8264875],[-73.944857,40.8265199],[-73.9449517,40.8265564],[-73.9449142,40.8266103],[-73.9448723,40.8266707],[-73.9447812,40.8266236],[-73.9447009,40.826582],[-73.9447365,40.8265353],[-73.9447731,40.8264875]]},"properties":{"kind":"sidewalk","major":false}},{"type":"Feature","geometry":{"type":"LineString","coordinates":[[-73.946749,40.8266459],[-73.9466051,40.8265855],[-73.9464964,40.8265399]]},"properties":{"kind":"sidewalk","major":false}},{"type":"Feature","geometry":{"type":"LineString","coordinates":[[-73.9445071,40.8271873],[-73.9448723,40.8266707],[-73.9460444,40.827163]]},"properties":{"kind":"sidewalk","major":false}},{"type":"Feature","geometry":{"type":"LineString","coordinates":[[-73.9444249,40.8272965],[-73.9444668,40.8272408],[-73.9445071,40.8271873],[-73.9444058,40.8271379],[-73.9443159,40.827094],[-73.9442736,40.8271595],[-73.9442332,40.8272219],[-73.9443203,40.8272558],[-73.9444249,40.8272965]]},"properties":{"kind":"sidewalk","major":false}},{"type":"Feature","geometry":{"type":"LineString","coordinates":[[-73.9462963,40.8272729],[-73.9488172,40.8283385],[-73.9484218,40.8288399]]},"properties":{"kind":"sidewalk","major":false}},{"type":"Feature","geometry":{"type":"LineString","coordinates":[[-73.9488298,40.8283209],[-73.9488587,40.8282764],[-73.9488843,40.828238]]},"properties":{"kind":"sidewalk","major":false}},{"type":"Feature","geometry":{"type":"LineString","coordinates":[[-73.946749,40.8266459],[-73.9492602,40.827712],[-73.949289,40.8277242]]},"properties":{"kind":"sidewalk","major":false}},{"type":"Feature","geometry":{"type":"LineString","coordinates":[[-73.9468291,40.8265365],[-73.9493466,40.8275885],[-73.9493835,40.8276039]]},"properties":{"kind":"sidewalk","major":false}},{"type":"Feature","geometry":{"type":"LineString","coordinates":[[-73.9460444,40.827163],[-73.9461496,40.8272089],[-73.9462963,40.8272729]]},"properties":{"kind":"sidewalk","major":false}},{"type":"Feature","geometry":{"type":"LineString","coordinates":[[-73.9458333,40.8278958],[-73.9458728,40.8278385],[-73.9459128,40.8277803],[-73.945773,40.8277252],[-73.9456553,40.8276788],[-73.9456193,40.8277311],[-73.9455758,40.8277943],[-73.9456896,40.8278391],[-73.9458333,40.8278958]]},"properties":{"kind":"sidewalk","major":false}},{"type":"Feature","geometry":{"type":"LineString","coordinates":[[-73.9444249,40.8272965],[-73.9440478,40.8278108],[-73.9452073,40.8282976]]},"properties":{"kind":"sidewalk","major":false}},{"type":"Feature","geometry":{"type":"LineString","coordinates":[[-73.9438677,40.8277239],[-73.9438131,40.8277793],[-73.9437609,40.8278323],[-73.9438539,40.8278722],[-73.9439683,40.8279214]]},"properties":{"kind":"sidewalk","major":false}},{"type":"Feature","geometry":{"type":"LineString","coordinates":[[-73.9438677,40.8277239],[-73.9442332,40.8272219]]},"properties":{"kind":"sidewalk","major":false}},{"type":"Feature","geometry":{"type":"LineString","coordinates":[[-73.9451269,40.8284088],[-73.9452395,40.8284554],[-73.9453831,40.8285149]]},"properties":{"kind":"sidewalk","major":false}},{"type":"Feature","geometry":{"type":"LineString","coordinates":[[-73.9479813,40.829464],[-73.9454635,40.8284037]]},"properties":{"kind":"sidewalk","major":false}},{"type":"Feature","geometry":{"type":"LineString","coordinates":[[-73.9488344,40.8290115],[-73.9487377,40.8289712],[-73.9485461,40.8288915],[-73.9484218,40.8288399],[-73.9483822,40.8288945],[-73.9483388,40.8289541],[-73.9484631,40.8290058],[-73.9486531,40.8290849],[-73.9487514,40.8291258],[-73.9487929,40.8290686],[-73.9488344,40.8290115]]},"properties":{"kind":"sidewalk","major":false}},{"type":"Feature","geometry":{"type":"LineString","coordinates":[[-73.9437859,40.8302788],[-73.9438786,40.8303188],[-73.9439812,40.8303637]]},"properties":{"kind":"sidewalk","major":false}},{"type":"Feature","geometry":{"type":"LineString","coordinates":[[-73.9475343,40.8301026],[-73.9449868,40.8290207],[-73.9453831,40.8285149]]},"properties":{"kind":"sidewalk","major":false}},{"type":"Feature","geometry":{"type":"LineString","coordinates":[[-73.9478486,40.8303665],[-73.9478923,40.8303041],[-73.9479277,40.8302535],[-73.9478229,40.8302133],[-73.9476342,40.8301409],[-73.9475343,40.8301026],[-73.9475087,40.8301433],[-73.9474681,40.8302077],[-73.9475564,40.8302446],[-73.9477427,40.8303223],[-73.9478486,40.8303665]]},"properties":{"kind":"sidewalk","major":false}},{"type":"Feature","geometry":{"type":"LineString","coordinates":[[-73.9483076,40.8297474],[-73.9482009,40.8296995],[-73.9480187,40.8296176],[-73.9479069,40.8295674]]},"properties":{"kind":"sidewalk","major":false}},{"type":"Feature","geometry":{"type":"LineString","coordinates":[[-73.9442439,40.8296619],[-73.9443321,40.8296979],[-73.9444435,40.8297433]]},"properties":{"kind":"sidewalk","major":false}},{"type":"Feature","geometry":{"type":"LineString","coordinates":[[-73.9449126,40.8291159],[-73.9447953,40.8290635],[-73.9446841,40.8290139],[-73.9447162,40.8289727],[-73.9447583,40.8289187],[-73.9448659,40.8289667],[-73.9449868,40.8290207],[-73.9449484,40.82907],[-73.9449126,40.8291159]]},"properties":{"kind":"sidewalk","major":false}},{"type":"Feature","geometry":{"type":"LineString","coordinates":[[-73.9492139,40.8284781],[-73.9492026,40.828494],[-73.9488344,40.8290115]]},"properties":{"kind":"sidewalk","major":false}},{"type":"Feature","geometry":{"type":"LineString","coordinates":[[-73.94367619448694,40.82779695483254],[-73.9437609,40.8278323]]},"properties":{"kind":"sidewalk","major":false}},{"type":"Feature","geometry":{"type":"LineString","coordinates":[[-73.94376182334267,40.82767967582331],[-73.9438677,40.8277239]]},"properties":{"kind":"sidewalk","major":false}},{"type":"Feature","geometry":{"type":"LineString","coordinates":[[-73.9430154,40.8317095],[-73.9429042,40.8316591],[-73.9428257,40.8316289]]},"properties":{"kind":"sidewalk","major":false}},{"type":"Feature","geometry":{"type":"LineString","coordinates":[[-73.9440612,40.8302615],[-73.9439552,40.830214],[-73.9438639,40.8301735]]},"properties":{"kind":"sidewalk","major":false}},{"type":"Feature","geometry":{"type":"LineString","coordinates":[[-73.9444804,40.8297578],[-73.9442341,40.8300911],[-73.9440975,40.830276]]},"properties":{"kind":"sidewalk","major":false}},{"type":"Feature","geometry":{"type":"LineString","coordinates":[[-73.9440316,40.8303635],[-73.9440567,40.8303301],[-73.944083,40.8302951]]},"properties":{"kind":"sidewalk","major":false}},{"type":"Feature","geometry":{"type":"LineString","coordinates":[[-73.9438434,40.8301653],[-73.94238819104265,40.82956103034857]]},"properties":{"kind":"sidewalk","major":false}},{"type":"Feature","geometry":{"type":"LineString","coordinates":[[-73.9437644,40.830269],[-73.9433875,40.8307967],[-73.941928059199,40.83019196092458]]},"properties":{"kind":"sidewalk","major":false}},{"type":"Feature","geometry":{"type":"LineString","coordinates":[[-73.9438319,40.8301801],[-73.9438001,40.8302222],[-73.9437739,40.830255]]},"properties":{"kind":"sidewalk","major":false}},{"type":"Feature","geometry":{"type":"LineString","coordinates":[[-73.9444804,40.8297578],[-73.9445164,40.8297],[-73.9445562,40.8296403]]},"properties":{"kind":"sidewalk","major":false}},{"type":"Feature","geometry":{"type":"LineString","coordinates":[[-73.9445406,40.8296344],[-73.9444138,40.829586],[-73.9443119,40.829547]]},"properties":{"kind":"sidewalk","major":false}},{"type":"Feature","geometry":{"type":"LineString","coordinates":[[-73.94322413496774,40.828416104675014],[-73.9446841,40.8290139],[-73.9442963,40.8295411]]},"properties":{"kind":"sidewalk","major":false}},{"type":"Feature","geometry":{"type":"LineString","coordinates":[[-73.9442219,40.8296528],[-73.9438434,40.8301653]]},"properties":{"kind":"sidewalk","major":false}},{"type":"Feature","geometry":{"type":"LineString","coordinates":[[-73.9442963,40.8295411],[-73.9442619,40.8295928],[-73.9442219,40.8296528]]},"properties":{"kind":"sidewalk","major":false}},{"type":"Feature","geometry":{"type":"LineString","coordinates":[[-73.9451269,40.8284088],[-73.9447974,40.8282702],[-73.9439683,40.8279214]]},"properties":{"kind":"sidewalk","major":false}},{"type":"Feature","geometry":{"type":"LineString","coordinates":[[-73.9452073,40.8282976],[-73.9451712,40.8283475],[-73.9451269,40.8284088]]},"properties":{"kind":"sidewalk","major":false}},{"type":"Feature","geometry":{"type":"LineString","coordinates":[[-73.9452073,40.8282976],[-73.9455758,40.8277943],[-73.9444249,40.8272965]]},"properties":{"kind":"sidewalk","major":false}},{"type":"Feature","geometry":{"type":"LineString","coordinates":[[-73.9454635,40.8284037],[-73.9453206,40.8283445],[-73.9452073,40.8282976]]},"properties":{"kind":"sidewalk","major":false}},{"type":"Feature","geometry":{"type":"LineString","coordinates":[[-73.9454635,40.8284037],[-73.9458333,40.8278958],[-73.9483388,40.8289541]]},"properties":{"kind":"sidewalk","major":false}},{"type":"Feature","geometry":{"type":"LineString","coordinates":[[-73.9453831,40.8285149],[-73.9454264,40.828455],[-73.9454635,40.8284037]]},"properties":{"kind":"sidewalk","major":false}},{"type":"Feature","geometry":{"type":"LineString","coordinates":[[-73.9453831,40.8285149],[-73.9479069,40.8295674]]},"properties":{"kind":"sidewalk","major":false}},{"type":"Feature","geometry":{"type":"LineString","coordinates":[[-73.9439683,40.8279214],[-73.9440108,40.8278622],[-73.9440478,40.8278108],[-73.9439534,40.8277652],[-73.9438677,40.8277239]]},"properties":{"kind":"sidewalk","major":false}},{"type":"Feature","geometry":{"type":"LineString","coordinates":[[-73.9439683,40.8279214],[-73.9433125,40.8283053]]},"properties":{"kind":"sidewalk","major":false}},{"type":"Feature","geometry":{"type":"LineString","coordinates":[[-73.9484218,40.8288399],[-73.9459128,40.8277803],[-73.9462963,40.8272729]]},"properties":{"kind":"sidewalk","major":false}},{"type":"Feature","geometry":{"type":"LineString","coordinates":[[-73.9463811,40.8271617],[-73.946232,40.8270966],[-73.9461293,40.8270517]]},"properties":{"kind":"sidewalk","major":false}},{"type":"Feature","geometry":{"type":"LineString","coordinates":[[-73.9460444,40.827163],[-73.9456553,40.8276788],[-73.9445071,40.8271873]]},"properties":{"kind":"sidewalk","major":false}},{"type":"Feature","geometry":{"type":"LineString","coordinates":[[-73.9461293,40.8270517],[-73.9460867,40.8271075],[-73.9460444,40.827163]]},"properties":{"kind":"sidewalk","major":false}},{"type":"Feature","geometry":{"type":"LineString","coordinates":[[-73.9449517,40.8265564],[-73.9461293,40.8270517]]},"properties":{"kind":"sidewalk","major":false}},{"type":"Feature","geometry":{"type":"LineString","coordinates":[[-73.948924,40.828234],[-73.9488957,40.8282221],[-73.9463811,40.8271617]]},"properties":{"kind":"sidewalk","major":false}},{"type":"Feature","geometry":{"type":"LineString","coordinates":[[-73.9462963,40.8272729],[-73.9463406,40.8272148],[-73.9463811,40.8271617]]},"properties":{"kind":"sidewalk","major":false}},{"type":"Feature","geometry":{"type":"LineString","coordinates":[[-73.9465764,40.8264306],[-73.9466846,40.826476],[-73.9468291,40.8265365]]},"properties":{"kind":"sidewalk","major":false}},{"type":"Feature","geometry":{"type":"LineString","coordinates":[[-73.9463811,40.8271617],[-73.946749,40.8266459]]},"properties":{"kind":"sidewalk","major":false}},{"type":"Feature","geometry":{"type":"LineString","coordinates":[[-73.9461293,40.8270517],[-73.9464964,40.8265399]]},"properties":{"kind":"sidewalk","major":false}},{"type":"Feature","geometry":{"type":"LineString","coordinates":[[-73.9464964,40.8265399],[-73.9465398,40.8264806],[-73.9465764,40.8264306]]},"properties":{"kind":"sidewalk","major":false}},{"type":"Feature","geometry":{"type":"LineString","coordinates":[[-73.9468291,40.8265365],[-73.9467921,40.826587],[-73.946749,40.8266459]]},"properties":{"kind":"sidewalk","major":false}},{"type":"Feature","geometry":{"type":"LineString","coordinates":[[-73.9472811,40.8259061],[-73.9472429,40.8259591],[-73.9472024,40.8260154]]},"properties":{"kind":"sidewalk","major":false}},{"type":"Feature","geometry":{"type":"LineString","coordinates":[[-73.9472024,40.8260154],[-73.9468291,40.8265365]]},"properties":{"kind":"sidewalk","major":false}},{"type":"Feature","geometry":{"type":"LineString","coordinates":[[-73.9472024,40.8260154],[-73.9470635,40.8259581],[-73.9469492,40.825911]]},"properties":{"kind":"sidewalk","major":false}},{"type":"Feature","geometry":{"type":"LineString","coordinates":[[-73.9469492,40.825911],[-73.946991,40.825853],[-73.9470279,40.8258017]]},"properties":{"kind":"sidewalk","major":false}},{"type":"Feature","geometry":{"type":"LineString","coordinates":[[-73.947404,40.8252875],[-73.9474753,40.8251871],[-73.947544,40.8250906]]},"properties":{"kind":"sidewalk","major":false}},{"type":"Feature","geometry":{"type":"LineString","coordinates":[[-73.947544,40.8250906],[-73.9476664,40.8251405],[-73.9478032,40.8251962]]},"properties":{"kind":"sidewalk","major":false}},{"type":"Feature","geometry":{"type":"LineString","coordinates":[[-73.9476632,40.8253931],[-73.9475234,40.8253361],[-73.947404,40.8252875]]},"properties":{"kind":"sidewalk","major":false}},{"type":"Feature","geometry":{"type":"LineString","coordinates":[[-73.9482588,40.8245638],[-73.9482277,40.8246072],[-73.9481801,40.8246735]]},"properties":{"kind":"sidewalk","major":false}},{"type":"Feature","geometry":{"type":"LineString","coordinates":[[-73.9480028,40.8244586],[-73.9481231,40.824508],[-73.9481473,40.824518],[-73.9482588,40.8245638]]},"properties":{"kind":"sidewalk","major":false}},{"type":"Feature","geometry":{"type":"LineString","coordinates":[[-73.947924,40.8245682],[-73.9479728,40.8245003],[-73.9480028,40.8244586]]},"properties":{"kind":"sidewalk","major":false}},{"type":"Feature","geometry":{"type":"LineString","coordinates":[[-73.9490947,40.8234295],[-73.9491346,40.8233754],[-73.9491759,40.8233193]]},"properties":{"kind":"sidewalk","major":false}},{"type":"Feature","geometry":{"type":"LineString","coordinates":[[-73.9488417,40.8233229],[-73.9489542,40.8233703],[-73.9490947,40.8234295]]},"properties":{"kind":"sidewalk","major":false}},{"type":"Feature","geometry":{"type":"LineString","coordinates":[[-73.9489229,40.8232126],[-73.948882,40.8232682],[-73.9488417,40.8233229]]},"properties":{"kind":"sidewalk","major":false}},{"type":"Feature","geometry":{"type":"LineString","coordinates":[[-73.9496368,40.8226897],[-73.9495985,40.8227418],[-73.9495486,40.8228099]]},"properties":{"kind":"sidewalk","major":false}},{"type":"Feature","geometry":{"type":"LineString","coordinates":[[-73.9493704,40.8225777],[-73.9494945,40.8226298],[-73.9496368,40.8226897]]},"properties":{"kind":"sidewalk","major":false}},{"type":"Feature","geometry":{"type":"LineString","coordinates":[[-73.9492822,40.8226978],[-73.9493321,40.8226299],[-73.9493704,40.8225777]]},"properties":{"kind":"sidewalk","major":false}},{"type":"Feature","geometry":{"type":"LineString","coordinates":[[-73.9502111,40.8214616],[-73.950318,40.8215052],[-73.9504651,40.8215653]]},"properties":{"kind":"sidewalk","major":false}},{"type":"Feature","geometry":{"type":"LineString","coordinates":[[-73.9504651,40.8215653],[-73.9505106,40.8215015],[-73.9505479,40.8214492]]},"properties":{"kind":"sidewalk","major":false}},{"type":"Feature","geometry":{"type":"LineString","coordinates":[[-73.9506706,40.8208282],[-73.9507774,40.8208732],[-73.9509098,40.8209289]]},"properties":{"kind":"sidewalk","major":false}},{"type":"Feature","geometry":{"type":"LineString","coordinates":[[-73.9509098,40.8209289],[-73.9509468,40.8208785],[-73.9509928,40.8208173]]},"properties":{"kind":"sidewalk","major":false}},{"type":"Feature","geometry":{"type":"LineString","coordinates":[[-73.9514165,40.8201903],[-73.9512998,40.8201559],[-73.9512382,40.8201378]]},"properties":{"kind":"sidewalk","major":false}},{"type":"Feature","geometry":{"type":"LineString","coordinates":[[-73.94466567664263,40.82644174009915],[-73.9447731,40.8264875]]},"properties":{"kind":"sidewalk","major":false}},{"type":"Feature","geometry":{"type":"LineString","coordinates":[[-73.9677621,40.8004726],[-73.9677593,40.8004904],[-73.9676591,40.8011339],[-73.9676563,40.8011685]]},"properties":{"kind":"sidewalk","major":false}},{"type":"Feature","geometry":{"type":"LineString","coordinates":[[-73.9681557,40.8006733],[-73.9681843,40.8006852],[-73.968876,40.8009723],[-73.9689057,40.8009842]]},"properties":{"kind":"sidewalk","major":false}},{"type":"Feature","geometry":{"type":"LineString","coordinates":[[-73.968007,40.8006041],[-73.9680792,40.8006377],[-73.9681557,40.8006733]]},"properties":{"kind":"sidewalk","major":false}},{"type":"Feature","geometry":{"type":"LineString","coordinates":[[-73.9679427,40.8005742],[-73.968007,40.8006041]]},"properties":{"kind":"foot","name":"","bridge":false,"len":6,"major":false}},{"type":"Feature","geometry":{"type":"LineString","coordinates":[[-73.9681745,40.8005221],[-73.9682123,40.8005377],[-73.9689582,40.8008554],[-73.96899,40.8008682]]},"properties":{"kind":"sidewalk","major":false}},{"type":"Feature","geometry":{"type":"LineString","coordinates":[[-73.9687783,40.7991576],[-73.9687571,40.7991964],[-73.9687309,40.7992443]]},"properties":{"kind":"sidewalk","major":false}},{"type":"Feature","geometry":{"type":"LineString","coordinates":[[-73.9686168,40.7990688],[-73.9686898,40.7990973],[-73.9687365,40.7991155]]},"properties":{"kind":"sidewalk","major":false}},{"type":"Feature","geometry":{"type":"LineString","coordinates":[[-73.9685605,40.7990468],[-73.9686168,40.7990688]]},"properties":{"kind":"foot","name":"","bridge":false,"len":5,"major":false}},{"type":"Feature","geometry":{"type":"LineString","coordinates":[[-73.9427974,40.8315931],[-73.9427847,40.8316096],[-73.94251271847776,40.83199377390018]]},"properties":{"kind":"sidewalk","major":false}},{"type":"Feature","geometry":{"type":"LineString","coordinates":[[-73.9455915,40.832804],[-73.9455621,40.8327922],[-73.9453364,40.8326959],[-73.9430447,40.8317187],[-73.9430154,40.8317095]]},"properties":{"kind":"sidewalk","major":false}},{"type":"Feature","geometry":{"type":"LineString","coordinates":[[-73.943059,40.8317017],[-73.9430447,40.8317187],[-73.9427655643868,40.83210651516082]]},"properties":{"kind":"sidewalk","major":false}},{"type":"Feature","geometry":{"type":"LineString","coordinates":[[-73.9428004,40.831617],[-73.9427847,40.8316096],[-73.9417568434851,40.83117058119078]]},"properties":{"kind":"sidewalk","major":false}},{"type":"Feature","geometry":{"type":"LineString","coordinates":[[-73.9577834,40.8120689],[-73.9578171,40.81214],[-73.9578386,40.81221],[-73.9578292,40.812278],[-73.9577688,40.8123633],[-73.9576989,40.8123877],[-73.9576248,40.8123888]]},"properties":{"kind":"foot","name":"","bridge":false,"len":40,"major":false}},{"type":"Feature","geometry":{"type":"LineString","coordinates":[[-73.9479839,40.8341111],[-73.9481668,40.8338685],[-73.9459434,40.8329445],[-73.9459164,40.8329342]]},"properties":{"kind":"sidewalk","major":false}},{"type":"Feature","geometry":{"type":"LineString","coordinates":[[-73.946007,40.8328753],[-73.9459434,40.8329445]]},"properties":{"kind":"sidewalk","major":false}},{"type":"Feature","geometry":{"type":"LineString","coordinates":[[-73.9459434,40.8329445],[-73.9456683560345,40.83333029208016]]},"properties":{"kind":"sidewalk","major":false}},{"type":"Feature","geometry":{"type":"LineString","coordinates":[[-73.94529898508668,40.833174570383434],[-73.9454865,40.8329021],[-73.9455621,40.8327922],[-73.9455812,40.8327661]]},"properties":{"kind":"sidewalk","major":false}},{"type":"Feature","geometry":{"type":"LineString","coordinates":[[-73.9623538295949,40.80221568877525],[-73.9637896,40.8028207]]},"properties":{"kind":"sidewalk","major":false}},{"type":"Feature","geometry":{"type":"LineString","coordinates":[[-73.9637896,40.8028207],[-73.9641242,40.8023829]]},"properties":{"kind":"sidewalk","major":false}},{"type":"Feature","geometry":{"type":"LineString","coordinates":[[-73.9648719,40.8018447],[-73.964856,40.8018662],[-73.9644721,40.8023795],[-73.9644586,40.8023974]]},"properties":{"kind":"sidewalk","major":false}},{"type":"Feature","geometry":{"type":"LineString","coordinates":[[-73.9641938,40.8022863],[-73.9642065,40.8022698],[-73.9645884,40.8017526],[-73.9646049,40.8017304]]},"properties":{"kind":"sidewalk","major":false}},{"type":"Feature","geometry":{"type":"LineString","coordinates":[[-73.9673701,40.803624],[-73.9673864,40.8035996],[-73.9677685,40.8030926],[-73.9677783,40.8030756]]},"properties":{"kind":"sidewalk","major":false}},{"type":"Feature","geometry":{"type":"LineString","coordinates":[[-73.9673725,40.8028991],[-73.9673631,40.802924],[-73.9669905,40.8034295],[-73.9669704,40.8034538]]},"properties":{"kind":"sidewalk","major":false}},{"type":"Feature","geometry":{"type":"LineString","coordinates":[[-73.9682031,40.8024269],[-73.9681976,40.8024505],[-73.9678383,40.802963],[-73.9678299,40.8029813]]},"properties":{"kind":"sidewalk","major":false}},{"type":"Feature","geometry":{"type":"LineString","coordinates":[[-73.9682227,40.8023408],[-73.9682284,40.8023178],[-73.9686154,40.8017691],[-73.9686301,40.8017491]]},"properties":{"kind":"sidewalk","major":false}},{"type":"Feature","geometry":{"type":"LineString","coordinates":[[-73.9676416,40.8013498],[-73.9676398,40.8013925],[-73.9676016,40.8020447]]},"properties":{"kind":"sidewalk","major":false}},{"type":"Feature","geometry":{"type":"LineString","coordinates":[[-73.9685217,40.8015127],[-73.9684876,40.8014966],[-73.9681026,40.8013263],[-73.9680748,40.8013131]]},"properties":{"kind":"sidewalk","major":false}},{"type":"Feature","geometry":{"type":"LineString","coordinates":[[-73.9688914,40.8009508],[-73.968876,40.8009723],[-73.9684876,40.8014966],[-73.9684773,40.8015146]]},"properties":{"kind":"sidewalk","major":false}},{"type":"Feature","geometry":{"type":"LineString","coordinates":[[-73.9687142,40.8016358],[-73.9687319,40.8016119],[-73.9691379,40.8010777],[-73.9691516,40.8010582]]},"properties":{"kind":"sidewalk","major":false}},{"type":"Feature","geometry":{"type":"LineString","coordinates":[[-73.9709194,40.8009849],[-73.9709038,40.8010065],[-73.9705291,40.8015257],[-73.9705192,40.8015385]]},"properties":{"kind":"sidewalk","major":false}},{"type":"Feature","geometry":{"type":"LineString","coordinates":[[-73.9685476,40.8042211],[-73.9685357,40.8042357],[-73.968469,40.8043124],[-73.9680061,40.8046313],[-73.9679859,40.8046472]]},"properties":{"kind":"sidewalk","major":false}},{"type":"Feature","geometry":{"type":"LineString","coordinates":[[-73.9667925,40.8043358],[-73.9668355,40.8043544],[-73.9678618,40.8047784],[-73.9678879,40.8047889]]},"properties":{"kind":"sidewalk","major":false}},{"type":"Feature","geometry":{"type":"LineString","coordinates":[[-73.9677058,40.8053853],[-73.9677782,40.805251],[-73.967799,40.8051884],[-73.9678443,40.8047969],[-73.9678618,40.8047784],[-73.9678743,40.8047658]]},"properties":{"kind":"sidewalk","major":false}},{"type":"Feature","geometry":{"type":"LineString","coordinates":[[-73.9660048,40.8055116],[-73.9660211,40.8054883],[-73.9663908,40.8049725],[-73.9664035,40.8049558]]},"properties":{"kind":"sidewalk","major":false}},{"type":"Feature","geometry":{"type":"LineString","coordinates":[[-73.9660004,40.8047842],[-73.9659856,40.8048091],[-73.9656078,40.8053122],[-73.9655867,40.8053395]]},"properties":{"kind":"sidewalk","major":false}},{"type":"Feature","geometry":{"type":"LineString","coordinates":[[-73.9660534,40.8047129],[-73.9660305,40.8047437],[-73.9660004,40.8047842]]},"properties":{"kind":"sidewalk","major":false}},{"type":"Feature","geometry":{"type":"LineString","coordinates":[[-73.9655326,40.8061346],[-73.9655459,40.806115],[-73.9659376,40.805608],[-73.9659543,40.805584]]},"properties":{"kind":"sidewalk","major":false}},{"type":"Feature","geometry":{"type":"LineString","coordinates":[[-73.9656501,40.8053313],[-73.9656078,40.8053122],[-73.9635956,40.8044746],[-73.9630936,40.8042656]]},"properties":{"kind":"sidewalk","major":false}},{"type":"Feature","geometry":{"type":"LineString","coordinates":[[-73.9630442,40.8043801],[-73.9655152,40.8054319],[-73.9655634,40.805452]]},"properties":{"kind":"sidewalk","major":false}},{"type":"Feature","geometry":{"type":"LineString","coordinates":[[-73.9702715,40.7990828],[-73.9698796,40.7995971],[-73.9698673,40.7996165]]},"properties":{"kind":"sidewalk","major":false}},{"type":"Feature","geometry":{"type":"LineString","coordinates":[[-73.9684414,40.7965277],[-73.9685198,40.7965562],[-73.9686332,40.7966074]]},"properties":{"kind":"sidewalk","major":false}},{"type":"Feature","geometry":{"type":"LineString","coordinates":[[-73.9682069,40.7972492],[-73.9685867,40.7967339],[-73.9685982,40.7967166]]},"properties":{"kind":"sidewalk","major":false}},{"type":"Feature","geometry":{"type":"LineString","coordinates":[[-73.9685507,40.7967279],[-73.9685867,40.7967339],[-73.9689709,40.7968998],[-73.9696791,40.7972],[-73.9697145,40.7972156]]},"properties":{"kind":"sidewalk","major":false}},{"type":"Feature","geometry":{"type":"LineString","coordinates":[[-73.9682777,40.7967103],[-73.9682644,40.7967316],[-73.9679683,40.7971452]]},"properties":{"kind":"sidewalk","major":false}},{"type":"Feature","geometry":{"type":"LineString","coordinates":[[-73.9697999,40.7971001],[-73.9697605,40.7970839],[-73.9686622,40.7966205],[-73.9686332,40.7966074]]},"properties":{"kind":"sidewalk","major":false}},{"type":"Feature","geometry":{"type":"LineString","coordinates":[[-73.9701737,40.7965825],[-73.9701277,40.7965624],[-73.9695523,40.7963182],[-73.969042,40.7961008],[-73.9690122,40.7960932]]},"properties":{"kind":"sidewalk","major":false}},{"type":"Feature","geometry":{"type":"LineString","coordinates":[[-73.9683957,40.7965373],[-73.9684101,40.7965163],[-73.9687962,40.7960022],[-73.9688729,40.795894],[-73.9692501,40.79537],[-73.9693406,40.7952541],[-73.9696992,40.7947593]]},"properties":{"kind":"sidewalk","major":false}},{"type":"Feature","geometry":{"type":"LineString","coordinates":[[-73.9690938,40.7959784],[-73.9689766,40.7959313],[-73.9689003,40.7959039]]},"properties":{"kind":"sidewalk","major":false}},{"type":"Feature","geometry":{"type":"LineString","coordinates":[[-73.9702464,40.7964678],[-73.9702047,40.7964505],[-73.969125,40.7959927],[-73.9690938,40.7959784]]},"properties":{"kind":"sidewalk","major":false}},{"type":"Feature","geometry":{"type":"LineString","coordinates":[[-73.9692501,40.79537],[-73.969373,40.7954214],[-73.9694736,40.7954651]]},"properties":{"kind":"sidewalk","major":false}},{"type":"Feature","geometry":{"type":"LineString","coordinates":[[-73.9691087,40.7960126],[-73.969125,40.7959927],[-73.9695048,40.7954787],[-73.9695179,40.7954614]]},"properties":{"kind":"sidewalk","major":false}},{"type":"Feature","geometry":{"type":"LineString","coordinates":[[-73.9705953,40.7959443],[-73.9695048,40.7954787],[-73.9694736,40.7954651]]},"properties":{"kind":"sidewalk","major":false}},{"type":"Feature","geometry":{"type":"LineString","coordinates":[[-73.9706822,40.7958238],[-73.969594,40.7953611],[-73.9695588,40.7953458]]},"properties":{"kind":"sidewalk","major":false}},{"type":"Feature","geometry":{"type":"LineString","coordinates":[[-73.9695746,40.7953867],[-73.969594,40.7953611],[-73.9699653,40.7948519]]},"properties":{"kind":"sidewalk","major":false}},{"type":"Feature","geometry":{"type":"LineString","coordinates":[[-73.9682889,40.7967316],[-73.9682644,40.7967316],[-73.96764,40.7964667],[-73.9675647,40.7964347],[-73.9669594,40.7961778],[-73.9668628,40.7961368],[-73.9668089091711,40.79611392186062]]},"properties":{"kind":"sidewalk","major":false}},{"type":"Feature","geometry":{"type":"LineString","coordinates":[[-73.9669579185205,40.795909835647876],[-73.9676798,40.7962139],[-73.9678555,40.7962885],[-73.9678707,40.7963009],[-73.968094,40.7963923],[-73.9681163,40.7963942],[-73.9684101,40.7965163],[-73.9684414,40.7965277]]},"properties":{"kind":"sidewalk","major":false}},{"type":"Feature","geometry":{"type":"LineString","coordinates":[[-73.9725382,40.7990759],[-73.9728349,40.7988248],[-73.9730586,40.7986185]]},"properties":{"kind":"sidewalk","major":false}},{"type":"Feature","geometry":{"type":"LineString","coordinates":[[-73.9731448,40.7985136],[-73.9732944,40.7982637],[-73.9733552,40.7981135],[-73.9733969,40.7979347],[-73.9733983,40.7979198]]},"properties":{"kind":"sidewalk","major":false}},{"type":"Feature","geometry":{"type":"LineString","coordinates":[[-73.9733983,40.7979198],[-73.9734065,40.7978695],[-73.9734159,40.797822]]},"properties":{"kind":"sidewalk","major":false}},{"type":"Feature","geometry":{"type":"LineString","coordinates":[[-73.9733969,40.7979347],[-73.9718882,40.7972989]]},"properties":{"kind":"sidewalk","major":false}},{"type":"Feature","geometry":{"type":"LineString","coordinates":[[-73.9719674,40.7971892],[-73.9719266,40.7972457],[-73.9718882,40.7972989]]},"properties":{"kind":"sidewalk","major":false}},{"type":"Feature","geometry":{"type":"LineString","coordinates":[[-73.9718882,40.7972989],[-73.971511,40.7978261],[-73.9714991,40.797842]]},"properties":{"kind":"sidewalk","major":false}},{"type":"Feature","geometry":{"type":"LineString","coordinates":[[-73.97124,40.7977271],[-73.9712527,40.7977091],[-73.9716326,40.7971931]]},"properties":{"kind":"sidewalk","major":false}},{"type":"Feature","geometry":{"type":"LineString","coordinates":[[-73.9734368,40.797816],[-73.97342,40.797806],[-73.9719674,40.7971892]]},"properties":{"kind":"sidewalk","major":false}},{"type":"Feature","geometry":{"type":"LineString","coordinates":[[-73.9735752,40.7971889],[-73.9735952,40.7971287],[-73.9736172,40.797063]]},"properties":{"kind":"sidewalk","major":false}},{"type":"Feature","geometry":{"type":"LineString","coordinates":[[-73.9723492,40.7966755],[-73.9722213,40.7966218],[-73.9720856,40.7965648]]},"properties":{"kind":"sidewalk","major":false}},{"type":"Feature","geometry":{"type":"LineString","coordinates":[[-73.9724306,40.796562],[-73.9728125,40.7960552]]},"properties":{"kind":"sidewalk","major":false}},{"type":"Feature","geometry":{"type":"LineString","coordinates":[[-73.9721682,40.7964539],[-73.9725536,40.7959466]]},"properties":{"kind":"sidewalk","major":false}},{"type":"Feature","geometry":{"type":"LineString","coordinates":[[-73.9710444,40.7959769],[-73.9710775,40.7959906],[-73.9721682,40.7964539]]},"properties":{"kind":"sidewalk","major":false}},{"type":"Feature","geometry":{"type":"LineString","coordinates":[[-73.9720856,40.7965648],[-73.9709928,40.7961066],[-73.9709587,40.7960953]]},"properties":{"kind":"sidewalk","major":false}},{"type":"Feature","geometry":{"type":"LineString","coordinates":[[-73.9717118,40.7970833],[-73.9720856,40.7965648]]},"properties":{"kind":"sidewalk","major":false}},{"type":"Feature","geometry":{"type":"LineString","coordinates":[[-73.9716326,40.7971931],[-73.970542,40.7967314],[-73.9705059,40.7967183]]},"properties":{"kind":"sidewalk","major":false}},{"type":"Feature","geometry":{"type":"LineString","coordinates":[[-73.9717118,40.7970833],[-73.9706149,40.796622],[-73.9705852,40.7966089]]},"properties":{"kind":"sidewalk","major":false}},{"type":"Feature","geometry":{"type":"LineString","coordinates":[[-73.9695821,40.7979799],[-73.969611,40.7979921],[-73.9707238,40.7984548],[-73.9707473,40.7984637]]},"properties":{"kind":"sidewalk","major":false}},{"type":"Feature","geometry":{"type":"LineString","coordinates":[[-73.9708235,40.7983581],[-73.9708006,40.7983493],[-73.9696924,40.7978813],[-73.9696686,40.7978713]]},"properties":{"kind":"sidewalk","major":false}},{"type":"Feature","geometry":{"type":"LineString","coordinates":[[-73.971022,40.7984376],[-73.9710418,40.7984458],[-73.9725382,40.7990759]]},"properties":{"kind":"sidewalk","major":false}},{"type":"Feature","geometry":{"type":"LineString","coordinates":[[-73.970981,40.8009003],[-73.9709958,40.8008798],[-73.9713644,40.8003674]]},"properties":{"kind":"sidewalk","major":false}},{"type":"Feature","geometry":{"type":"LineString","coordinates":[[-73.9700227,40.8022145],[-73.9699992,40.8022463],[-73.9699734,40.8022817]]},"properties":{"kind":"sidewalk","major":false}},{"type":"Feature","geometry":{"type":"LineString","coordinates":[[-73.9694802,40.8029666],[-73.9694726,40.8029774],[-73.9690954,40.8035058],[-73.969087,40.8035176]]},"properties":{"kind":"sidewalk","major":false}},{"type":"Feature","geometry":{"type":"LineString","coordinates":[[-73.9686087,40.8041454],[-73.9686202,40.8041312],[-73.9690176,40.8036151],[-73.9690267,40.8036027]]},"properties":{"kind":"sidewalk","major":false}},{"type":"Feature","geometry":{"type":"LineString","coordinates":[[-73.9676316,40.8054949],[-73.9675449,40.8056117],[-73.9674724,40.8057379],[-73.9674128,40.805882],[-73.9673433,40.8060514]]},"properties":{"kind":"sidewalk","major":false}},{"type":"Feature","geometry":{"type":"LineString","coordinates":[[-73.9670986,40.8067787],[-73.9671063,40.8067586],[-73.9672986,40.8061778]]},"properties":{"kind":"sidewalk","major":false}},{"type":"Feature","geometry":{"type":"LineString","coordinates":[[-73.9670603,40.8068787],[-73.9670504,40.8069046],[-73.966844,40.8074798],[-73.9668411,40.8075025]]},"properties":{"kind":"sidewalk","major":false}},{"type":"Feature","geometry":{"type":"LineString","coordinates":[[-73.9567388,40.8216034],[-73.9572636,40.8211607]]},"properties":{"kind":"sidewalk","major":false}},{"type":"Feature","geometry":{"type":"LineString","coordinates":[[-73.9555807,40.822917],[-73.955547,40.8228809],[-73.9538224,40.8221706]]},"properties":{"kind":"sidewalk","major":false}},{"type":"Feature","geometry":{"type":"LineString","coordinates":[[-73.9479839,40.8341111],[-73.9478646,40.834154],[-73.9477630000323,40.834213365097405]]},"properties":{"kind":"sidewalk","major":false}},{"type":"Feature","geometry":{"type":"LineString","coordinates":[[-73.94814005862892,40.83437232780083],[-73.9481772,40.8343411],[-73.9482782,40.8342991],[-73.9484427,40.8343099],[-73.9487389,40.8344024]]},"properties":{"kind":"sidewalk","major":false}},{"type":"Feature","geometry":{"type":"LineString","coordinates":[[-73.9530056,40.8176244],[-73.9523117,40.8173272]]},"properties":{"kind":"sidewalk","major":false}},{"type":"Feature","geometry":{"type":"LineString","coordinates":[[-73.9523975,40.8172075],[-73.953077,40.8175026]]},"properties":{"kind":"sidewalk","major":false}},{"type":"Feature","geometry":{"type":"LineString","coordinates":[[-73.953077,40.8175026],[-73.9539297,40.8163652]]},"properties":{"kind":"sidewalk","major":false}},{"type":"Feature","geometry":{"type":"LineString","coordinates":[[-73.9903007,40.7740817],[-73.9902024,40.7740438],[-73.9901265,40.7740146]]},"properties":{"kind":"sidewalk","major":false}},{"type":"Feature","geometry":{"type":"LineString","coordinates":[[-73.9903007,40.7740817],[-73.9903375,40.7740227],[-73.990373,40.7739658]]},"properties":{"kind":"sidewalk","major":false}},{"type":"Feature","geometry":{"type":"LineString","coordinates":[[-73.990373,40.7739658],[-73.9902808,40.7739415],[-73.9901968,40.7739194]]},"properties":{"kind":"sidewalk","major":false}},{"type":"Feature","geometry":{"type":"LineString","coordinates":[[-73.9895098,40.7745859],[-73.9895593,40.7745166],[-73.9896073,40.7744495]]},"properties":{"kind":"sidewalk","major":false}},{"type":"Feature","geometry":{"type":"LineString","coordinates":[[-73.9653761,40.8011404],[-73.9653931,40.8011162],[-73.9657733,40.8005947],[-73.965788,40.8005741]]},"properties":{"kind":"sidewalk","major":false}},{"type":"Feature","geometry":{"type":"LineString","coordinates":[[-73.9651159,40.8010304],[-73.9651303,40.80101],[-73.9655204,40.8004915],[-73.9655379,40.800467]]},"properties":{"kind":"sidewalk","major":false}},{"type":"Feature","geometry":{"type":"LineString","coordinates":[[-73.9640625,40.8029504],[-73.9643926,40.8024893]]},"properties":{"kind":"sidewalk","major":false}},{"type":"Feature","geometry":{"type":"LineString","coordinates":[[-73.9544407,40.8206442],[-73.9547975,40.8201202]]},"properties":{"kind":"sidewalk","major":false}},{"type":"Feature","geometry":{"type":"LineString","coordinates":[[-73.9548194,40.8208026],[-73.9552012,40.8202885]]},"properties":{"kind":"sidewalk","major":false}},{"type":"Feature","geometry":{"type":"LineString","coordinates":[[-73.9609834,40.8187176],[-73.9610032,40.8187385],[-73.9610644,40.8188031]]},"properties":{"kind":"sidewalk","major":false}},{"type":"Feature","geometry":{"type":"LineString","coordinates":[[-73.9658939,40.8004256],[-73.9658448,40.8004944],[-73.965788,40.8005741]]},"properties":{"kind":"sidewalk","major":false}},{"type":"Feature","geometry":{"type":"LineString","coordinates":[[-73.9657414,40.8005817],[-73.9656174,40.8005311],[-73.9655454,40.8005017]]},"properties":{"kind":"sidewalk","major":false}},{"type":"Feature","geometry":{"type":"LineString","coordinates":[[-73.9656904,40.8003058],[-73.9657605,40.8003345],[-73.9658782,40.8003825]]},"properties":{"kind":"sidewalk","major":false}},{"type":"Feature","geometry":{"type":"LineString","coordinates":[[-73.9664584,40.8048794],[-73.9664335,40.8049141],[-73.9664035,40.8049558]]},"properties":{"kind":"sidewalk","major":false}},{"type":"Feature","geometry":{"type":"LineString","coordinates":[[-73.971075,40.8010806],[-73.971128,40.8011036],[-73.9712223,40.8011445],[-73.9712803,40.8011697]]},"properties":{"kind":"sidewalk","major":false}},{"type":"Feature","geometry":{"type":"LineString","coordinates":[[-73.970981,40.8009003],[-73.9709524,40.8009396],[-73.9709194,40.8009849]]},"properties":{"kind":"sidewalk","major":false}},{"type":"Feature","geometry":{"type":"LineString","coordinates":[[-73.9694489,40.8036497],[-73.9694052,40.8036319],[-73.9693194,40.803597],[-73.9691493,40.8035278],[-73.9691223,40.8035168]]},"properties":{"kind":"sidewalk","major":false}},{"type":"Feature","geometry":{"type":"LineString","coordinates":[[-73.969087,40.8035176],[-73.9690596,40.8035563],[-73.9690267,40.8036027]]},"properties":{"kind":"sidewalk","major":false}},{"type":"Feature","geometry":{"type":"LineString","coordinates":[[-73.9678879,40.8047889],[-73.9679433,40.8047982],[-73.9679828,40.8048069]]},"properties":{"kind":"sidewalk","major":false}},{"type":"Feature","geometry":{"type":"LineString","coordinates":[[-73.968164,40.8047299],[-73.9681553,40.8047152],[-73.9681574,40.8047028],[-73.9681728,40.8046893],[-73.9680909,40.8046672],[-73.9680425,40.8046526]]},"properties":{"kind":"sidewalk","major":false}},{"type":"Feature","geometry":{"type":"LineString","coordinates":[[-73.9676484,40.8055072],[-73.9676532,40.8055107],[-73.9676812,40.8055229],[-73.9677076,40.8055347],[-73.9677129,40.8055371]]},"properties":{"kind":"sidewalk","major":false}},{"type":"Feature","geometry":{"type":"LineString","coordinates":[[-73.9677898,40.80542],[-73.9677623,40.8054072],[-73.9677356,40.8053959],[-73.967727,40.8053928]]},"properties":{"kind":"sidewalk","major":false}},{"type":"Feature","geometry":{"type":"LineString","coordinates":[[-73.9670986,40.8067787],[-73.9670769,40.8068353],[-73.9670603,40.8068787]]},"properties":{"kind":"sidewalk","major":false}},{"type":"Feature","geometry":{"type":"LineString","coordinates":[[-73.9671942,40.8067975],[-73.967159,40.8067806],[-73.9671327,40.8067696]]},"properties":{"kind":"sidewalk","major":false}},{"type":"Feature","geometry":{"type":"LineString","coordinates":[[-73.9671566,40.8075925],[-73.9670906,40.8075687],[-73.9670023,40.8075368],[-73.9669163,40.8075059],[-73.9668802,40.8074929]]},"properties":{"kind":"sidewalk","major":false}},{"type":"Feature","geometry":{"type":"LineString","coordinates":[[-73.9668411,40.8075025],[-73.9668355,40.8075475],[-73.9668282,40.8076055]]},"properties":{"kind":"sidewalk","major":false}},{"type":"Feature","geometry":{"type":"LineString","coordinates":[[-73.9658117,40.8089504],[-73.9658713,40.8089754]]},"properties":{"kind":"sidewalk","major":false}},{"type":"Feature","geometry":{"type":"LineString","coordinates":[[-73.9645093,40.8091305],[-73.9645894,40.8090187],[-73.9646702,40.808952],[-73.9647854,40.8088698],[-73.9648547,40.8088305],[-73.9649635,40.8087821],[-73.9650652,40.808753],[-73.9651539,40.808737],[-73.9652192,40.8087317],[-73.9652961,40.8087392]]},"properties":{"kind":"sidewalk","major":false}},{"type":"Feature","geometry":{"type":"LineString","coordinates":[[-73.9652305,40.8087113],[-73.9652961,40.8087392],[-73.965626,40.8088738],[-73.9656655,40.8088906]]},"properties":{"kind":"sidewalk","major":false}},{"type":"Feature","geometry":{"type":"LineString","coordinates":[[-73.9651157,40.8086554],[-73.9649066,40.8085742],[-73.9648862,40.8085663]]},"properties":{"kind":"sidewalk","major":false}},{"type":"Feature","geometry":{"type":"LineString","coordinates":[[-73.9649066,40.8085742],[-73.9649314,40.8085493]]},"properties":{"kind":"sidewalk","major":false}},{"type":"Feature","geometry":{"type":"LineString","coordinates":[[-73.9642617,40.8107484],[-73.964248,40.8107695],[-73.9639457,40.8111782],[-73.963933,40.8111962],[-73.9632377,40.8109035]]},"properties":{"kind":"sidewalk","major":false}},{"type":"Feature","geometry":{"type":"LineString","coordinates":[[-73.9621432,40.8055006],[-73.9620544,40.8054631],[-73.9619554,40.8054244]]},"properties":{"kind":"sidewalk","major":false}},{"type":"Feature","geometry":{"type":"LineString","coordinates":[[-73.9619554,40.8054244],[-73.9619224,40.8054077],[-73.96046589144454,40.80480144697455]]},"properties":{"kind":"sidewalk","major":false}},{"type":"Feature","geometry":{"type":"LineString","coordinates":[[-73.9650293,40.8068453],[-73.9650606,40.8068009],[-73.9650868,40.8067638]]},"properties":{"kind":"sidewalk","major":false}},{"type":"Feature","geometry":{"type":"LineString","coordinates":[[-73.9650591,40.8067289],[-73.9649807,40.8066972],[-73.964796,40.8066225],[-73.9647252,40.8065939]]},"properties":{"kind":"sidewalk","major":false}},{"type":"Feature","geometry":{"type":"LineString","coordinates":[[-73.9647252,40.8065939],[-73.9646947,40.806582],[-73.9621737,40.8055126],[-73.9621432,40.8055006]]},"properties":{"kind":"sidewalk","major":false}},{"type":"Feature","geometry":{"type":"LineString","coordinates":[[-73.9646857,40.8065937],[-73.9646572,40.8066309],[-73.9646226,40.8066764]]},"properties":{"kind":"sidewalk","major":false}},{"type":"Feature","geometry":{"type":"LineString","coordinates":[[-73.9725741,40.7959553],[-73.972657,40.7959901]]},"properties":{"kind":"sidewalk","major":false}},{"type":"Feature","geometry":{"type":"LineString","coordinates":[[-73.972657,40.7959901],[-73.9726739,40.7959972],[-73.9726917,40.7960048]]},"properties":{"kind":"sidewalk","major":false}},{"type":"Feature","geometry":{"type":"LineString","coordinates":[[-73.9849874,40.7718749],[-73.9849744,40.7718936]]},"properties":{"kind":"foot","name":"","bridge":false,"len":2,"major":false}},{"type":"Feature","geometry":{"type":"LineString","coordinates":[[-73.9849058,40.7718404],[-73.9848926,40.7718591]]},"properties":{"kind":"foot","name":"","bridge":false,"len":2,"major":false}},{"type":"Feature","geometry":{"type":"LineString","coordinates":[[-73.9768572,40.7876504],[-73.9769454,40.7876904],[-73.9771219,40.7877619],[-73.9771841,40.7877887]]},"properties":{"kind":"sidewalk","major":false}},{"type":"Feature","geometry":{"type":"LineString","coordinates":[[-73.9772328,40.7877858],[-73.9772675,40.7877423],[-73.9772902,40.7877133]]},"properties":{"kind":"sidewalk","major":false}},{"type":"Feature","geometry":{"type":"LineString","coordinates":[[-73.9769023,40.7875543],[-73.9768786,40.7875802],[-73.9768421,40.7876215]]},"properties":{"kind":"sidewalk","major":false}},{"type":"Feature","geometry":{"type":"LineString","coordinates":[[-73.9636275,40.8080263],[-73.9636457,40.8080012]]},"properties":{"kind":"sidewalk","major":false}},{"type":"Feature","geometry":{"type":"LineString","coordinates":[[-73.9637227,40.8078947],[-73.9637603,40.8078429]]},"properties":{"kind":"sidewalk","major":false}},{"type":"Feature","geometry":{"type":"LineString","coordinates":[[-73.9722213,40.7940708],[-73.9722411,40.7940445]]},"properties":{"kind":"foot","name":"","bridge":false,"len":3,"major":false}},{"type":"Feature","geometry":{"type":"LineString","coordinates":[[-73.9685507,40.7967279],[-73.9683914,40.7967317],[-73.9682889,40.7967316]]},"properties":{"kind":"sidewalk","major":false}},{"type":"Feature","geometry":{"type":"LineString","coordinates":[[-73.9686477,40.7966423],[-73.9686225,40.7966801],[-73.9685982,40.7967166]]},"properties":{"kind":"sidewalk","major":false}},{"type":"Feature","geometry":{"type":"LineString","coordinates":[[-73.9682777,40.7967103],[-73.9683277,40.7966303],[-73.9683957,40.7965373]]},"properties":{"kind":"sidewalk","major":false}},{"type":"Feature","geometry":{"type":"LineString","coordinates":[[-73.9676016,40.8020447],[-73.9675867,40.8021168],[-73.9675775,40.8021606]]},"properties":{"kind":"sidewalk","major":false}},{"type":"Feature","geometry":{"type":"LineString","coordinates":[[-73.9682031,40.8024269],[-73.9682132,40.8023832],[-73.9682227,40.8023408]]},"properties":{"kind":"sidewalk","major":false}},{"type":"Feature","geometry":{"type":"LineString","coordinates":[[-73.9680255,40.802373],[-73.9680812,40.8023965],[-73.9681637,40.8024348]]},"properties":{"kind":"sidewalk","major":false}},{"type":"Feature","geometry":{"type":"LineString","coordinates":[[-73.9679557,40.8023455],[-73.9680255,40.802373]]},"properties":{"kind":"foot","name":"","bridge":false,"len":6,"major":false}},{"type":"Feature","geometry":{"type":"LineString","coordinates":[[-73.9676563,40.8011685],[-73.9676493,40.8012546],[-73.9676416,40.8013498]]},"properties":{"kind":"sidewalk","major":false}},{"type":"Feature","geometry":{"type":"LineString","coordinates":[[-73.9676981,40.8014147],[-73.9677565,40.801437],[-73.9679861,40.8015282],[-73.9680593,40.801554]]},"properties":{"kind":"sidewalk","major":false}},{"type":"Feature","geometry":{"type":"LineString","coordinates":[[-73.9680909,40.8015396],[-73.9680981,40.801439],[-73.9681018,40.8013465]]},"properties":{"kind":"sidewalk","major":false}},{"type":"Feature","geometry":{"type":"LineString","coordinates":[[-73.9687071,40.8016002],[-73.9686307,40.8015641],[-73.9685217,40.8015127]]},"properties":{"kind":"sidewalk","major":false}},{"type":"Feature","geometry":{"type":"LineString","coordinates":[[-73.9653761,40.8011404],[-73.9653521,40.8011744],[-73.965325,40.8012128]]},"properties":{"kind":"sidewalk","major":false}},{"type":"Feature","geometry":{"type":"LineString","coordinates":[[-73.9651834,40.8010314],[-73.9652365,40.8010529],[-73.9653561,40.8011013]]},"properties":{"kind":"sidewalk","major":false}},{"type":"Feature","geometry":{"type":"LineString","coordinates":[[-73.9650627,40.8011059],[-73.9650918,40.8010646],[-73.9651159,40.8010304]]},"properties":{"kind":"sidewalk","major":false}},{"type":"Feature","geometry":{"type":"LineString","coordinates":[[-73.9920531,40.7738617],[-73.9919962,40.7739057],[-73.991929,40.7739577]]},"properties":{"kind":"sidewalk","major":false}},{"type":"Feature","geometry":{"type":"LineString","coordinates":[[-73.9921103,40.7740511],[-73.9922285,40.7739417],[-73.992212,40.7739322]]},"properties":{"kind":"sidewalk","major":false}},{"type":"Feature","geometry":{"type":"LineString","coordinates":[[-73.992212,40.7739322],[-73.9921527,40.773895],[-73.9920916,40.7738568]]},"properties":{"kind":"sidewalk","major":false}},{"type":"Feature","geometry":{"type":"LineString","coordinates":[[-73.992816,40.7731604],[-73.9927898,40.7731483],[-73.9927613,40.7731533]]},"properties":{"kind":"foot","name":"","bridge":false,"len":5,"major":false}},{"type":"Feature","geometry":{"type":"LineString","coordinates":[[-73.9906165,40.7733963],[-73.9906046,40.7734124],[-73.9904668,40.7735984],[-73.9904277,40.7737916],[-73.990373,40.7739658],[-73.9903936,40.7739737],[-73.9914025,40.7743988]]},"properties":{"kind":"sidewalk","major":false}},{"type":"Feature","geometry":{"type":"LineString","coordinates":[[-73.9906165,40.7733963],[-73.9906492,40.7733444],[-73.9906846,40.7732883]]},"properties":{"kind":"sidewalk","major":false}},{"type":"Feature","geometry":{"type":"LineString","coordinates":[[-73.9913809,40.7744165],[-73.9914025,40.7743988],[-73.9919155,40.773969],[-73.991929,40.7739577]]},"properties":{"kind":"sidewalk","major":false}},{"type":"Feature","geometry":{"type":"LineString","coordinates":[[-73.9724593,40.8003117],[-73.9723769,40.8002438]]},"properties":{"kind":"foot","name":"","bridge":false,"len":9,"major":false}},{"type":"Feature","geometry":{"type":"LineString","coordinates":[[-73.9743727,40.7979028],[-73.9743883,40.7979051],[-73.9743829,40.7979274]]},"properties":{"kind":"foot","name":"Carrere Stairs","bridge":false,"len":3,"major":true}},{"type":"Feature","geometry":{"type":"LineString","coordinates":[[-73.9747511,40.7968223],[-73.9747298,40.7968156]]},"properties":{"kind":"foot","name":"","bridge":false,"len":2,"major":false}},{"type":"Feature","geometry":{"type":"LineString","coordinates":[[-73.97465,40.7967903],[-73.9746082,40.7967771],[-73.974544,40.7967568]]},"properties":{"kind":"foot","name":"","bridge":false,"len":9,"major":false}},{"type":"Feature","geometry":{"type":"LineString","coordinates":[[-73.9747646,40.7967716],[-73.9747796,40.79678]]},"properties":{"kind":"foot","name":"","bridge":false,"len":1,"major":false}},{"type":"Feature","geometry":{"type":"LineString","coordinates":[[-73.975408,40.7960716],[-73.9756251,40.7961396],[-73.9758597,40.7961452],[-73.9760569,40.7960602],[-73.9761467,40.7959695],[-73.9761542,40.7958675],[-73.9761242,40.7958014],[-73.9760818,40.7957541],[-73.9759881,40.7956632]]},"properties":{"kind":"foot","name":"","bridge":false,"len":100,"major":false}},{"type":"Feature","geometry":{"type":"LineString","coordinates":[[-73.9756251,40.7961396],[-73.975938,40.7956892]]},"properties":{"kind":"foot","name":"","bridge":false,"len":47,"major":false}},{"type":"Feature","geometry":{"type":"LineString","coordinates":[[-73.975408,40.7960716],[-73.9752736,40.7960216]]},"properties":{"kind":"foot","name":"","bridge":false,"len":12,"major":false}},{"type":"Feature","geometry":{"type":"LineString","coordinates":[[-73.979587,40.7912299],[-73.9795138,40.791263],[-73.9794533,40.7913532],[-73.9793588,40.7914866],[-73.9793161,40.7915469],[-73.979188,40.7917563]]},"properties":{"kind":"sidewalk","major":false}},{"type":"Feature","geometry":{"type":"LineString","coordinates":[[-73.979587,40.7912299],[-73.9796205,40.7913258],[-73.9795176,40.7915434],[-73.9793412,40.7917214],[-73.979188,40.7917563]]},"properties":{"kind":"foot","name":"","bridge":false,"len":64,"major":false}},{"type":"Feature","geometry":{"type":"LineString","coordinates":[[-73.980386,40.7900789],[-73.980026,40.7906073],[-73.9799424,40.790725],[-73.9797542,40.7910405]]},"properties":{"kind":"sidewalk","major":false}},{"type":"Feature","geometry":{"type":"LineString","coordinates":[[-73.9723164,40.8021097],[-73.9727947,40.8023023],[-73.9729237,40.8023524]]},"properties":{"kind":"foot","name":"","bridge":false,"len":56,"major":false}},{"type":"Feature","geometry":{"type":"LineString","coordinates":[[-73.9795836,40.7925247],[-73.9796219,40.7925442]]},"properties":{"kind":"foot","name":"","bridge":false,"len":4,"major":false}},{"type":"Feature","geometry":{"type":"LineString","coordinates":[[-73.950178,40.8271638],[-73.9501579,40.827188],[-73.9501238,40.8272366]]},"properties":{"kind":"sidewalk","major":false}},{"type":"Feature","geometry":{"type":"LineString","coordinates":[[-73.9493273,40.8276141],[-73.9493044,40.8276479],[-73.9492675,40.8277015]]},"properties":{"kind":"sidewalk","major":false}},{"type":"Feature","geometry":{"type":"LineString","coordinates":[[-73.9507563,40.8282203],[-73.9507722,40.8281983],[-73.9511566,40.8276835],[-73.9511631,40.8276748]]},"properties":{"kind":"sidewalk","major":false}},{"type":"Feature","geometry":{"type":"LineString","coordinates":[[-73.9496219,40.8278608],[-73.9496475,40.8278714],[-73.9496815,40.8278855],[-73.9506876,40.8283074],[-73.9507252,40.8283176]]},"properties":{"kind":"sidewalk","major":false}},{"type":"Feature","geometry":{"type":"LineString","coordinates":[[-73.9506972,40.8282942],[-73.9506876,40.8283074],[-73.9503113,40.8288224]]},"properties":{"kind":"sidewalk","major":false}},{"type":"Feature","geometry":{"type":"LineString","coordinates":[[-73.9788116,40.7851589],[-73.978863,40.7851803],[-73.9789312,40.7852086]]},"properties":{"kind":"sidewalk","major":false}},{"type":"Feature","geometry":{"type":"LineString","coordinates":[[-73.9789312,40.7852086],[-73.9789911,40.7852335]]},"properties":{"kind":"foot","name":"","bridge":false,"len":6,"major":false}},{"type":"Feature","geometry":{"type":"LineString","coordinates":[[-73.9790208,40.7850891],[-73.9789502,40.7850614],[-73.9788924,40.7850387]]},"properties":{"kind":"sidewalk","major":false}},{"type":"Feature","geometry":{"type":"LineString","coordinates":[[-73.9790829,40.7851135],[-73.9790208,40.7850891]]},"properties":{"kind":"foot","name":"","bridge":false,"len":6,"major":false}},{"type":"Feature","geometry":{"type":"LineString","coordinates":[[-73.9801351,40.7840098],[-73.9801883,40.783937],[-73.9802387,40.7838682]]},"properties":{"kind":"sidewalk","major":false}},{"type":"Feature","geometry":{"type":"LineString","coordinates":[[-73.9797529,40.7838837],[-73.979809,40.7839072],[-73.9800106,40.7839918],[-73.9800737,40.7840183]]},"properties":{"kind":"sidewalk","major":false}},{"type":"Feature","geometry":{"type":"LineString","coordinates":[[-73.9798422,40.7836983],[-73.9797901,40.7837695],[-73.9797377,40.7838413]]},"properties":{"kind":"sidewalk","major":false}},{"type":"Feature","geometry":{"type":"LineString","coordinates":[[-73.9787092,40.7859177],[-73.9787361,40.785882],[-73.978764,40.7858449]]},"properties":{"kind":"sidewalk","major":false}},{"type":"Feature","geometry":{"type":"LineString","coordinates":[[-73.9783331,40.7857866],[-73.9783938,40.7858127],[-73.9784632,40.7858417]]},"properties":{"kind":"sidewalk","major":false}},{"type":"Feature","geometry":{"type":"LineString","coordinates":[[-73.9783715,40.7856766],[-73.9783425,40.7857152],[-73.9783169,40.7857493]]},"properties":{"kind":"sidewalk","major":false}},{"type":"Feature","geometry":{"type":"LineString","coordinates":[[-73.9813355,40.7802879],[-73.9814,40.7803143],[-73.9814827,40.7803481]]},"properties":{"kind":"sidewalk","major":false}},{"type":"Feature","geometry":{"type":"LineString","coordinates":[[-73.9817155,40.780421],[-73.9817257,40.7803727],[-73.9817354,40.7803268]]},"properties":{"kind":"sidewalk","major":false}},{"type":"Feature","geometry":{"type":"LineString","coordinates":[[-73.9813377,40.7801553],[-73.9813248,40.7802068],[-73.9813136,40.7802512]]},"properties":{"kind":"sidewalk","major":false}},{"type":"Feature","geometry":{"type":"LineString","coordinates":[[-73.955869,40.8229304],[-73.955944,40.8229664]]},"properties":{"kind":"foot","name":"","bridge":true,"len":7,"major":false}},{"type":"Feature","geometry":{"type":"LineString","coordinates":[[-73.9539169,40.8220415],[-73.9538695,40.8221062],[-73.9538224,40.8221706]]},"properties":{"kind":"sidewalk","major":false}},{"type":"Feature","geometry":{"type":"LineString","coordinates":[[-73.9535288,40.8218788],[-73.9536447,40.8219274],[-73.9538363,40.8220077],[-73.9539169,40.8220415]]},"properties":{"kind":"sidewalk","major":false}},{"type":"Feature","geometry":{"type":"LineString","coordinates":[[-73.9534588,40.8219767],[-73.9534856,40.8219388],[-73.9535117,40.8219019]]},"properties":{"kind":"sidewalk","major":false}},{"type":"Feature","geometry":{"type":"LineString","coordinates":[[-73.9778239,40.7921868],[-73.9777644,40.7921289],[-73.9777179,40.7920934]]},"properties":{"kind":"sidewalk","major":false}},{"type":"Feature","geometry":{"type":"LineString","coordinates":[[-73.9776526,40.7923004],[-73.9775778,40.7922315],[-73.9775271,40.7921911]]},"properties":{"kind":"sidewalk","major":false}},{"type":"Feature","geometry":{"type":"LineString","coordinates":[[-73.9884891,40.7772668],[-73.9884525,40.7773196],[-73.9884151,40.7773715]]},"properties":{"kind":"foot","name":"","bridge":false,"len":11,"major":false}},{"type":"Feature","geometry":{"type":"LineString","coordinates":[[-73.988802,40.7773905],[-73.9888645,40.7774212],[-73.9889484,40.7774623]]},"properties":{"kind":"sidewalk","major":false}},{"type":"Feature","geometry":{"type":"LineString","coordinates":[[-73.9888981,40.7775701],[-73.9888146,40.7775414],[-73.9887475,40.7775184]]},"properties":{"kind":"sidewalk","major":false}},{"type":"Feature","geometry":{"type":"LineString","coordinates":[[-73.9888981,40.7775701],[-73.9889296,40.7775799]]},"properties":{"kind":"sidewalk","major":false}},{"type":"Feature","geometry":{"type":"LineString","coordinates":[[-73.9889484,40.7774623],[-73.9889746,40.7774721]]},"properties":{"kind":"sidewalk","major":false}},{"type":"Feature","geometry":{"type":"LineString","coordinates":[[-73.9844189,40.7749365],[-73.9843625,40.774899]]},"properties":{"kind":"foot","name":"","bridge":false,"len":6,"major":false}},{"type":"Feature","geometry":{"type":"LineString","coordinates":[[-73.9844512,40.7749549],[-73.9844189,40.7749365]]},"properties":{"kind":"sidewalk","major":false}},{"type":"Feature","geometry":{"type":"LineString","coordinates":[[-73.9709893,40.8010434],[-73.971075,40.8010806]]},"properties":{"kind":"foot","name":"","bridge":false,"len":8,"major":false}},{"type":"Feature","geometry":{"type":"LineString","coordinates":[[-73.97093,40.8010177],[-73.9709554,40.8010287],[-73.9709893,40.8010434]]},"properties":{"kind":"sidewalk","major":false}},{"type":"Feature","geometry":{"type":"LineString","coordinates":[[-73.9711735,40.8009528],[-73.9710824,40.8009154]]},"properties":{"kind":"foot","name":"","bridge":false,"len":8,"major":false}},{"type":"Feature","geometry":{"type":"LineString","coordinates":[[-73.9710824,40.8009154],[-73.971048,40.8009013],[-73.971021,40.8008903]]},"properties":{"kind":"sidewalk","major":false}},{"type":"Feature","geometry":{"type":"LineString","coordinates":[[-73.9735078,40.7978493],[-73.9734722,40.7978354],[-73.9734368,40.797816]]},"properties":{"kind":"sidewalk","major":false}},{"type":"Feature","geometry":{"type":"LineString","coordinates":[[-73.9734159,40.797822],[-73.97342,40.797806],[-73.9735752,40.7971889],[-73.9723492,40.7966755]]},"properties":{"kind":"sidewalk","major":false}},{"type":"Feature","geometry":{"type":"LineString","coordinates":[[-73.9800485,40.7910647],[-73.9800131,40.7910399]]},"properties":{"kind":"foot","name":"","bridge":false,"len":4,"major":false}},{"type":"Feature","geometry":{"type":"LineString","coordinates":[[-73.9620922,40.8189588],[-73.9621576,40.8190218]]},"properties":{"kind":"foot","name":"","bridge":true,"len":8,"major":false}},{"type":"Feature","geometry":{"type":"LineString","coordinates":[[-73.9620922,40.8189588],[-73.9620606,40.8189247],[-73.9621193,40.8188901],[-73.9615556,40.8186304]]},"properties":{"kind":"foot","name":"","bridge":false,"len":62,"major":false}},{"type":"Feature","geometry":{"type":"LineString","coordinates":[[-73.9621576,40.8190218],[-73.9622169,40.8190573],[-73.9622362,40.8190676],[-73.9623556,40.8192012],[-73.9623651,40.8192045],[-73.9623989,40.8191678]]},"properties":{"kind":"foot","name":"","bridge":false,"len":28,"major":false}},{"type":"Feature","geometry":{"type":"LineString","coordinates":[[-73.9632563,40.808836],[-73.9632037,40.8088135],[-73.9631359,40.8087845]]},"properties":{"kind":"sidewalk","major":false}},{"type":"Feature","geometry":{"type":"LineString","coordinates":[[-73.9633284,40.8088669],[-73.9633835,40.8088905],[-73.9634519,40.8089196]]},"properties":{"kind":"sidewalk","major":false}},{"type":"Feature","geometry":{"type":"LineString","coordinates":[[-73.9621571,40.8033286],[-73.9618828,40.8031867]]},"properties":{"kind":"foot","name":"","bridge":false,"len":26,"major":false}},{"type":"Feature","geometry":{"type":"LineString","coordinates":[[-73.9692037,40.8009851],[-73.9691788,40.8010194],[-73.9691516,40.8010582]]},"properties":{"kind":"sidewalk","major":false}},{"type":"Feature","geometry":{"type":"LineString","coordinates":[[-73.96899,40.8008682],[-73.9690947,40.8009103],[-73.9691856,40.8009499]]},"properties":{"kind":"sidewalk","major":false}},{"type":"Feature","geometry":{"type":"LineString","coordinates":[[-73.9688914,40.8009508],[-73.9689197,40.8009102],[-73.9689457,40.8008732]]},"properties":{"kind":"sidewalk","major":false}},{"type":"Feature","geometry":{"type":"LineString","coordinates":[[-73.9700914,40.7973503],[-73.9701215,40.7973083],[-73.9701505,40.7972679]]},"properties":{"kind":"sidewalk","major":false}},{"type":"Feature","geometry":{"type":"LineString","coordinates":[[-73.9697145,40.7972156],[-73.969773,40.7972401],[-73.9699714,40.797326],[-73.9700409,40.7973545]]},"properties":{"kind":"sidewalk","major":false}},{"type":"Feature","geometry":{"type":"LineString","coordinates":[[-73.9697454,40.7971053],[-73.9697212,40.7971388],[-73.9696949,40.7971755]]},"properties":{"kind":"sidewalk","major":false}},{"type":"Feature","geometry":{"type":"LineString","coordinates":[[-73.9696265,40.797971],[-73.9696547,40.7979326],[-73.9696819,40.7978956]]},"properties":{"kind":"sidewalk","major":false}},{"type":"Feature","geometry":{"type":"LineString","coordinates":[[-73.9692499,40.79784],[-73.9693079,40.7978644],[-73.9695148,40.7979516],[-73.9695821,40.7979799]]},"properties":{"kind":"sidewalk","major":false}},{"type":"Feature","geometry":{"type":"LineString","coordinates":[[-73.9692999,40.7977365],[-73.9692744,40.7977713],[-73.9692456,40.7978105]]},"properties":{"kind":"sidewalk","major":false}},{"type":"Feature","geometry":{"type":"LineString","coordinates":[[-73.9692214,40.7985243],[-73.9691994,40.7985557],[-73.9691696,40.7985983]]},"properties":{"kind":"sidewalk","major":false}},{"type":"Feature","geometry":{"type":"LineString","coordinates":[[-73.9691246,40.7986059],[-73.9690576,40.7985789],[-73.9688539,40.7984971],[-73.9687931,40.7984727]]},"properties":{"kind":"sidewalk","major":false}},{"type":"Feature","geometry":{"type":"LineString","coordinates":[[-73.9687811,40.7984352],[-73.968811,40.7983926],[-73.9688347,40.7983588]]},"properties":{"kind":"sidewalk","major":false}},{"type":"Feature","geometry":{"type":"LineString","coordinates":[[-73.9618131,40.8041456],[-73.9617852,40.8041852],[-73.9615494,40.8040868]]},"properties":{"kind":"foot","name":"","bridge":false,"len":26,"major":false}},{"type":"Feature","geometry":{"type":"LineString","coordinates":[[-73.9740469,40.7979137],[-73.9740232,40.7979082]]},"properties":{"kind":"foot","name":"","bridge":false,"len":2,"major":false}},{"type":"Feature","geometry":{"type":"LineString","coordinates":[[-73.9642107,40.8007732],[-73.9641961,40.8007919],[-73.9640164,40.8010463]]},"properties":{"kind":"foot","name":"","bridge":false,"len":28,"major":false}},{"type":"Feature","geometry":{"type":"LineString","coordinates":[[-73.9519502,40.8269321],[-73.9519314,40.8269561]]},"properties":{"kind":"sidewalk","major":false}},{"type":"Feature","geometry":{"type":"LineString","coordinates":[[-73.9519502,40.8269321],[-73.9519938,40.8269522]]},"properties":{"kind":"sidewalk","major":false}},{"type":"Feature","geometry":{"type":"LineString","coordinates":[[-73.9520326,40.8272242],[-73.9519633,40.8272072],[-73.9518628,40.8271704],[-73.9518104,40.8271512]]},"properties":{"kind":"sidewalk","major":false}},{"type":"Feature","geometry":{"type":"LineString","coordinates":[[-73.9519314,40.8269561],[-73.9518659,40.827033],[-73.9517907,40.8271213]]},"properties":{"kind":"sidewalk","major":false}},{"type":"Feature","geometry":{"type":"LineString","coordinates":[[-73.9512405,40.8275869],[-73.9512263,40.8275988]]},"properties":{"kind":"sidewalk","major":false}},{"type":"Feature","geometry":{"type":"LineString","coordinates":[[-73.9503113,40.8288224],[-73.9502999,40.8288417]]},"properties":{"kind":"sidewalk","major":false}},{"type":"Feature","geometry":{"type":"LineString","coordinates":[[-73.9503113,40.8288224],[-73.950347,40.8288356]]},"properties":{"kind":"sidewalk","major":false}},{"type":"Feature","geometry":{"type":"LineString","coordinates":[[-73.950347,40.8288356],[-73.9504018,40.8288571],[-73.9504885,40.8288911],[-73.9505363,40.8289096]]},"properties":{"kind":"sidewalk","major":false}},{"type":"Feature","geometry":{"type":"LineString","coordinates":[[-73.9505363,40.8289096],[-73.9505916,40.8289402]]},"properties":{"kind":"sidewalk","major":false}},{"type":"Feature","geometry":{"type":"LineString","coordinates":[[-73.9492688,40.828389],[-73.9492579,40.8284063]]},"properties":{"kind":"sidewalk","major":false}},{"type":"Feature","geometry":{"type":"LineString","coordinates":[[-73.9492688,40.828389],[-73.9492539,40.8283827]]},"properties":{"kind":"sidewalk","major":false}},{"type":"Feature","geometry":{"type":"LineString","coordinates":[[-73.9488172,40.8283385],[-73.9488447,40.8283511]]},"properties":{"kind":"sidewalk","major":false}},{"type":"Feature","geometry":{"type":"LineString","coordinates":[[-73.9488172,40.8283385],[-73.9488298,40.8283209]]},"properties":{"kind":"sidewalk","major":false}},{"type":"Feature","geometry":{"type":"LineString","coordinates":[[-73.959837,40.8139255],[-73.9605503,40.8142271],[-73.9605773,40.8142385]]},"properties":{"kind":"sidewalk","major":false}},{"type":"Feature","geometry":{"type":"LineString","coordinates":[[-73.9599237,40.8138046],[-73.9598901,40.8138544],[-73.959837,40.8139255]]},"properties":{"kind":"sidewalk","major":false}},{"type":"Feature","geometry":{"type":"LineString","coordinates":[[-73.9594277,40.8137811],[-73.9594767,40.8137096],[-73.9595243,40.8136401]]},"properties":{"kind":"sidewalk","major":false}},{"type":"Feature","geometry":{"type":"LineString","coordinates":[[-73.95924,40.813564],[-73.9595369,40.8136253]]},"properties":{"kind":"sidewalk","major":false}},{"type":"Feature","geometry":{"type":"LineString","coordinates":[[-73.959554,40.8138406],[-73.9595004,40.8138245],[-73.9594401,40.8138064]]},"properties":{"kind":"sidewalk","major":false}},{"type":"Feature","geometry":{"type":"LineString","coordinates":[[-73.9596849,40.8138799],[-73.959554,40.8138406]]},"properties":{"kind":"sidewalk","major":false}},{"type":"Feature","geometry":{"type":"LineString","coordinates":[[-73.9598111,40.8137049],[-73.9598626,40.8137371],[-73.9599178,40.8137716]]},"properties":{"kind":"sidewalk","major":false}},{"type":"Feature","geometry":{"type":"LineString","coordinates":[[-73.9597038,40.8136612],[-73.9598111,40.8137049]]},"properties":{"kind":"sidewalk","major":false}},{"type":"Feature","geometry":{"type":"LineString","coordinates":[[-73.9629226,40.811027],[-73.9628907,40.8110132],[-73.9621921,40.8107133],[-73.9621591,40.8106991]]},"properties":{"kind":"sidewalk","major":false}},{"type":"Feature","geometry":{"type":"LineString","coordinates":[[-73.9626854,40.8099736],[-73.9627273,40.8099903]]},"properties":{"kind":"sidewalk","major":false}},{"type":"Feature","geometry":{"type":"LineString","coordinates":[[-73.9626103,40.8100774],[-73.9626505,40.8100951]]},"properties":{"kind":"sidewalk","major":false}},{"type":"Feature","geometry":{"type":"LineString","coordinates":[[-73.9622848,40.8099406],[-73.9622472,40.8099269]]},"properties":{"kind":"sidewalk","major":false}},{"type":"Feature","geometry":{"type":"LineString","coordinates":[[-73.9623643,40.8098339],[-73.9623248,40.809819]]},"properties":{"kind":"sidewalk","major":false}},{"type":"Feature","geometry":{"type":"LineString","coordinates":[[-73.9630661,40.8094501],[-73.963109,40.8094694]]},"properties":{"kind":"sidewalk","major":false}},{"type":"Feature","geometry":{"type":"LineString","coordinates":[[-73.9631519,40.8093331],[-73.9631964,40.8093507]]},"properties":{"kind":"sidewalk","major":false}},{"type":"Feature","geometry":{"type":"LineString","coordinates":[[-73.9628306,40.8091934],[-73.9627876,40.8091752]]},"properties":{"kind":"sidewalk","major":false}},{"type":"Feature","geometry":{"type":"LineString","coordinates":[[-73.9627448,40.8093085],[-73.9627042,40.8092913]]},"properties":{"kind":"sidewalk","major":false}},{"type":"Feature","geometry":{"type":"LineString","coordinates":[[-73.9569669,40.8125949],[-73.9568629,40.8125675],[-73.9567609,40.8125407]]},"properties":{"kind":"sidewalk","major":false}},{"type":"Feature","geometry":{"type":"LineString","coordinates":[[-73.9567609,40.8125407],[-73.9567212,40.8125303]]},"properties":{"kind":"sidewalk","major":false}},{"type":"Feature","geometry":{"type":"LineString","coordinates":[[-73.9568709,40.8127279],[-73.956775,40.8126893],[-73.9566788,40.8126505]]},"properties":{"kind":"sidewalk","major":false}},{"type":"Feature","geometry":{"type":"LineString","coordinates":[[-73.9566788,40.8126505],[-73.9566434,40.8126362]]},"properties":{"kind":"sidewalk","major":false}},{"type":"Feature","geometry":{"type":"LineString","coordinates":[[-73.967459,40.8061708],[-73.9674962,40.8061855]]},"properties":{"kind":"foot","name":"","bridge":false,"len":3,"major":false}},{"type":"Feature","geometry":{"type":"LineString","coordinates":[[-73.9673196,40.8066529],[-73.9673597,40.8066589],[-73.9673899,40.806661],[-73.9674188,40.8066569],[-73.9674395,40.8066528],[-73.9674657,40.8066351],[-73.9674851,40.8066178],[-73.9674992,40.8065929],[-73.9675415,40.8065163],[-73.9676032,40.8063991]]},"properties":{"kind":"foot","name":"","bridge":false,"len":36,"major":false}},{"type":"Feature","geometry":{"type":"LineString","coordinates":[[-73.9676032,40.8063991],[-73.9676882,40.8062724]]},"properties":{"kind":"foot","name":"","bridge":false,"len":13,"major":false}},{"type":"Feature","geometry":{"type":"LineString","coordinates":[[-73.9674741,40.8062082],[-73.9674902,40.8062009]]},"properties":{"kind":"foot","name":"","bridge":false,"len":2,"major":false}},{"type":"Feature","geometry":{"type":"LineString","coordinates":[[-73.968509,40.8045128],[-73.9685379,40.8045272],[-73.9686047,40.8045489]]},"properties":{"kind":"foot","name":"","bridge":false,"len":9,"major":false}},{"type":"Feature","geometry":{"type":"LineString","coordinates":[[-73.9682704,40.8048004],[-73.9682982,40.8048143],[-73.9683363,40.8048436],[-73.9683763,40.804876],[-73.9684091,40.8048937]]},"properties":{"kind":"foot","name":"","bridge":false,"len":14,"major":false}},{"type":"Feature","geometry":{"type":"LineString","coordinates":[[-73.9715439,40.8005335],[-73.9716939,40.8004393]]},"properties":{"kind":"foot","name":"","bridge":false,"len":15,"major":false}},{"type":"Feature","geometry":{"type":"LineString","coordinates":[[-73.9679683,40.7971452],[-73.9679195,40.7972133]]},"properties":{"kind":"sidewalk","major":false}},{"type":"Feature","geometry":{"type":"LineString","coordinates":[[-73.9672577,40.7978264],[-73.967415,40.7978925]]},"properties":{"kind":"sidewalk","major":false}},{"type":"Feature","geometry":{"type":"LineString","coordinates":[[-73.9660823,40.7973817],[-73.965983,40.7973415],[-73.96592905198736,40.79731899201964]]},"properties":{"kind":"foot","name":"","bridge":false,"len":48,"major":false}},{"type":"Feature","geometry":{"type":"LineString","coordinates":[[-73.96764,40.7964667],[-73.9676261,40.7964858],[-73.9673221,40.7969182],[-73.9672975,40.7969534]]},"properties":{"kind":"foot","name":"","bridge":false,"len":51,"major":false}},{"type":"Feature","geometry":{"type":"LineString","coordinates":[[-73.9676798,40.7962139],[-73.9677232,40.7961542],[-73.9677335,40.7961391],[-73.9677562,40.7961057],[-73.9677901,40.7960772]]},"properties":{"kind":"foot","name":"","bridge":false,"len":15,"major":false}},{"type":"Feature","geometry":{"type":"LineString","coordinates":[[-73.9677562,40.7961057],[-73.9676504,40.7960642]]},"properties":{"kind":"foot","name":"","bridge":false,"len":10,"major":false}},{"type":"Feature","geometry":{"type":"LineString","coordinates":[[-73.9676666,40.7961309],[-73.967498,40.7960616]]},"properties":{"kind":"foot","name":"","bridge":false,"len":15,"major":false}},{"type":"Feature","geometry":{"type":"LineString","coordinates":[[-73.9676256,40.7960544],[-73.967613,40.7960495],[-73.9675904,40.7960406]]},"properties":{"kind":"foot","name":"","bridge":false,"len":3,"major":false}},{"type":"Feature","geometry":{"type":"LineString","coordinates":[[-73.9678269,40.7960311],[-73.9678493,40.7960061]]},"properties":{"kind":"foot","name":"","bridge":false,"len":3,"major":false}},{"type":"Feature","geometry":{"type":"LineString","coordinates":[[-73.9698673,40.7996165],[-73.9698451,40.7996518],[-73.9698129,40.7996977]]},"properties":{"kind":"sidewalk","major":false}},{"type":"Feature","geometry":{"type":"LineString","coordinates":[[-73.9433875,40.8307967],[-73.9433749,40.830814]]},"properties":{"kind":"sidewalk","major":false}},{"type":"Feature","geometry":{"type":"LineString","coordinates":[[-73.9434175,40.8308087],[-73.9433875,40.8307967]]},"properties":{"kind":"sidewalk","major":false}},{"type":"Feature","geometry":{"type":"LineString","coordinates":[[-73.9433323,40.8309221],[-73.9433036,40.8309111]]},"properties":{"kind":"sidewalk","major":false}},{"type":"Feature","geometry":{"type":"LineString","coordinates":[[-73.9644556,40.7997876],[-73.9644097,40.7998905],[-73.96436,40.8000019]]},"properties":{"kind":"sidewalk","major":false}},{"type":"Feature","geometry":{"type":"LineString","coordinates":[[-73.967613,40.7960495],[-73.9676758,40.7959643],[-73.9678269,40.7960311]]},"properties":{"kind":"foot","name":"","bridge":false,"len":23,"major":false}},{"type":"Feature","geometry":{"type":"LineString","coordinates":[[-73.9677232,40.7961542],[-73.9676666,40.7961309]]},"properties":{"kind":"sidewalk","major":false}},{"type":"Feature","geometry":{"type":"LineString","coordinates":[[-73.967498,40.7960616],[-73.9675101,40.7960453],[-73.9675932,40.7960783],[-73.967613,40.7960495]]},"properties":{"kind":"sidewalk","major":false}},{"type":"Feature","geometry":{"type":"LineString","coordinates":[[-73.9677335,40.7961391],[-73.967918,40.7962148]]},"properties":{"kind":"foot","name":"","bridge":false,"len":17,"major":false}},{"type":"Feature","geometry":{"type":"LineString","coordinates":[[-73.9640036,40.80106],[-73.9638918,40.8012154],[-73.963833,40.8012273],[-73.9637604,40.801199],[-73.96375,40.8012131],[-73.9638546,40.8012569],[-73.9638492,40.8012645],[-73.9638348,40.8012844]]},"properties":{"kind":"foot","name":"","bridge":false,"len":42,"major":false}},{"type":"Feature","geometry":{"type":"LineString","coordinates":[[-73.9640164,40.8010463],[-73.9640284,40.8010523]]},"properties":{"kind":"foot","name":"","bridge":false,"len":1,"major":false}},{"type":"Feature","geometry":{"type":"LineString","coordinates":[[-73.9537727,40.8276332],[-73.9537927,40.8276398],[-73.9538208,40.8276053]]},"properties":{"kind":"foot","name":"","bridge":false,"len":6,"major":false}},{"type":"Feature","geometry":{"type":"LineString","coordinates":[[-73.9537727,40.8276332],[-73.9537147,40.8276101]]},"properties":{"kind":"foot","name":"","bridge":false,"len":5,"major":false}},{"type":"Feature","geometry":{"type":"LineString","coordinates":[[-73.9696602,40.800358],[-73.9696387,40.8003916],[-73.9696137,40.8004305]]},"properties":{"kind":"sidewalk","major":false}},{"type":"Feature","geometry":{"type":"LineString","coordinates":[[-73.969453,40.8002371],[-73.9695529,40.8002785],[-73.9696449,40.8003168]]},"properties":{"kind":"sidewalk","major":false}},{"type":"Feature","geometry":{"type":"LineString","coordinates":[[-73.969358,40.800326],[-73.9693876,40.800285],[-73.9694126,40.8002504]]},"properties":{"kind":"sidewalk","major":false}},{"type":"Feature","geometry":{"type":"LineString","coordinates":[[-73.9720856,40.7965648],[-73.9721297,40.7965046],[-73.9721682,40.7964539]]},"properties":{"kind":"sidewalk","major":false}},{"type":"Feature","geometry":{"type":"LineString","coordinates":[[-73.9721682,40.7964539],[-73.9723046,40.7965097],[-73.9724306,40.796562]]},"properties":{"kind":"sidewalk","major":false}},{"type":"Feature","geometry":{"type":"LineString","coordinates":[[-73.9724306,40.796562],[-73.9723929,40.7966159],[-73.9723492,40.7966755]]},"properties":{"kind":"sidewalk","major":false}},{"type":"Feature","geometry":{"type":"LineString","coordinates":[[-73.9711814,40.7978131],[-73.9712091,40.7977708],[-73.97124,40.7977271]]},"properties":{"kind":"sidewalk","major":false}},{"type":"Feature","geometry":{"type":"LineString","coordinates":[[-73.9712859,40.7977237],[-73.9713853,40.7977672],[-73.9714817,40.7978108]]},"properties":{"kind":"sidewalk","major":false}},{"type":"Feature","geometry":{"type":"LineString","coordinates":[[-73.9714991,40.797842],[-73.9714739,40.7978804],[-73.9714423,40.7979122]]},"properties":{"kind":"sidewalk","major":false}},{"type":"Feature","geometry":{"type":"LineString","coordinates":[[-73.9716326,40.7971931],[-73.9716719,40.7971386],[-73.9717118,40.7970833]]},"properties":{"kind":"sidewalk","major":false}},{"type":"Feature","geometry":{"type":"LineString","coordinates":[[-73.9718882,40.7972989],[-73.9717641,40.7972475],[-73.9716326,40.7971931]]},"properties":{"kind":"sidewalk","major":false}},{"type":"Feature","geometry":{"type":"LineString","coordinates":[[-73.9719674,40.7971892],[-73.9723492,40.7966755]]},"properties":{"kind":"sidewalk","major":false}},{"type":"Feature","geometry":{"type":"LineString","coordinates":[[-73.9717118,40.7970833],[-73.9718443,40.7971382],[-73.9719674,40.7971892]]},"properties":{"kind":"sidewalk","major":false}},{"type":"Feature","geometry":{"type":"LineString","coordinates":[[-73.971022,40.7984376],[-73.9709237,40.7983968],[-73.9708235,40.7983581]]},"properties":{"kind":"sidewalk","major":false}},{"type":"Feature","geometry":{"type":"LineString","coordinates":[[-73.9914275,40.7744095],[-73.9914892,40.7744401],[-73.9915646,40.7744779]]},"properties":{"kind":"sidewalk","major":false}},{"type":"Feature","geometry":{"type":"LineString","coordinates":[[-73.9915646,40.7744779],[-73.991596,40.7744956]]},"properties":{"kind":"sidewalk","major":false}},{"type":"Feature","geometry":{"type":"LineString","coordinates":[[-73.9914025,40.7743988],[-73.9914275,40.7744095]]},"properties":{"kind":"sidewalk","major":false}},{"type":"Feature","geometry":{"type":"LineString","coordinates":[[-73.9913006,40.7745104],[-73.9913628,40.7745435],[-73.9914354,40.7745821]]},"properties":{"kind":"sidewalk","major":false}},{"type":"Feature","geometry":{"type":"LineString","coordinates":[[-73.9914354,40.7745821],[-73.991469,40.7746]]},"properties":{"kind":"sidewalk","major":false}},{"type":"Feature","geometry":{"type":"LineString","coordinates":[[-73.9912763,40.7744975],[-73.9913006,40.7745104]]},"properties":{"kind":"sidewalk","major":false}},{"type":"Feature","geometry":{"type":"LineString","coordinates":[[-73.9726054,40.7991124],[-73.9726427,40.7991385],[-73.9726641,40.7991688]]},"properties":{"kind":"sidewalk","major":false}},{"type":"Feature","geometry":{"type":"LineString","coordinates":[[-73.9644084,40.8024666],[-73.9643926,40.8024893],[-73.9643625,40.8024772]]},"properties":{"kind":"sidewalk","major":false}},{"type":"Feature","geometry":{"type":"LineString","coordinates":[[-73.9643625,40.8024772],[-73.9642346,40.8024252],[-73.9641578,40.8023957]]},"properties":{"kind":"sidewalk","major":false}},{"type":"Feature","geometry":{"type":"LineString","coordinates":[[-73.9641578,40.8023957],[-73.9641242,40.8023829],[-73.9641319,40.8023718]]},"properties":{"kind":"sidewalk","major":false}},{"type":"Feature","geometry":{"type":"LineString","coordinates":[[-73.9714423,40.7979122],[-73.9714229,40.7979317]]},"properties":{"kind":"sidewalk","major":false}},{"type":"Feature","geometry":{"type":"LineString","coordinates":[[-73.9714229,40.7979317],[-73.9713942,40.7979193]]},"properties":{"kind":"sidewalk","major":false}},{"type":"Feature","geometry":{"type":"LineString","coordinates":[[-73.9733125,40.7985771],[-73.9733346,40.7985477]]},"properties":{"kind":"foot","name":"","bridge":false,"len":3,"major":false}},{"type":"Feature","geometry":{"type":"LineString","coordinates":[[-73.9732161,40.7987061],[-73.9732328,40.7986836]]},"properties":{"kind":"foot","name":"","bridge":false,"len":2,"major":false}},{"type":"Feature","geometry":{"type":"LineString","coordinates":[[-73.9733021,40.7986456],[-73.973281,40.7986368]]},"properties":{"kind":"foot","name":"West 100th Street","bridge":false,"len":2,"major":true}},{"type":"Feature","geometry":{"type":"LineString","coordinates":[[-73.9715442,40.8001266],[-73.9715285,40.8001203],[-73.9715606,40.8000756],[-73.9715504,40.8000714]]},"properties":{"kind":"foot","name":"","bridge":false,"len":7,"major":false}},{"type":"Feature","geometry":{"type":"LineString","coordinates":[[-73.9703677,40.8031226],[-73.9704581,40.8031553]]},"properties":{"kind":"foot","name":"","bridge":false,"len":8,"major":false}},{"type":"Feature","geometry":{"type":"LineString","coordinates":[[-73.9520965,40.8221047],[-73.952173,40.8221369],[-73.9522703,40.8221795]]},"properties":{"kind":"sidewalk","major":false}},{"type":"Feature","geometry":{"type":"LineString","coordinates":[[-73.9519413,40.8221907],[-73.9520281,40.8221425],[-73.9520965,40.8221047]]},"properties":{"kind":"sidewalk","major":false}},{"type":"Feature","geometry":{"type":"LineString","coordinates":[[-73.9522703,40.8221795],[-73.9522027,40.8222163],[-73.952123,40.8222588]]},"properties":{"kind":"sidewalk","major":false}},{"type":"Feature","geometry":{"type":"LineString","coordinates":[[-73.9534316,40.8226714],[-73.9533998,40.8227235],[-73.9533602,40.8227883]]},"properties":{"kind":"sidewalk","major":false}},{"type":"Feature","geometry":{"type":"LineString","coordinates":[[-73.953069,40.8225119],[-73.9531688,40.8225558],[-73.9533643,40.8226418],[-73.9534316,40.8226714]]},"properties":{"kind":"sidewalk","major":false}},{"type":"Feature","geometry":{"type":"LineString","coordinates":[[-73.95299,40.8226324],[-73.9530327,40.8225672],[-73.953069,40.8225119]]},"properties":{"kind":"sidewalk","major":false}},{"type":"Feature","geometry":{"type":"LineString","coordinates":[[-73.9555199,40.8235279],[-73.9554742,40.8235107],[-73.9553728,40.8234725],[-73.9552953,40.8234434]]},"properties":{"kind":"sidewalk","major":false}},{"type":"Feature","geometry":{"type":"LineString","coordinates":[[-73.9552953,40.8234434],[-73.9552594,40.8235074],[-73.9552282,40.8235631]]},"properties":{"kind":"sidewalk","major":false}},{"type":"Feature","geometry":{"type":"LineString","coordinates":[[-73.9533671,40.825922],[-73.953528,40.8257412],[-73.9536407,40.8256326],[-73.9537775,40.8255423],[-73.9539558,40.8254438],[-73.9539877,40.8254396],[-73.9540095,40.8254367],[-73.9540484,40.8254418],[-73.954149,40.8254926]]},"properties":{"kind":"foot","name":"","bridge":false,"len":83,"major":false}},{"type":"Feature","geometry":{"type":"LineString","coordinates":[[-73.9609401,40.804316],[-73.9608962,40.8043735],[-73.9608861,40.8043794],[-73.9608717,40.8043827],[-73.9608606,40.8043819],[-73.9608532,40.8043788],[-73.9608473,40.8043764],[-73.9608413,40.8043713],[-73.9608386,40.8043635],[-73.96084,40.8043509],[-73.9608828,40.8042917]]},"properties":{"kind":"foot","name":"","bridge":false,"len":19,"major":false}},{"type":"Feature","geometry":{"type":"LineString","coordinates":[[-73.9608532,40.8043788],[-73.9608306,40.8044106]]},"properties":{"kind":"foot","name":"","bridge":false,"len":3,"major":false}},{"type":"Feature","geometry":{"type":"LineString","coordinates":[[-73.9613679,40.8046073],[-73.9614277,40.8045233]]},"properties":{"kind":"foot","name":"","bridge":false,"len":9,"major":false}},{"type":"Feature","geometry":{"type":"LineString","coordinates":[[-73.9643612,40.8106715],[-73.9643299,40.8106587],[-73.9636283,40.8103598],[-73.9635945,40.8103475]]},"properties":{"kind":"sidewalk","major":false}},{"type":"Feature","geometry":{"type":"LineString","coordinates":[[-73.9636112,40.8103815],[-73.9635845,40.8104177],[-73.9635578,40.8104535]]},"properties":{"kind":"sidewalk","major":false}},{"type":"Feature","geometry":{"type":"LineString","coordinates":[[-73.9635945,40.8103475],[-73.9635169,40.8103181],[-73.9634562,40.8102951]]},"properties":{"kind":"sidewalk","major":false}},{"type":"Feature","geometry":{"type":"LineString","coordinates":[[-73.9634562,40.8102951],[-73.9634272,40.8102841]]},"properties":{"kind":"sidewalk","major":false}},{"type":"Feature","geometry":{"type":"LineString","coordinates":[[-73.9633744,40.8104042],[-73.9634358,40.8104294],[-73.9635094,40.8104596]]},"properties":{"kind":"sidewalk","major":false}},{"type":"Feature","geometry":{"type":"LineString","coordinates":[[-73.9633744,40.8104042],[-73.9633476,40.8103937]]},"properties":{"kind":"sidewalk","major":false}},{"type":"Feature","geometry":{"type":"LineString","coordinates":[[-73.9621197,40.8136601],[-73.9621552,40.8136751]]},"properties":{"kind":"sidewalk","major":false}},{"type":"Feature","geometry":{"type":"LineString","coordinates":[[-73.9620943,40.8133515],[-73.962252,40.8134177],[-73.9623008,40.8134379]]},"properties":{"kind":"foot","name":"","bridge":false,"len":19,"major":false}},{"type":"Feature","geometry":{"type":"LineString","coordinates":[[-73.9628738,40.8126503],[-73.9628618,40.8126674],[-73.9627547,40.8128111],[-73.9624512,40.8132435],[-73.9623008,40.8134379],[-73.9622037,40.8135628],[-73.9621827,40.8135882],[-73.9621197,40.8136601],[-73.9620765,40.8136859],[-73.9620425,40.8136966],[-73.961991,40.8137464]]},"properties":{"kind":"sidewalk","major":false}},{"type":"Feature","geometry":{"type":"LineString","coordinates":[[-73.9626552,40.8125809],[-73.9626186,40.8126296]]},"properties":{"kind":"foot","name":"","bridge":false,"len":5,"major":false}},{"type":"Feature","geometry":{"type":"LineString","coordinates":[[-73.9626125,40.8126383],[-73.9625763,40.8126874]]},"properties":{"kind":"foot","name":"","bridge":false,"len":5,"major":false}},{"type":"Feature","geometry":{"type":"LineString","coordinates":[[-73.9625763,40.8126874],[-73.9625644,40.8126845]]},"properties":{"kind":"foot","name":"","bridge":false,"len":1,"major":false}},{"type":"Feature","geometry":{"type":"LineString","coordinates":[[-73.9622676,40.8124537],[-73.9622873,40.8124281]]},"properties":{"kind":"foot","name":"","bridge":false,"len":3,"major":false}},{"type":"Feature","geometry":{"type":"LineString","coordinates":[[-73.9634512,40.8122296],[-73.9634311,40.8122061]]},"properties":{"kind":"sidewalk","major":false}},{"type":"Feature","geometry":{"type":"LineString","coordinates":[[-73.9638265,40.8122219],[-73.963811,40.8122487]]},"properties":{"kind":"sidewalk","major":false}},{"type":"Feature","geometry":{"type":"LineString","coordinates":[[-73.9639481,40.8114599],[-73.9639888,40.8114733],[-73.96406,40.8114999]]},"properties":{"kind":"sidewalk","major":false}},{"type":"Feature","geometry":{"type":"LineString","coordinates":[[-73.9639239,40.8114503],[-73.9639371,40.8114555],[-73.9639481,40.8114599]]},"properties":{"kind":"foot","name":"","bridge":false,"len":2,"major":false}},{"type":"Feature","geometry":{"type":"LineString","coordinates":[[-73.9638253,40.8114079],[-73.9638811,40.8114305],[-73.9639239,40.8114503]]},"properties":{"kind":"sidewalk","major":false}},{"type":"Feature","geometry":{"type":"LineString","coordinates":[[-73.9638034,40.8113619],[-73.9637833,40.8113883],[-73.9638253,40.8114079]]},"properties":{"kind":"sidewalk","major":false}},{"type":"Feature","geometry":{"type":"LineString","coordinates":[[-73.963913,40.8112211],[-73.9638558,40.8112948],[-73.9638034,40.8113619]]},"properties":{"kind":"sidewalk","major":false}},{"type":"Feature","geometry":{"type":"LineString","coordinates":[[-73.9639643,40.8112127],[-73.963933,40.8111962],[-73.963913,40.8112211]]},"properties":{"kind":"sidewalk","major":false}},{"type":"Feature","geometry":{"type":"LineString","coordinates":[[-73.9641769,40.8113295],[-73.9641602,40.811321]]},"properties":{"kind":"foot","name":"","bridge":false,"len":2,"major":false}},{"type":"Feature","geometry":{"type":"LineString","coordinates":[[-73.9707103,40.7958353],[-73.9707886,40.7958678]]},"properties":{"kind":"sidewalk","major":false}},{"type":"Feature","geometry":{"type":"LineString","coordinates":[[-73.9706271,40.7959578],[-73.9705953,40.7959443],[-73.9706106,40.795923]]},"properties":{"kind":"sidewalk","major":false}},{"type":"Feature","geometry":{"type":"LineString","coordinates":[[-73.9706106,40.795923],[-73.9706417,40.79588],[-73.9706637,40.7958495]]},"properties":{"kind":"sidewalk","major":false}},{"type":"Feature","geometry":{"type":"LineString","coordinates":[[-73.9706637,40.7958495],[-73.9706822,40.7958238],[-73.9707103,40.7958353]]},"properties":{"kind":"sidewalk","major":false}},{"type":"Feature","geometry":{"type":"LineString","coordinates":[[-73.9673216,40.8036954],[-73.9673027,40.8037195],[-73.966975,40.8041709],[-73.9669501,40.8042037]]},"properties":{"kind":"sidewalk","major":false}},{"type":"Feature","geometry":{"type":"LineString","coordinates":[[-73.9669501,40.8042037],[-73.9669068,40.8042606],[-73.9668602,40.8043219]]},"properties":{"kind":"sidewalk","major":false}},{"type":"Feature","geometry":{"type":"LineString","coordinates":[[-73.9667925,40.8043358],[-73.9667338,40.8043103],[-73.9666705,40.8042826]]},"properties":{"kind":"sidewalk","major":false}},{"type":"Feature","geometry":{"type":"LineString","coordinates":[[-73.9664584,40.8041561],[-73.9664394,40.8041827],[-73.966068,40.8046964],[-73.9660534,40.8047129]]},"properties":{"kind":"sidewalk","major":false}},{"type":"Feature","geometry":{"type":"LineString","coordinates":[[-73.9664584,40.8041561],[-73.9665052,40.8040904],[-73.9665493,40.8040284]]},"properties":{"kind":"sidewalk","major":false}},{"type":"Feature","geometry":{"type":"LineString","coordinates":[[-73.9660214,40.8048254],[-73.9659856,40.8048091]]},"properties":{"kind":"sidewalk","major":false}},{"type":"Feature","geometry":{"type":"LineString","coordinates":[[-73.9669123,40.8035188],[-73.9668938,40.8035448],[-73.9665715,40.8039972],[-73.9665493,40.8040284]]},"properties":{"kind":"sidewalk","major":false}},{"type":"Feature","geometry":{"type":"LineString","coordinates":[[-73.9668602,40.8043219],[-73.9668355,40.8043544],[-73.9664694,40.8048641],[-73.9664584,40.8048794]]},"properties":{"kind":"sidewalk","major":false}},{"type":"Feature","geometry":{"type":"LineString","coordinates":[[-73.9666073,40.8042549],[-73.966536,40.8042236],[-73.9664801,40.8042002]]},"properties":{"kind":"sidewalk","major":false}},{"type":"Feature","geometry":{"type":"LineString","coordinates":[[-73.9666705,40.8042826],[-73.9666073,40.8042549]]},"properties":{"kind":"foot","name":"","bridge":false,"len":6,"major":false}},{"type":"Feature","geometry":{"type":"LineString","coordinates":[[-73.9666068,40.8040177],[-73.9666642,40.8040432],[-73.9667401,40.8040736]]},"properties":{"kind":"sidewalk","major":false}},{"type":"Feature","geometry":{"type":"LineString","coordinates":[[-73.9667401,40.8040736],[-73.9668066,40.8041003]]},"properties":{"kind":"foot","name":"","bridge":false,"len":6,"major":false}},{"type":"Feature","geometry":{"type":"LineString","coordinates":[[-73.9662999,40.8047908],[-73.9663514,40.8048129],[-73.966431,40.8048467]]},"properties":{"kind":"sidewalk","major":false}},{"type":"Feature","geometry":{"type":"LineString","coordinates":[[-73.9661492,40.8048782],[-73.9660847,40.8048515],[-73.9660214,40.8048254]]},"properties":{"kind":"sidewalk","major":false}},{"type":"Feature","geometry":{"type":"LineString","coordinates":[[-73.9662351,40.804763],[-73.9662999,40.8047908]]},"properties":{"kind":"foot","name":"","bridge":false,"len":6,"major":false}},{"type":"Feature","geometry":{"type":"LineString","coordinates":[[-73.9628267,40.8059812],[-73.9628403,40.8059624],[-73.9628471,40.805953]]},"properties":{"kind":"foot","name":"","bridge":false,"len":3,"major":false}},{"type":"Feature","geometry":{"type":"LineString","coordinates":[[-73.9620943,40.8133515],[-73.96254,40.8127211],[-73.9625644,40.8126845],[-73.962219,40.8125431]]},"properties":{"kind":"foot","name":"","bridge":false,"len":101,"major":false}},{"type":"Feature","geometry":{"type":"LineString","coordinates":[[-73.961444,40.8060596],[-73.9614157,40.8060964],[-73.9613908,40.8061295]]},"properties":{"kind":"sidewalk","major":false}},{"type":"Feature","geometry":{"type":"LineString","coordinates":[[-73.9511063,40.8258876],[-73.951102,40.825901]]},"properties":{"kind":"sidewalk","major":false}},{"type":"Feature","geometry":{"type":"LineString","coordinates":[[-73.9510605,40.825895],[-73.9510738,40.8259014]]},"properties":{"kind":"sidewalk","major":false}},{"type":"Feature","geometry":{"type":"LineString","coordinates":[[-73.9511623,40.8258131],[-73.9511846,40.8257965]]},"properties":{"kind":"sidewalk","major":false}},{"type":"Feature","geometry":{"type":"LineString","coordinates":[[-73.9508316,40.8256387],[-73.9507845,40.8256349],[-73.9507757,40.8256503]]},"properties":{"kind":"sidewalk","major":false}},{"type":"Feature","geometry":{"type":"LineString","coordinates":[[-73.950735,40.8257619],[-73.9506855,40.8257435],[-73.9507217,40.8257201]]},"properties":{"kind":"sidewalk","major":false}},{"type":"Feature","geometry":{"type":"LineString","coordinates":[[-73.9503635,40.8262739],[-73.9503152,40.8262548],[-73.950303,40.8262856]]},"properties":{"kind":"sidewalk","major":false}},{"type":"Feature","geometry":{"type":"LineString","coordinates":[[-73.9650479,40.8084044],[-73.9650658,40.8083829]]},"properties":{"kind":"sidewalk","major":false}},{"type":"Feature","geometry":{"type":"LineString","coordinates":[[-73.9660623,40.8088013],[-73.9660377,40.8087914]]},"properties":{"kind":"foot","name":"","bridge":false,"len":2,"major":false}},{"type":"Feature","geometry":{"type":"LineString","coordinates":[[-73.9658713,40.8089754],[-73.9658947,40.8089846]]},"properties":{"kind":"foot","name":"","bridge":false,"len":2,"major":false}},{"type":"Feature","geometry":{"type":"LineString","coordinates":[[-73.9632377,40.8109035],[-73.9635475,40.8104742],[-73.9635578,40.8104535]]},"properties":{"kind":"sidewalk","major":false}},{"type":"Feature","geometry":{"type":"LineString","coordinates":[[-73.9606044,40.8160433],[-73.9605858,40.816034]]},"properties":{"kind":"sidewalk","major":false}},{"type":"Feature","geometry":{"type":"LineString","coordinates":[[-73.9604845,40.8159846],[-73.9604631,40.8159749]]},"properties":{"kind":"sidewalk","major":false}},{"type":"Feature","geometry":{"type":"LineString","coordinates":[[-73.9609572,40.81664],[-73.960939,40.8167054]]},"properties":{"kind":"foot","name":"","bridge":false,"len":6,"major":false}},{"type":"Feature","geometry":{"type":"LineString","coordinates":[[-73.9611247,40.8161254],[-73.96109,40.816125],[-73.9610288,40.8161435]]},"properties":{"kind":"sidewalk","major":false}},{"type":"Feature","geometry":{"type":"LineString","coordinates":[[-73.9634197,40.8140125],[-73.9634459,40.8140195]]},"properties":{"kind":"sidewalk","major":false}},{"type":"Feature","geometry":{"type":"LineString","coordinates":[[-73.9630833,40.8139207],[-73.9629499,40.8138851]]},"properties":{"kind":"foot","name":"","bridge":false,"len":12,"major":false}},{"type":"Feature","geometry":{"type":"LineString","coordinates":[[-73.9638515,40.813262],[-73.9638203,40.813255]]},"properties":{"kind":"sidewalk","major":false}},{"type":"Feature","geometry":{"type":"LineString","coordinates":[[-73.963556,40.8131109],[-73.9634918,40.8130938]]},"properties":{"kind":"foot","name":"","bridge":false,"len":6,"major":false}},{"type":"Feature","geometry":{"type":"LineString","coordinates":[[-73.9637088,40.8131515],[-73.9636732,40.813142]]},"properties":{"kind":"foot","name":"","bridge":false,"len":3,"major":false}},{"type":"Feature","geometry":{"type":"LineString","coordinates":[[-73.9640365,40.8127359],[-73.9640081,40.8127445]]},"properties":{"kind":"foot","name":"","bridge":false,"len":3,"major":false}},{"type":"Feature","geometry":{"type":"LineString","coordinates":[[-73.9636942,40.8138301],[-73.9637108,40.8138591]]},"properties":{"kind":"foot","name":"","bridge":false,"len":3,"major":false}},{"type":"Feature","geometry":{"type":"LineString","coordinates":[[-73.9636966,40.813565],[-73.9637805,40.8135423]]},"properties":{"kind":"sidewalk","major":false}},{"type":"Feature","geometry":{"type":"LineString","coordinates":[[-73.964385,40.8110304],[-73.9645106,40.8108678]]},"properties":{"kind":"sidewalk","major":false}},{"type":"Feature","geometry":{"type":"LineString","coordinates":[[-73.9645497,40.810883],[-73.9646161,40.8107912]]},"properties":{"kind":"sidewalk","major":false}},{"type":"Feature","geometry":{"type":"LineString","coordinates":[[-73.9568924,40.8156567],[-73.9569818,40.8156106],[-73.9570388,40.8155824]]},"properties":{"kind":"sidewalk","major":false}},{"type":"Feature","geometry":{"type":"LineString","coordinates":[[-73.9568055,40.8155292],[-73.9568278,40.8155976],[-73.9568487,40.8156504]]},"properties":{"kind":"sidewalk","major":false}},{"type":"Feature","geometry":{"type":"LineString","coordinates":[[-73.9571798,40.8160269],[-73.9568667,40.81567],[-73.9568487,40.8156504]]},"properties":{"kind":"sidewalk","major":false}},{"type":"Feature","geometry":{"type":"LineString","coordinates":[[-73.9570388,40.8155824],[-73.9570693,40.8155675],[-73.9577465,40.8152805]]},"properties":{"kind":"sidewalk","major":false}},{"type":"Feature","geometry":{"type":"LineString","coordinates":[[-73.9570541,40.8155506],[-73.9570158,40.8155073],[-73.9569899,40.8154745]]},"properties":{"kind":"sidewalk","major":false}},{"type":"Feature","geometry":{"type":"LineString","coordinates":[[-73.9569899,40.8154745],[-73.9569749,40.8154556],[-73.9569429,40.8154647]]},"properties":{"kind":"sidewalk","major":false}},{"type":"Feature","geometry":{"type":"LineString","coordinates":[[-73.9563742,40.8150317],[-73.9567974,40.8155143],[-73.9568055,40.8155292]]},"properties":{"kind":"sidewalk","major":false}},{"type":"Feature","geometry":{"type":"LineString","coordinates":[[-73.9592458,40.8169819],[-73.9592506,40.8169567]]},"properties":{"kind":"sidewalk","major":false}},{"type":"Feature","geometry":{"type":"LineString","coordinates":[[-73.9594328,40.8170761],[-73.9594105,40.817088]]},"properties":{"kind":"sidewalk","major":false}},{"type":"Feature","geometry":{"type":"LineString","coordinates":[[-73.9596031,40.8169914],[-73.9595812,40.8169966]]},"properties":{"kind":"sidewalk","major":false}},{"type":"Feature","geometry":{"type":"LineString","coordinates":[[-73.9575384,40.8170715],[-73.958694,40.8175617]]},"properties":{"kind":"sidewalk","major":false}},{"type":"Feature","geometry":{"type":"LineString","coordinates":[[-73.9602017,40.8179502],[-73.9601848,40.8179743],[-73.9601489,40.8180266],[-73.9601306,40.8180505]]},"properties":{"kind":"sidewalk","major":false}},{"type":"Feature","geometry":{"type":"LineString","coordinates":[[-73.9610615,40.8177171],[-73.9610326,40.8177343]]},"properties":{"kind":"sidewalk","major":false}},{"type":"Feature","geometry":{"type":"LineString","coordinates":[[-73.9611684,40.817652],[-73.9611569,40.8176591]]},"properties":{"kind":"sidewalk","major":false}},{"type":"Feature","geometry":{"type":"LineString","coordinates":[[-73.9596938,40.8170684],[-73.9596938,40.8170295]]},"properties":{"kind":"sidewalk","major":false}},{"type":"Feature","geometry":{"type":"LineString","coordinates":[[-73.9617416,40.8181157],[-73.961766,40.8181326]]},"properties":{"kind":"foot","name":"","bridge":false,"len":3,"major":false}},{"type":"Feature","geometry":{"type":"LineString","coordinates":[[-73.9619626,40.8179842],[-73.9619439,40.8179759]]},"properties":{"kind":"foot","name":"","bridge":false,"len":2,"major":false}},{"type":"Feature","geometry":{"type":"LineString","coordinates":[[-73.9578821,40.8150597],[-73.9579154,40.815046]]},"properties":{"kind":"sidewalk","major":false}},{"type":"Feature","geometry":{"type":"LineString","coordinates":[[-73.958012,40.8151591],[-73.9579831,40.8151718]]},"properties":{"kind":"sidewalk","major":false}},{"type":"Feature","geometry":{"type":"LineString","coordinates":[[-73.9575774,40.8145291],[-73.9575549,40.8144962],[-73.9575375,40.8144622],[-73.9575214,40.8144293],[-73.9575106,40.8143826],[-73.9575052,40.8143379],[-73.9575039,40.8142902],[-73.9575072,40.814241],[-73.9575133,40.8142128],[-73.9575138,40.8142105],[-73.9575333,40.8141737],[-73.9575581,40.8141491],[-73.9575915,40.814124],[-73.9576538,40.8141032],[-73.9576901,40.8140984],[-73.9577423,40.8140988],[-73.9577708,40.8141019],[-73.9578237,40.8141153],[-73.9578419,40.8141222],[-73.9579123,40.8141465],[-73.957964,40.8141714],[-73.9580062,40.8141942],[-73.9580438,40.814215],[-73.9580678,40.8142278]]},"properties":{"kind":"foot","name":"","bridge":false,"len":82,"major":false}},{"type":"Feature","geometry":{"type":"LineString","coordinates":[[-73.9575133,40.8142128],[-73.9574508,40.8141929],[-73.9574073,40.8141429],[-73.957161,40.8141889]]},"properties":{"kind":"foot","name":"","bridge":false,"len":33,"major":false}},{"type":"Feature","geometry":{"type":"LineString","coordinates":[[-73.9557583,40.8140627],[-73.9556721,40.8139602],[-73.9556149,40.8140461],[-73.9555854,40.8140904]]},"properties":{"kind":"sidewalk","major":false}},{"type":"Feature","geometry":{"type":"LineString","coordinates":[[-73.9555854,40.8140904],[-73.9555678,40.8141169]]},"properties":{"kind":"sidewalk","major":false}},{"type":"Feature","geometry":{"type":"LineString","coordinates":[[-73.9748677,40.7991206],[-73.974797,40.7991082],[-73.9747476,40.7991063],[-73.9747104,40.7991127],[-73.9746731,40.7991278],[-73.9746362,40.799147],[-73.9746042,40.7991701],[-73.9745689,40.7992005],[-73.9745442,40.7992265],[-73.9745234,40.7992643],[-73.9744789,40.7994034],[-73.9744708,40.7994503],[-73.9744662,40.7994961],[-73.9744647,40.7995535]]},"properties":{"kind":"foot","name":"","bridge":false,"len":60,"major":false}},{"type":"Feature","geometry":{"type":"LineString","coordinates":[[-73.9695588,40.7953458],[-73.9694625,40.7953039],[-73.9693653,40.7952642]]},"properties":{"kind":"sidewalk","major":false}},{"type":"Feature","geometry":{"type":"LineString","coordinates":[[-73.9693653,40.7952642],[-73.9693406,40.7952541]]},"properties":{"kind":"sidewalk","major":false}},{"type":"Feature","geometry":{"type":"LineString","coordinates":[[-73.9707886,40.7958678],[-73.9709825,40.7959507],[-73.9710444,40.7959769]]},"properties":{"kind":"sidewalk","major":false}},{"type":"Feature","geometry":{"type":"LineString","coordinates":[[-73.9710615,40.7960148],[-73.971038,40.7960465],[-73.9710086,40.796086]]},"properties":{"kind":"sidewalk","major":false}},{"type":"Feature","geometry":{"type":"LineString","coordinates":[[-73.9689003,40.7959039],[-73.9688729,40.795894]]},"properties":{"kind":"sidewalk","major":false}},{"type":"Feature","geometry":{"type":"LineString","coordinates":[[-73.9687962,40.7960022],[-73.9688197,40.7960118]]},"properties":{"kind":"sidewalk","major":false}},{"type":"Feature","geometry":{"type":"LineString","coordinates":[[-73.9688197,40.7960118],[-73.9688953,40.7960424],[-73.9690122,40.7960932]]},"properties":{"kind":"sidewalk","major":false}},{"type":"Feature","geometry":{"type":"LineString","coordinates":[[-73.9690521,40.796086],[-73.9690819,40.7960444],[-73.9691087,40.7960126]]},"properties":{"kind":"sidewalk","major":false}},{"type":"Feature","geometry":{"type":"LineString","coordinates":[[-73.9690521,40.796086],[-73.969042,40.7961008],[-73.9686622,40.7966205],[-73.9686477,40.7966423]]},"properties":{"kind":"sidewalk","major":false}},{"type":"Feature","geometry":{"type":"LineString","coordinates":[[-73.9857976,40.7719877],[-73.9857865,40.7720037]]},"properties":{"kind":"sidewalk","major":false}},{"type":"Feature","geometry":{"type":"LineString","coordinates":[[-73.960486,40.8100035],[-73.9605013,40.8099844]]},"properties":{"kind":"sidewalk","major":false}},{"type":"Feature","geometry":{"type":"LineString","coordinates":[[-73.9605013,40.8099844],[-73.9605606,40.8099063],[-73.9606084,40.8098444]]},"properties":{"kind":"sidewalk","major":false}},{"type":"Feature","geometry":{"type":"LineString","coordinates":[[-73.9606084,40.8098444],[-73.9606323,40.8098119]]},"properties":{"kind":"sidewalk","major":false}},{"type":"Feature","geometry":{"type":"LineString","coordinates":[[-73.9576858,40.8213801],[-73.9577232,40.8213825],[-73.957783,40.8213862]]},"properties":{"kind":"sidewalk","major":false}},{"type":"Feature","geometry":{"type":"LineString","coordinates":[[-73.957783,40.8213862],[-73.9578478,40.8214101]]},"properties":{"kind":"sidewalk","major":false}},{"type":"Feature","geometry":{"type":"LineString","coordinates":[[-73.9578478,40.8214101],[-73.9579329,40.821442]]},"properties":{"kind":"sidewalk","major":false}},{"type":"Feature","geometry":{"type":"LineString","coordinates":[[-73.9514019,40.8307696],[-73.9514446,40.8307746]]},"properties":{"kind":"cycle","name":"","bridge":false,"len":4,"major":true}},{"type":"Feature","geometry":{"type":"LineString","coordinates":[[-73.9512863,40.8307567],[-73.9513079,40.8307585],[-73.9513183,40.8307597]]},"properties":{"kind":"cycle","name":"","bridge":false,"len":3,"major":true}},{"type":"Feature","geometry":{"type":"LineString","coordinates":[[-73.9610326,40.8177343],[-73.9606422,40.8180981]]},"properties":{"kind":"sidewalk","major":false}},{"type":"Feature","geometry":{"type":"LineString","coordinates":[[-73.9605209,40.8181529],[-73.9605745,40.8181191],[-73.9606313,40.8180833]]},"properties":{"kind":"sidewalk","major":false}},{"type":"Feature","geometry":{"type":"LineString","coordinates":[[-73.9611262,40.8119354],[-73.961175,40.8119563],[-73.9612261,40.8119782]]},"properties":{"kind":"sidewalk","major":false}},{"type":"Feature","geometry":{"type":"LineString","coordinates":[[-73.9608975,40.8118414],[-73.9609527,40.811861],[-73.9609986,40.8118807]]},"properties":{"kind":"sidewalk","major":false}},{"type":"Feature","geometry":{"type":"LineString","coordinates":[[-73.9595369,40.8136253],[-73.9595665,40.8136301]]},"properties":{"kind":"sidewalk","major":false}},{"type":"Feature","geometry":{"type":"LineString","coordinates":[[-73.9619144,40.8163665],[-73.9619264,40.8163796]]},"properties":{"kind":"sidewalk","major":false}},{"type":"Feature","geometry":{"type":"LineString","coordinates":[[-73.9623268,40.8137386],[-73.9623662,40.8137507]]},"properties":{"kind":"sidewalk","major":false}},{"type":"Feature","geometry":{"type":"LineString","coordinates":[[-73.9680157,40.8048142],[-73.9680456,40.8047974]]},"properties":{"kind":"foot","name":"","bridge":false,"len":3,"major":false}},{"type":"Feature","geometry":{"type":"LineString","coordinates":[[-73.9585016,40.8150477],[-73.9585278,40.8150631]]},"properties":{"kind":"sidewalk","major":false}},{"type":"Feature","geometry":{"type":"LineString","coordinates":[[-73.9586087,40.8149493],[-73.9585822,40.8149376]]},"properties":{"kind":"sidewalk","major":false}},{"type":"Feature","geometry":{"type":"LineString","coordinates":[[-73.9678299,40.8029813],[-73.9678085,40.8030275],[-73.9677783,40.8030756]]},"properties":{"kind":"sidewalk","major":false}},{"type":"Feature","geometry":{"type":"LineString","coordinates":[[-73.9677235,40.8030753],[-73.9676393,40.8030413],[-73.9675682,40.8030117]]},"properties":{"kind":"sidewalk","major":false}},{"type":"Feature","geometry":{"type":"LineString","coordinates":[[-73.9673725,40.8028991],[-73.9673907,40.8028508],[-73.9674055,40.8028134]]},"properties":{"kind":"sidewalk","major":false}},{"type":"Feature","geometry":{"type":"LineString","coordinates":[[-73.9673216,40.8036954],[-73.9673481,40.8036554],[-73.9673701,40.803624]]},"properties":{"kind":"sidewalk","major":false}},{"type":"Feature","geometry":{"type":"LineString","coordinates":[[-73.9673491,40.8035852],[-73.9672823,40.8035562],[-73.9672148,40.8035273]]},"properties":{"kind":"sidewalk","major":false}},{"type":"Feature","geometry":{"type":"LineString","coordinates":[[-73.9669704,40.8034538],[-73.9669455,40.8034873],[-73.9669123,40.8035188]]},"properties":{"kind":"sidewalk","major":false}},{"type":"Feature","geometry":{"type":"LineString","coordinates":[[-73.9640874,40.8081169],[-73.9641048,40.8080926]]},"properties":{"kind":"foot","name":"","bridge":false,"len":3,"major":false}},{"type":"Feature","geometry":{"type":"LineString","coordinates":[[-73.965687,40.8087942],[-73.9656758,40.8088102],[-73.9656433,40.8088503]]},"properties":{"kind":"sidewalk","major":false}},{"type":"Feature","geometry":{"type":"LineString","coordinates":[[-73.9657065,40.8087666],[-73.965687,40.8087942]]},"properties":{"kind":"foot","name":"","bridge":false,"len":3,"major":false}},{"type":"Feature","geometry":{"type":"LineString","coordinates":[[-73.9510605,40.825895],[-73.951,40.8258703],[-73.9509258,40.82584]]},"properties":{"kind":"sidewalk","major":false}},{"type":"Feature","geometry":{"type":"LineString","coordinates":[[-73.9509258,40.82584],[-73.9508516,40.8258096]]},"properties":{"kind":"foot","name":"","bridge":false,"len":7,"major":false}},{"type":"Feature","geometry":{"type":"LineString","coordinates":[[-73.9509353,40.8256836],[-73.9508998,40.8256682],[-73.9508316,40.8256387]]},"properties":{"kind":"sidewalk","major":false}},{"type":"Feature","geometry":{"type":"LineString","coordinates":[[-73.9510385,40.8257283],[-73.9509353,40.8256836]]},"properties":{"kind":"foot","name":"","bridge":false,"len":10,"major":false}},{"type":"Feature","geometry":{"type":"LineString","coordinates":[[-73.9801159,40.784036],[-73.9801351,40.7840098]]},"properties":{"kind":"sidewalk","major":false}},{"type":"Feature","geometry":{"type":"LineString","coordinates":[[-73.96923,40.7978316],[-73.9692499,40.79784]]},"properties":{"kind":"sidewalk","major":false}},{"type":"Feature","geometry":{"type":"LineString","coordinates":[[-73.9692456,40.7978105],[-73.96923,40.7978316]]},"properties":{"kind":"sidewalk","major":false}},{"type":"Feature","geometry":{"type":"LineString","coordinates":[[-73.9701905,40.7964702],[-73.9701659,40.7965042],[-73.9701395,40.7965406]]},"properties":{"kind":"sidewalk","major":false}},{"type":"Feature","geometry":{"type":"LineString","coordinates":[[-73.9705852,40.7966089],[-73.9705227,40.796581],[-73.97033,40.7965012],[-73.9702464,40.7964678]]},"properties":{"kind":"sidewalk","major":false}},{"type":"Feature","geometry":{"type":"LineString","coordinates":[[-73.9705535,40.7967174],[-73.9705783,40.7966791],[-73.9706025,40.7966418]]},"properties":{"kind":"sidewalk","major":false}},{"type":"Feature","geometry":{"type":"LineString","coordinates":[[-73.9696769,40.800332],[-73.9696602,40.800358]]},"properties":{"kind":"sidewalk","major":false}},{"type":"Feature","geometry":{"type":"LineString","coordinates":[[-73.9693714,40.8003541],[-73.9693454,40.8003433]]},"properties":{"kind":"sidewalk","major":false}},{"type":"Feature","geometry":{"type":"LineString","coordinates":[[-73.9694294,40.8002273],[-73.969453,40.8002371]]},"properties":{"kind":"sidewalk","major":false}},{"type":"Feature","geometry":{"type":"LineString","coordinates":[[-73.9691856,40.8009499],[-73.9692187,40.8009644]]},"properties":{"kind":"sidewalk","major":false}},{"type":"Feature","geometry":{"type":"LineString","coordinates":[[-73.9702813,40.7990699],[-73.9702715,40.7990828]]},"properties":{"kind":"sidewalk","major":false}},{"type":"Feature","geometry":{"type":"LineString","coordinates":[[-73.9707345,40.7984396],[-73.9707238,40.7984548]]},"properties":{"kind":"sidewalk","major":false}},{"type":"Feature","geometry":{"type":"LineString","coordinates":[[-73.9697987,40.7997171],[-73.9698223,40.7997259]]},"properties":{"kind":"sidewalk","major":false}},{"type":"Feature","geometry":{"type":"LineString","coordinates":[[-73.9671872,40.8076035],[-73.9671566,40.8075925]]},"properties":{"kind":"foot","name":"","bridge":false,"len":3,"major":false}},{"type":"Feature","geometry":{"type":"LineString","coordinates":[[-73.9670463,40.8077592],[-73.9670771,40.8077763]]},"properties":{"kind":"foot","name":"","bridge":false,"len":3,"major":false}},{"type":"Feature","geometry":{"type":"LineString","coordinates":[[-73.9656437,40.8003185],[-73.9656612,40.8002939]]},"properties":{"kind":"sidewalk","major":false}},{"type":"Feature","geometry":{"type":"LineString","coordinates":[[-73.965354,40.8061847],[-73.965432,40.8062168]]},"properties":{"kind":"sidewalk","major":false}},{"type":"Feature","geometry":{"type":"LineString","coordinates":[[-73.9654803,40.8062115],[-73.9655127,40.8061638],[-73.9655326,40.8061346]]},"properties":{"kind":"sidewalk","major":false}},{"type":"Feature","geometry":{"type":"LineString","coordinates":[[-73.9650975,40.806079],[-73.9651675,40.8061079],[-73.965354,40.8061847]]},"properties":{"kind":"sidewalk","major":false}},{"type":"Feature","geometry":{"type":"LineString","coordinates":[[-73.9651372,40.8059616],[-73.9651134,40.8059971],[-73.9650772,40.8060458]]},"properties":{"kind":"sidewalk","major":false}},{"type":"Feature","geometry":{"type":"LineString","coordinates":[[-73.9655867,40.8053395],[-73.9655655,40.8053668],[-73.9655346,40.8054068]]},"properties":{"kind":"sidewalk","major":false}},{"type":"Feature","geometry":{"type":"LineString","coordinates":[[-73.9657735,40.8053845],[-73.9657056,40.8053565],[-73.9656501,40.8053313]]},"properties":{"kind":"sidewalk","major":false}},{"type":"Feature","geometry":{"type":"LineString","coordinates":[[-73.9659543,40.805584],[-73.9659834,40.8055424],[-73.9660048,40.8055116]]},"properties":{"kind":"sidewalk","major":false}},{"type":"Feature","geometry":{"type":"LineString","coordinates":[[-73.9648172,40.8018496],[-73.964694,40.8017974],[-73.9646342,40.801772]]},"properties":{"kind":"sidewalk","major":false}},{"type":"Feature","geometry":{"type":"LineString","coordinates":[[-73.9646049,40.8017304],[-73.9646356,40.8016888],[-73.9646567,40.8016635]]},"properties":{"kind":"sidewalk","major":false}},{"type":"Feature","geometry":{"type":"LineString","coordinates":[[-73.9641319,40.8023718],[-73.9641656,40.8023228],[-73.9641938,40.8022863]]},"properties":{"kind":"sidewalk","major":false}},{"type":"Feature","geometry":{"type":"LineString","coordinates":[[-73.9644586,40.8023974],[-73.9644308,40.8024343],[-73.9644084,40.8024666]]},"properties":{"kind":"sidewalk","major":false}},{"type":"Feature","geometry":{"type":"LineString","coordinates":[[-73.9701547,40.8023359],[-73.9701508,40.8023413],[-73.9700368,40.8024976]]},"properties":{"kind":"sidewalk","major":false}},{"type":"Feature","geometry":{"type":"LineString","coordinates":[[-73.9700665,40.8023077],[-73.970056,40.802308],[-73.9700203,40.8023091],[-73.9699755,40.8023104]]},"properties":{"kind":"sidewalk","major":false}},{"type":"Feature","geometry":{"type":"LineString","coordinates":[[-73.9700905,40.8022603],[-73.970073,40.8022369],[-73.9700513,40.8022078]]},"properties":{"kind":"sidewalk","major":false}},{"type":"Feature","geometry":{"type":"LineString","coordinates":[[-73.9915782,40.7721889],[-73.9916818,40.7722335],[-73.9917694,40.7722712]]},"properties":{"kind":"sidewalk","major":false}},{"type":"Feature","geometry":{"type":"LineString","coordinates":[[-73.9932121,40.7727074],[-73.9932523,40.7727221],[-73.9932886,40.772735]]},"properties":{"kind":"sidewalk","major":false}},{"type":"Feature","geometry":{"type":"LineString","coordinates":[[-73.993671,40.7728778],[-73.9937088,40.7728841],[-73.993764,40.7729031]]},"properties":{"kind":"sidewalk","major":false}},{"type":"Feature","geometry":{"type":"LineString","coordinates":[[-73.9695179,40.7954614],[-73.9695494,40.7954199],[-73.9695746,40.7953867]]},"properties":{"kind":"sidewalk","major":false}},{"type":"Feature","geometry":{"type":"LineString","coordinates":[[-73.9695261,40.7963522],[-73.9694574,40.7964421]]},"properties":{"kind":"foot","name":"","bridge":false,"len":10,"major":false}},{"type":"Feature","geometry":{"type":"LineString","coordinates":[[-73.9695523,40.7963182],[-73.9695381,40.7963364],[-73.9695299,40.7963472]]},"properties":{"kind":"foot","name":"","bridge":false,"len":3,"major":false}},{"type":"Feature","geometry":{"type":"LineString","coordinates":[[-73.9653561,40.8011013],[-73.9653931,40.8011162]]},"properties":{"kind":"sidewalk","major":false}},{"type":"Feature","geometry":{"type":"LineString","coordinates":[[-73.964929,40.801767],[-73.9649035,40.801802],[-73.9648719,40.8018447]]},"properties":{"kind":"sidewalk","major":false}},{"type":"Feature","geometry":{"type":"LineString","coordinates":[[-73.9752572,40.7902657],[-73.9752698,40.7902485]]},"properties":{"kind":"sidewalk","major":false}},{"type":"Feature","geometry":{"type":"LineString","coordinates":[[-73.9771841,40.7877887],[-73.9772187,40.7878031]]},"properties":{"kind":"sidewalk","major":false}},{"type":"Feature","geometry":{"type":"LineString","coordinates":[[-73.9772187,40.7878031],[-73.9772328,40.7877858]]},"properties":{"kind":"sidewalk","major":false}},{"type":"Feature","geometry":{"type":"LineString","coordinates":[[-73.9772902,40.7877133],[-73.9773038,40.7876958]]},"properties":{"kind":"sidewalk","major":false}},{"type":"Feature","geometry":{"type":"LineString","coordinates":[[-73.9773038,40.7876958],[-73.977275,40.7876829]]},"properties":{"kind":"sidewalk","major":false}},{"type":"Feature","geometry":{"type":"LineString","coordinates":[[-73.9786567,40.7859234],[-73.9786929,40.7859355]]},"properties":{"kind":"sidewalk","major":false}},{"type":"Feature","geometry":{"type":"LineString","coordinates":[[-73.9478486,40.8303665],[-73.9474673,40.8308663]]},"properties":{"kind":"sidewalk","major":false}},{"type":"Feature","geometry":{"type":"LineString","coordinates":[[-73.9490874,40.8283085],[-73.9494647,40.827795]]},"properties":{"kind":"sidewalk","major":false}},{"type":"Feature","geometry":{"type":"LineString","coordinates":[[-73.9495498,40.8276772],[-73.94992,40.8271723]]},"properties":{"kind":"sidewalk","major":false}},{"type":"Feature","geometry":{"type":"LineString","coordinates":[[-73.9937308,40.7729947],[-73.9936779,40.7730699]]},"properties":{"kind":"cycle","name":"Hudson River Greenway","bridge":false,"len":8,"major":true}},{"type":"Feature","geometry":{"type":"LineString","coordinates":[[-73.988182,40.769767],[-73.9881397,40.769749]]},"properties":{"kind":"foot","name":"","bridge":false,"len":4,"major":false}},{"type":"Feature","geometry":{"type":"LineString","coordinates":[[-73.9882093,40.7697785],[-73.988182,40.769767]]},"properties":{"kind":"sidewalk","major":false}},{"type":"Feature","geometry":{"type":"LineString","coordinates":[[-73.9881255,40.7698981],[-73.9880968,40.7698856]]},"properties":{"kind":"sidewalk","major":false}},{"type":"Feature","geometry":{"type":"LineString","coordinates":[[-73.9880968,40.7698856],[-73.9880522,40.7698674]]},"properties":{"kind":"foot","name":"","bridge":false,"len":4,"major":false}},{"type":"Feature","geometry":{"type":"LineString","coordinates":[[-73.9555147,40.8145835],[-73.9555445,40.8145947]]},"properties":{"kind":"sidewalk","major":false}},{"type":"Feature","geometry":{"type":"LineString","coordinates":[[-73.9556259,40.8144817],[-73.9555969,40.8144695]]},"properties":{"kind":"sidewalk","major":false}},{"type":"Feature","geometry":{"type":"LineString","coordinates":[[-73.9555906,40.8141431],[-73.9556469,40.8142078],[-73.9557308,40.8143036]]},"properties":{"kind":"sidewalk","major":false}},{"type":"Feature","geometry":{"type":"LineString","coordinates":[[-73.9557308,40.8143036],[-73.9557434,40.8143188],[-73.9563742,40.8150317]]},"properties":{"kind":"sidewalk","major":false}},{"type":"Feature","geometry":{"type":"LineString","coordinates":[[-73.9890472,40.7685196],[-73.9890075,40.7685018],[-73.9889108,40.7684588]]},"properties":{"kind":"sidewalk","major":false}},{"type":"Feature","geometry":{"type":"LineString","coordinates":[[-73.989073,40.7685312],[-73.9890472,40.7685196]]},"properties":{"kind":"foot","name":"","bridge":false,"len":2,"major":false}},{"type":"Feature","geometry":{"type":"LineString","coordinates":[[-73.96696,40.7985238],[-73.9664856,40.7983254],[-73.9663316,40.798261]]},"properties":{"kind":"foot","name":"","bridge":false,"len":58,"major":false}},{"type":"Feature","geometry":{"type":"LineString","coordinates":[[-73.9767124,40.7947909],[-73.976622,40.7947612],[-73.976495,40.7947207]]},"properties":{"kind":"sidewalk","major":false}},{"type":"Feature","geometry":{"type":"LineString","coordinates":[[-73.9495617,40.8200845],[-73.9496521,40.8201199]]},"properties":{"kind":"sidewalk","major":false}},{"type":"Feature","geometry":{"type":"LineString","coordinates":[[-73.9494694,40.8200501],[-73.9495617,40.8200845]]},"properties":{"kind":"sidewalk","major":false}},{"type":"Feature","geometry":{"type":"LineString","coordinates":[[-73.9493718,40.8201816],[-73.9494694,40.8200501]]},"properties":{"kind":"sidewalk","major":false}},{"type":"Feature","geometry":{"type":"LineString","coordinates":[[-73.9490922,40.8332663],[-73.9493129,40.8329021],[-73.9493087,40.8328026],[-73.9493913,40.8326968],[-73.9493659,40.8326872]]},"properties":{"kind":"foot","name":"","bridge":false,"len":58,"major":false}},{"type":"Feature","geometry":{"type":"LineString","coordinates":[[-73.9871988,40.77115],[-73.9871237,40.7711363]]},"properties":{"kind":"foot","name":"","bridge":false,"len":6,"major":false}},{"type":"Feature","geometry":{"type":"LineString","coordinates":[[-73.9849675,40.7741059],[-73.984914,40.7740817],[-73.9848249,40.7740422]]},"properties":{"kind":"sidewalk","major":false}},{"type":"Feature","geometry":{"type":"LineString","coordinates":[[-73.9858664,40.7729694],[-73.9858116,40.7729457]]},"properties":{"kind":"foot","name":"","bridge":false,"len":5,"major":false}},{"type":"Feature","geometry":{"type":"LineString","coordinates":[[-73.9849024,40.7742685],[-73.9849297,40.7742806]]},"properties":{"kind":"sidewalk","major":false}},{"type":"Feature","geometry":{"type":"LineString","coordinates":[[-73.9863949,40.7722495],[-73.98642,40.7722586]]},"properties":{"kind":"sidewalk","major":false}},{"type":"Feature","geometry":{"type":"LineString","coordinates":[[-73.9854575,40.7735304],[-73.9854066,40.7735089]]},"properties":{"kind":"foot","name":"","bridge":false,"len":5,"major":false}},{"type":"Feature","geometry":{"type":"LineString","coordinates":[[-73.9862154,40.7723896],[-73.9861603,40.7723679],[-73.9860689,40.772332]]},"properties":{"kind":"sidewalk","major":false}},{"type":"Feature","geometry":{"type":"LineString","coordinates":[[-73.9854066,40.7735089],[-73.9853551,40.7734853],[-73.9852599,40.7734453]]},"properties":{"kind":"sidewalk","major":false}},{"type":"Feature","geometry":{"type":"LineString","coordinates":[[-73.9863386,40.772229],[-73.9863949,40.7722495]]},"properties":{"kind":"foot","name":"","bridge":false,"len":5,"major":false}},{"type":"Feature","geometry":{"type":"LineString","coordinates":[[-73.9853694,40.7736252],[-73.9853307,40.7736177]]},"properties":{"kind":"foot","name":"","bridge":false,"len":3,"major":false}},{"type":"Feature","geometry":{"type":"LineString","coordinates":[[-73.986277,40.7724138],[-73.9862154,40.7723896]]},"properties":{"kind":"foot","name":"","bridge":false,"len":6,"major":false}},{"type":"Feature","geometry":{"type":"LineString","coordinates":[[-73.9871237,40.7711363],[-73.9870673,40.771126],[-73.9869615,40.7711055]]},"properties":{"kind":"sidewalk","major":false}},{"type":"Feature","geometry":{"type":"LineString","coordinates":[[-73.9850069,40.7741237],[-73.9849675,40.7741059]]},"properties":{"kind":"foot","name":"","bridge":false,"len":4,"major":false}},{"type":"Feature","geometry":{"type":"LineString","coordinates":[[-73.9840913,40.7754073],[-73.9840406,40.7753861]]},"properties":{"kind":"foot","name":"","bridge":false,"len":5,"major":false}},{"type":"Feature","geometry":{"type":"LineString","coordinates":[[-73.9867483,40.7717661],[-73.9866906,40.7717425]]},"properties":{"kind":"foot","name":"","bridge":false,"len":5,"major":false}},{"type":"Feature","geometry":{"type":"LineString","coordinates":[[-73.9840406,40.7753861],[-73.9839792,40.7753605],[-73.9839121,40.7753319]]},"properties":{"kind":"sidewalk","major":false}},{"type":"Feature","geometry":{"type":"LineString","coordinates":[[-73.9848625,40.7742508],[-73.9849024,40.7742685]]},"properties":{"kind":"foot","name":"","bridge":false,"len":4,"major":false}},{"type":"Feature","geometry":{"type":"LineString","coordinates":[[-73.9858116,40.7729457],[-73.985756,40.7729216],[-73.9856695,40.7728842],[-73.9856585,40.7728794]]},"properties":{"kind":"sidewalk","major":false}},{"type":"Feature","geometry":{"type":"LineString","coordinates":[[-73.9853307,40.7736177],[-73.9852623,40.7736045],[-73.98516,40.7735848]]},"properties":{"kind":"sidewalk","major":false}},{"type":"Feature","geometry":{"type":"LineString","coordinates":[[-73.9937029,40.7730795],[-73.9937607,40.7730066],[-73.9938075,40.7729417]]},"properties":{"kind":"sidewalk","major":false}},{"type":"Feature","geometry":{"type":"LineString","coordinates":[[-73.9936878,40.7730995],[-73.9937029,40.7730795]]},"properties":{"kind":"foot","name":"Hudson River Park Esplanade","bridge":false,"len":2,"major":true}},{"type":"Feature","geometry":{"type":"LineString","coordinates":[[-73.9947851,40.7716615],[-73.9948249,40.7716148],[-73.9949021,40.7715145]]},"properties":{"kind":"foot","name":"Hudson River Park Esplanade","bridge":false,"len":16,"major":true}},{"type":"Feature","geometry":{"type":"LineString","coordinates":[[-73.9947091,40.771752],[-73.994752,40.7716986],[-73.9947851,40.7716615]]},"properties":{"kind":"sidewalk","major":false}},{"type":"Feature","geometry":{"type":"LineString","coordinates":[[-73.9943016,40.772259],[-73.9947091,40.771752]]},"properties":{"kind":"sidewalk","major":false}},{"type":"Feature","geometry":{"type":"LineString","coordinates":[[-73.9942178,40.7723784],[-73.9942485,40.7723362],[-73.9943016,40.772259]]},"properties":{"kind":"sidewalk","major":false}},{"type":"Feature","geometry":{"type":"LineString","coordinates":[[-73.993764,40.7729031],[-73.9937912,40.772912],[-73.9938048,40.772917],[-73.9938215,40.7729234]]},"properties":{"kind":"sidewalk","major":false}},{"type":"Feature","geometry":{"type":"LineString","coordinates":[[-73.97018,40.8022989],[-73.9701547,40.8023359]]},"properties":{"kind":"sidewalk","major":false}},{"type":"Feature","geometry":{"type":"LineString","coordinates":[[-73.9701547,40.8023359],[-73.9701621,40.8023398]]},"properties":{"kind":"sidewalk","major":false}},{"type":"Feature","geometry":{"type":"LineString","coordinates":[[-73.9856739,40.7703477],[-73.9856917,40.7703556]]},"properties":{"kind":"sidewalk","major":false}},{"type":"Feature","geometry":{"type":"LineString","coordinates":[[-73.9856917,40.7703556],[-73.9870708,40.7709351],[-73.9871073,40.7709504]]},"properties":{"kind":"sidewalk","major":false}},{"type":"Feature","geometry":{"type":"LineString","coordinates":[[-73.989833,40.7707676],[-73.9899804,40.7708299]]},"properties":{"kind":"foot","name":"","bridge":false,"len":14,"major":false}},{"type":"Feature","geometry":{"type":"LineString","coordinates":[[-73.9640479,40.8112591],[-73.9640199,40.8112441],[-73.9639643,40.8112127]]},"properties":{"kind":"sidewalk","major":false}},{"type":"Feature","geometry":{"type":"LineString","coordinates":[[-73.9640717,40.8112734],[-73.9640479,40.8112591]]},"properties":{"kind":"foot","name":"","bridge":false,"len":2,"major":false}},{"type":"Feature","geometry":{"type":"LineString","coordinates":[[-73.9857588,40.7803388],[-73.9857761,40.7802571]]},"properties":{"kind":"sidewalk","major":false}},{"type":"Feature","geometry":{"type":"LineString","coordinates":[[-73.9870866,40.7816853],[-73.9870579,40.7816716]]},"properties":{"kind":"foot","name":"","bridge":false,"len":3,"major":false}},{"type":"Feature","geometry":{"type":"LineString","coordinates":[[-73.9868328,40.7821967],[-73.9868621,40.7822096]]},"properties":{"kind":"sidewalk","major":false}},{"type":"Feature","geometry":{"type":"LineString","coordinates":[[-73.9884168,40.7796697],[-73.9885317,40.7797146],[-73.9886097,40.7797451]]},"properties":{"kind":"sidewalk","major":false}},{"type":"Feature","geometry":{"type":"LineString","coordinates":[[-73.975821,40.7953988],[-73.975846,40.7954048]]},"properties":{"kind":"sidewalk","major":false}},{"type":"Feature","geometry":{"type":"LineString","coordinates":[[-73.9846288,40.7858074],[-73.9846257,40.7858112],[-73.984593,40.7858422],[-73.984549,40.785864],[-73.984494,40.7858744],[-73.9844376,40.7858703],[-73.9843894,40.785853]]},"properties":{"kind":"foot","name":"","bridge":false,"len":22,"major":false}},{"type":"Feature","geometry":{"type":"LineString","coordinates":[[-73.9788174,40.792877],[-73.9786721,40.792891]]},"properties":{"kind":"foot","name":"","bridge":false,"len":12,"major":false}},{"type":"Feature","geometry":{"type":"LineString","coordinates":[[-73.977046,40.7927869],[-73.9771321,40.792816]]},"properties":{"kind":"sidewalk","major":false}},{"type":"Feature","geometry":{"type":"LineString","coordinates":[[-73.9795176,40.7915434],[-73.9793588,40.7914866]]},"properties":{"kind":"foot","name":"","bridge":false,"len":14,"major":false}},{"type":"Feature","geometry":{"type":"LineString","coordinates":[[-73.9785649,40.7944712],[-73.9786037,40.7944974]]},"properties":{"kind":"foot","name":"","bridge":false,"len":4,"major":false}},{"type":"Feature","geometry":{"type":"LineString","coordinates":[[-73.9752,40.7991744],[-73.9750302,40.7991488],[-73.9748677,40.7991206]]},"properties":{"kind":"foot","name":"","bridge":false,"len":29,"major":false}},{"type":"Feature","geometry":{"type":"LineString","coordinates":[[-73.9526135,40.8181632],[-73.9519932,40.8179079]]},"properties":{"kind":"sidewalk","major":false}},{"type":"Feature","geometry":{"type":"LineString","coordinates":[[-73.9487192,40.8239437],[-73.9487066,40.8239615]]},"properties":{"kind":"sidewalk","major":false}},{"type":"Feature","geometry":{"type":"LineString","coordinates":[[-73.9486477,40.824035],[-73.9486396,40.8240461]]},"properties":{"kind":"sidewalk","major":false}},{"type":"Feature","geometry":{"type":"LineString","coordinates":[[-73.9483874,40.823947],[-73.9484196,40.8239604]]},"properties":{"kind":"sidewalk","major":false}},{"type":"Feature","geometry":{"type":"LineString","coordinates":[[-73.9486219,40.8240389],[-73.9486396,40.8240461]]},"properties":{"kind":"sidewalk","major":false}},{"type":"Feature","geometry":{"type":"LineString","coordinates":[[-73.9576385,40.8151604],[-73.9577756,40.8151035],[-73.9578821,40.8150597]]},"properties":{"kind":"sidewalk","major":false}},{"type":"Feature","geometry":{"type":"LineString","coordinates":[[-73.9577465,40.8152805],[-73.95769,40.8152186],[-73.9576385,40.8151604]]},"properties":{"kind":"sidewalk","major":false}},{"type":"Feature","geometry":{"type":"LineString","coordinates":[[-73.9737542,40.7988355],[-73.9736957,40.7988107]]},"properties":{"kind":"foot","name":"","bridge":false,"len":5,"major":false}},{"type":"Feature","geometry":{"type":"LineString","coordinates":[[-73.9740789,40.7890786],[-73.9741214,40.7890959]]},"properties":{"kind":"sidewalk","major":false}},{"type":"Feature","geometry":{"type":"LineString","coordinates":[[-73.9740562,40.789069],[-73.9740789,40.7890786]]},"properties":{"kind":"foot","name":"","bridge":false,"len":2,"major":false}},{"type":"Feature","geometry":{"type":"LineString","coordinates":[[-73.9601408,40.8198202],[-73.960129,40.8198148]]},"properties":{"kind":"foot","name":"","bridge":false,"len":1,"major":false}},{"type":"Feature","geometry":{"type":"LineString","coordinates":[[-73.9601408,40.8198202],[-73.9601558,40.8198275],[-73.9601839,40.8198421]]},"properties":{"kind":"sidewalk","major":false}},{"type":"Feature","geometry":{"type":"LineString","coordinates":[[-73.960247,40.8197013],[-73.9602638,40.8197093],[-73.9602894,40.8197218]]},"properties":{"kind":"sidewalk","major":false}},{"type":"Feature","geometry":{"type":"LineString","coordinates":[[-73.9602336,40.8196949],[-73.960247,40.8197013]]},"properties":{"kind":"foot","name":"","bridge":false,"len":1,"major":false}},{"type":"Feature","geometry":{"type":"LineString","coordinates":[[-73.9820809,40.777827],[-73.9820561,40.7778192],[-73.9820372,40.7778132]]},"properties":{"kind":"foot","name":"","bridge":false,"len":4,"major":false}},{"type":"Feature","geometry":{"type":"LineString","coordinates":[[-73.9820921,40.7780453],[-73.9821375,40.7780586]]},"properties":{"kind":"foot","name":"","bridge":false,"len":4,"major":false}},{"type":"Feature","geometry":{"type":"LineString","coordinates":[[-73.9822573,40.7776183],[-73.9822385,40.7776153]]},"properties":{"kind":"foot","name":"","bridge":false,"len":2,"major":false}},{"type":"Feature","geometry":{"type":"LineString","coordinates":[[-73.9817845,40.7785505],[-73.9818007,40.7785626],[-73.9818059,40.7785684],[-73.9818097,40.7785764],[-73.981812,40.7785902]]},"properties":{"kind":"sidewalk","major":false}},{"type":"Feature","geometry":{"type":"LineString","coordinates":[[-73.9820159,40.7786365],[-73.9820029,40.7786372],[-73.9819952,40.7786416],[-73.9819898,40.7786488],[-73.9819857,40.7786636]]},"properties":{"kind":"sidewalk","major":false}},{"type":"Feature","geometry":{"type":"LineString","coordinates":[[-73.9487966,40.8341601],[-73.9485659,40.8341051],[-73.9482809,40.8340861]]},"properties":{"kind":"sidewalk","major":false}},{"type":"Feature","geometry":{"type":"LineString","coordinates":[[-73.9482809,40.8340861],[-73.9482206,40.8340881],[-73.94813,40.8340942]]},"properties":{"kind":"sidewalk","major":false}},{"type":"Feature","geometry":{"type":"LineString","coordinates":[[-73.94813,40.8340942],[-73.9479839,40.8341111]]},"properties":{"kind":"sidewalk","major":false}},{"type":"Feature","geometry":{"type":"LineString","coordinates":[[-73.9457306,40.8326096],[-73.9457019,40.8325976],[-73.9445864,40.8321275],[-73.9434364,40.8316398],[-73.9431781,40.8315353],[-73.9431567,40.8315045]]},"properties":{"kind":"sidewalk","major":false}},{"type":"Feature","geometry":{"type":"LineString","coordinates":[[-73.94186298083753,40.83029230629154],[-73.9433157,40.8308954],[-73.9433036,40.8309111],[-73.9429335,40.8314132],[-73.942908,40.8314486]]},"properties":{"kind":"sidewalk","major":false}},{"type":"Feature","geometry":{"type":"LineString","coordinates":[[-73.945685,40.8326212],[-73.9456378,40.8326856],[-73.9455812,40.8327661]]},"properties":{"kind":"sidewalk","major":false}},{"type":"Feature","geometry":{"type":"LineString","coordinates":[[-73.9431627,40.8315551],[-73.9431781,40.8315353],[-73.9435635,40.8310112],[-73.9436457,40.8308995],[-73.9440185,40.8303797]]},"properties":{"kind":"sidewalk","major":false}},{"type":"Feature","geometry":{"type":"LineString","coordinates":[[-73.9784632,40.7858417],[-73.9785257,40.7858677]]},"properties":{"kind":"foot","name":"","bridge":false,"len":6,"major":false}},{"type":"Feature","geometry":{"type":"LineString","coordinates":[[-73.9785489,40.785726],[-73.9784804,40.7856965],[-73.9784165,40.785669]]},"properties":{"kind":"sidewalk","major":false}},{"type":"Feature","geometry":{"type":"LineString","coordinates":[[-73.9785257,40.7858677],[-73.9785926,40.7858956],[-73.9786567,40.7859234]]},"properties":{"kind":"sidewalk","major":false}},{"type":"Feature","geometry":{"type":"LineString","coordinates":[[-73.9786108,40.7857527],[-73.9785489,40.785726]]},"properties":{"kind":"foot","name":"","bridge":false,"len":6,"major":false}},{"type":"Feature","geometry":{"type":"LineString","coordinates":[[-73.9755462,40.7870988],[-73.9755128,40.7870849]]},"properties":{"kind":"foot","name":"","bridge":false,"len":3,"major":false}},{"type":"Feature","geometry":{"type":"LineString","coordinates":[[-73.9755128,40.7870849],[-73.9754626,40.7870641],[-73.9753782,40.787029]]},"properties":{"kind":"sidewalk","major":false}},{"type":"Feature","geometry":{"type":"LineString","coordinates":[[-73.975594,40.7869725],[-73.9756121,40.7869803]]},"properties":{"kind":"foot","name":"","bridge":false,"len":2,"major":false}},{"type":"Feature","geometry":{"type":"LineString","coordinates":[[-73.9756121,40.7869803],[-73.9756477,40.7869957]]},"properties":{"kind":"sidewalk","major":false}},{"type":"Feature","geometry":{"type":"LineString","coordinates":[[-73.9749803,40.7877989],[-73.9750133,40.7878116]]},"properties":{"kind":"foot","name":"","bridge":false,"len":3,"major":false}},{"type":"Feature","geometry":{"type":"LineString","coordinates":[[-73.9750133,40.7878116],[-73.9750556,40.7878279]]},"properties":{"kind":"sidewalk","major":false}},{"type":"Feature","geometry":{"type":"LineString","coordinates":[[-73.9831428,40.7767763],[-73.9831258,40.7767702]]},"properties":{"kind":"sidewalk","major":false}},{"type":"Feature","geometry":{"type":"LineString","coordinates":[[-73.9811582,40.7793829],[-73.9811985,40.7794]]},"properties":{"kind":"sidewalk","major":false}},{"type":"Feature","geometry":{"type":"LineString","coordinates":[[-73.9811256,40.7793691],[-73.9811582,40.7793829]]},"properties":{"kind":"foot","name":"","bridge":false,"len":3,"major":false}},{"type":"Feature","geometry":{"type":"LineString","coordinates":[[-73.9815417,40.7795459],[-73.9816068,40.7795736],[-73.9816818,40.7796054]]},"properties":{"kind":"sidewalk","major":false}},{"type":"Feature","geometry":{"type":"LineString","coordinates":[[-73.9816818,40.7796054],[-73.9817389,40.7796297]]},"properties":{"kind":"foot","name":"","bridge":false,"len":5,"major":false}},{"type":"Feature","geometry":{"type":"LineString","coordinates":[[-73.9817111,40.7803072],[-73.981647,40.7802768],[-73.9815682,40.7802394]]},"properties":{"kind":"sidewalk","major":false}},{"type":"Feature","geometry":{"type":"LineString","coordinates":[[-73.9815682,40.7802394],[-73.9815079,40.7802117]]},"properties":{"kind":"foot","name":"","bridge":false,"len":6,"major":false}},{"type":"Feature","geometry":{"type":"LineString","coordinates":[[-73.9815303,40.7803676],[-73.9816163,40.7804022],[-73.9816786,40.7804273]]},"properties":{"kind":"sidewalk","major":false}},{"type":"Feature","geometry":{"type":"LineString","coordinates":[[-73.9814827,40.7803481],[-73.9815303,40.7803676]]},"properties":{"kind":"foot","name":"","bridge":false,"len":4,"major":false}},{"type":"Feature","geometry":{"type":"LineString","coordinates":[[-73.9813631,40.7809806],[-73.9814396,40.781013],[-73.9815049,40.7810403]]},"properties":{"kind":"sidewalk","major":false}},{"type":"Feature","geometry":{"type":"LineString","coordinates":[[-73.9812986,40.7809533],[-73.9813631,40.7809806]]},"properties":{"kind":"foot","name":"","bridge":false,"len":6,"major":false}},{"type":"Feature","geometry":{"type":"LineString","coordinates":[[-73.9811258,40.7810318],[-73.981191,40.7810584],[-73.9812655,40.7810888]]},"properties":{"kind":"sidewalk","major":false}},{"type":"Feature","geometry":{"type":"LineString","coordinates":[[-73.9812655,40.7810888],[-73.9813371,40.781118]]},"properties":{"kind":"foot","name":"","bridge":false,"len":7,"major":false}},{"type":"Feature","geometry":{"type":"LineString","coordinates":[[-73.9822901,40.7771076],[-73.9822235,40.777079],[-73.9821383,40.7770423]]},"properties":{"kind":"sidewalk","major":false}},{"type":"Feature","geometry":{"type":"LineString","coordinates":[[-73.9821383,40.7770423],[-73.9820657,40.7770111]]},"properties":{"kind":"foot","name":"","bridge":false,"len":7,"major":false}},{"type":"Feature","geometry":{"type":"LineString","coordinates":[[-73.9457306,40.8326096],[-73.945812,40.8326437],[-73.9458641,40.8326655]]},"properties":{"kind":"sidewalk","major":false}},{"type":"Feature","geometry":{"type":"LineString","coordinates":[[-73.9459652,40.8327089],[-73.946003,40.8327236],[-73.9460585,40.8327461]]},"properties":{"kind":"sidewalk","major":false}},{"type":"Feature","geometry":{"type":"LineString","coordinates":[[-73.9455915,40.832804],[-73.9456712,40.8328359],[-73.9457243,40.8328592]]},"properties":{"kind":"sidewalk","major":false}},{"type":"Feature","geometry":{"type":"LineString","coordinates":[[-73.9457243,40.8328592],[-73.9457899,40.832884]]},"properties":{"kind":"foot","name":"","bridge":false,"len":6,"major":false}},{"type":"Feature","geometry":{"type":"LineString","coordinates":[[-73.947248,40.8311423],[-73.9471271,40.8313207],[-73.947008,40.8314989],[-73.9469901,40.8315246]]},"properties":{"kind":"sidewalk","major":false}},{"type":"Feature","geometry":{"type":"LineString","coordinates":[[-73.9466097,40.8313624],[-73.9466301,40.8313343],[-73.9469897,40.8308333]]},"properties":{"kind":"sidewalk","major":false}},{"type":"Feature","geometry":{"type":"LineString","coordinates":[[-73.9467652,40.8315477],[-73.946833,40.8315743],[-73.946898,40.8316022]]},"properties":{"kind":"sidewalk","major":false}},{"type":"Feature","geometry":{"type":"LineString","coordinates":[[-73.9467014,40.831522],[-73.9467652,40.8315477]]},"properties":{"kind":"foot","name":"","bridge":false,"len":6,"major":false}},{"type":"Feature","geometry":{"type":"LineString","coordinates":[[-73.9469837,40.8314886],[-73.9469173,40.8314595],[-73.9468866,40.8314466],[-73.9468559,40.8314337]]},"properties":{"kind":"sidewalk","major":false}},{"type":"Feature","geometry":{"type":"LineString","coordinates":[[-73.9468559,40.8314337],[-73.9467919,40.8314056]]},"properties":{"kind":"foot","name":"","bridge":false,"len":6,"major":false}},{"type":"Feature","geometry":{"type":"LineString","coordinates":[[-73.9827146,40.7850873],[-73.9826691,40.785129]]},"properties":{"kind":"sidewalk","major":false}},{"type":"Feature","geometry":{"type":"LineString","coordinates":[[-73.9870586,40.7790654],[-73.9870185,40.779152],[-73.9869907,40.7792172]]},"properties":{"kind":"sidewalk","major":false}},{"type":"Feature","geometry":{"type":"LineString","coordinates":[[-73.9872271,40.7791038],[-73.9871628,40.7790754],[-73.9870982,40.7790537]]},"properties":{"kind":"sidewalk","major":false}},{"type":"Feature","geometry":{"type":"LineString","coordinates":[[-73.9714039,40.7902102],[-73.9713786,40.7902442]]},"properties":{"kind":"foot","name":"","bridge":false,"len":4,"major":false}},{"type":"Feature","geometry":{"type":"LineString","coordinates":[[-73.9712791,40.7901574],[-73.9712539,40.7901915]]},"properties":{"kind":"foot","name":"","bridge":false,"len":4,"major":false}},{"type":"Feature","geometry":{"type":"LineString","coordinates":[[-73.972134,40.7898998],[-73.9721253,40.7899785],[-73.9721139,40.7900033],[-73.9720294,40.7901099],[-73.9720167,40.7901556],[-73.9720053,40.7901917],[-73.9719818,40.7902353],[-73.9718347,40.7904366]]},"properties":{"kind":"foot","name":"","bridge":false,"len":53,"major":false}},{"type":"Feature","geometry":{"type":"LineString","coordinates":[[-73.9715858,40.789683],[-73.9715946,40.7896702]]},"properties":{"kind":"foot","name":"","bridge":false,"len":1,"major":false}},{"type":"Feature","geometry":{"type":"LineString","coordinates":[[-73.9713148,40.7900466],[-73.9713075,40.7900562]]},"properties":{"kind":"foot","name":"","bridge":false,"len":1,"major":false}},{"type":"Feature","geometry":{"type":"LineString","coordinates":[[-73.9487966,40.8341601],[-73.9490172,40.8342272]]},"properties":{"kind":"sidewalk","major":false}},{"type":"Feature","geometry":{"type":"LineString","coordinates":[[-73.9490172,40.8342272],[-73.9492123,40.834306],[-73.9492843,40.8343351]]},"properties":{"kind":"sidewalk","major":false}},{"type":"Feature","geometry":{"type":"LineString","coordinates":[[-73.9487389,40.8344024],[-73.948846,40.834443],[-73.9488675,40.8344588],[-73.9488879,40.8344815],[-73.9489019,40.8345046]]},"properties":{"kind":"sidewalk","major":false}},{"type":"Feature","geometry":{"type":"LineString","coordinates":[[-73.9492067,40.834551],[-73.949104,40.8345354],[-73.9489019,40.8345046]]},"properties":{"kind":"sidewalk","major":false}},{"type":"Feature","geometry":{"type":"LineString","coordinates":[[-73.9671533,40.8035009],[-73.9670813,40.80347],[-73.9670266,40.8034442]]},"properties":{"kind":"sidewalk","major":false}},{"type":"Feature","geometry":{"type":"LineString","coordinates":[[-73.9672148,40.8035273],[-73.9671533,40.8035009]]},"properties":{"kind":"foot","name":"","bridge":false,"len":6,"major":false}},{"type":"Feature","geometry":{"type":"LineString","coordinates":[[-73.966938,40.8035644],[-73.9669895,40.8035876],[-73.9670664,40.803618]]},"properties":{"kind":"sidewalk","major":false}},{"type":"Feature","geometry":{"type":"LineString","coordinates":[[-73.9670664,40.803618],[-73.9671265,40.8036418]]},"properties":{"kind":"foot","name":"","bridge":false,"len":5,"major":false}},{"type":"Feature","geometry":{"type":"LineString","coordinates":[[-73.9662182,40.8049069],[-73.9661492,40.8048782]]},"properties":{"kind":"foot","name":"","bridge":false,"len":6,"major":false}},{"type":"Feature","geometry":{"type":"LineString","coordinates":[[-73.9659774,40.8054697],[-73.9658992,40.8054364],[-73.9658414,40.8054126]]},"properties":{"kind":"sidewalk","major":false}},{"type":"Feature","geometry":{"type":"LineString","coordinates":[[-73.9658414,40.8054126],[-73.9657735,40.8053845]]},"properties":{"kind":"foot","name":"","bridge":false,"len":6,"major":false}},{"type":"Feature","geometry":{"type":"LineString","coordinates":[[-73.9657533,40.8055311],[-73.9658127,40.8055559],[-73.9658857,40.8055863]]},"properties":{"kind":"sidewalk","major":false}},{"type":"Feature","geometry":{"type":"LineString","coordinates":[[-73.9656888,40.8055043],[-73.9657533,40.8055311]]},"properties":{"kind":"foot","name":"","bridge":false,"len":6,"major":false}},{"type":"Feature","geometry":{"type":"LineString","coordinates":[[-73.9797542,40.7910405],[-73.979587,40.7912299]]},"properties":{"kind":"sidewalk","major":false}},{"type":"Feature","geometry":{"type":"LineString","coordinates":[[-73.9809853,40.7892212],[-73.9809061,40.7893508],[-73.980528,40.7899006],[-73.980386,40.7900789]]},"properties":{"kind":"sidewalk","major":false}},{"type":"Feature","geometry":{"type":"LineString","coordinates":[[-73.9809853,40.7892212],[-73.9809674,40.7892163]]},"properties":{"kind":"sidewalk","major":false}},{"type":"Feature","geometry":{"type":"LineString","coordinates":[[-73.9772449,40.792711],[-73.9774503,40.7924634],[-73.9776526,40.7923004],[-73.9778239,40.7921868],[-73.9785594,40.7918781]]},"properties":{"kind":"sidewalk","major":false}},{"type":"Feature","geometry":{"type":"LineString","coordinates":[[-73.9561253,40.8223033],[-73.9561642,40.8223182],[-73.9562392,40.822347]]},"properties":{"kind":"sidewalk","major":false}},{"type":"Feature","geometry":{"type":"LineString","coordinates":[[-73.9561015,40.8222941],[-73.9561253,40.8223033]]},"properties":{"kind":"foot","name":"","bridge":false,"len":2,"major":false}},{"type":"Feature","geometry":{"type":"LineString","coordinates":[[-73.9555383,40.8234931],[-73.9555199,40.8235279],[-73.9554666,40.823629],[-73.9554421,40.8236729]]},"properties":{"kind":"sidewalk","major":false}},{"type":"Feature","geometry":{"type":"LineString","coordinates":[[-73.9580359,40.8214758],[-73.9580143,40.8214689],[-73.9579329,40.821442],[-73.9579151,40.8214597],[-73.9574258,40.8219819]]},"properties":{"kind":"sidewalk","major":false}},{"type":"Feature","geometry":{"type":"LineString","coordinates":[[-73.9869907,40.7792172],[-73.9869836,40.7792337]]},"properties":{"kind":"sidewalk","major":false}},{"type":"Feature","geometry":{"type":"LineString","coordinates":[[-73.9872462,40.7791123],[-73.9872271,40.7791038]]},"properties":{"kind":"sidewalk","major":false}},{"type":"Feature","geometry":{"type":"LineString","coordinates":[[-73.9871584,40.7792865],[-73.9871952,40.7792242],[-73.9872363,40.7791543]]},"properties":{"kind":"sidewalk","major":false}},{"type":"Feature","geometry":{"type":"LineString","coordinates":[[-73.9872363,40.7791543],[-73.9872455,40.7791388]]},"properties":{"kind":"sidewalk","major":false}},{"type":"Feature","geometry":{"type":"LineString","coordinates":[[-73.9871481,40.7793029],[-73.9871584,40.7792865]]},"properties":{"kind":"sidewalk","major":false}},{"type":"Feature","geometry":{"type":"LineString","coordinates":[[-73.9915146,40.7725975],[-73.9915146,40.7724695]]},"properties":{"kind":"foot","name":"","bridge":false,"len":11,"major":false}},{"type":"Feature","geometry":{"type":"LineString","coordinates":[[-73.9916309,40.7727575],[-73.9916011,40.7727978],[-73.9915757,40.7728321]]},"properties":{"kind":"foot","name":"","bridge":false,"len":8,"major":false}},{"type":"Feature","geometry":{"type":"LineString","coordinates":[[-73.9915271,40.7727139],[-73.9914948,40.7727525],[-73.9914661,40.7727877]]},"properties":{"kind":"foot","name":"","bridge":false,"len":8,"major":false}},{"type":"Feature","geometry":{"type":"LineString","coordinates":[[-73.9915389,40.772597],[-73.9915146,40.7725975]]},"properties":{"kind":"foot","name":"","bridge":false,"len":2,"major":false}},{"type":"Feature","geometry":{"type":"LineString","coordinates":[[-73.9922471,40.7733804],[-73.9922502,40.7733325],[-73.992254,40.773274]]},"properties":{"kind":"foot","name":"","bridge":false,"len":9,"major":false}},{"type":"Feature","geometry":{"type":"LineString","coordinates":[[-73.9922424,40.7734546],[-73.9922462,40.773395]]},"properties":{"kind":"foot","name":"","bridge":false,"len":5,"major":false}},{"type":"Feature","geometry":{"type":"LineString","coordinates":[[-73.991778,40.7728331],[-73.9918844,40.7728348],[-73.9920812,40.7728379],[-73.9921144,40.7728313]]},"properties":{"kind":"foot","name":"","bridge":false,"len":29,"major":false}},{"type":"Feature","geometry":{"type":"LineString","coordinates":[[-73.9918413,40.7727565],[-73.9917638,40.7727915]]},"properties":{"kind":"foot","name":"","bridge":false,"len":7,"major":false}},{"type":"Feature","geometry":{"type":"LineString","coordinates":[[-73.9920375,40.7725566],[-73.9920243,40.7725669],[-73.9920243,40.7726145],[-73.9919178,40.7726626],[-73.9917708,40.7727291]]},"properties":{"kind":"foot","name":"","bridge":false,"len":29,"major":false}},{"type":"Feature","geometry":{"type":"LineString","coordinates":[[-73.9919178,40.7726626],[-73.9919117,40.7725615],[-73.9918966,40.7725326]]},"properties":{"kind":"foot","name":"","bridge":false,"len":11,"major":false}},{"type":"Feature","geometry":{"type":"LineString","coordinates":[[-73.9922553,40.7732536],[-73.9922638,40.7731201],[-73.9922687,40.773043]]},"properties":{"kind":"foot","name":"","bridge":false,"len":18,"major":false}},{"type":"Feature","geometry":{"type":"LineString","coordinates":[[-73.992348,40.7733131],[-73.9923328,40.7733206]]},"properties":{"kind":"foot","name":"","bridge":false,"len":1,"major":false}},{"type":"Feature","geometry":{"type":"LineString","coordinates":[[-73.9915909,40.7730747],[-73.9909287,40.7730089]]},"properties":{"kind":"foot","name":"","bridge":false,"len":57,"major":false}},{"type":"Feature","geometry":{"type":"LineString","coordinates":[[-73.9859812,40.769888],[-73.9860213,40.7698331]]},"properties":{"kind":"foot","name":"","bridge":false,"len":6,"major":false}},{"type":"Feature","geometry":{"type":"LineString","coordinates":[[-73.9885925,40.7692585],[-73.9885511,40.7692421]]},"properties":{"kind":"sidewalk","major":false}},{"type":"Feature","geometry":{"type":"LineString","coordinates":[[-73.9885511,40.7692421],[-73.9885245,40.7692313]]},"properties":{"kind":"foot","name":"","bridge":false,"len":2,"major":false}},{"type":"Feature","geometry":{"type":"LineString","coordinates":[[-73.9428257,40.8316289],[-73.9428004,40.831617]]},"properties":{"kind":"sidewalk","major":false}},{"type":"Feature","geometry":{"type":"LineString","coordinates":[[-73.979188,40.7917563],[-73.9790745,40.7919416]]},"properties":{"kind":"foot","name":"","bridge":false,"len":18,"major":false}},{"type":"Feature","geometry":{"type":"LineString","coordinates":[[-73.974483,40.7966151],[-73.9745831,40.7964903],[-73.9746728,40.7964091],[-73.974986,40.7962087]]},"properties":{"kind":"sidewalk","major":false}},{"type":"Feature","geometry":{"type":"LineString","coordinates":[[-73.9581769,40.8212669],[-73.9581597,40.8212911]]},"properties":{"kind":"sidewalk","major":false}},{"type":"Feature","geometry":{"type":"LineString","coordinates":[[-73.9581597,40.8212911],[-73.9580696,40.8214006],[-73.9580253,40.8214544]]},"properties":{"kind":"sidewalk","major":false}},{"type":"Feature","geometry":{"type":"LineString","coordinates":[[-73.9580253,40.8214544],[-73.9580143,40.8214689]]},"properties":{"kind":"sidewalk","major":false}},{"type":"Feature","geometry":{"type":"LineString","coordinates":[[-73.971941,40.7892384],[-73.9719397,40.7893087],[-73.971931,40.7893204],[-73.9719149,40.7893356],[-73.9718921,40.7893372],[-73.9718438,40.7893306],[-73.9717995,40.7893158],[-73.97178053226877,40.78930468651241]]},"properties":{"kind":"foot","name":"","bridge":false,"len":27,"major":false}},{"type":"Feature","geometry":{"type":"LineString","coordinates":[[-73.9719732,40.7890953],[-73.972023,40.7890308]]},"properties":{"kind":"foot","name":"","bridge":false,"len":7,"major":false}},{"type":"Feature","geometry":{"type":"MultiLineString","coordinates":[[[-73.9719638,40.7892232],[-73.971941,40.7892384],[-73.9719122,40.7892526],[-73.9718921,40.7892552],[-73.9718666,40.7892537],[-73.9718471,40.7892455],[-73.9718364,40.7892374],[-73.97183280117775,40.7892330979596]],[[-73.97193743641385,40.78908978742815],[-73.9719437,40.7890887],[-73.9719732,40.7890953],[-73.9719906,40.7891105],[-73.9720034,40.7891308],[-73.9720074,40.7891562],[-73.972,40.7891795],[-73.9719893,40.7891963],[-73.9719638,40.7892232]]]},"properties":{"kind":"foot","name":"","bridge":false,"len":46,"major":false}},{"type":"Feature","geometry":{"type":"LineString","coordinates":[[-73.9912961,40.7767031],[-73.9912596,40.7767248],[-73.9912544,40.7767279],[-73.9912403,40.7767409]]},"properties":{"kind":"foot","name":"","bridge":false,"len":6,"major":false}},{"type":"Feature","geometry":{"type":"LineString","coordinates":[[-73.9911671,40.7767987],[-73.9911248,40.7768196]]},"properties":{"kind":"foot","name":"","bridge":false,"len":4,"major":false}},{"type":"Feature","geometry":{"type":"LineString","coordinates":[[-73.9435635,40.8310112],[-73.9435249,40.8309963]]},"properties":{"kind":"sidewalk","major":false}},{"type":"Feature","geometry":{"type":"LineString","coordinates":[[-73.9436457,40.8308995],[-73.9436053,40.8308834]]},"properties":{"kind":"sidewalk","major":false}},{"type":"Feature","geometry":{"type":"LineString","coordinates":[[-73.9440185,40.8303797],[-73.9440316,40.8303635]]},"properties":{"kind":"foot","name":"","bridge":false,"len":2,"major":false}},{"type":"Feature","geometry":{"type":"LineString","coordinates":[[-73.944083,40.8302951],[-73.9440975,40.830276]]},"properties":{"kind":"foot","name":"","bridge":false,"len":2,"major":false}},{"type":"Feature","geometry":{"type":"LineString","coordinates":[[-73.9440975,40.830276],[-73.9440612,40.8302615]]},"properties":{"kind":"foot","name":"","bridge":false,"len":3,"major":false}},{"type":"Feature","geometry":{"type":"LineString","coordinates":[[-73.9438639,40.8301735],[-73.9438434,40.8301653]]},"properties":{"kind":"sidewalk","major":false}},{"type":"Feature","geometry":{"type":"LineString","coordinates":[[-73.9438434,40.8301653],[-73.9438319,40.8301801]]},"properties":{"kind":"sidewalk","major":false}},{"type":"Feature","geometry":{"type":"LineString","coordinates":[[-73.9437739,40.830255],[-73.9437644,40.830269]]},"properties":{"kind":"sidewalk","major":false}},{"type":"Feature","geometry":{"type":"LineString","coordinates":[[-73.9437644,40.830269],[-73.9437859,40.8302788]]},"properties":{"kind":"sidewalk","major":false}},{"type":"Feature","geometry":{"type":"LineString","coordinates":[[-73.9439812,40.8303637],[-73.9440185,40.8303797]]},"properties":{"kind":"foot","name":"","bridge":false,"len":3,"major":false}},{"type":"Feature","geometry":{"type":"LineString","coordinates":[[-73.9442219,40.8296528],[-73.9442439,40.8296619]]},"properties":{"kind":"sidewalk","major":false}},{"type":"Feature","geometry":{"type":"LineString","coordinates":[[-73.9444435,40.8297433],[-73.9444804,40.8297578]]},"properties":{"kind":"sidewalk","major":false}},{"type":"Feature","geometry":{"type":"LineString","coordinates":[[-73.9445562,40.8296403],[-73.9445406,40.8296344]]},"properties":{"kind":"sidewalk","major":false}},{"type":"Feature","geometry":{"type":"LineString","coordinates":[[-73.9443119,40.829547],[-73.9442963,40.8295411]]},"properties":{"kind":"sidewalk","major":false}},{"type":"Feature","geometry":{"type":"LineString","coordinates":[[-73.9496097,40.8302949],[-73.9483076,40.8297474]]},"properties":{"kind":"sidewalk","major":false}},{"type":"Feature","geometry":{"type":"LineString","coordinates":[[-73.9483808,40.8296281],[-73.948344,40.8296881],[-73.9483076,40.8297474]]},"properties":{"kind":"sidewalk","major":false}},{"type":"Feature","geometry":{"type":"LineString","coordinates":[[-73.9483808,40.8296281],[-73.9487514,40.8291258]]},"properties":{"kind":"sidewalk","major":false}},{"type":"Feature","geometry":{"type":"LineString","coordinates":[[-73.9483388,40.8289541],[-73.9479813,40.829464]]},"properties":{"kind":"sidewalk","major":false}},{"type":"Feature","geometry":{"type":"LineString","coordinates":[[-73.9479159,40.8295553],[-73.9479412,40.8295189],[-73.9479672,40.8294817]]},"properties":{"kind":"sidewalk","major":false}},{"type":"Feature","geometry":{"type":"LineString","coordinates":[[-73.9479069,40.8295674],[-73.9475343,40.8301026]]},"properties":{"kind":"sidewalk","major":false}},{"type":"Feature","geometry":{"type":"LineString","coordinates":[[-73.9479069,40.8295674],[-73.9479159,40.8295553]]},"properties":{"kind":"sidewalk","major":false}},{"type":"Feature","geometry":{"type":"LineString","coordinates":[[-73.9479672,40.8294817],[-73.9479813,40.829464]]},"properties":{"kind":"sidewalk","major":false}},{"type":"Feature","geometry":{"type":"LineString","coordinates":[[-73.9479813,40.829464],[-73.9480179,40.8294776]]},"properties":{"kind":"sidewalk","major":false}},{"type":"Feature","geometry":{"type":"LineString","coordinates":[[-73.9483416,40.8296113],[-73.9483808,40.8296281]]},"properties":{"kind":"sidewalk","major":false}},{"type":"Feature","geometry":{"type":"LineString","coordinates":[[-73.9482365,40.8295679],[-73.9482834,40.8295873],[-73.9483416,40.8296113]]},"properties":{"kind":"sidewalk","major":false}},{"type":"Feature","geometry":{"type":"LineString","coordinates":[[-73.9480179,40.8294776],[-73.9480971,40.8295103],[-73.9481233,40.8295211]]},"properties":{"kind":"sidewalk","major":false}},{"type":"Feature","geometry":{"type":"LineString","coordinates":[[-73.9481233,40.8295211],[-73.9482365,40.8295679]]},"properties":{"kind":"foot","name":"","bridge":false,"len":10,"major":false}},{"type":"Feature","geometry":{"type":"LineString","coordinates":[[-73.9534343,40.822008],[-73.9534588,40.8219767]]},"properties":{"kind":"sidewalk","major":false}},{"type":"Feature","geometry":{"type":"LineString","coordinates":[[-73.9535117,40.8219019],[-73.9535288,40.8218788]]},"properties":{"kind":"sidewalk","major":false}},{"type":"Feature","geometry":{"type":"LineString","coordinates":[[-73.9529292,40.8217831],[-73.9529557,40.8217626]]},"properties":{"kind":"sidewalk","major":false}},{"type":"Feature","geometry":{"type":"LineString","coordinates":[[-73.9530153,40.8217136],[-73.9530431,40.8216941]]},"properties":{"kind":"sidewalk","major":false}},{"type":"Feature","geometry":{"type":"LineString","coordinates":[[-73.9514456,40.8201991],[-73.9514165,40.8201903]]},"properties":{"kind":"sidewalk","major":false}},{"type":"Feature","geometry":{"type":"LineString","coordinates":[[-73.9512382,40.8201378],[-73.9511843,40.8201201]]},"properties":{"kind":"sidewalk","major":false}},{"type":"Feature","geometry":{"type":"LineString","coordinates":[[-73.9514456,40.8201991],[-73.9526262,40.8206861]]},"properties":{"kind":"foot","name":"","bridge":false,"len":109,"major":false}},{"type":"Feature","geometry":{"type":"LineString","coordinates":[[-73.9522212,40.8213222],[-73.952209,40.8213396]]},"properties":{"kind":"foot","name":"","bridge":false,"len":2,"major":false}},{"type":"Feature","geometry":{"type":"LineString","coordinates":[[-73.9548229,40.8200886],[-73.9548549,40.8200231],[-73.9549198,40.8199402]]},"properties":{"kind":"sidewalk","major":false}},{"type":"Feature","geometry":{"type":"LineString","coordinates":[[-73.9547975,40.8201202],[-73.9548229,40.8200886]]},"properties":{"kind":"sidewalk","major":false}},{"type":"Feature","geometry":{"type":"LineString","coordinates":[[-73.9549198,40.8199402],[-73.9549351,40.8199203]]},"properties":{"kind":"sidewalk","major":false}},{"type":"Feature","geometry":{"type":"LineString","coordinates":[[-73.9553476,40.8200843],[-73.9554958,40.8201483],[-73.9575031,40.8210149]]},"properties":{"kind":"sidewalk","major":false}},{"type":"Feature","geometry":{"type":"LineString","coordinates":[[-73.9549656,40.8199167],[-73.9550538,40.8199554],[-73.9552671,40.820049],[-73.9553476,40.8200843]]},"properties":{"kind":"sidewalk","major":false}},{"type":"Feature","geometry":{"type":"LineString","coordinates":[[-73.9553476,40.8200843],[-73.9552628,40.8201933],[-73.9552012,40.8202885]]},"properties":{"kind":"sidewalk","major":false}},{"type":"Feature","geometry":{"type":"LineString","coordinates":[[-73.9562684,40.8198669],[-73.9561242,40.8198734],[-73.9559502,40.8199033],[-73.955803,40.8199426],[-73.955705,40.8199782],[-73.9556242,40.8200204],[-73.9555588,40.8200692],[-73.9554958,40.8201483]]},"properties":{"kind":"foot","name":"","bridge":false,"len":72,"major":false}},{"type":"Feature","geometry":{"type":"LineString","coordinates":[[-73.9647147,40.8065539],[-73.9646958,40.8065805]]},"properties":{"kind":"sidewalk","major":false}},{"type":"Feature","geometry":{"type":"LineString","coordinates":[[-73.9650772,40.8060458],[-73.9650635,40.806065],[-73.9647147,40.8065539]]},"properties":{"kind":"sidewalk","major":false}},{"type":"Feature","geometry":{"type":"LineString","coordinates":[[-73.9651798,40.8059629],[-73.9651456,40.8059499]]},"properties":{"kind":"sidewalk","major":false}},{"type":"Feature","geometry":{"type":"LineString","coordinates":[[-73.9651456,40.8059499],[-73.9651372,40.8059616]]},"properties":{"kind":"sidewalk","major":false}},{"type":"Feature","geometry":{"type":"LineString","coordinates":[[-73.9646958,40.8065805],[-73.9646947,40.806582],[-73.9646857,40.8065937]]},"properties":{"kind":"sidewalk","major":false}},{"type":"Feature","geometry":{"type":"LineString","coordinates":[[-73.9630273,40.8043561],[-73.9630141,40.8043737],[-73.9626409,40.8048795],[-73.9626223,40.8048992]]},"properties":{"kind":"sidewalk","major":false}},{"type":"Feature","geometry":{"type":"LineString","coordinates":[[-73.9885371,40.7780853],[-73.9886044,40.7781256]]},"properties":{"kind":"sidewalk","major":false}},{"type":"Feature","geometry":{"type":"LineString","coordinates":[[-73.9884809,40.7782427],[-73.9885546,40.7782691]]},"properties":{"kind":"sidewalk","major":false}},{"type":"Feature","geometry":{"type":"LineString","coordinates":[[-73.9637603,40.8078429],[-73.9639089,40.8076378]]},"properties":{"kind":"sidewalk","major":false}},{"type":"Feature","geometry":{"type":"LineString","coordinates":[[-73.9611287,40.808072],[-73.9611684,40.8080228]]},"properties":{"kind":"foot","name":"","bridge":false,"len":5,"major":false}},{"type":"Feature","geometry":{"type":"LineString","coordinates":[[-73.9612592,40.8079072],[-73.9613049,40.8078469]]},"properties":{"kind":"foot","name":"","bridge":false,"len":6,"major":false}},{"type":"Feature","geometry":{"type":"LineString","coordinates":[[-73.961565,40.807641],[-73.9615547,40.8076547],[-73.9615236,40.807642]]},"properties":{"kind":"foot","name":"","bridge":false,"len":4,"major":false}},{"type":"Feature","geometry":{"type":"LineString","coordinates":[[-73.9611978,40.8067749],[-73.9612158,40.8067826],[-73.9612359,40.8067912]]},"properties":{"kind":"sidewalk","major":false}},{"type":"Feature","geometry":{"type":"LineString","coordinates":[[-73.9635537,40.8036311],[-73.9635363,40.8036508]]},"properties":{"kind":"sidewalk","major":false}},{"type":"Feature","geometry":{"type":"LineString","coordinates":[[-73.9634418,40.8037274],[-73.9634667,40.80374]]},"properties":{"kind":"sidewalk","major":false}},{"type":"Feature","geometry":{"type":"LineString","coordinates":[[-73.9631349,40.8080646],[-73.9631131,40.808094],[-73.9630984,40.808114]]},"properties":{"kind":"foot","name":"","bridge":false,"len":5,"major":false}},{"type":"Feature","geometry":{"type":"LineString","coordinates":[[-73.9675682,40.8030117],[-73.9675214,40.8029922]]},"properties":{"kind":"sidewalk","major":false}},{"type":"Feature","geometry":{"type":"LineString","coordinates":[[-73.9675214,40.8029922],[-73.9674502,40.8029626],[-73.9673905,40.8029361]]},"properties":{"kind":"sidewalk","major":false}},{"type":"Feature","geometry":{"type":"LineString","coordinates":[[-73.9675773,40.8028573],[-73.9676402,40.8028839]]},"properties":{"kind":"sidewalk","major":false}},{"type":"Feature","geometry":{"type":"LineString","coordinates":[[-73.9676402,40.8028839],[-73.9677099,40.8029134],[-73.9678004,40.8029484]]},"properties":{"kind":"sidewalk","major":false}},{"type":"Feature","geometry":{"type":"LineString","coordinates":[[-73.9610647,40.8069499],[-73.9609926,40.8069192],[-73.9608955,40.8068778]]},"properties":{"kind":"sidewalk","major":false}},{"type":"Feature","geometry":{"type":"LineString","coordinates":[[-73.9694851,40.8036645],[-73.9694489,40.8036497]]},"properties":{"kind":"sidewalk","major":false}},{"type":"Feature","geometry":{"type":"LineString","coordinates":[[-73.9693767,40.8037592],[-73.9694109,40.8037731]]},"properties":{"kind":"sidewalk","major":false}},{"type":"Feature","geometry":{"type":"LineString","coordinates":[[-73.9700513,40.8022078],[-73.9700395,40.8021919]]},"properties":{"kind":"sidewalk","major":false}},{"type":"Feature","geometry":{"type":"LineString","coordinates":[[-73.9699755,40.8023104],[-73.9699519,40.8023111]]},"properties":{"kind":"sidewalk","major":false}},{"type":"Feature","geometry":{"type":"LineString","coordinates":[[-73.9700395,40.8021919],[-73.9700227,40.8022145]]},"properties":{"kind":"sidewalk","major":false}},{"type":"Feature","geometry":{"type":"LineString","coordinates":[[-73.9699734,40.8022817],[-73.9699519,40.8023111]]},"properties":{"kind":"sidewalk","major":false}},{"type":"Feature","geometry":{"type":"LineString","coordinates":[[-73.963297,40.8035279],[-73.9632707,40.8035185]]},"properties":{"kind":"foot","name":"","bridge":false,"len":2,"major":false}},{"type":"Feature","geometry":{"type":"LineString","coordinates":[[-73.9601995,40.8065765],[-73.9601562,40.8065578],[-73.9601006,40.8065338]]},"properties":{"kind":"sidewalk","major":false}},{"type":"Feature","geometry":{"type":"LineString","coordinates":[[-73.9601006,40.8065338],[-73.9594169888973,40.80623804507565]]},"properties":{"kind":"sidewalk","major":false}},{"type":"Feature","geometry":{"type":"LineString","coordinates":[[-73.9678182,40.8054333],[-73.9677898,40.80542]]},"properties":{"kind":"sidewalk","major":false}},{"type":"Feature","geometry":{"type":"LineString","coordinates":[[-73.967727,40.8053928],[-73.9677058,40.8053853]]},"properties":{"kind":"sidewalk","major":false}},{"type":"Feature","geometry":{"type":"LineString","coordinates":[[-73.9677058,40.8053853],[-73.9676935,40.8054032]]},"properties":{"kind":"sidewalk","major":false}},{"type":"Feature","geometry":{"type":"LineString","coordinates":[[-73.9676434,40.8054773],[-73.9676316,40.8054949]]},"properties":{"kind":"sidewalk","major":false}},{"type":"Feature","geometry":{"type":"LineString","coordinates":[[-73.9676316,40.8054949],[-73.9676484,40.8055072]]},"properties":{"kind":"sidewalk","major":false}},{"type":"Feature","geometry":{"type":"LineString","coordinates":[[-73.9677129,40.8055371],[-73.9677415,40.8055498]]},"properties":{"kind":"sidewalk","major":false}},{"type":"Feature","geometry":{"type":"LineString","coordinates":[[-73.9607785,40.8082273],[-73.9608041,40.8081922]]},"properties":{"kind":"foot","name":"","bridge":false,"len":4,"major":false}},{"type":"Feature","geometry":{"type":"LineString","coordinates":[[-73.9608162,40.8081755],[-73.9609017,40.8080581]]},"properties":{"kind":"foot","name":"","bridge":false,"len":12,"major":false}},{"type":"Feature","geometry":{"type":"LineString","coordinates":[[-73.9609231,40.8080288],[-73.9609469,40.8079961]]},"properties":{"kind":"foot","name":"","bridge":false,"len":3,"major":false}},{"type":"Feature","geometry":{"type":"LineString","coordinates":[[-73.9613099,40.8081476],[-73.9613295,40.8081558]]},"properties":{"kind":"foot","name":"","bridge":false,"len":2,"major":false}},{"type":"Feature","geometry":{"type":"LineString","coordinates":[[-73.9610887,40.8074736],[-73.961101,40.8074782]]},"properties":{"kind":"foot","name":"","bridge":false,"len":1,"major":false}},{"type":"Feature","geometry":{"type":"LineString","coordinates":[[-73.962116,40.8078495],[-73.9621037,40.8078665],[-73.9620835,40.8078965]]},"properties":{"kind":"foot","name":"","bridge":false,"len":5,"major":false}},{"type":"Feature","geometry":{"type":"LineString","coordinates":[[-73.9822138,40.7831417],[-73.9822482,40.7830978],[-73.9823027,40.7830282]]},"properties":{"kind":"sidewalk","major":false}},{"type":"Feature","geometry":{"type":"LineString","coordinates":[[-73.9823027,40.7830282],[-73.982179,40.7829726]]},"properties":{"kind":"sidewalk","major":false}},{"type":"Feature","geometry":{"type":"LineString","coordinates":[[-73.982179,40.7829726],[-73.9820615,40.7829198]]},"properties":{"kind":"sidewalk","major":false}},{"type":"Feature","geometry":{"type":"LineString","coordinates":[[-73.9820615,40.7829198],[-73.9820043,40.7829929],[-73.9819725,40.7830334]]},"properties":{"kind":"sidewalk","major":false}},{"type":"Feature","geometry":{"type":"LineString","coordinates":[[-73.9667313,40.7992332],[-73.9666989,40.7992216]]},"properties":{"kind":"sidewalk","major":false}},{"type":"Feature","geometry":{"type":"LineString","coordinates":[[-73.9666989,40.7992216],[-73.9666705,40.7992114]]},"properties":{"kind":"sidewalk","major":false}},{"type":"Feature","geometry":{"type":"LineString","coordinates":[[-73.9668051,40.7991296],[-73.9667731,40.7991152]]},"properties":{"kind":"sidewalk","major":false}},{"type":"Feature","geometry":{"type":"LineString","coordinates":[[-73.9667731,40.7991152],[-73.9667503,40.7991049]]},"properties":{"kind":"sidewalk","major":false}},{"type":"Feature","geometry":{"type":"LineString","coordinates":[[-73.9621864,40.8123861],[-73.9621489,40.8123705],[-73.9621258,40.8123609]]},"properties":{"kind":"sidewalk","major":false}},{"type":"Feature","geometry":{"type":"LineString","coordinates":[[-73.96406,40.8114999],[-73.9640819,40.8115081]]},"properties":{"kind":"foot","name":"","bridge":false,"len":2,"major":false}},{"type":"Feature","geometry":{"type":"LineString","coordinates":[[-73.9642219,40.8115039],[-73.9642712,40.8114947]]},"properties":{"kind":"foot","name":"","bridge":false,"len":4,"major":false}},{"type":"Feature","geometry":{"type":"LineString","coordinates":[[-73.9642157,40.8072177],[-73.9642056,40.8072307]]},"properties":{"kind":"foot","name":"","bridge":false,"len":1,"major":false}}]}