{"type":"FeatureCollection","features":[{"type":"Feature","geometry":{"type":"LineString","coordinates":[[-73.960423,40.798207],[-73.961106,40.798494]]},"properties":{"kind":"major","name":"West 106th Street","bridge":false}},{"type":"Feature","geometry":{"type":"LineString","coordinates":[[-73.982004,40.785592],[-73.98054,40.78498],[-73.977825,40.783828]]},"properties":{"kind":"minor","name":"West 80th Street","bridge":false}},{"type":"Feature","geometry":{"type":"LineString","coordinates":[[-73.98107,40.788486],[-73.980978,40.788473],[-73.980899,40.788446],[-73.975975,40.786363],[-73.97315,40.785182]]},"properties":{"kind":"minor","name":"West 84th Street","bridge":false}},{"type":"Feature","geometry":{"type":"LineString","coordinates":[[-73.956823,40.812622],[-73.959205,40.813622],[-73.959561,40.813735],[-73.95989,40.813854],[-73.960693,40.814184]]},"properties":{"kind":"minor","name":"La Salle Street","bridge":false}},{"type":"Feature","geometry":{"type":"LineString","coordinates":[[-73.98386,40.77048],[-73.982861,40.770057]]},"properties":{"kind":"minor","name":"West 61st Street","bridge":false}},{"type":"Feature","geometry":{"type":"LineString","coordinates":[[-73.985939,40.771253],[-73.985979,40.771367]]},"properties":{"kind":"minor","name":"West 61st Street","bridge":false}},{"type":"Feature","geometry":{"type":"LineString","coordinates":[[-73.96794,40.787235],[-73.97851,40.791685],[-73.978578,40.791725],[-73.978602,40.791748],[-73.978619,40.791788]]},"properties":{"kind":"minor","name":"West 89th Street","bridge":false}},{"type":"Feature","geometry":{"type":"LineString","coordinates":[[-73.982845,40.78506],[-73.982923,40.785233],[-73.982964,40.785402],[-73.983003,40.785676],[-73.983018,40.785904],[-73.983021,40.786273],[-73.983007,40.786528],[-73.982979,40.786796],[-73.982918,40.787172]]},"properties":{"kind":"highway","name":"","tunnel":"no","bridge":false}},{"type":"Feature","geometry":{"type":"LineString","coordinates":[[-73.998609,40.759191],[-73.998108,40.758988],[-73.998071,40.758965],[-73.998045,40.758935],[-73.998035,40.758907],[-73.998047,40.758858],[-73.998131,40.758809],[-73.998182,40.758798],[-73.998505,40.758782]]},"properties":{"kind":"highway","name":"","tunnel":"no","bridge":false}},{"type":"Feature","geometry":{"type":"LineString","coordinates":[[-73.996954,40.759388],[-73.997578,40.758846]]},"properties":{"kind":"major","name":"Galvin Avenue","bridge":false}},{"type":"Feature","geometry":{"type":"LineString","coordinates":[[-73.964694,40.791676],[-73.964555,40.791625]]},"properties":{"kind":"major","name":"97th Street Transverse","bridge":false}},{"type":"Feature","geometry":{"type":"LineString","coordinates":[[-73.935223,40.814402],[-73.935688,40.814601]]},"properties":{"kind":"major","name":"East 138th Street","bridge":false}},{"type":"Feature","geometry":{"type":"LineString","coordinates":[[-73.95949,40.820262],[-73.959509,40.82031],[-73.959136,40.820748],[-73.958654,40.821064],[-73.958569,40.821154]]},"properties":{"kind":"highway","name":"","tunnel":"no","bridge":false}},{"type":"Feature","geometry":{"type":"LineString","coordinates":[[-73.96181,40.818001],[-73.961905,40.81796],[-73.96254,40.81734],[-73.962993,40.816878],[-73.96333,40.816512],[-73.96385,40.815882],[-73.964155,40.81538]]},"properties":{"kind":"highway","name":"","tunnel":"no","bridge":false}},{"type":"Feature","geometry":{"type":"LineString","coordinates":[[-73.967223,40.810562],[-73.964863,40.813319],[-73.964394,40.813904],[-73.963887,40.814594],[-73.963185,40.815635],[-73.962915,40.816],[-73.962665,40.8163],[-73.962535,40.816437],[-73.962031,40.816924],[-73.961629,40.817283],[-73.961463,40.817415],[-73.961324,40.817508],[-73.961018,40.817659]]},"properties":{"kind":"highway","name":"","tunnel":"no","bridge":false}},{"type":"Feature","geometry":{"type":"LineString","coordinates":[[-73.935239,40.829592],[-73.935138,40.829283],[-73.935023,40.828683],[-73.934865,40.828286]]},"properties":{"kind":"highway","name":"","tunnel":"no","bridge":false}},{"type":"Feature","geometry":{"type":"LineString","coordinates":[[-73.934466,40.817178],[-73.934416,40.817127],[-73.934392,40.817085],[-73.934358,40.817001],[-73.934348,40.816932],[-73.934444,40.815834]]},"properties":{"kind":"major","name":"Harlem River Drive","bridge":false}},{"type":"Feature","geometry":{"type":"LineString","coordinates":[[-73.934444,40.815834],[-73.934428,40.815432]]},"properties":{"kind":"highway","name":"","tunnel":"no","bridge":false}},{"type":"Feature","geometry":{"type":"LineString","coordinates":[[-73.976732,40.795685],[-73.976289,40.796001],[-73.976164,40.796105],[-73.976107,40.796143],[-73.975986,40.796193],[-73.975859,40.796218],[-73.975717,40.79622],[-73.975496,40.796179],[-73.975236,40.796105]]},"properties":{"kind":"highway","name":"","tunnel":"no","bridge":false}},{"type":"Feature","geometry":{"type":"LineString","coordinates":[[-73.934916,40.829931],[-73.935044,40.830267],[-73.935068,40.830406],[-73.935107,40.830518],[-73.935147,40.830579],[-73.935251,40.830697],[-73.93537,40.830782],[-73.935539,40.830878],[-73.935805,40.830986],[-73.93598,40.831024]]},"properties":{"kind":"highway","name":"","tunnel":"no","bridge":false}},{"type":"Feature","geometry":{"type":"LineString","coordinates":[[-73.935767,40.815339],[-73.935626,40.815289],[-73.934939,40.814999]]},"properties":{"kind":"highway","name":"","tunnel":"no","bridge":false}},{"type":"Feature","geometry":{"type":"LineString","coordinates":[[-73.937361,40.833923],[-73.93706,40.834125],[-73.936905,40.834244],[-73.93605,40.83494]]},"properties":{"kind":"highway","name":"","tunnel":"no","bridge":false}},{"type":"Feature","geometry":{"type":"LineString","coordinates":[[-73.934364,40.818883],[-73.934356,40.818465],[-73.93425,40.817905]]},"properties":{"kind":"highway","name":"","tunnel":"no","bridge":false}},{"type":"Feature","geometry":{"type":"LineString","coordinates":[[-73.948539,40.821491],[-73.948055,40.821281],[-73.94795,40.821219],[-73.947884,40.821156],[-73.947818,40.821041],[-73.947567,40.820372],[-73.947552,40.820301],[-73.947554,40.820259],[-73.947579,40.820133],[-73.94762,40.820052],[-73.94827,40.819167],[-73.948385,40.819017],[-73.948456,40.818942],[-73.948636,40.818812],[-73.949037,40.818593],[-73.949336,40.818383],[-73.949536,40.81819],[-73.949633,40.818073],[-73.949866,40.817749],[-73.949955,40.817591],[-73.950017,40.817441],[-73.950059,40.817286],[-73.950082,40.817128],[-73.950083,40.816954],[-73.950034,40.816641],[-73.950001,40.816557],[-73.949961,40.816501],[-73.949869,40.81641],[-73.949796,40.816321],[-73.949747,40.816238],[-73.949706,40.816135],[-73.949687,40.816027],[-73.949688,40.81592],[-73.949715,40.815799],[-73.949766,40.815689],[-73.951322,40.813567],[-73.95177,40.81294]]},"properties":{"kind":"minor","name":"Saint Nicholas Terrace","bridge":false}},{"type":"Feature","geometry":{"type":"LineString","coordinates":[[-73.974107,40.763914],[-73.973483,40.763654]]},"properties":{"kind":"minor","name":"West 58th Street","bridge":false}},{"type":"Feature","geometry":{"type":"LineString","coordinates":[[-73.943357,40.825956],[-73.943305,40.826011],[-73.942872,40.826578],[-73.942432,40.827198]]},"properties":{"kind":"major","name":"Saint Nicholas Place","bridge":false}},{"type":"Feature","geometry":{"type":"LineString","coordinates":[[-73.971412,40.781735],[-73.971463,40.78184],[-73.971529,40.781917],[-73.97164,40.781998],[-73.971722,40.782039]]},"properties":{"kind":"major","name":"79th Street Transverse","bridge":false}},{"type":"Feature","geometry":{"type":"LineString","coordinates":[[-73.9833,40.784355],[-73.980392,40.783128]]},"properties":{"kind":"minor","name":"West 78th Street","bridge":false}},{"type":"Feature","geometry":{"type":"LineString","coordinates":[[-73.939417,40.84173],[-73.93959,40.841494]]},"properties":{"kind":"major","name":"Broadway","bridge":false}},{"type":"Feature","geometry":{"type":"LineString","coordinates":[[-73.959472,40.781141],[-73.959607,40.781198]]},"properties":{"kind":"major","name":"East 86th Street","bridge":false}},{"type":"Feature","geometry":{"type":"LineString","coordinates":[[-73.959365,40.819393],[-73.956582,40.818229]]},"properties":{"kind":"minor","name":"West 132nd Street","bridge":false}},{"type":"Feature","geometry":{"type":"LineString","coordinates":[[-73.946182,40.80389],[-73.945629,40.803648],[-73.944622,40.80323]]},"properties":{"kind":"minor","name":"West 120th Street","bridge":false}},{"type":"Feature","geometry":{"type":"LineString","coordinates":[[-73.956342,40.808178],[-73.955597,40.80786],[-73.954948,40.807599],[-73.952857,40.806709]]},"properties":{"kind":"minor","name":"West 120th Street","bridge":false}},{"type":"Feature","geometry":{"type":"LineString","coordinates":[[-73.955085,40.812008],[-73.955022,40.811852],[-73.954909,40.811711],[-73.954707,40.811498]]},"properties":{"kind":"minor","name":"West 125th Street","bridge":false}},{"type":"Feature","geometry":{"type":"LineString","coordinates":[[-73.978289,40.773039],[-73.983942,40.775412]]},"properties":{"kind":"minor","name":"West 67th Street","bridge":false}},{"type":"Feature","geometry":{"type":"LineString","coordinates":[[-73.990451,40.771613],[-73.990185,40.771975]]},"properties":{"kind":"major","name":"West End Avenue","bridge":false}},{"type":"Feature","geometry":{"type":"LineString","coordinates":[[-73.951037,40.800073],[-73.952511,40.800686],[-73.958234,40.803103]]},"properties":{"kind":"minor","name":"West 113th Street","bridge":false}},{"type":"Feature","geometry":{"type":"LineString","coordinates":[[-73.970728,40.767394],[-73.969799,40.767002]]},"properties":{"kind":"minor","name":"East 64th Street","bridge":false}},{"type":"Feature","geometry":{"type":"LineString","coordinates":[[-73.968904,40.769901],[-73.967969,40.769507]]},"properties":{"kind":"minor","name":"East 68th Street","bridge":false}},{"type":"Feature","geometry":{"type":"LineString","coordinates":[[-73.936246,40.838101],[-73.936312,40.838183],[-73.937206,40.839463]]},"properties":{"kind":"minor","name":"West 167th Street","bridge":false}},{"type":"Feature","geometry":{"type":"LineString","coordinates":[[-73.949736,40.797099],[-73.9497,40.797068],[-73.949656,40.796982],[-73.949649,40.796831],[-73.949617,40.796754],[-73.949586,40.79672],[-73.949508,40.796664],[-73.949408,40.796636]]},"properties":{"kind":"major","name":"Duke Ellington Circle","bridge":false}},{"type":"Feature","geometry":{"type":"LineString","coordinates":[[-73.975471,40.776903],[-73.978309,40.778104]]},"properties":{"kind":"minor","name":"West 73rd Street","bridge":false}},{"type":"Feature","geometry":{"type":"LineString","coordinates":[[-73.977662,40.75791],[-73.980883,40.759274]]},"properties":{"kind":"major","name":"West 49th Street","bridge":false}},{"type":"Feature","geometry":{"type":"LineString","coordinates":[[-73.93625,40.820448],[-73.935751,40.82112]]},"properties":{"kind":"minor","name":"Malcolm X Boulevard","bridge":false}},{"type":"Feature","geometry":{"type":"LineString","coordinates":[[-73.980019,40.755639],[-73.982313,40.756605]]},"properties":{"kind":"major","name":"West 45th Street","bridge":false}},{"type":"Feature","geometry":{"type":"LineString","coordinates":[[-73.959547,40.798726],[-73.967906,40.802251]]},"properties":{"kind":"minor","name":"West 107th Street","bridge":false}},{"type":"Feature","geometry":{"type":"LineString","coordinates":[[-73.973974,40.762972],[-73.973139,40.762621]]},"properties":{"kind":"major","name":"East 57th Street","bridge":false}},{"type":"Feature","geometry":{"type":"LineString","coordinates":[[-73.952734,40.804199],[-73.952738,40.804059],[-73.952715,40.803496]]},"properties":{"kind":"major","name":"Saint Nicholas Avenue","bridge":false}},{"type":"Feature","geometry":{"type":"LineString","coordinates":[[-73.973641,40.797148],[-73.972267,40.796561],[-73.969416,40.795367]]},"properties":{"kind":"minor","name":"West 98th Street","bridge":false}},{"type":"Feature","geometry":{"type":"LineString","coordinates":[[-73.945249,40.833403],[-73.94248,40.832233]]},"properties":{"kind":"minor","name":"West 156th Street","bridge":false}},{"type":"Feature","geometry":{"type":"LineString","coordinates":[[-73.978634,40.785838],[-73.976894,40.785103]]},"properties":{"kind":"minor","name":"West 82nd Street","bridge":false}},{"type":"Feature","geometry":{"type":"LineString","coordinates":[[-73.94131,40.818438],[-73.938619,40.817316]]},"properties":{"kind":"minor","name":"West 140th Street","bridge":false}},{"type":"Feature","geometry":{"type":"LineString","coordinates":[[-73.952869,40.823312],[-73.951387,40.822695],[-73.94991,40.822061]]},"properties":{"kind":"minor","name":"West 140th Street","bridge":false}},{"type":"Feature","geometry":{"type":"LineString","coordinates":[[-73.973026,40.765108],[-73.973078,40.765178],[-73.973077,40.765243],[-73.972885,40.765533],[-73.97266,40.765837],[-73.97261,40.765922],[-73.972563,40.766035],[-73.97254,40.766137],[-73.972539,40.76624],[-73.972554,40.766346],[-73.972591,40.766434],[-73.972816,40.766765],[-73.972948,40.766993],[-73.973044,40.76728],[-73.973113,40.767594],[-73.973126,40.767811]]},"properties":{"kind":"minor","name":"East Drive","bridge":false}},{"type":"Feature","geometry":{"type":"LineString","coordinates":[[-73.979023,40.756037],[-73.978091,40.755647]]},"properties":{"kind":"major","name":"East 46th Street","bridge":false}},{"type":"Feature","geometry":{"type":"LineString","coordinates":[[-73.955292,40.818484],[-73.955385,40.818536],[-73.955906,40.81876]]},"properties":{"kind":"minor","name":"West 133rd Street","bridge":false}},{"type":"Feature","geometry":{"type":"LineString","coordinates":[[-73.941735,40.812787],[-73.944569,40.813977]]},"properties":{"kind":"minor","name":"West 133rd Street","bridge":false}},{"type":"Feature","geometry":{"type":"LineString","coordinates":[[-73.971699,40.787174],[-73.97588,40.788935]]},"properties":{"kind":"minor","name":"West 87th Street","bridge":false}},{"type":"Feature","geometry":{"type":"LineString","coordinates":[[-73.937135,40.824153],[-73.941046,40.825797]]},"properties":{"kind":"minor","name":"West 149th Street","bridge":false}},{"type":"Feature","geometry":{"type":"LineString","coordinates":[[-73.943056,40.826654],[-73.950024,40.82958]]},"properties":{"kind":"minor","name":"West 149th Street","bridge":false}},{"type":"Feature","geometry":{"type":"LineString","coordinates":[[-73.976244,40.76568],[-73.973825,40.764665],[-73.973659,40.764569]]},"properties":{"kind":"major","name":"Central Park South","bridge":false}},{"type":"Feature","geometry":{"type":"LineString","coordinates":[[-73.951577,40.791952],[-73.952522,40.792347]]},"properties":{"kind":"minor","name":"East 103rd Street","bridge":false}},{"type":"Feature","geometry":{"type":"LineString","coordinates":[[-73.937035,40.842323],[-73.941146,40.844051]]},"properties":{"kind":"minor","name":"West 171st Street","bridge":false}},{"type":"Feature","geometry":{"type":"LineString","coordinates":[[-73.935315,40.840476],[-73.93547,40.840805]]},"properties":{"kind":"minor","name":"Edgecombe Avenue","bridge":false}},{"type":"Feature","geometry":{"type":"LineString","coordinates":[[-73.981474,40.768263],[-73.981525,40.768454]]},"properties":{"kind":"major","name":"Central Park West","bridge":false}},{"type":"Feature","geometry":{"type":"LineString","coordinates":[[-73.961363,40.780232],[-73.96116,40.780121],[-73.960439,40.779817]]},"properties":{"kind":"major","name":"East 84th Street","bridge":false}},{"type":"Feature","geometry":{"type":"LineString","coordinates":[[-73.952908,40.821701],[-73.950814,40.820823]]},"properties":{"kind":"minor","name":"West 138th Street","bridge":false}},{"type":"Feature","geometry":{"type":"LineString","coordinates":[[-73.939472,40.812646],[-73.940077,40.812898]]},"properties":{"kind":"minor","name":"West 134th Street","bridge":false}},{"type":"Feature","geometry":{"type":"LineString","coordinates":[[-73.948356,40.816374],[-73.947034,40.81583],[-73.944267,40.814669]]},"properties":{"kind":"minor","name":"West 134th Street","bridge":false}},{"type":"Feature","geometry":{"type":"LineString","coordinates":[[-73.964218,40.77631],[-73.963288,40.775917]]},"properties":{"kind":"minor","name":"East 78th Street","bridge":false}},{"type":"Feature","geometry":{"type":"LineString","coordinates":[[-73.97624,40.794825],[-73.972639,40.793316]]},"properties":{"kind":"minor","name":"West 94th Street","bridge":false}},{"type":"Feature","geometry":{"type":"LineString","coordinates":[[-73.977675,40.792175],[-73.977606,40.792125],[-73.97478,40.790929]]},"properties":{"kind":"minor","name":"West 90th Street","bridge":false}},{"type":"Feature","geometry":{"type":"LineString","coordinates":[[-73.95936,40.806112],[-73.961056,40.806832]]},"properties":{"kind":"minor","name":"West 116th Street","bridge":false}},{"type":"Feature","geometry":{"type":"LineString","coordinates":[[-73.946462,40.800665],[-73.949607,40.802011]]},"properties":{"kind":"major","name":"West 116th Street","bridge":false}},{"type":"Feature","geometry":{"type":"LineString","coordinates":[[-73.967373,40.806127],[-73.96586,40.80549]]},"properties":{"kind":"minor","name":"West 112th Street","bridge":false}},{"type":"Feature","geometry":{"type":"LineString","coordinates":[[-73.973613,40.784545],[-73.976435,40.785732]]},"properties":{"kind":"minor","name":"West 83rd Street","bridge":false}},{"type":"Feature","geometry":{"type":"LineString","coordinates":[[-73.93669,40.837193],[-73.938241,40.837846],[-73.938354,40.837883]]},"properties":{"kind":"minor","name":"West 165th Street","bridge":false}},{"type":"Feature","geometry":{"type":"LineString","coordinates":[[-73.976463,40.775543],[-73.979302,40.776731]]},"properties":{"kind":"minor","name":"West 71st Street","bridge":false}},{"type":"Feature","geometry":{"type":"LineString","coordinates":[[-73.93981,40.812787],[-73.939319,40.813465]]},"properties":{"kind":"minor","name":"Lenox Terrace Place","bridge":false}},{"type":"Feature","geometry":{"type":"LineString","coordinates":[[-73.98858,40.778196],[-73.987756,40.777845]]},"properties":{"kind":"minor","name":"West 68th Street","bridge":false}},{"type":"Feature","geometry":{"type":"LineString","coordinates":[[-73.960535,40.797376],[-73.969053,40.800967]]},"properties":{"kind":"minor","name":"West 105th Street","bridge":false}},{"type":"Feature","geometry":{"type":"LineString","coordinates":[[-73.935777,40.827588],[-73.93586,40.827666],[-73.935922,40.827703],[-73.937782,40.8285],[-73.938836,40.828945],[-73.938959,40.828984]]},"properties":{"kind":"minor","name":"West 154th Street","bridge":false}},{"type":"Feature","geometry":{"type":"LineString","coordinates":[[-73.943463,40.830888],[-73.941667,40.83016]]},"properties":{"kind":"minor","name":"West 154th Street","bridge":false}},{"type":"Feature","geometry":{"type":"LineString","coordinates":[[-73.979401,40.791244],[-73.971236,40.787799]]},"properties":{"kind":"minor","name":"West 88th Street","bridge":false}},{"type":"Feature","geometry":{"type":"LineString","coordinates":[[-73.957044,40.817602],[-73.959812,40.818784]]},"properties":{"kind":"minor","name":"West 131st Street","bridge":false}},{"type":"Feature","geometry":{"type":"LineString","coordinates":[[-73.952866,40.81586],[-73.952983,40.815896],[-73.954077,40.816356]]},"properties":{"kind":"minor","name":"West 131st Street","bridge":false}},{"type":"Feature","geometry":{"type":"LineString","coordinates":[[-73.93595,40.817796],[-73.935809,40.817757],[-73.934547,40.817221],[-73.934466,40.817178]]},"properties":{"kind":"minor","name":"West 142nd Street","bridge":false}},{"type":"Feature","geometry":{"type":"LineString","coordinates":[[-73.953679,40.825333],[-73.953615,40.825272],[-73.951957,40.824568]]},"properties":{"kind":"minor","name":"West 142nd Street","bridge":false}},{"type":"Feature","geometry":{"type":"LineString","coordinates":[[-73.990144,40.775575],[-73.989877,40.775854],[-73.989612,40.77617],[-73.989457,40.77638],[-73.989156,40.776835]]},"properties":{"kind":"minor","name":"Riverside Boulevard","bridge":false}},{"type":"Feature","geometry":{"type":"LineString","coordinates":[[-73.963223,40.777674],[-73.962292,40.777281]]},"properties":{"kind":"minor","name":"East 80th Street","bridge":false}},{"type":"Feature","geometry":{"type":"LineString","coordinates":[[-73.988394,40.776511],[-73.988098,40.777112],[-73.987432,40.778525],[-73.987107,40.779187]]},"properties":{"kind":"minor","name":"Freedom Place","bridge":false}},{"type":"Feature","geometry":{"type":"LineString","coordinates":[[-73.952212,40.818932],[-73.9521,40.818904],[-73.950866,40.81839]]},"properties":{"kind":"major","name":"West 135th Street","bridge":false}},{"type":"Feature","geometry":{"type":"LineString","coordinates":[[-73.973593,40.779486],[-73.973707,40.779544],[-73.976256,40.780616],[-73.976444,40.780672]]},"properties":{"kind":"minor","name":"West 77th Street","bridge":false}},{"type":"Feature","geometry":{"type":"LineString","coordinates":[[-73.944805,40.805787],[-73.949354,40.807701]]},"properties":{"kind":"minor","name":"West 123rd Street","bridge":false}},{"type":"Feature","geometry":{"type":"LineString","coordinates":[[-73.952496,40.790693],[-73.953441,40.791086]]},"properties":{"kind":"minor","name":"East 101st Street","bridge":false}},{"type":"Feature","geometry":{"type":"LineString","coordinates":[[-73.95631,40.823128],[-73.957013,40.822375],[-73.957472,40.82171],[-73.957783,40.821304],[-73.957921,40.821333]]},"properties":{"kind":"minor","name":"12th Avenue","bridge":false}},{"type":"Feature","geometry":{"type":"LineString","coordinates":[[-73.933674,40.819494],[-73.93384,40.819501],[-73.93403,40.819534],[-73.934204,40.81959],[-73.934552,40.819737]]},"properties":{"kind":"major","name":"145th Street Bridge","bridge":true}},{"type":"Feature","geometry":{"type":"LineString","coordinates":[[-73.950448,40.828947],[-73.943357,40.825956]]},"properties":{"kind":"minor","name":"West 148th Street","bridge":false}},{"type":"Feature","geometry":{"type":"LineString","coordinates":[[-73.941501,40.825172],[-73.937756,40.823599]]},"properties":{"kind":"minor","name":"West 148th Street","bridge":false}},{"type":"Feature","geometry":{"type":"LineString","coordinates":[[-73.93665,40.838668],[-73.93604,40.839484],[-73.935435,40.840325],[-73.935315,40.840476]]},"properties":{"kind":"minor","name":"Jumel Place","bridge":false}},{"type":"Feature","geometry":{"type":"LineString","coordinates":[[-73.962298,40.778947],[-73.961364,40.778551]]},"properties":{"kind":"minor","name":"East 82nd Street","bridge":false}},{"type":"Feature","geometry":{"type":"LineString","coordinates":[[-73.945508,40.801971],[-73.944554,40.801567]]},"properties":{"kind":"minor","name":"East 118th Street","bridge":false}},{"type":"Feature","geometry":{"type":"LineString","coordinates":[[-73.966069,40.773775],[-73.965139,40.773382]]},"properties":{"kind":"minor","name":"East 74th Street","bridge":false}},{"type":"Feature","geometry":{"type":"LineString","coordinates":[[-73.948009,40.817116],[-73.94796,40.817153],[-73.947879,40.817184],[-73.947825,40.81722],[-73.947441,40.81776],[-73.94698,40.81838]]},"properties":{"kind":"major","name":"Edgecombe Avenue","bridge":false}},{"type":"Feature","geometry":{"type":"LineString","coordinates":[[-73.940347,40.830457],[-73.940206,40.830277]]},"properties":{"kind":"major","name":"Edgecombe Avenue","bridge":false}},{"type":"Feature","geometry":{"type":"LineString","coordinates":[[-73.939609,40.830156],[-73.939762,40.830075],[-73.939797,40.830027],[-73.939807,40.829983],[-73.939795,40.829911]]},"properties":{"kind":"major","name":"","bridge":false}},{"type":"Feature","geometry":{"type":"LineString","coordinates":[[-73.95165,40.804564],[-73.952204,40.803807]]},"properties":{"kind":"major","name":"Adam Clayton Powell Jr. Boulevard","bridge":false}},{"type":"Feature","geometry":{"type":"LineString","coordinates":[[-73.935018,40.827983],[-73.935079,40.827928]]},"properties":{"kind":"major","name":"Adam Clayton Powell Jr. Boulevard","bridge":true}},{"type":"Feature","geometry":{"type":"LineString","coordinates":[[-73.944604,40.82146],[-73.94292,40.823263]]},"properties":{"kind":"major","name":"Bradhurst Avenue","bridge":false}},{"type":"Feature","geometry":{"type":"LineString","coordinates":[[-73.956118,40.808485],[-73.955422,40.809438]]},"properties":{"kind":"minor","name":"Morningside Avenue","bridge":false}},{"type":"Feature","geometry":{"type":"LineString","coordinates":[[-73.980418,40.759911],[-73.980061,40.759747],[-73.977206,40.758544]]},"properties":{"kind":"major","name":"West 50th Street","bridge":false}},{"type":"Feature","geometry":{"type":"LineString","coordinates":[[-73.973339,40.764969],[-73.973659,40.764569]]},"properties":{"kind":"major","name":"Grand Army Plaza","bridge":false}},{"type":"Feature","geometry":{"type":"LineString","coordinates":[[-73.973659,40.764569],[-73.973499,40.764475],[-73.973029,40.764275]]},"properties":{"kind":"major","name":"Central Park South","bridge":false}},{"type":"Feature","geometry":{"type":"LineString","coordinates":[[-73.939603,40.815698],[-73.93939,40.815997]]},"properties":{"kind":"major","name":"Malcolm X Boulevard","bridge":false}},{"type":"Feature","geometry":{"type":"LineString","coordinates":[[-73.984769,40.769231],[-73.987595,40.770404]]},"properties":{"kind":"major","name":"West 59th Street","bridge":false}},{"type":"Feature","geometry":{"type":"LineString","coordinates":[[-73.961169,40.816889],[-73.961251,40.816833],[-73.961378,40.816694],[-73.961562,40.816532],[-73.961886,40.816336]]},"properties":{"kind":"major","name":"Riverside Drive","bridge":false}},{"type":"Feature","geometry":{"type":"LineString","coordinates":[[-73.961228,40.815827],[-73.961229,40.815897],[-73.96125,40.816021],[-73.961271,40.816085],[-73.961296,40.81613],[-73.961349,40.816194],[-73.961401,40.816235],[-73.961549,40.816293],[-73.961599,40.8163],[-73.96171,40.816296],[-73.96183,40.816269],[-73.961951,40.816212],[-73.962167,40.816087]]},"properties":{"kind":"major","name":"","bridge":false}},{"type":"Feature","geometry":{"type":"LineString","coordinates":[[-73.963902,40.812402],[-73.96388,40.812338],[-73.963837,40.812292],[-73.963751,40.812255],[-73.963593,40.812224],[-73.963522,40.812232],[-73.963465,40.81225],[-73.963171,40.812417]]},"properties":{"kind":"major","name":"","bridge":false}},{"type":"Feature","geometry":{"type":"LineString","coordinates":[[-73.977046,40.792787],[-73.976874,40.792915],[-73.976574,40.793324],[-73.976451,40.793506],[-73.976386,40.793638],[-73.976321,40.793851],[-73.976303,40.794005],[-73.976295,40.794521],[-73.976279,40.794669],[-73.97624,40.794825],[-73.976145,40.795031],[-73.976019,40.795221],[-73.975961,40.795292],[-73.975846,40.795405],[-73.975717,40.795523],[-73.975299,40.795793],[-73.97518,40.795947]]},"properties":{"kind":"minor","name":"Riverside Drive","bridge":false}},{"type":"Feature","geometry":{"type":"LineString","coordinates":[[-73.946648,40.838072],[-73.946524,40.838174],[-73.946054,40.83843],[-73.945856,40.838559],[-73.945619,40.838909],[-73.945543,40.839232],[-73.94562,40.839542],[-73.945628,40.839663],[-73.945609,40.839794],[-73.945539,40.839906],[-73.945346,40.840158],[-73.944755,40.840686]]},"properties":{"kind":"minor","name":"Riverside Drive","bridge":false}},{"type":"Feature","geometry":{"type":"LineString","coordinates":[[-73.944712,40.841039],[-73.945717,40.840109],[-73.946129,40.839642],[-73.946299,40.839106],[-73.946434,40.838876],[-73.946595,40.838621],[-73.94681,40.838373],[-73.946976,40.838211]]},"properties":{"kind":"major","name":"Riverside Drive","bridge":false}},{"type":"Feature","geometry":{"type":"LineString","coordinates":[[-73.950108,40.829612],[-73.950011,40.829644]]},"properties":{"kind":"minor","name":"Riverside Drive","bridge":false}},{"type":"Feature","geometry":{"type":"LineString","coordinates":[[-73.977046,40.792787],[-73.97697,40.792983],[-73.976949,40.793106],[-73.976906,40.793861],[-73.976871,40.79407],[-73.976815,40.794286],[-73.97675,40.794475],[-73.976662,40.794681],[-73.976563,40.794869]]},"properties":{"kind":"major","name":"Riverside Drive","bridge":false}},{"type":"Feature","geometry":{"type":"LineString","coordinates":[[-73.944341,40.806404],[-73.944805,40.805787],[-73.946182,40.80389]]},"properties":{"kind":"minor","name":"Mount Morris Park West","bridge":false}},{"type":"Feature","geometry":{"type":"LineString","coordinates":[[-73.986416,40.772017],[-73.986317,40.772153]]},"properties":{"kind":"major","name":"Amsterdam Avenue","bridge":false}},{"type":"Feature","geometry":{"type":"LineString","coordinates":[[-73.964862,40.808466],[-73.964536,40.808915]]},"properties":{"kind":"minor","name":"Claremont Avenue","bridge":false}},{"type":"Feature","geometry":{"type":"LineString","coordinates":[[-73.955265,40.788585],[-73.95614,40.788962]]},"properties":{"kind":"major","name":"97th Street Transverse","bridge":false}},{"type":"Feature","geometry":{"type":"LineString","coordinates":[[-73.957089,40.789353],[-73.956844,40.789225],[-73.956687,40.789122],[-73.956551,40.789012],[-73.956409,40.788841]]},"properties":{"kind":"major","name":"97th Street Transverse","bridge":false}},{"type":"Feature","geometry":{"type":"LineString","coordinates":[[-73.962752,40.791709],[-73.962918,40.791774],[-73.963041,40.791807]]},"properties":{"kind":"major","name":"97th Street Transverse","bridge":false}},{"type":"Feature","geometry":{"type":"LineString","coordinates":[[-73.97455,40.783259],[-73.974425,40.78318],[-73.973975,40.782989]]},"properties":{"kind":"major","name":"West 81st Street","bridge":false}},{"type":"Feature","geometry":{"type":"LineString","coordinates":[[-73.961067,40.801789],[-73.961102,40.801677],[-73.961156,40.801601]]},"properties":{"kind":"major","name":"Columbus Avenue","bridge":false}},{"type":"Feature","geometry":{"type":"LineString","coordinates":[[-73.973564,40.792065],[-73.966563,40.789122]]},"properties":{"kind":"minor","name":"West 92nd Street","bridge":false}},{"type":"Feature","geometry":{"type":"LineString","coordinates":[[-73.995522,40.764618],[-73.987018,40.761037]]},"properties":{"kind":"minor","name":"West 48th Street","bridge":false}},{"type":"Feature","geometry":{"type":"LineString","coordinates":[[-73.999599,40.763072],[-73.997344,40.762115]]},"properties":{"kind":"minor","name":"West 44th Street","bridge":false}},{"type":"Feature","geometry":{"type":"LineString","coordinates":[[-73.940588,40.826417],[-73.936687,40.824773]]},"properties":{"kind":"minor","name":"West 150th Street","bridge":false}},{"type":"Feature","geometry":{"type":"LineString","coordinates":[[-73.949688,40.830244],[-73.948241,40.829645],[-73.942432,40.827198]]},"properties":{"kind":"minor","name":"West 150th Street","bridge":false}},{"type":"Feature","geometry":{"type":"LineString","coordinates":[[-73.974472,40.76229],[-73.973528,40.761896]]},"properties":{"kind":"minor","name":"East 56th Street","bridge":false}},{"type":"Feature","geometry":{"type":"LineString","coordinates":[[-73.964177,40.792377],[-73.964285,40.792448],[-73.966287,40.793288]]},"properties":{"kind":"minor","name":"West 97th Street","bridge":false}},{"type":"Feature","geometry":{"type":"LineString","coordinates":[[-73.937113,40.819114],[-73.93425,40.817905]]},"properties":{"kind":"minor","name":"West 143rd Street","bridge":false}},{"type":"Feature","geometry":{"type":"LineString","coordinates":[[-73.947169,40.823364],[-73.953066,40.825846]]},"properties":{"kind":"minor","name":"West 143rd Street","bridge":false}},{"type":"Feature","geometry":{"type":"LineString","coordinates":[[-73.944622,40.80323],[-73.94364,40.802818]]},"properties":{"kind":"minor","name":"East 120th Street","bridge":false}},{"type":"Feature","geometry":{"type":"LineString","coordinates":[[-73.939688,40.82766],[-73.937767,40.826864],[-73.937667,40.826813],[-73.937555,40.826734]]},"properties":{"kind":"minor","name":"West 152nd Street","bridge":false}},{"type":"Feature","geometry":{"type":"LineString","coordinates":[[-73.947338,40.830895],[-73.947131,40.830803]]},"properties":{"kind":"minor","name":"West 152nd Street","bridge":false}},{"type":"Feature","geometry":{"type":"LineString","coordinates":[[-73.971415,40.786173],[-73.972181,40.786497]]},"properties":{"kind":"major","name":"West 86th Street","bridge":false}},{"type":"Feature","geometry":{"type":"LineString","coordinates":[[-73.956717,40.786601],[-73.955775,40.786203]]},"properties":{"kind":"minor","name":"East 94th Street","bridge":false}},{"type":"Feature","geometry":{"type":"LineString","coordinates":[[-73.934836,40.836588],[-73.935402,40.835786],[-73.935524,40.835629],[-73.9358,40.835313],[-73.936082,40.835032],[-73.936262,40.834871],[-73.936448,40.834709],[-73.93712,40.834169],[-73.937361,40.833923]]},"properties":{"kind":"highway","name":"","tunnel":"no","bridge":false}},{"type":"Feature","geometry":{"type":"LineString","coordinates":[[-73.958557,40.784087],[-73.957609,40.783692]]},"properties":{"kind":"minor","name":"East 90th Street","bridge":false}},{"type":"Feature","geometry":{"type":"LineString","coordinates":[[-73.942411,40.822164],[-73.939647,40.821]]},"properties":{"kind":"minor","name":"West 144th Street","bridge":false}},{"type":"Feature","geometry":{"type":"LineString","coordinates":[[-73.950862,40.82572],[-73.948092,40.82455]]},"properties":{"kind":"minor","name":"West 144th Street","bridge":false}},{"type":"Feature","geometry":{"type":"LineString","coordinates":[[-73.988023,40.764753],[-73.98849,40.764112]]},"properties":{"kind":"major","name":"9th Avenue","bridge":false}},{"type":"Feature","geometry":{"type":"LineString","coordinates":[[-73.953558,40.801954],[-73.954218,40.801055]]},"properties":{"kind":"major","name":"Adam Clayton Powell Jr. Boulevard","bridge":false}},{"type":"Feature","geometry":{"type":"LineString","coordinates":[[-73.959365,40.819393],[-73.960131,40.819727]]},"properties":{"kind":"minor","name":"West 132nd Street","bridge":false}},{"type":"Feature","geometry":{"type":"LineString","coordinates":[[-73.957247,40.809398],[-73.958727,40.810002]]},"properties":{"kind":"minor","name":"West 121st Street","bridge":false}},{"type":"Feature","geometry":{"type":"LineString","coordinates":[[-73.945721,40.804524],[-73.950272,40.806448]]},"properties":{"kind":"minor","name":"West 121st Street","bridge":false}},{"type":"Feature","geometry":{"type":"LineString","coordinates":[[-73.974542,40.778174],[-73.977385,40.779372]]},"properties":{"kind":"minor","name":"West 75th Street","bridge":false}},{"type":"Feature","geometry":{"type":"LineString","coordinates":[[-73.954249,40.821436],[-73.956111,40.822235]]},"properties":{"kind":"minor","name":"West 137th Street","bridge":false}},{"type":"Feature","geometry":{"type":"LineString","coordinates":[[-73.939838,40.815375],[-73.936692,40.814042]]},"properties":{"kind":"minor","name":"West 137th Street","bridge":false}},{"type":"Feature","geometry":{"type":"LineString","coordinates":[[-73.966747,40.778258],[-73.96704,40.778325],[-73.967292,40.778408],[-73.968895,40.779079]]},"properties":{"kind":"major","name":"79th Street Transverse","bridge":false}},{"type":"Feature","geometry":{"type":"LineString","coordinates":[[-73.95946,40.782832],[-73.958522,40.782442]]},"properties":{"kind":"minor","name":"East 88th Street","bridge":false}},{"type":"Feature","geometry":{"type":"LineString","coordinates":[[-73.94967,40.794563],[-73.950608,40.794963]]},"properties":{"kind":"minor","name":"East 107th Street","bridge":false}},{"type":"Feature","geometry":{"type":"LineString","coordinates":[[-73.966104,40.789745],[-73.9731,40.792689]]},"properties":{"kind":"minor","name":"West 93rd Street","bridge":false}},{"type":"Feature","geometry":{"type":"LineString","coordinates":[[-73.977374,40.774293],[-73.980212,40.77548]]},"properties":{"kind":"minor","name":"West 69th Street","bridge":false}},{"type":"Feature","geometry":{"type":"LineString","coordinates":[[-73.999183,40.759516],[-73.99859,40.759275]]},"properties":{"kind":"major","name":"West 40th Street","bridge":false}},{"type":"Feature","geometry":{"type":"LineString","coordinates":[[-73.948803,40.797484],[-73.95184,40.798777],[-73.954768,40.800005]]},"properties":{"kind":"minor","name":"West 111th Street","bridge":false}},{"type":"Feature","geometry":{"type":"LineString","coordinates":[[-73.96339,40.803632],[-73.966314,40.804863]]},"properties":{"kind":"minor","name":"West 111th Street","bridge":false}},{"type":"Feature","geometry":{"type":"LineString","coordinates":[[-73.964489,40.807386],[-73.966476,40.808222]]},"properties":{"kind":"minor","name":"West 115th Street","bridge":false}},{"type":"Feature","geometry":{"type":"LineString","coordinates":[[-73.947108,40.800019],[-73.949176,40.800907],[-73.950018,40.801285],[-73.952937,40.802513]]},"properties":{"kind":"minor","name":"West 115th Street","bridge":false}},{"type":"Feature","geometry":{"type":"LineString","coordinates":[[-73.961551,40.806153],[-73.959825,40.805433]]},"properties":{"kind":"minor","name":"West 115th Street","bridge":false}},{"type":"Feature","geometry":{"type":"LineString","coordinates":[[-73.941826,40.838488],[-73.939994,40.837714]]},"properties":{"kind":"minor","name":"West 164th Street","bridge":false}},{"type":"Feature","geometry":{"type":"LineString","coordinates":[[-73.94682,40.837318],[-73.943626,40.835986]]},"properties":{"kind":"minor","name":"West 160th Street","bridge":false}},{"type":"Feature","geometry":{"type":"LineString","coordinates":[[-73.964291,40.794789],[-73.963807,40.795464],[-73.961474,40.798654]]},"properties":{"kind":"minor","name":"Manhattan Avenue","bridge":false}},{"type":"Feature","geometry":{"type":"LineString","coordinates":[[-73.934906,40.816537],[-73.936336,40.817129],[-73.936355,40.817145],[-73.936373,40.817196]]},"properties":{"kind":"minor","name":"West 141st Street","bridge":false}},{"type":"Feature","geometry":{"type":"LineString","coordinates":[[-73.938026,40.817875],[-73.945157,40.820874]]},"properties":{"kind":"minor","name":"West 141st Street","bridge":false}},{"type":"Feature","geometry":{"type":"LineString","coordinates":[[-73.936457,40.840479],[-73.937929,40.841087],[-73.939177,40.841619],[-73.9393,40.841679]]},"properties":{"kind":"minor","name":"West 169th Street","bridge":false}},{"type":"Feature","geometry":{"type":"LineString","coordinates":[[-73.958903,40.820023],[-73.95949,40.820262]]},"properties":{"kind":"major","name":"West 133rd Street","bridge":false}},{"type":"Feature","geometry":{"type":"LineString","coordinates":[[-73.971178,40.801034],[-73.966655,40.799135],[-73.965888,40.798807],[-73.965831,40.798762],[-73.962611,40.797395],[-73.962437,40.797336],[-73.962342,40.797316],[-73.960991,40.796749]]},"properties":{"kind":"minor","name":"West 104th Street","bridge":false}},{"type":"Feature","geometry":{"type":"LineString","coordinates":[[-73.958628,40.799984],[-73.961463,40.80118]]},"properties":{"kind":"minor","name":"West 109th Street","bridge":false}},{"type":"Feature","geometry":{"type":"LineString","coordinates":[[-73.973029,40.764275],[-73.972083,40.763874]]},"properties":{"kind":"major","name":"East 59th Street","bridge":false}},{"type":"Feature","geometry":{"type":"LineString","coordinates":[[-73.944329,40.834645],[-73.939777,40.832728],[-73.939673,40.832696]]},"properties":{"kind":"minor","name":"West 158th Street","bridge":false}},{"type":"Feature","geometry":{"type":"LineString","coordinates":[[-73.953109,40.8135],[-73.95314,40.812697]]},"properties":{"kind":"major","name":"Convent Avenue","bridge":false}},{"type":"Feature","geometry":{"type":"LineString","coordinates":[[-73.936373,40.817196],[-73.93595,40.817796]]},"properties":{"kind":"minor","name":"Chisum Place","bridge":false}},{"type":"Feature","geometry":{"type":"LineString","coordinates":[[-73.957635,40.785345],[-73.956692,40.784948]]},"properties":{"kind":"minor","name":"East 92nd Street","bridge":false}},{"type":"Feature","geometry":{"type":"LineString","coordinates":[[-73.957866,40.820388],[-73.958421,40.820626]]},"properties":{"kind":"minor","name":"West 134th Street (upper)","bridge":true}},{"type":"Feature","geometry":{"type":"LineString","coordinates":[[-73.984464,40.783187],[-73.98127,40.781843],[-73.979755,40.781185],[-73.976911,40.779995]]},"properties":{"kind":"minor","name":"West 76th Street","bridge":false}},{"type":"Feature","geometry":{"type":"LineString","coordinates":[[-73.978111,40.757283],[-73.977184,40.75689]]},"properties":{"kind":"minor","name":"East 48th Street","bridge":false}},{"type":"Feature","geometry":{"type":"LineString","coordinates":[[-74.002067,40.760747],[-73.999574,40.759702]]},"properties":{"kind":"major","name":"West 40th Street","bridge":false}},{"type":"Feature","geometry":{"type":"LineString","coordinates":[[-73.954328,40.788185],[-73.955265,40.788585]]},"properties":{"kind":"major","name":"East 97th Street","bridge":false}},{"type":"Feature","geometry":{"type":"LineString","coordinates":[[-73.939886,40.825613],[-73.939386,40.825844],[-73.939249,40.825929],[-73.938577,40.826259],[-73.938416,40.82632]]},"properties":{"kind":"major","name":"Macombs Place","bridge":false}},{"type":"Feature","geometry":{"type":"LineString","coordinates":[[-73.938307,40.826361],[-73.93633,40.82733],[-73.935777,40.827588]]},"properties":{"kind":"major","name":"Macombs Place","bridge":false}},{"type":"Feature","geometry":{"type":"LineString","coordinates":[[-73.939232,40.834169],[-73.938489,40.835196]]},"properties":{"kind":"minor","name":"Jumel Terrace","bridge":false}},{"type":"Feature","geometry":{"type":"LineString","coordinates":[[-73.935298,40.821749],[-73.936271,40.822154]]},"properties":{"kind":"minor","name":"West 147th Street","bridge":false}},{"type":"Feature","geometry":{"type":"LineString","coordinates":[[-73.943813,40.825332],[-73.949615,40.827778]]},"properties":{"kind":"minor","name":"West 147th Street","bridge":false}},{"type":"Feature","geometry":{"type":"LineString","coordinates":[[-73.960909,40.78085],[-73.96135,40.781029],[-73.961731,40.781149]]},"properties":{"kind":"major","name":"86th Street Transverse","bridge":false}},{"type":"Feature","geometry":{"type":"LineString","coordinates":[[-73.962448,40.781357],[-73.962437,40.781305],[-73.962324,40.781188]]},"properties":{"kind":"major","name":"86th Street Transverse","bridge":false}},{"type":"Feature","geometry":{"type":"LineString","coordinates":[[-73.984317,40.769855],[-73.984436,40.769925],[-73.986627,40.770857]]},"properties":{"kind":"major","name":"West 60th Street","bridge":false}},{"type":"Feature","geometry":{"type":"LineString","coordinates":[[-73.975844,40.760408],[-73.97867,40.761616]]},"properties":{"kind":"major","name":"West 53rd Street","bridge":false}},{"type":"Feature","geometry":{"type":"LineString","coordinates":[[-73.958837,40.81516],[-73.960561,40.815902]]},"properties":{"kind":"minor","name":"Tiemann Place","bridge":false}},{"type":"Feature","geometry":{"type":"LineString","coordinates":[[-73.942535,40.845885],[-73.942321,40.845223],[-73.942308,40.845139],[-73.942327,40.845049],[-73.942473,40.844611]]},"properties":{"kind":"minor","name":"Haven Avenue","bridge":false}},{"type":"Feature","geometry":{"type":"LineString","coordinates":[[-73.947667,40.817855],[-73.94029,40.814754]]},"properties":{"kind":"minor","name":"West 136th Street","bridge":false}},{"type":"Feature","geometry":{"type":"LineString","coordinates":[[-73.954693,40.820817],[-73.954523,40.820748]]},"properties":{"kind":"minor","name":"West 136th Street","bridge":false}},{"type":"Feature","geometry":{"type":"LineString","coordinates":[[-73.967021,40.7885],[-73.972559,40.790832]]},"properties":{"kind":"minor","name":"West 91st Street","bridge":false}},{"type":"Feature","geometry":{"type":"LineString","coordinates":[[-73.993661,40.772148],[-73.990912,40.770987]]},"properties":{"kind":"minor","name":"West 58th Street","bridge":false}},{"type":"Feature","geometry":{"type":"LineString","coordinates":[[-73.995022,40.769418],[-73.994944,40.769314],[-73.99485,40.769259]]},"properties":{"kind":"major","name":"West 54th Street","bridge":false}},{"type":"Feature","geometry":{"type":"LineString","coordinates":[[-73.951322,40.813567],[-73.953077,40.814301]]},"properties":{"kind":"minor","name":"West 129th Street","bridge":false}},{"type":"Feature","geometry":{"type":"LineString","coordinates":[[-73.9404,40.808962],[-73.943545,40.810285]]},"properties":{"kind":"minor","name":"West 129th Street","bridge":false}},{"type":"Feature","geometry":{"type":"LineString","coordinates":[[-73.949301,40.812727],[-73.95035,40.813159]]},"properties":{"kind":"minor","name":"West 129th Street","bridge":false}},{"type":"Feature","geometry":{"type":"LineString","coordinates":[[-73.941078,40.829083],[-73.946674,40.831437]]},"properties":{"kind":"minor","name":"West 153rd Street","bridge":false}},{"type":"Feature","geometry":{"type":"LineString","coordinates":[[-73.945454,40.834633],[-73.945449,40.834759],[-73.945513,40.835029],[-73.945552,40.835144]]},"properties":{"kind":"major","name":"Edward M. Morgan Place","bridge":false}},{"type":"Feature","geometry":{"type":"LineString","coordinates":[[-73.978557,40.756659],[-73.982503,40.758314],[-73.984619,40.759223]]},"properties":{"kind":"minor","name":"West 47th Street","bridge":false}},{"type":"Feature","geometry":{"type":"LineString","coordinates":[[-73.945856,40.838559],[-73.942715,40.83724]]},"properties":{"kind":"minor","name":"West 162nd Street","bridge":false}},{"type":"Feature","geometry":{"type":"LineString","coordinates":[[-73.939578,40.83567],[-73.938489,40.835196],[-73.937751,40.834889]]},"properties":{"kind":"minor","name":"West 162nd Street","bridge":false}},{"type":"Feature","geometry":{"type":"LineString","coordinates":[[-73.960109,40.808127],[-73.95841,40.807417]]},"properties":{"kind":"minor","name":"West 118th Street","bridge":false}},{"type":"Feature","geometry":{"type":"LineString","coordinates":[[-73.957259,40.806922],[-73.952765,40.805031]]},"properties":{"kind":"minor","name":"West 118th Street","bridge":false}},{"type":"Feature","geometry":{"type":"LineString","coordinates":[[-73.964694,40.791676],[-73.970368,40.794064]]},"properties":{"kind":"major","name":"West 96th Street","bridge":false}},{"type":"Feature","geometry":{"type":"LineString","coordinates":[[-73.971924,40.799705],[-73.967562,40.797871]]},"properties":{"kind":"minor","name":"West 102nd Street","bridge":false}},{"type":"Feature","geometry":{"type":"LineString","coordinates":[[-73.963345,40.796091],[-73.961916,40.795489]]},"properties":{"kind":"minor","name":"West 102nd Street","bridge":false}},{"type":"Feature","geometry":{"type":"LineString","coordinates":[[-73.979943,40.754783],[-73.979011,40.754388]]},"properties":{"kind":"minor","name":"East 44th Street","bridge":false}},{"type":"Feature","geometry":{"type":"LineString","coordinates":[[-73.981824,40.752205],[-73.980893,40.751811]]},"properties":{"kind":"minor","name":"East 40th Street","bridge":false}},{"type":"Feature","geometry":{"type":"LineString","coordinates":[[-73.938965,40.834536],[-73.939672,40.834832]]},"properties":{"kind":"minor","name":"Sylvan Terrace","bridge":false}},{"type":"Feature","geometry":{"type":"LineString","coordinates":[[-73.972687,40.785812],[-73.975509,40.787001]]},"properties":{"kind":"minor","name":"West 85th Street","bridge":false}},{"type":"Feature","geometry":{"type":"LineString","coordinates":[[-73.951037,40.800073],[-73.950493,40.80079],[-73.950315,40.801063]]},"properties":{"kind":"major","name":"Malcolm X Boulevard","bridge":false}},{"type":"Feature","geometry":{"type":"LineString","coordinates":[[-73.954814,40.789204],[-73.953873,40.788808]]},"properties":{"kind":"minor","name":"East 98th Street","bridge":false}},{"type":"Feature","geometry":{"type":"LineString","coordinates":[[-73.972556,40.764919],[-73.972872,40.765072],[-73.97296,40.765101],[-73.973026,40.765108]]},"properties":{"kind":"major","name":"East 60th Street","bridge":false}},{"type":"Feature","geometry":{"type":"LineString","coordinates":[[-73.955816,40.817073],[-73.955591,40.817439]]},"properties":{"kind":"minor","name":"Old Broadway","bridge":false}},{"type":"Feature","geometry":{"type":"LineString","coordinates":[[-73.985081,40.781771],[-73.984936,40.781723],[-73.983646,40.781184],[-73.980659,40.779921]]},"properties":{"kind":"minor","name":"West 74th Street","bridge":false}},{"type":"Feature","geometry":{"type":"LineString","coordinates":[[-73.976169,40.782241],[-73.978328,40.783153]]},"properties":{"kind":"major","name":"West 79th Street","bridge":false}},{"type":"Feature","geometry":{"type":"LineString","coordinates":[[-73.989081,40.773489],[-73.989755,40.773773]]},"properties":{"kind":"minor","name":"West 62nd Street","bridge":false}},{"type":"Feature","geometry":{"type":"LineString","coordinates":[[-73.982039,40.770525],[-73.982248,40.770612]]},"properties":{"kind":"major","name":"West 62nd Street","bridge":false}},{"type":"Feature","geometry":{"type":"LineString","coordinates":[[-73.958979,40.781816],[-73.959919,40.782211]]},"properties":{"kind":"minor","name":"East 87th Street","bridge":false}},{"type":"Feature","geometry":{"type":"LineString","coordinates":[[-73.980392,40.754165],[-73.983624,40.755516]]},"properties":{"kind":"minor","name":"West 43rd Street","bridge":false}},{"type":"Feature","geometry":{"type":"LineString","coordinates":[[-73.983486,40.77604],[-73.981952,40.775403],[-73.977835,40.773659]]},"properties":{"kind":"minor","name":"West 68th Street","bridge":false}},{"type":"Feature","geometry":{"type":"LineString","coordinates":[[-73.965142,40.775044],[-73.964211,40.774653]]},"properties":{"kind":"minor","name":"East 76th Street","bridge":false}},{"type":"Feature","geometry":{"type":"LineString","coordinates":[[-73.939337,40.836575],[-73.939425,40.83667],[-73.940136,40.836967]]},"properties":{"kind":"major","name":"West 163rd Street","bridge":false}},{"type":"Feature","geometry":{"type":"LineString","coordinates":[[-73.937383,40.83569],[-73.939242,40.83647],[-73.939337,40.836575]]},"properties":{"kind":"major","name":"West 163rd Street","bridge":false}},{"type":"Feature","geometry":{"type":"LineString","coordinates":[[-73.958269,40.810633],[-73.961228,40.811884]]},"properties":{"kind":"minor","name":"West 122nd Street","bridge":false}},{"type":"Feature","geometry":{"type":"LineString","coordinates":[[-73.955422,40.809438],[-73.954051,40.808855]]},"properties":{"kind":"minor","name":"West 122nd Street","bridge":false}},{"type":"Feature","geometry":{"type":"LineString","coordinates":[[-73.944828,40.82902],[-73.949462,40.830962]]},"properties":{"kind":"minor","name":"West 151st Street","bridge":false}},{"type":"Feature","geometry":{"type":"LineString","coordinates":[[-73.960434,40.801505],[-73.960235,40.801353],[-73.959682,40.801112]]},"properties":{"kind":"major","name":"West 110th Street","bridge":false}},{"type":"Feature","geometry":{"type":"LineString","coordinates":[[-73.964944,40.806751],[-73.962895,40.805887],[-73.962008,40.805526],[-73.960077,40.804708]]},"properties":{"kind":"minor","name":"West 114th Street","bridge":false}},{"type":"Feature","geometry":{"type":"LineString","coordinates":[[-73.958204,40.803877],[-73.958053,40.803848],[-73.957776,40.803733]]},"properties":{"kind":"minor","name":"West 114th Street","bridge":false}},{"type":"Feature","geometry":{"type":"LineString","coordinates":[[-73.96741,40.798629],[-73.968178,40.798955]]},"properties":{"kind":"minor","name":"West 103rd Street","bridge":false}},{"type":"Feature","geometry":{"type":"LineString","coordinates":[[-73.961455,40.796119],[-73.96289,40.796714]]},"properties":{"kind":"minor","name":"West 103rd Street","bridge":false}},{"type":"Feature","geometry":{"type":"LineString","coordinates":[[-73.980036,40.765521],[-73.981728,40.766238],[-73.981893,40.7663]]},"properties":{"kind":"major","name":"West 57th Street","bridge":false}},{"type":"Feature","geometry":{"type":"LineString","coordinates":[[-73.970279,40.768028],[-73.96971,40.7678]]},"properties":{"kind":"major","name":"East 65th Street","bridge":false}},{"type":"Feature","geometry":{"type":"LineString","coordinates":[[-73.957958,40.808029],[-73.959029,40.808499],[-73.959651,40.808755]]},"properties":{"kind":"minor","name":"West 119th Street","bridge":false}},{"type":"Feature","geometry":{"type":"LineString","coordinates":[[-73.963477,40.810373],[-73.964387,40.810751]]},"properties":{"kind":"minor","name":"West 119th Street","bridge":false}},{"type":"Feature","geometry":{"type":"LineString","coordinates":[[-73.945049,40.802604],[-73.948353,40.803996]]},"properties":{"kind":"minor","name":"West 119th Street","bridge":false}},{"type":"Feature","geometry":{"type":"LineString","coordinates":[[-73.936906,40.839864],[-73.93604,40.839484]]},"properties":{"kind":"minor","name":"West 168th Street","bridge":false}},{"type":"Feature","geometry":{"type":"LineString","coordinates":[[-73.957141,40.784333],[-73.958084,40.784731]]},"properties":{"kind":"minor","name":"East 91st Street","bridge":false}},{"type":"Feature","geometry":{"type":"LineString","coordinates":[[-73.947241,40.82175],[-73.945903,40.823626]]},"properties":{"kind":"minor","name":"Hamilton Terrace","bridge":false}},{"type":"Feature","geometry":{"type":"LineString","coordinates":[[-73.969116,40.80358],[-73.96193,40.800547]]},"properties":{"kind":"minor","name":"West 108th Street","bridge":false}},{"type":"Feature","geometry":{"type":"LineString","coordinates":[[-73.975381,40.761047],[-73.974435,40.760653]]},"properties":{"kind":"major","name":"East 54th Street","bridge":false}},{"type":"Feature","geometry":{"type":"LineString","coordinates":[[-73.93425,40.817905],[-73.934231,40.817646],[-73.934256,40.817507],[-73.934297,40.817423],[-73.934466,40.817178]]},"properties":{"kind":"major","name":"5th Avenue","bridge":false}},{"type":"Feature","geometry":{"type":"LineString","coordinates":[[-73.968939,40.795983],[-73.973459,40.797891]]},"properties":{"kind":"minor","name":"West 99th Street","bridge":false}},{"type":"Feature","geometry":{"type":"LineString","coordinates":[[-73.985445,40.778477],[-73.985318,40.778421],[-73.984794,40.778228],[-73.979753,40.776109]]},"properties":{"kind":"minor","name":"West 70th Street","bridge":false}},{"type":"Feature","geometry":{"type":"LineString","coordinates":[[-73.980117,40.770536],[-73.98205,40.771351]]},"properties":{"kind":"minor","name":"West 63rd Street","bridge":false}},{"type":"Feature","geometry":{"type":"LineString","coordinates":[[-73.950074,40.827153],[-73.944268,40.824705]]},"properties":{"kind":"minor","name":"West 146th Street","bridge":false}},{"type":"Feature","geometry":{"type":"LineString","coordinates":[[-73.938504,40.822278],[-73.935751,40.82112]]},"properties":{"kind":"minor","name":"West 146th Street","bridge":false}},{"type":"Feature","geometry":{"type":"LineString","coordinates":[[-73.978095,40.771996],[-73.978539,40.772335],[-73.9786,40.772369],[-73.978739,40.772421]]},"properties":{"kind":"major","name":"65th Street Transverse","bridge":false}},{"type":"Feature","geometry":{"type":"LineString","coordinates":[[-73.97236,40.768876],[-73.97218,40.768815],[-73.971788,40.768712],[-73.971547,40.768627]]},"properties":{"kind":"major","name":"65th Street Transverse","bridge":false}},{"type":"Feature","geometry":{"type":"LineString","coordinates":[[-73.954542,40.815735],[-73.95086,40.814187]]},"properties":{"kind":"minor","name":"West 130th Street","bridge":false}},{"type":"Feature","geometry":{"type":"LineString","coordinates":[[-73.98817,40.774743],[-73.985318,40.773531]]},"properties":{"kind":"minor","name":"West 64th Street","bridge":false}},{"type":"Feature","geometry":{"type":"LineString","coordinates":[[-74.00106,40.761976],[-74.000855,40.762139]]},"properties":{"kind":"highway","name":"12th Avenue","tunnel":"no","bridge":false}},{"type":"Feature","geometry":{"type":"LineString","coordinates":[[-73.950364,40.82144],[-73.955337,40.82354]]},"properties":{"kind":"minor","name":"West 139th Street","bridge":false}},{"type":"Feature","geometry":{"type":"LineString","coordinates":[[-73.984596,40.754177],[-73.986671,40.755054]]},"properties":{"kind":"minor","name":"West 41st Street","bridge":false}},{"type":"Feature","geometry":{"type":"LineString","coordinates":[[-73.952212,40.818932],[-73.952385,40.818973],[-73.95497,40.820072]]},"properties":{"kind":"major","name":"West 135th Street","bridge":false}},{"type":"Feature","geometry":{"type":"LineString","coordinates":[[-73.988502,40.777339],[-73.988838,40.777479]]},"properties":{"kind":"minor","name":"West 67th Street","bridge":false}},{"type":"Feature","geometry":{"type":"LineString","coordinates":[[-73.958012,40.800793],[-73.958103,40.800823],[-73.958216,40.800825],[-73.958299,40.800806],[-73.958372,40.800775]]},"properties":{"kind":"major","name":"Frederick Douglass Circle","bridge":false}},{"type":"Feature","geometry":{"type":"LineString","coordinates":[[-73.939787,40.835075],[-73.939789,40.835132],[-73.939798,40.835156],[-73.939828,40.835187],[-73.940196,40.83536]]},"properties":{"kind":"major","name":"West 161st Street","bridge":false}},{"type":"Feature","geometry":{"type":"LineString","coordinates":[[-73.950658,40.79321],[-73.951602,40.793608]]},"properties":{"kind":"minor","name":"East 105th Street","bridge":false}},{"type":"Feature","geometry":{"type":"LineString","coordinates":[[-73.942361,40.845339],[-73.9409,40.844738],[-73.937864,40.843451],[-73.935124,40.842304]]},"properties":{"kind":"minor","name":"West 172nd Street","bridge":false}},{"type":"Feature","geometry":{"type":"LineString","coordinates":[[-73.950927,40.812575],[-73.949757,40.812103]]},"properties":{"kind":"minor","name":"West 128th Street","bridge":false}},{"type":"Feature","geometry":{"type":"LineString","coordinates":[[-73.942972,40.805824],[-73.944341,40.806404]]},"properties":{"kind":"minor","name":"West 124th Street","bridge":false}},{"type":"Feature","geometry":{"type":"LineString","coordinates":[[-73.968019,40.797241],[-73.972535,40.799146]]},"properties":{"kind":"minor","name":"West 101st Street","bridge":false}},{"type":"Feature","geometry":{"type":"LineString","coordinates":[[-73.962377,40.794859],[-73.963807,40.795464]]},"properties":{"kind":"minor","name":"West 101st Street","bridge":false}},{"type":"Feature","geometry":{"type":"LineString","coordinates":[[-73.977206,40.758544],[-73.976266,40.758147]]},"properties":{"kind":"major","name":"East 50th Street","bridge":false}},{"type":"Feature","geometry":{"type":"LineString","coordinates":[[-73.945968,40.801342],[-73.949123,40.802673]]},"properties":{"kind":"minor","name":"West 117th Street","bridge":false}},{"type":"Feature","geometry":{"type":"LineString","coordinates":[[-73.975799,40.795448],[-73.974587,40.794946]]},"properties":{"kind":"major","name":"West 95th Street","bridge":false}},{"type":"Feature","geometry":{"type":"LineString","coordinates":[[-73.97946,40.753773],[-73.980392,40.754165]]},"properties":{"kind":"minor","name":"East 43rd Street","bridge":false}},{"type":"Feature","geometry":{"type":"LineString","coordinates":[[-73.937912,40.838487],[-73.936383,40.83785]]},"properties":{"kind":"minor","name":"West 166th Street","bridge":false}},{"type":"Feature","geometry":{"type":"LineString","coordinates":[[-73.939239,40.839296],[-73.937769,40.838682]]},"properties":{"kind":"minor","name":"West 166th Street","bridge":false}},{"type":"Feature","geometry":{"type":"LineString","coordinates":[[-73.931161,40.828327],[-73.930687,40.828341],[-73.930502,40.828328],[-73.93033,40.82827],[-73.930203,40.828176]]},"properties":{"kind":"major","name":"","bridge":true}},{"type":"Feature","geometry":{"type":"LineString","coordinates":[[-73.93221,40.830376],[-73.932238,40.830053],[-73.932196,40.82983],[-73.932094,40.829521],[-73.932034,40.829383],[-73.931927,40.829182]]},"properties":{"kind":"highway","name":"","tunnel":"no","bridge":false}},{"type":"Feature","geometry":{"type":"LineString","coordinates":[[-73.931933,40.831398],[-73.931894,40.831664],[-73.931846,40.831868],[-73.931786,40.832395]]},"properties":{"kind":"highway","name":"","tunnel":"no","bridge":false}},{"type":"Feature","geometry":{"type":"LineString","coordinates":[[-73.93173,40.833164],[-73.931943,40.832758],[-73.932159,40.832215]]},"properties":{"kind":"highway","name":"","tunnel":"no","bridge":false}},{"type":"Feature","geometry":{"type":"LineString","coordinates":[[-73.930597,40.828874],[-73.930626,40.828719],[-73.930666,40.828639],[-73.930722,40.828567],[-73.930805,40.828503],[-73.931161,40.828327]]},"properties":{"kind":"major","name":"","bridge":true}},{"type":"Feature","geometry":{"type":"LineString","coordinates":[[-73.928862,40.824641],[-73.928493,40.824571]]},"properties":{"kind":"highway","name":"","tunnel":"no","bridge":false}},{"type":"Feature","geometry":{"type":"LineString","coordinates":[[-73.924697,40.828756],[-73.924967,40.829467]]},"properties":{"kind":"minor","name":"East 162nd Street","bridge":false}},{"type":"Feature","geometry":{"type":"LineString","coordinates":[[-73.929385,40.832918],[-73.927123,40.836929]]},"properties":{"kind":"major","name":"Ogden Avenue","bridge":false}},{"type":"Feature","geometry":{"type":"LineString","coordinates":[[-73.929374,40.830034],[-73.929267,40.830047]]},"properties":{"kind":"major","name":"Jerome Avenue","bridge":false}},{"type":"Feature","geometry":{"type":"LineString","coordinates":[[-73.921841,40.836458],[-73.921965,40.836536],[-73.922275,40.836605]]},"properties":{"kind":"major","name":"Jerome Avenue","bridge":false}},{"type":"Feature","geometry":{"type":"LineString","coordinates":[[-73.928684,40.835895],[-73.930905,40.83195]]},"properties":{"kind":"minor","name":"Summit Avenue","bridge":false}},{"type":"Feature","geometry":{"type":"LineString","coordinates":[[-73.926431,40.831426],[-73.924261,40.830681]]},"properties":{"kind":"minor","name":"East 164th Street","bridge":false}},{"type":"Feature","geometry":{"type":"LineString","coordinates":[[-73.931788,40.830103],[-73.931871,40.830386],[-73.931916,40.8306],[-73.93194,40.830795],[-73.931941,40.831043]]},"properties":{"kind":"major","name":"Sedgwick Avenue","bridge":false}},{"type":"Feature","geometry":{"type":"LineString","coordinates":[[-73.921034,40.833771],[-73.921238,40.833841]]},"properties":{"kind":"minor","name":"McClellan Street","bridge":false}},{"type":"Feature","geometry":{"type":"LineString","coordinates":[[-73.929934,40.829965],[-73.929884,40.829901],[-73.929827,40.829851],[-73.929004,40.829336]]},"properties":{"kind":"major","name":"East 161st Street","bridge":false}},{"type":"Feature","geometry":{"type":"LineString","coordinates":[[-73.928136,40.824048],[-73.928493,40.824571],[-73.928799,40.825062]]},"properties":{"kind":"minor","name":"East 153rd Street","bridge":false}},{"type":"Feature","geometry":{"type":"LineString","coordinates":[[-73.929934,40.829965],[-73.929963,40.830024],[-73.929968,40.830064]]},"properties":{"kind":"minor","name":"Woodycrest Avenue","bridge":false}},{"type":"Feature","geometry":{"type":"LineString","coordinates":[[-73.922327,40.836135],[-73.922252,40.836069],[-73.922156,40.836025],[-73.921285,40.835724]]},"properties":{"kind":"major","name":"East 167th Street","bridge":false}},{"type":"Feature","geometry":{"type":"LineString","coordinates":[[-73.927285,40.832145],[-73.928103,40.832503],[-73.930214,40.833187]]},"properties":{"kind":"minor","name":"West 164th Street","bridge":false}},{"type":"Feature","geometry":{"type":"LineString","coordinates":[[-73.931653,40.832213],[-73.929721,40.835623],[-73.92926,40.836094],[-73.927619,40.837721]]},"properties":{"kind":"minor","name":"University Avenue","bridge":false}},{"type":"Feature","geometry":{"type":"LineString","coordinates":[[-73.929043,40.831297],[-73.930934,40.831914]]},"properties":{"kind":"minor","name":"West 162nd Street","bridge":false}},{"type":"Feature","geometry":{"type":"LineString","coordinates":[[-73.928567,40.8319],[-73.929742,40.832284]]},"properties":{"kind":"minor","name":"West 163rd Street","bridge":false}},{"type":"Feature","geometry":{"type":"LineString","coordinates":[[-73.923304,40.837208],[-73.923407,40.837169],[-73.923447,40.837128],[-73.925265,40.834774]]},"properties":{"kind":"minor","name":"Anderson Avenue","bridge":false}},{"type":"Feature","geometry":{"type":"LineString","coordinates":[[-73.931536,40.830852],[-73.930715,40.830576]]},"properties":{"kind":"minor","name":"West 161st Street","bridge":false}},{"type":"Feature","geometry":{"type":"LineString","coordinates":[[-73.926559,40.826586],[-73.926336,40.826512]]},"properties":{"kind":"minor","name":"East 158th Street","bridge":false}},{"type":"Feature","geometry":{"type":"LineString","coordinates":[[-73.921719,40.837109],[-73.922001,40.836545]]},"properties":{"kind":"minor","name":"Cromwell Avenue","bridge":false}},{"type":"Feature","geometry":{"type":"LineString","coordinates":[[-73.923185,40.834521],[-73.923185,40.834569],[-73.922545,40.835626],[-73.922519,40.835686],[-73.922512,40.835744],[-73.922537,40.8358],[-73.922673,40.835911]]},"properties":{"kind":"minor","name":"Cromwell Avenue","bridge":false}},{"type":"Feature","geometry":{"type":"LineString","coordinates":[[-73.960681,40.853291],[-73.961293,40.853416]]},"properties":{"kind":"highway","name":"George Washington Bridge Upper Level","tunnel":"no","bridge":false}},{"type":"Feature","geometry":{"type":"LineString","coordinates":[[-73.960722,40.853184],[-73.959083,40.852862]]},"properties":{"kind":"highway","name":"George Washington Bridge Upper Level","tunnel":"no","bridge":true}},{"type":"Feature","geometry":{"type":"LineString","coordinates":[[-73.946828,40.839295],[-73.946676,40.839484],[-73.946399,40.839859],[-73.946259,40.840062],[-73.946018,40.840455],[-73.945904,40.840659],[-73.945706,40.841048],[-73.945469,40.841602]]},"properties":{"kind":"highway","name":"Henry Hudson Parkway","tunnel":"no","bridge":false}},{"type":"Feature","geometry":{"type":"LineString","coordinates":[[-73.933239,40.838675],[-73.933124,40.839012],[-73.932797,40.839652],[-73.931806,40.841355]]},"properties":{"kind":"highway","name":"","tunnel":"no","bridge":false}},{"type":"Feature","geometry":{"type":"LineString","coordinates":[[-73.944215,40.8461],[-73.944088,40.846033],[-73.943978,40.845961],[-73.943894,40.845929],[-73.943779,40.845917],[-73.943622,40.845946]]},"properties":{"kind":"highway","name":"","tunnel":"no","bridge":false}},{"type":"Feature","geometry":{"type":"LineString","coordinates":[[-73.944922,40.844581],[-73.94484,40.844871],[-73.944807,40.845211],[-73.944731,40.845495],[-73.94466,40.845621],[-73.944606,40.845675],[-73.944512,40.845741],[-73.944386,40.845791],[-73.94425,40.84581],[-73.944148,40.845799],[-73.944095,40.845784],[-73.943996,40.845734],[-73.943927,40.84567],[-73.943883,40.845594],[-73.943757,40.845267]]},"properties":{"kind":"highway","name":"","tunnel":"no","bridge":false}},{"type":"Feature","geometry":{"type":"LineString","coordinates":[[-73.945407,40.841814],[-73.945217,40.842113],[-73.944574,40.843317]]},"properties":{"kind":"highway","name":"","tunnel":"no","bridge":false}},{"type":"Feature","geometry":{"type":"LineString","coordinates":[[-73.943787,40.845381],[-73.944591,40.845115],[-73.944754,40.845038],[-73.944919,40.844925],[-73.945044,40.844796],[-73.945158,40.84462],[-73.945233,40.844451],[-73.945254,40.844383],[-73.945292,40.84418]]},"properties":{"kind":"highway","name":"","tunnel":"no","bridge":true}},{"type":"Feature","geometry":{"type":"LineString","coordinates":[[-73.944247,40.84513],[-73.94445,40.844998],[-73.944532,40.844921],[-73.944573,40.844867],[-73.944629,40.844773],[-73.944675,40.844669],[-73.944722,40.84451],[-73.944739,40.844397],[-73.944746,40.844284],[-73.944738,40.844172],[-73.944716,40.84405],[-73.944678,40.843928],[-73.944571,40.843722],[-73.944511,40.843634],[-73.944399,40.843509]]},"properties":{"kind":"highway","name":"","tunnel":"no","bridge":false}},{"type":"Feature","geometry":{"type":"LineString","coordinates":[[-73.943967,40.8437],[-73.944092,40.843632],[-73.944203,40.8436],[-73.944289,40.843611],[-73.944374,40.843664],[-73.944467,40.843767],[-73.944546,40.843913],[-73.944579,40.844014],[-73.944614,40.844197],[-73.944619,40.844337],[-73.944598,40.844507],[-73.944568,40.84461],[-73.944506,40.844753],[-73.944438,40.84485],[-73.944359,40.844928],[-73.944262,40.844997],[-73.94416,40.845041]]},"properties":{"kind":"highway","name":"","tunnel":"no","bridge":false}},{"type":"Feature","geometry":{"type":"LineString","coordinates":[[-73.968108,40.809158],[-73.967223,40.810562]]},"properties":{"kind":"highway","name":"Henry Hudson Parkway","tunnel":"no","bridge":false}},{"type":"Feature","geometry":{"type":"LineString","coordinates":[[-73.973854,40.833664],[-73.973845,40.833774],[-73.973879,40.8339],[-73.973951,40.834083],[-73.974004,40.834282],[-73.97447,40.834349],[-73.974852,40.83443],[-73.975013,40.834489],[-73.975256,40.834603],[-73.975849,40.83494],[-73.976065,40.835039],[-73.97632,40.835121],[-73.976511,40.835159],[-73.976707,40.835178],[-73.976904,40.83518],[-73.97727,40.835148]]},"properties":{"kind":"minor","name":"Bridle Way","bridge":false}},{"type":"Feature","geometry":{"type":"LineString","coordinates":[[-73.972768,40.835858],[-73.972772,40.835704],[-73.972751,40.83561],[-73.972714,40.83552],[-73.97266,40.835434],[-73.972582,40.835345],[-73.972498,40.835275],[-73.972336,40.835176],[-73.971567,40.834767],[-73.971459,40.834742]]},"properties":{"kind":"minor","name":"Glenwood Avenue","bridge":false}},{"type":"Feature","geometry":{"type":"LineString","coordinates":[[-73.967826,40.845304],[-73.967692,40.845469]]},"properties":{"kind":"minor","name":"Veterans Way","bridge":false}},{"type":"Feature","geometry":{"type":"LineString","coordinates":[[-73.969212,40.841714],[-73.969259,40.841789],[-73.969367,40.841843]]},"properties":{"kind":"minor","name":"Washington Lane","bridge":false}},{"type":"Feature","geometry":{"type":"LineString","coordinates":[[-73.985387,40.823014],[-73.985912,40.823304]]},"properties":{"kind":"minor","name":"Lincoln Place","bridge":false}},{"type":"Feature","geometry":{"type":"LineString","coordinates":[[-73.985143,40.815571],[-73.985778,40.815986]]},"properties":{"kind":"minor","name":"Cecelia Avenue","bridge":false}},{"type":"Feature","geometry":{"type":"LineString","coordinates":[[-73.985835,40.816022],[-73.987271,40.816946],[-73.987414,40.817084],[-73.987459,40.817205],[-73.987492,40.81744],[-73.986859,40.818151],[-73.986235,40.818898]]},"properties":{"kind":"minor","name":"Cecelia Avenue","bridge":false}},{"type":"Feature","geometry":{"type":"LineString","coordinates":[[-73.995373,40.80766],[-73.996907,40.808236]]},"properties":{"kind":"minor","name":"Hudson Place","bridge":false}},{"type":"Feature","geometry":{"type":"LineString","coordinates":[[-73.975437,40.834707],[-73.975227,40.835107],[-73.975197,40.835201],[-73.975184,40.835296],[-73.975189,40.835392],[-73.975307,40.835907],[-73.975312,40.836006],[-73.975299,40.836118],[-73.975265,40.836227],[-73.975092,40.83657]]},"properties":{"kind":"minor","name":"Crescent Way","bridge":false}},{"type":"Feature","geometry":{"type":"LineString","coordinates":[[-73.994533,40.808958],[-73.995991,40.809491]]},"properties":{"kind":"minor","name":"Desoto Place","bridge":false}},{"type":"Feature","geometry":{"type":"LineString","coordinates":[[-73.971719,40.839495],[-73.970221,40.838654]]},"properties":{"kind":"minor","name":"Sterling Place","bridge":false}},{"type":"Feature","geometry":{"type":"LineString","coordinates":[[-73.970712,40.841399],[-73.97113,40.840764]]},"properties":{"kind":"minor","name":"Undercliff Avenue","bridge":false}},{"type":"Feature","geometry":{"type":"LineString","coordinates":[[-73.977714,40.823997],[-73.979275,40.821477],[-73.980357,40.819975],[-73.9814,40.81818],[-73.981829,40.817475]]},"properties":{"kind":"minor","name":"Undercliff Avenue","bridge":false}},{"type":"Feature","geometry":{"type":"LineString","coordinates":[[-73.968271,40.844533],[-73.968092,40.844783],[-73.967803,40.845081],[-73.967691,40.845233]]},"properties":{"kind":"minor","name":"Undercliff Avenue","bridge":false}},{"type":"Feature","geometry":{"type":"LineString","coordinates":[[-73.972552,40.828446],[-73.972691,40.828512],[-73.974575,40.829703]]},"properties":{"kind":"minor","name":"Hudson Avenue","bridge":false}},{"type":"Feature","geometry":{"type":"LineString","coordinates":[[-73.992364,40.812487],[-73.993387,40.813059]]},"properties":{"kind":"minor","name":"Washington Place","bridge":false}},{"type":"Feature","geometry":{"type":"LineString","coordinates":[[-73.991123,40.811762],[-73.991761,40.812129]]},"properties":{"kind":"minor","name":"Washington Place","bridge":false}},{"type":"Feature","geometry":{"type":"LineString","coordinates":[[-73.985778,40.815986],[-73.985835,40.816022]]},"properties":{"kind":"minor","name":"Cecelia Avenue","bridge":false}},{"type":"Feature","geometry":{"type":"LineString","coordinates":[[-73.977763,40.831279],[-73.977642,40.831578],[-73.97739,40.832255],[-73.977335,40.832479],[-73.977224,40.833133],[-73.977325,40.833938],[-73.977324,40.83407],[-73.977305,40.834202],[-73.977266,40.834337],[-73.977185,40.834697],[-73.97718,40.834815],[-73.977211,40.835228]]},"properties":{"kind":"minor","name":"Briar Way","bridge":false}},{"type":"Feature","geometry":{"type":"LineString","coordinates":[[-73.976624,40.830175],[-73.976354,40.830501],[-73.97617,40.830949],[-73.976148,40.831062],[-73.976151,40.831148],[-73.976219,40.831349],[-73.976279,40.831461],[-73.976361,40.831572],[-73.976409,40.831624],[-73.976916,40.832064],[-73.977191,40.832247],[-73.977366,40.832338],[-73.977698,40.832468],[-73.977895,40.832524],[-73.978509,40.832657]]},"properties":{"kind":"minor","name":"Bluff Road","bridge":false}},{"type":"Feature","geometry":{"type":"LineString","coordinates":[[-73.977371,40.821991],[-73.978562,40.822632]]},"properties":{"kind":"minor","name":"Winterburn Place","bridge":false}},{"type":"Feature","geometry":{"type":"LineString","coordinates":[[-73.974932,40.824599],[-73.974558,40.824493]]},"properties":{"kind":"minor","name":"Grand Cove Way","bridge":false}},{"type":"Feature","geometry":{"type":"LineString","coordinates":[[-73.968341,40.842893],[-73.96942,40.843544]]},"properties":{"kind":"minor","name":"Arlington Terrace","bridge":false}},{"type":"Feature","geometry":{"type":"LineString","coordinates":[[-73.974095,40.830557],[-73.972956,40.830102],[-73.972855,40.830097]]},"properties":{"kind":"minor","name":"Valley Terrace","bridge":false}},{"type":"Feature","geometry":{"type":"LineString","coordinates":[[-73.993191,40.808337],[-73.993773,40.808586]]},"properties":{"kind":"minor","name":"Accomando Place","bridge":false}},{"type":"Feature","geometry":{"type":"LineString","coordinates":[[-73.992433,40.811656],[-73.992553,40.811627],[-73.992635,40.811644],[-73.992658,40.811664],[-73.992693,40.811757]]},"properties":{"kind":"major","name":"","bridge":false}},{"type":"Feature","geometry":{"type":"LineString","coordinates":[[-73.994953,40.808308],[-73.996443,40.808872]]},"properties":{"kind":"minor","name":"Columbus Place","bridge":false}},{"type":"Feature","geometry":{"type":"LineString","coordinates":[[-73.994373,40.807905],[-73.994994,40.808245]]},"properties":{"kind":"minor","name":"Columbus Place","bridge":false}},{"type":"Feature","geometry":{"type":"LineString","coordinates":[[-73.96658,40.846067],[-73.967907,40.846522]]},"properties":{"kind":"minor","name":"Leary Lane","bridge":false}},{"type":"Feature","geometry":{"type":"LineString","coordinates":[[-73.972812,40.82806],[-73.972803,40.828073]]},"properties":{"kind":"major","name":"River Road","bridge":false}},{"type":"Feature","geometry":{"type":"LineString","coordinates":[[-73.971947,40.83497],[-73.972276,40.834646],[-73.972397,40.834472]]},"properties":{"kind":"minor","name":"South Glen Lane","bridge":false}},{"type":"Feature","geometry":{"type":"LineString","coordinates":[[-73.994873,40.806785],[-73.994305,40.807771],[-73.994296,40.80781],[-73.994306,40.80785],[-73.994336,40.807885],[-73.994373,40.807905]]},"properties":{"kind":"minor","name":"Manhattan Place","bridge":false}},{"type":"Feature","geometry":{"type":"LineString","coordinates":[[-73.967237,40.844299],[-73.967474,40.844383],[-73.968092,40.844783]]},"properties":{"kind":"minor","name":"Maple Street","bridge":false}},{"type":"Feature","geometry":{"type":"LineString","coordinates":[[-73.981749,40.820519],[-73.982713,40.821054]]},"properties":{"kind":"minor","name":"Oakdene Avenue","bridge":false}},{"type":"Feature","geometry":{"type":"LineString","coordinates":[[-73.966537,40.84916],[-73.966959,40.849279]]},"properties":{"kind":"minor","name":"English Street","bridge":false}},{"type":"Feature","geometry":{"type":"LineString","coordinates":[[-73.988152,40.818042],[-73.987353,40.8176]]},"properties":{"kind":"minor","name":"Holley Terrace","bridge":false}},{"type":"Feature","geometry":{"type":"LineString","coordinates":[[-73.972376,40.837731],[-73.970631,40.83684]]},"properties":{"kind":"minor","name":"North Street","bridge":false}},{"type":"Feature","geometry":{"type":"LineString","coordinates":[[-73.97486,40.836456],[-73.974605,40.836909]]},"properties":{"kind":"minor","name":"Duncan Road","bridge":false}},{"type":"Feature","geometry":{"type":"LineString","coordinates":[[-73.984627,40.816785],[-73.986192,40.817731],[-73.987906,40.818803]]},"properties":{"kind":"minor","name":"Cortland Place","bridge":false}},{"type":"Feature","geometry":{"type":"LineString","coordinates":[[-73.992558,40.809303],[-73.993472,40.809663],[-73.993974,40.809827],[-73.994566,40.810126],[-73.994759,40.810258],[-73.994976,40.810387],[-73.99524,40.810521]]},"properties":{"kind":"minor","name":"Prospect Avenue","bridge":false}},{"type":"Feature","geometry":{"type":"LineString","coordinates":[[-73.986032,40.814647],[-73.985143,40.815571]]},"properties":{"kind":"minor","name":"Esplanade Place","bridge":false}},{"type":"Feature","geometry":{"type":"LineString","coordinates":[[-73.986192,40.817731],[-73.986493,40.817386],[-73.986529,40.817327],[-73.986538,40.817253],[-73.986514,40.817209],[-73.986472,40.817173],[-73.985651,40.816633],[-73.98562,40.816599],[-73.985602,40.816559],[-73.985598,40.81651],[-73.985609,40.816449],[-73.985708,40.816145],[-73.985764,40.816004],[-73.985778,40.815986]]},"properties":{"kind":"minor","name":"Oncrest Terrace","bridge":false}},{"type":"Feature","geometry":{"type":"LineString","coordinates":[[-73.98734,40.815267],[-73.986832,40.815074],[-73.986727,40.815086],[-73.986687,40.815119],[-73.985835,40.816022]]},"properties":{"kind":"minor","name":"Oncrest Terrace","bridge":false}},{"type":"Feature","geometry":{"type":"LineString","coordinates":[[-73.979137,40.831085],[-73.979801,40.831368],[-73.97999,40.83142]]},"properties":{"kind":"major","name":"Columbia Avenue","bridge":false}},{"type":"Feature","geometry":{"type":"LineString","coordinates":[[-73.979814,40.822815],[-73.9808,40.823375]]},"properties":{"kind":"minor","name":"Columbia Avenue","bridge":false}},{"type":"Feature","geometry":{"type":"LineString","coordinates":[[-73.992875,40.811386],[-73.992433,40.811656],[-73.991761,40.812129],[-73.990651,40.812879],[-73.990529,40.812922],[-73.990366,40.81293]]},"properties":{"kind":"minor","name":"Laird Avenue","bridge":false}},{"type":"Feature","geometry":{"type":"LineString","coordinates":[[-73.988283,40.816598],[-73.988012,40.816912],[-73.987866,40.817129],[-73.987815,40.817179],[-73.98759,40.817326],[-73.987492,40.81744]]},"properties":{"kind":"minor","name":"Cecelia Place","bridge":false}},{"type":"Feature","geometry":{"type":"LineString","coordinates":[[-73.98607,40.818807],[-73.984202,40.820703]]},"properties":{"kind":"minor","name":"Brandon Place","bridge":false}},{"type":"Feature","geometry":{"type":"LineString","coordinates":[[-73.987191,40.815651],[-73.986489,40.816436]]},"properties":{"kind":"minor","name":"Highland Avenue","bridge":false}},{"type":"Feature","geometry":{"type":"LineString","coordinates":[[-73.987595,40.819693],[-73.987906,40.818803],[-73.988152,40.818042]]},"properties":{"kind":"minor","name":"Summit Terrace","bridge":false}},{"type":"Feature","geometry":{"type":"LineString","coordinates":[[-73.969212,40.841714],[-73.969145,40.841589],[-73.969062,40.841514],[-73.968963,40.841456],[-73.96885,40.84128],[-73.968786,40.841235],[-73.968661,40.841205],[-73.968597,40.841219]]},"properties":{"kind":"minor","name":"Washington Lane","bridge":false}},{"type":"Feature","geometry":{"type":"LineString","coordinates":[[-73.965824,40.843715],[-73.965801,40.843676],[-73.965796,40.843604],[-73.965819,40.843508],[-73.965953,40.843226],[-73.966,40.843176],[-73.966122,40.843119],[-73.966239,40.843118],[-73.966421,40.843168]]},"properties":{"kind":"minor","name":"Shore Road","bridge":false}},{"type":"Feature","geometry":{"type":"LineString","coordinates":[[-73.972377,40.8352],[-73.972458,40.835119],[-73.972683,40.834831]]},"properties":{"kind":"minor","name":"Rockwood Place","bridge":false}},{"type":"Feature","geometry":{"type":"LineString","coordinates":[[-73.976234,40.829055],[-73.976243,40.829073],[-73.976282,40.829103],[-73.97643,40.829143]]},"properties":{"kind":"minor","name":"Overview Terrace","bridge":false}},{"type":"Feature","geometry":{"type":"LineString","coordinates":[[-73.990163,40.809672],[-73.989787,40.809554],[-73.989423,40.809475]]},"properties":{"kind":"minor","name":"Thompson Lane","bridge":false}},{"type":"Feature","geometry":{"type":"LineString","coordinates":[[-73.989989,40.809863],[-73.990403,40.810105],[-73.990669,40.809814]]},"properties":{"kind":"minor","name":"Thompson Lane","bridge":false}},{"type":"Feature","geometry":{"type":"LineString","coordinates":[[-73.976436,40.832915],[-73.976314,40.833098],[-73.976243,40.833243],[-73.97618,40.833423],[-73.976147,40.833576],[-73.976132,40.833731],[-73.976132,40.833844],[-73.976179,40.834504],[-73.976173,40.834668],[-73.976087,40.835402],[-73.976097,40.835562],[-73.976122,40.835694],[-73.97617,40.83587],[-73.976189,40.836012],[-73.976191,40.836131],[-73.976174,40.836272],[-73.976138,40.836412],[-73.975967,40.836892]]},"properties":{"kind":"minor","name":"Buckingham Road","bridge":false}},{"type":"Feature","geometry":{"type":"LineString","coordinates":[[-73.993163,40.805825],[-73.992817,40.806662],[-73.992542,40.807125],[-73.992469,40.807161],[-73.992265,40.807191]]},"properties":{"kind":"minor","name":"Old River Road","bridge":false}},{"type":"Feature","geometry":{"type":"LineString","coordinates":[[-73.966375,40.846784],[-73.966902,40.846912]]},"properties":{"kind":"minor","name":"Burdette Court","bridge":false}},{"type":"Feature","geometry":{"type":"LineString","coordinates":[[-73.978256,40.831541],[-73.978469,40.83182],[-73.978623,40.832107],[-73.978653,40.832198],[-73.978662,40.832332]]},"properties":{"kind":"major","name":"","bridge":false}},{"type":"Feature","geometry":{"type":"LineString","coordinates":[[-73.978908,40.831677],[-73.978256,40.831541]]},"properties":{"kind":"major","name":"State Route 5","bridge":false}},{"type":"Feature","geometry":{"type":"LineString","coordinates":[[-73.993773,40.808586],[-73.993704,40.808738],[-73.993692,40.808835],[-73.993653,40.80891],[-73.993214,40.809561]]},"properties":{"kind":"minor","name":"Cedar Street","bridge":false}},{"type":"Feature","geometry":{"type":"LineString","coordinates":[[-73.965875,40.849719],[-73.965886,40.849737],[-73.966176,40.849814],[-73.966249,40.849812],[-73.966521,40.849879]]},"properties":{"kind":"minor","name":"Cedar Street","bridge":false}},{"type":"Feature","geometry":{"type":"LineString","coordinates":[[-73.966037,40.850232],[-73.965838,40.850575],[-73.965829,40.85063],[-73.965843,40.850704]]},"properties":{"kind":"minor","name":"Federspiel Street","bridge":false}},{"type":"Feature","geometry":{"type":"LineString","coordinates":[[-73.993097,40.809518],[-73.992451,40.810496],[-73.992099,40.81099]]},"properties":{"kind":"minor","name":"Cedar Street","bridge":false}},{"type":"Feature","geometry":{"type":"LineString","coordinates":[[-73.990696,40.816748],[-73.990448,40.816628],[-73.990364,40.816562]]},"properties":{"kind":"minor","name":"Jersey Avenue","bridge":false}},{"type":"Feature","geometry":{"type":"LineString","coordinates":[[-73.964652,40.849714],[-73.9646,40.849921],[-73.964511,40.850539]]},"properties":{"kind":"major","name":"Hudson Terrace","bridge":false}},{"type":"Feature","geometry":{"type":"LineString","coordinates":[[-73.982943,40.82119],[-73.9808,40.823375]]},"properties":{"kind":"minor","name":"Hudson Terrace","bridge":false}},{"type":"Feature","geometry":{"type":"LineString","coordinates":[[-73.972855,40.830097],[-73.972812,40.830128],[-73.972795,40.830177],[-73.972836,40.83043],[-73.972897,40.83061],[-73.973193,40.831253],[-73.973212,40.831323],[-73.973157,40.831404]]},"properties":{"kind":"minor","name":"Hudson Terrace","bridge":false}},{"type":"Feature","geometry":{"type":"LineString","coordinates":[[-73.977399,40.820513],[-73.977887,40.82074],[-73.979275,40.821477]]},"properties":{"kind":"minor","name":"Russell Avenue","bridge":false}},{"type":"Feature","geometry":{"type":"LineString","coordinates":[[-73.977835,40.823802],[-73.978186,40.824021],[-73.978297,40.824111],[-73.978322,40.824191],[-73.978325,40.824266],[-73.978275,40.824584]]},"properties":{"kind":"minor","name":"Old Wood Road","bridge":false}},{"type":"Feature","geometry":{"type":"LineString","coordinates":[[-73.9671,40.844917],[-73.968063,40.845429]]},"properties":{"kind":"minor","name":"Veterans Way","bridge":false}},{"type":"Feature","geometry":{"type":"LineString","coordinates":[[-73.98345,40.820289],[-73.983841,40.819666],[-73.984252,40.818927],[-73.984555,40.818318],[-73.984614,40.818139],[-73.984649,40.817968]]},"properties":{"kind":"minor","name":"Winterburn Grove","bridge":false}},{"type":"Feature","geometry":{"type":"LineString","coordinates":[[-73.984272,40.817761],[-73.984649,40.817968],[-73.98607,40.818807],[-73.987595,40.819693],[-73.988084,40.819968]]},"properties":{"kind":"major","name":"Edgewater Road","bridge":false}},{"type":"Feature","geometry":{"type":"LineString","coordinates":[[-73.981829,40.817475],[-73.981912,40.817414],[-73.982834,40.816828],[-73.983114,40.816592],[-73.983308,40.816408],[-73.983437,40.816257],[-73.983841,40.815833],[-73.983891,40.815801],[-73.984023,40.815769],[-73.984163,40.815764],[-73.984425,40.815808],[-73.984602,40.815811],[-73.984813,40.815756],[-73.985008,40.815749],[-73.985043,40.815644],[-73.985143,40.815571]]},"properties":{"kind":"minor","name":"Edgewater Road","bridge":false}},{"type":"Feature","geometry":{"type":"LineString","coordinates":[[-73.984272,40.817761],[-73.984482,40.817165],[-73.985008,40.815749]]},"properties":{"kind":"minor","name":"Edgewater Road","bridge":false}},{"type":"Feature","geometry":{"type":"LineString","coordinates":[[-73.993043,40.811156],[-73.993668,40.811495],[-73.994273,40.811845]]},"properties":{"kind":"minor","name":"Day Avenue","bridge":false}},{"type":"Feature","geometry":{"type":"LineString","coordinates":[[-73.974837,40.838482],[-73.974798,40.838383]]},"properties":{"kind":"minor","name":"Horizon Road","bridge":false}},{"type":"Feature","geometry":{"type":"LineString","coordinates":[[-73.978371,40.829734],[-73.977649,40.829346]]},"properties":{"kind":"minor","name":"Victoria Place West","bridge":false}},{"type":"Feature","geometry":{"type":"LineString","coordinates":[[-73.990143,40.813913],[-73.99024,40.813647],[-73.990291,40.813431]]},"properties":{"kind":"major","name":"Gorge Road","bridge":false}},{"type":"Feature","geometry":{"type":"LineString","coordinates":[[-73.979201,40.818498],[-73.980711,40.819359]]},"properties":{"kind":"minor","name":"Vreeland Terrace","bridge":false}},{"type":"Feature","geometry":{"type":"LineString","coordinates":[[-73.981199,40.821039],[-73.982421,40.82173]]},"properties":{"kind":"minor","name":"Lincoln Avenue","bridge":false}},{"type":"Feature","geometry":{"type":"LineString","coordinates":[[-73.992673,40.811799],[-73.993829,40.812455]]},"properties":{"kind":"minor","name":"Riverview Place","bridge":false}},{"type":"Feature","geometry":{"type":"LineString","coordinates":[[-73.976791,40.830648],[-73.976501,40.831413],[-73.976447,40.831492],[-73.976361,40.831572],[-73.976235,40.831629],[-73.976165,40.831681],[-73.975955,40.831866],[-73.975821,40.831997],[-73.975611,40.832293],[-73.975555,40.832434],[-73.975417,40.832971],[-73.975315,40.833431],[-73.975244,40.833647],[-73.975154,40.833843],[-73.974852,40.83443]]},"properties":{"kind":"minor","name":"Arcadian Way","bridge":false}},{"type":"Feature","geometry":{"type":"LineString","coordinates":[[-73.984762,40.809055],[-73.983027,40.808392]]},"properties":{"kind":"minor","name":"Independence Way","bridge":false}},{"type":"Feature","geometry":{"type":"LineString","coordinates":[[-73.985067,40.808469],[-73.985143,40.808505],[-73.987656,40.809463],[-73.987747,40.809515],[-73.987806,40.809585],[-73.987793,40.809679],[-73.987691,40.809858],[-73.987514,40.810127]]},"properties":{"kind":"minor","name":"Independence Way","bridge":false}},{"type":"Feature","geometry":{"type":"LineString","coordinates":[[-73.96578,40.847522],[-73.965678,40.847401],[-73.965641,40.84733],[-73.965608,40.84715],[-73.965495,40.846889],[-73.965351,40.846701],[-73.965255,40.846624],[-73.965161,40.846578],[-73.965048,40.846538],[-73.964937,40.846517],[-73.964828,40.846501],[-73.964646,40.846512],[-73.964409,40.846581],[-73.964012,40.846834],[-73.963881,40.846935],[-73.963634,40.847153],[-73.963534,40.847275],[-73.963461,40.847387],[-73.963196,40.847966],[-73.963014,40.848304],[-73.962575,40.849048],[-73.962335,40.849407],[-73.961891,40.850035],[-73.961313,40.850933],[-73.961133,40.851154],[-73.960923,40.851389],[-73.960731,40.851649],[-73.96064,40.851789],[-73.960574,40.851918],[-73.960122,40.852942]]},"properties":{"kind":"minor","name":"Henry Hudson Drive","bridge":false}},{"type":"Feature","geometry":{"type":"LineString","coordinates":[[-73.977088,40.823612],[-73.976874,40.823809],[-73.976709,40.823991],[-73.976641,40.824091],[-73.975094,40.826619]]},"properties":{"kind":"minor","name":"Edgewater Place","bridge":false}},{"type":"Feature","geometry":{"type":"LineString","coordinates":[[-73.969912,40.840291],[-73.97113,40.840764]]},"properties":{"kind":"minor","name":"Park Street","bridge":false}},{"type":"Feature","geometry":{"type":"LineString","coordinates":[[-73.988187,40.815665],[-73.987569,40.815365]]},"properties":{"kind":"minor","name":"Overlook Avenue","bridge":false}},{"type":"Feature","geometry":{"type":"LineString","coordinates":[[-73.980505,40.828363],[-73.980544,40.828184],[-73.98052,40.828038],[-73.98048,40.827996]]},"properties":{"kind":"minor","name":"Winston Drive","bridge":false}},{"type":"Feature","geometry":{"type":"LineString","coordinates":[[-73.97558,40.82743],[-73.974894,40.827026],[-73.974521,40.827627],[-73.974422,40.827651]]},"properties":{"kind":"minor","name":"Columbia Terrace","bridge":false}},{"type":"Feature","geometry":{"type":"LineString","coordinates":[[-73.993668,40.811495],[-73.994129,40.810875],[-73.994361,40.810524],[-73.994566,40.810126],[-73.995173,40.809192]]},"properties":{"kind":"minor","name":"Rothwell Avenue","bridge":false}},{"type":"Feature","geometry":{"type":"LineString","coordinates":[[-73.966767,40.848647],[-73.966249,40.849812]]},"properties":{"kind":"minor","name":"Federspiel Street","bridge":false}},{"type":"Feature","geometry":{"type":"LineString","coordinates":[[-73.991904,40.810266],[-73.992451,40.810496],[-73.993234,40.810905]]},"properties":{"kind":"minor","name":"Laird Place","bridge":false}},{"type":"Feature","geometry":{"type":"LineString","coordinates":[[-73.982235,40.8196],[-73.98345,40.820289],[-73.984572,40.8209],[-73.986304,40.821873],[-73.986762,40.822139]]},"properties":{"kind":"minor","name":"Riverview Avenue","bridge":false}},{"type":"Feature","geometry":{"type":"LineString","coordinates":[[-73.986832,40.822028],[-73.986387,40.822033],[-73.986274,40.822061],[-73.986168,40.822105],[-73.986063,40.822155],[-73.985947,40.822229],[-73.985857,40.822314],[-73.985705,40.822521],[-73.985387,40.823014],[-73.985154,40.823282],[-73.984032,40.824628],[-73.983886,40.824761]]},"properties":{"kind":"major","name":"Palisade Avenue","bridge":false}},{"type":"Feature","geometry":{"type":"LineString","coordinates":[[-73.978346,40.825429],[-73.98041,40.826594],[-73.980761,40.826806],[-73.980817,40.826855]]},"properties":{"kind":"minor","name":"Lafayette Avenue","bridge":false}},{"type":"Feature","geometry":{"type":"LineString","coordinates":[[-73.977912,40.827086],[-73.977947,40.827552],[-73.978033,40.827853],[-73.978046,40.828001],[-73.97798,40.82826],[-73.977979,40.828353],[-73.978062,40.828557]]},"properties":{"kind":"minor","name":"Palisadium Drive","bridge":false}},{"type":"Feature","geometry":{"type":"LineString","coordinates":[[-73.97774,40.82925],[-73.977649,40.829346]]},"properties":{"kind":"minor","name":"King Court","bridge":false}},{"type":"Feature","geometry":{"type":"LineString","coordinates":[[-73.974965,40.825635],[-73.974546,40.826299]]},"properties":{"kind":"minor","name":"McCurry Lane","bridge":false}},{"type":"Feature","geometry":{"type":"LineString","coordinates":[[-73.978751,40.824792],[-73.981697,40.826479]]},"properties":{"kind":"minor","name":"Knox Avenue","bridge":false}},{"type":"Feature","geometry":{"type":"LineString","coordinates":[[-73.989737,40.817841],[-73.989855,40.8179]]},"properties":{"kind":"minor","name":"Park Avenue","bridge":false}},{"type":"Feature","geometry":{"type":"LineString","coordinates":[[-73.989737,40.817841],[-73.988852,40.817609]]},"properties":{"kind":"minor","name":"Park Avenue","bridge":false}},{"type":"Feature","geometry":{"type":"LineString","coordinates":[[-73.972998,40.825615],[-73.973026,40.825669],[-73.973064,40.825687],[-73.973265,40.825745],[-73.974012,40.826],[-73.974546,40.826299],[-73.975822,40.827044]]},"properties":{"kind":"minor","name":"Hilliard Avenue","bridge":false}},{"type":"Feature","geometry":{"type":"LineString","coordinates":[[-73.991111,40.815102],[-73.990399,40.814847],[-73.989825,40.814676]]},"properties":{"kind":"minor","name":"Cottage Lane","bridge":false}},{"type":"Feature","geometry":{"type":"LineString","coordinates":[[-73.981696,40.829083],[-73.980599,40.82847]]},"properties":{"kind":"minor","name":"Wayne Avenue","bridge":false}},{"type":"Feature","geometry":{"type":"LineString","coordinates":[[-73.985337,40.818378],[-73.984713,40.819475],[-73.984649,40.819569]]},"properties":{"kind":"minor","name":"Longview Place","bridge":false}},{"type":"Feature","geometry":{"type":"LineString","coordinates":[[-73.974186,40.836127],[-73.975092,40.83657],[-73.975293,40.836693]]},"properties":{"kind":"minor","name":"Euclid Road","bridge":false}},{"type":"Feature","geometry":{"type":"LineString","coordinates":[[-73.978343,40.822983],[-73.978045,40.82287]]},"properties":{"kind":"minor","name":"Crown Court","bridge":false}},{"type":"Feature","geometry":{"type":"LineString","coordinates":[[-73.976443,40.821981],[-73.97656,40.821957],[-73.976758,40.821934],[-73.976864,40.821944]]},"properties":{"kind":"minor","name":"Crown Court","bridge":false}},{"type":"Feature","geometry":{"type":"LineString","coordinates":[[-73.968097,40.843145],[-73.969167,40.843792]]},"properties":{"kind":"minor","name":"Casta Lane","bridge":false}},{"type":"Feature","geometry":{"type":"LineString","coordinates":[[-73.971639,40.837349],[-73.971602,40.83739],[-73.971107,40.838704]]},"properties":{"kind":"minor","name":"Myrtle Avenue","bridge":false}},{"type":"Feature","geometry":{"type":"LineString","coordinates":[[-73.972336,40.835176],[-73.972175,40.835419],[-73.972127,40.83553],[-73.971676,40.83731],[-73.971639,40.837349]]},"properties":{"kind":"minor","name":"Myrtle Avenue","bridge":false}},{"type":"Feature","geometry":{"type":"LineString","coordinates":[[-73.992558,40.809303],[-73.992846,40.808845],[-73.993191,40.808337]]},"properties":{"kind":"minor","name":"Pine Street","bridge":false}},{"type":"Feature","geometry":{"type":"LineString","coordinates":[[-73.964345,40.85167],[-73.964808,40.851711]]},"properties":{"kind":"minor","name":"Central Avenue","bridge":false}},{"type":"Feature","geometry":{"type":"LineString","coordinates":[[-73.977161,40.829856],[-73.977649,40.829346]]},"properties":{"kind":"minor","name":"King Court","bridge":false}},{"type":"Feature","geometry":{"type":"LineString","coordinates":[[-73.97774,40.82925],[-73.978054,40.828926],[-73.978075,40.828873],[-73.978031,40.828745],[-73.977883,40.828507],[-73.977774,40.828424]]},"properties":{"kind":"minor","name":"King Court","bridge":false}},{"type":"Feature","geometry":{"type":"LineString","coordinates":[[-73.967766,40.843453],[-73.967841,40.843483],[-73.968182,40.843675],[-73.96889,40.844122],[-73.968902,40.844152],[-73.968796,40.844256]]},"properties":{"kind":"minor","name":"Yorkview Drive","bridge":false}},{"type":"Feature","geometry":{"type":"LineString","coordinates":[[-73.986783,40.819221],[-73.985738,40.82027]]},"properties":{"kind":"minor","name":"Everett Place","bridge":false}},{"type":"Feature","geometry":{"type":"LineString","coordinates":[[-73.973928,40.829291],[-73.973574,40.829905]]},"properties":{"kind":"minor","name":"Adelaide Place","bridge":false}},{"type":"Feature","geometry":{"type":"LineString","coordinates":[[-73.978762,40.830763],[-73.978694,40.830708],[-73.978546,40.830617],[-73.977161,40.829856],[-73.976643,40.829557],[-73.976495,40.829431],[-73.976438,40.829342],[-73.976414,40.82927],[-73.976413,40.829194],[-73.976475,40.829011]]},"properties":{"kind":"minor","name":"Kensington Drive","bridge":false}},{"type":"Feature","geometry":{"type":"LineString","coordinates":[[-73.970712,40.841399],[-73.969931,40.841103]]},"properties":{"kind":"minor","name":"Orchard Street","bridge":false}},{"type":"Feature","geometry":{"type":"LineString","coordinates":[[-73.970195,40.839696],[-73.970313,40.839737],[-73.970483,40.839826],[-73.970826,40.839954],[-73.971115,40.83962]]},"properties":{"kind":"minor","name":"Lasher Lane","bridge":false}},{"type":"Feature","geometry":{"type":"LineString","coordinates":[[-73.978378,40.822931],[-73.978764,40.823085],[-73.978804,40.823087],[-73.978835,40.823071],[-73.978865,40.82304],[-73.979623,40.821779],[-73.980493,40.820526],[-73.980493,40.820473],[-73.980465,40.820443],[-73.980129,40.820302]]},"properties":{"kind":"minor","name":"Oakdene Terrace","bridge":false}},{"type":"Feature","geometry":{"type":"LineString","coordinates":[[-73.985705,40.822521],[-73.986263,40.822823]]},"properties":{"kind":"minor","name":"Oakdene Place","bridge":false}},{"type":"Feature","geometry":{"type":"LineString","coordinates":[[-73.99202,40.810315],[-73.992365,40.809813]]},"properties":{"kind":"minor","name":"Gigante Terrace","bridge":false}},{"type":"Feature","geometry":{"type":"LineString","coordinates":[[-73.978729,40.830859],[-73.978613,40.830967],[-73.978568,40.830985],[-73.978516,40.830985],[-73.978478,40.830971],[-73.97683,40.830066],[-73.976808,40.830035],[-73.976804,40.829999],[-73.976821,40.829967],[-73.977022,40.82977]]},"properties":{"kind":"minor","name":"Mayfair Lane","bridge":false}},{"type":"Feature","geometry":{"type":"LineString","coordinates":[[-73.992038,40.813168],[-73.992942,40.813671]]},"properties":{"kind":"minor","name":"Main Street","bridge":false}},{"type":"Feature","geometry":{"type":"LineString","coordinates":[[-73.965264,40.848028],[-73.96504,40.848433]]},"properties":{"kind":"major","name":"Main Street","bridge":false}},{"type":"Feature","geometry":{"type":"LineString","coordinates":[[-73.973387,40.827098],[-73.973763,40.827275],[-73.974422,40.827651],[-73.974885,40.827941],[-73.975167,40.828081]]},"properties":{"kind":"minor","name":"Dempsey Avenue","bridge":false}},{"type":"Feature","geometry":{"type":"LineString","coordinates":[[-73.980397,40.830863],[-73.979503,40.830378]]},"properties":{"kind":"minor","name":"Cumbermeade Road","bridge":false}},{"type":"Feature","geometry":{"type":"LineString","coordinates":[[-73.967604,40.84679],[-73.967398,40.847247],[-73.967285,40.847277],[-73.967213,40.84728],[-73.966314,40.84705]]},"properties":{"kind":"minor","name":"Massa Lane","bridge":false}},{"type":"Feature","geometry":{"type":"LineString","coordinates":[[-73.974885,40.827941],[-73.974699,40.828138],[-73.974551,40.82844],[-73.974544,40.828598],[-73.974515,40.828848],[-73.974476,40.829018],[-73.973568,40.828441],[-73.973741,40.828233],[-73.974307,40.8277],[-73.974422,40.827651]]},"properties":{"kind":"minor","name":"Panorama Drive","bridge":false}},{"type":"Feature","geometry":{"type":"LineString","coordinates":[[-73.964202,40.852571],[-73.964531,40.852606]]},"properties":{"kind":"major","name":"Bridge Plaza South","bridge":false}},{"type":"Feature","geometry":{"type":"LineString","coordinates":[[-73.980871,40.821698],[-73.981883,40.822273]]},"properties":{"kind":"minor","name":"Washington Avenue","bridge":false}},{"type":"Feature","geometry":{"type":"LineString","coordinates":[[-73.982963,40.819159],[-73.983841,40.819666]]},"properties":{"kind":"minor","name":"Claremont Avenue","bridge":false}},{"type":"Feature","geometry":{"type":"LineString","coordinates":[[-73.971248,40.83715],[-73.971409,40.836461],[-73.971576,40.835879],[-73.971714,40.835345],[-73.97175,40.835265],[-73.971947,40.83497]]},"properties":{"kind":"minor","name":"North Glen Lane","bridge":false}},{"type":"Feature","geometry":{"type":"LineString","coordinates":[[-73.987133,40.816862],[-73.987241,40.816799],[-73.987334,40.816723],[-73.988187,40.815665],[-73.988753,40.814983],[-73.989083,40.814724],[-73.989222,40.814628],[-73.989376,40.814545]]},"properties":{"kind":"minor","name":"Adolphus Avenue","bridge":false}},{"type":"Feature","geometry":{"type":"LineString","coordinates":[[-73.984982,40.823493],[-73.985542,40.823811]]},"properties":{"kind":"minor","name":"Delia Place","bridge":false}},{"type":"Feature","geometry":{"type":"LineString","coordinates":[[-73.977714,40.823997],[-73.975882,40.822882]]},"properties":{"kind":"minor","name":"Garden Place","bridge":false}},{"type":"Feature","geometry":{"type":"LineString","coordinates":[[-73.974291,40.831852],[-73.97551,40.83224],[-73.975649,40.832318],[-73.976153,40.832739],[-73.976279,40.832827],[-73.976436,40.832915],[-73.977075,40.833181],[-73.977229,40.833207]]},"properties":{"kind":"minor","name":"Claremont Road","bridge":false}},{"type":"Feature","geometry":{"type":"LineString","coordinates":[[-73.9797,40.823629],[-73.980253,40.823936]]},"properties":{"kind":"minor","name":"Lawton Avenue","bridge":false}},{"type":"Feature","geometry":{"type":"LineString","coordinates":[[-73.980174,40.828958],[-73.980262,40.829081]]},"properties":{"kind":"minor","name":"Marion Avenue","bridge":false}},{"type":"Feature","geometry":{"type":"LineString","coordinates":[[-73.966549,40.848481],[-73.966442,40.84846],[-73.966325,40.848469],[-73.965869,40.84854],[-73.965642,40.848556],[-73.96504,40.848433]]},"properties":{"kind":"minor","name":"Old Palisade Road","bridge":false}},{"type":"Feature","geometry":{"type":"LineString","coordinates":[[-73.97774,40.82925],[-73.977076,40.828891],[-73.977038,40.82886],[-73.977013,40.828815],[-73.97701,40.828771],[-73.977159,40.828383],[-73.9772,40.828311],[-73.97733,40.828186]]},"properties":{"kind":"minor","name":"Victoria Place East","bridge":false}},{"type":"Feature","geometry":{"type":"LineString","coordinates":[[-73.984272,40.817761],[-73.98413,40.817716],[-73.984063,40.81771],[-73.983957,40.817722],[-73.983882,40.817759],[-73.983857,40.81779],[-73.983775,40.817992],[-73.983426,40.818663],[-73.982963,40.819159]]},"properties":{"kind":"minor","name":"Hilltop Terrace","bridge":false}},{"type":"Feature","geometry":{"type":"LineString","coordinates":[[-73.979951,40.829612],[-73.979851,40.829555]]},"properties":{"kind":"minor","name":"Tower Drive","bridge":false}},{"type":"Feature","geometry":{"type":"LineString","coordinates":[[-73.968841,40.842379],[-73.969724,40.842946]]},"properties":{"kind":"minor","name":"Palisade Terrace","bridge":false}},{"type":"Feature","geometry":{"type":"LineString","coordinates":[[-73.992508,40.814265],[-73.992104,40.814046],[-73.990795,40.8137]]},"properties":{"kind":"minor","name":"Wheeler Street","bridge":false}},{"type":"Feature","geometry":{"type":"LineString","coordinates":[[-73.9793,40.824255],[-73.982106,40.825848]]},"properties":{"kind":"minor","name":"Grant Avenue","bridge":false}},{"type":"Feature","geometry":{"type":"LineString","coordinates":[[-73.978868,40.829085],[-73.97841,40.829565],[-73.978383,40.829619],[-73.978363,40.829787],[-73.97833,40.829847],[-73.977931,40.83028]]},"properties":{"kind":"minor","name":"Lenox Court","bridge":false}},{"type":"Feature","geometry":{"type":"LineString","coordinates":[[-73.984783,40.824851],[-73.984141,40.824494]]},"properties":{"kind":"minor","name":"Crescent Lane","bridge":false}},{"type":"Feature","geometry":{"type":"LineString","coordinates":[[-73.98029,40.822212],[-73.981351,40.822811]]},"properties":{"kind":"minor","name":"Crescent Avenue","bridge":false}},{"type":"Feature","geometry":{"type":"LineString","coordinates":[[-73.968509,40.842705],[-73.968418,40.842677],[-73.96827,40.842672],[-73.968162,40.842697],[-73.968013,40.842765],[-73.967912,40.842788],[-73.967692,40.842767]]},"properties":{"kind":"minor","name":"Vista Lane","bridge":false}},{"type":"Feature","geometry":{"type":"LineString","coordinates":[[-73.973264,40.828868],[-73.972806,40.829629],[-73.97278,40.829695]]},"properties":{"kind":"minor","name":"Beverly Place","bridge":false}},{"type":"Feature","geometry":{"type":"LineString","coordinates":[[-73.987514,40.819644],[-73.98647,40.820681]]},"properties":{"kind":"minor","name":"Williams Terrace","bridge":false}},{"type":"Feature","geometry":{"type":"LineString","coordinates":[[-73.995966,40.809482],[-73.99567,40.809931]]},"properties":{"kind":"minor","name":"Summit Avenue","bridge":false}},{"type":"Feature","geometry":{"type":"LineString","coordinates":[[-73.976438,40.829342],[-73.976291,40.829414],[-73.976233,40.82946],[-73.976191,40.829517],[-73.97618,40.829572]]},"properties":{"kind":"minor","name":"Ascot Way","bridge":false}},{"type":"Feature","geometry":{"type":"LineString","coordinates":[[-73.96685,40.845467],[-73.967043,40.845542],[-73.967392,40.845695],[-73.967706,40.845847]]},"properties":{"kind":"minor","name":"Hooks Lane","bridge":false}},{"type":"Feature","geometry":{"type":"LineString","coordinates":[[-73.990051,40.814188],[-73.991372,40.814588]]},"properties":{"kind":"major","name":"Walker Street","bridge":false}},{"type":"Feature","geometry":{"type":"LineString","coordinates":[[-73.991372,40.814588],[-73.991984,40.814983]]},"properties":{"kind":"major","name":"Walker Street","bridge":false}},{"type":"Feature","geometry":{"type":"LineString","coordinates":[[-73.983187,40.817934],[-73.983659,40.818216]]},"properties":{"kind":"minor","name":"Fox Terrace","bridge":false}},{"type":"Feature","geometry":{"type":"LineString","coordinates":[[-74.003724,40.791982],[-74.001998,40.791181],[-74.000964,40.790687]]},"properties":{"kind":"major","name":"69th Street","bridge":false}},{"type":"Feature","geometry":{"type":"LineString","coordinates":[[-74.013899,40.780721],[-74.014032,40.780761],[-74.01414,40.780858],[-74.014431,40.781289],[-74.014597,40.781504],[-74.014706,40.781575],[-74.014898,40.781676]]},"properties":{"kind":"minor","name":"52nd Street","bridge":false}},{"type":"Feature","geometry":{"type":"LineString","coordinates":[[-74.020538,40.77465],[-74.021191,40.774955]]},"properties":{"kind":"minor","name":"41st Street","bridge":false}},{"type":"Feature","geometry":{"type":"LineString","coordinates":[[-74.011832,40.786731],[-74.010727,40.788101]]},"properties":{"kind":"minor","name":"Fillmore Place","bridge":false}},{"type":"Feature","geometry":{"type":"LineString","coordinates":[[-74.00934,40.791198],[-74.008865,40.791784],[-74.008406,40.792373]]},"properties":{"kind":"minor","name":"Hudson Avenue","bridge":false}},{"type":"Feature","geometry":{"type":"LineString","coordinates":[[-74.000727,40.788187],[-74.001019,40.787871],[-74.001405,40.787505],[-74.001818,40.787066],[-74.002277,40.786501]]},"properties":{"kind":"major","name":"Port Imperial Boulevard","bridge":false}},{"type":"Feature","geometry":{"type":"LineString","coordinates":[[-74.019962,40.767782],[-74.019873,40.767747],[-74.019828,40.767749],[-74.019806,40.767762],[-74.019707,40.767903]]},"properties":{"kind":"minor","name":"","bridge":false}},{"type":"Feature","geometry":{"type":"LineString","coordinates":[[-73.998396,40.799314],[-73.998107,40.799387],[-73.997863,40.799461],[-73.997446,40.799613],[-73.997299,40.799685],[-73.997158,40.799779],[-73.997041,40.799871],[-73.996843,40.800056]]},"properties":{"kind":"minor","name":"","bridge":false}},{"type":"Feature","geometry":{"type":"LineString","coordinates":[[-73.993118,40.797171],[-73.99333,40.797164],[-73.992896,40.797012],[-73.992831,40.797017],[-73.992757,40.797055],[-73.99272,40.797166],[-73.992792,40.797222],[-73.993118,40.797171]]},"properties":{"kind":"minor","name":"Cove Lane North","bridge":false}},{"type":"Feature","geometry":{"type":"LineString","coordinates":[[-74.002964,40.785658],[-74.002892,40.78558],[-74.002249,40.7853],[-74.00212,40.785285]]},"properties":{"kind":"minor","name":"Oswego Court","bridge":false}},{"type":"Feature","geometry":{"type":"LineString","coordinates":[[-74.01678,40.779334],[-74.018092,40.77771],[-74.018101,40.777613],[-74.018087,40.777579],[-74.018057,40.777548]]},"properties":{"kind":"major","name":"Broadway","bridge":false}},{"type":"Feature","geometry":{"type":"LineString","coordinates":[[-74.010775,40.785389],[-74.011004,40.785115]]},"properties":{"kind":"minor","name":"Buchanan Place","bridge":false}},{"type":"Feature","geometry":{"type":"LineString","coordinates":[[-73.996179,40.804061],[-73.996419,40.803847]]},"properties":{"kind":"major","name":"Wall Street","bridge":false}},{"type":"Feature","geometry":{"type":"LineString","coordinates":[[-74.007558,40.784731],[-74.007152,40.784543],[-74.006673,40.784346],[-74.006438,40.784303],[-74.00628,40.784288],[-74.006109,40.784289],[-74.005868,40.784322],[-74.00574,40.784358],[-74.005591,40.784415],[-74.005304,40.784582],[-74.003839,40.785647],[-74.003581,40.785871],[-74.002948,40.786516],[-74.002565,40.786971],[-74.001658,40.788102],[-74.00144,40.788352],[-74.001284,40.78849]]},"properties":{"kind":"major","name":"Hillside Road","bridge":false}},{"type":"Feature","geometry":{"type":"LineString","coordinates":[[-73.993223,40.795997],[-73.994609,40.796511],[-73.994629,40.796554]]},"properties":{"kind":"minor","name":"Riverview Circle","bridge":false}},{"type":"Feature","geometry":{"type":"LineString","coordinates":[[-74.012078,40.785196],[-74.010364,40.784396]]},"properties":{"kind":"minor","name":"58th Street","bridge":false}},{"type":"Feature","geometry":{"type":"LineString","coordinates":[[-74.020157,40.77165],[-74.019777,40.772505]]},"properties":{"kind":"minor","name":"Nesbit Street","bridge":false}},{"type":"Feature","geometry":{"type":"LineString","coordinates":[[-74.016183,40.771824],[-74.019126,40.773086]]},"properties":{"kind":"minor","name":"Hudson Place","bridge":false}},{"type":"Feature","geometry":{"type":"LineString","coordinates":[[-74.01487,40.776874],[-74.015313,40.77631],[-74.015749,40.77572]]},"properties":{"kind":"minor","name":"Louisa Place","bridge":false}},{"type":"Feature","geometry":{"type":"LineString","coordinates":[[-74.018632,40.769441],[-74.017922,40.769145],[-74.017864,40.769137],[-74.017815,40.769148],[-74.016804,40.770476],[-74.016788,40.770558],[-74.016838,40.770806]]},"properties":{"kind":"minor","name":"Hamilton Avenue","bridge":false}},{"type":"Feature","geometry":{"type":"LineString","coordinates":[[-74.020159,40.768626],[-74.020239,40.768661],[-74.020244,40.768684],[-74.0184,40.771135]]},"properties":{"kind":"minor","name":"Bonn Place","bridge":false}},{"type":"Feature","geometry":{"type":"LineString","coordinates":[[-74.000028,40.788089],[-74.000397,40.788257]]},"properties":{"kind":"minor","name":"Brower Court","bridge":false}},{"type":"Feature","geometry":{"type":"LineString","coordinates":[[-74.019462,40.768352],[-74.020159,40.768626]]},"properties":{"kind":"minor","name":"Bellevue Terrace","bridge":false}},{"type":"Feature","geometry":{"type":"LineString","coordinates":[[-74.008505,40.785186],[-74.009261,40.785543]]},"properties":{"kind":"major","name":"60th Street","bridge":false}},{"type":"Feature","geometry":{"type":"LineString","coordinates":[[-73.996836,40.799378],[-73.996669,40.799329],[-73.996643,40.79931],[-73.996623,40.799287],[-73.996533,40.799114],[-73.996493,40.799077],[-73.996432,40.799043],[-73.996301,40.799031],[-73.996234,40.799044],[-73.996175,40.799068],[-73.996114,40.799116],[-73.995556,40.799654],[-73.995099,40.80006],[-73.994624,40.800447],[-73.99438,40.800588],[-73.994164,40.800601],[-73.994017,40.800573]]},"properties":{"kind":"major","name":"Bulls Ferry Road","bridge":false}},{"type":"Feature","geometry":{"type":"LineString","coordinates":[[-74.009843,40.786561],[-74.008782,40.786058]]},"properties":{"kind":"minor","name":"Westover Place","bridge":false}},{"type":"Feature","geometry":{"type":"LineString","coordinates":[[-74.005741,40.789512],[-74.003043,40.788262]]},"properties":{"kind":"minor","name":"65th Street","bridge":false}},{"type":"Feature","geometry":{"type":"LineString","coordinates":[[-73.993163,40.805825],[-73.993326,40.80587],[-73.993457,40.805927],[-73.993515,40.805914],[-73.993581,40.805654],[-73.993758,40.804505]]},"properties":{"kind":"minor","name":"Churchill Road","bridge":false}},{"type":"Feature","geometry":{"type":"LineString","coordinates":[[-74.004452,40.786508],[-74.005591,40.787022],[-74.007145,40.787762],[-74.010228,40.789195]]},"properties":{"kind":"minor","name":"62nd Street","bridge":false}},{"type":"Feature","geometry":{"type":"LineString","coordinates":[[-74.012509,40.782176],[-74.015063,40.783354]]},"properties":{"kind":"minor","name":"54th Street","bridge":false}},{"type":"Feature","geometry":{"type":"LineString","coordinates":[[-74.007704,40.785963],[-74.00771,40.785849]]},"properties":{"kind":"minor","name":"Monitor Place","bridge":false}},{"type":"Feature","geometry":{"type":"LineString","coordinates":[[-74.019201,40.774727],[-74.018907,40.775122]]},"properties":{"kind":"minor","name":"Gravert Place","bridge":false}},{"type":"Feature","geometry":{"type":"LineString","coordinates":[[-74.02185,40.769307],[-74.021973,40.769294],[-74.022716,40.76936]]},"properties":{"kind":"minor","name":"Denning Place","bridge":false}},{"type":"Feature","geometry":{"type":"LineString","coordinates":[[-74.017247,40.778749],[-74.018126,40.779157]]},"properties":{"kind":"minor","name":"47th Street","bridge":false}},{"type":"Feature","geometry":{"type":"LineString","coordinates":[[-74.016615,40.778455],[-74.013945,40.777213],[-74.013825,40.77718]]},"properties":{"kind":"minor","name":"47th Street","bridge":false}},{"type":"Feature","geometry":{"type":"LineString","coordinates":[[-74.022716,40.76936],[-74.022684,40.769575],[-74.022654,40.76966],[-74.022614,40.769735],[-74.021919,40.770623]]},"properties":{"kind":"minor","name":"Hauxhurst Avenue","bridge":false}},{"type":"Feature","geometry":{"type":"LineString","coordinates":[[-74.000677,40.787697],[-74.000556,40.787852],[-74.000217,40.787701]]},"properties":{"kind":"minor","name":"Half Moon Court","bridge":false}},{"type":"Feature","geometry":{"type":"LineString","coordinates":[[-74.023321,40.772037],[-74.022313,40.771557]]},"properties":{"kind":"minor","name":"36th Street","bridge":false}},{"type":"Feature","geometry":{"type":"LineString","coordinates":[[-74.001059,40.786566],[-74.001708,40.786874]]},"properties":{"kind":"minor","name":"Midland Court","bridge":false}},{"type":"Feature","geometry":{"type":"LineString","coordinates":[[-74.000299,40.794243],[-74.000331,40.794343],[-74.000381,40.79445],[-74.001525,40.794993]]},"properties":{"kind":"major","name":"74th Street","bridge":false}},{"type":"Feature","geometry":{"type":"LineString","coordinates":[[-74.024609,40.770272],[-74.024052,40.770013]]},"properties":{"kind":"minor","name":"Peter Street","bridge":false}},{"type":"Feature","geometry":{"type":"LineString","coordinates":[[-74.016378,40.781552],[-74.01538,40.781072]]},"properties":{"kind":"minor","name":"51st Street","bridge":false}},{"type":"Feature","geometry":{"type":"LineString","coordinates":[[-74.013899,40.780721],[-74.011832,40.779744]]},"properties":{"kind":"minor","name":"51st Street","bridge":false}},{"type":"Feature","geometry":{"type":"LineString","coordinates":[[-74.001229,40.798898],[-73.999257,40.79797],[-73.998093,40.797437]]},"properties":{"kind":"major","name":"79th Street","bridge":false}},{"type":"Feature","geometry":{"type":"LineString","coordinates":[[-74.002981,40.789846],[-74.00346,40.789261]]},"properties":{"kind":"minor","name":"McKinley Place","bridge":false}},{"type":"Feature","geometry":{"type":"LineString","coordinates":[[-74.016886,40.773685],[-74.016656,40.774006]]},"properties":{"kind":"minor","name":"Burr Place","bridge":false}},{"type":"Feature","geometry":{"type":"LineString","coordinates":[[-74.019253,40.771419],[-74.018739,40.772095],[-74.018701,40.772107],[-74.016621,40.771196],[-74.016523,40.77116]]},"properties":{"kind":"minor","name":"Duer Place","bridge":false}},{"type":"Feature","geometry":{"type":"LineString","coordinates":[[-74.001556,40.789979],[-74.004234,40.791229],[-74.004306,40.791272],[-74.008023,40.793002]]},"properties":{"kind":"minor","name":"68th Street","bridge":false}},{"type":"Feature","geometry":{"type":"LineString","coordinates":[[-73.996092,40.803209],[-73.996043,40.803609],[-73.996079,40.803773],[-73.996179,40.804061]]},"properties":{"kind":"major","name":"Woodcliff Avenue","bridge":false}},{"type":"Feature","geometry":{"type":"LineString","coordinates":[[-74.001841,40.785603],[-74.002505,40.785913]]},"properties":{"kind":"minor","name":"Kingston Court","bridge":false}},{"type":"Feature","geometry":{"type":"LineString","coordinates":[[-74.013747,40.785157],[-74.013032,40.78481],[-74.010894,40.783842]]},"properties":{"kind":"minor","name":"57th Street","bridge":false}},{"type":"Feature","geometry":{"type":"LineString","coordinates":[[-74.018724,40.778337],[-74.018079,40.779135]]},"properties":{"kind":"minor","name":"Brown Street","bridge":false}},{"type":"Feature","geometry":{"type":"LineString","coordinates":[[-74.001462,40.791736],[-74.002509,40.79043]]},"properties":{"kind":"minor","name":"Bellevue Avenue","bridge":false}},{"type":"Feature","geometry":{"type":"LineString","coordinates":[[-73.999955,40.788169],[-73.999382,40.787922]]},"properties":{"kind":"minor","name":"Slaugh Court","bridge":false}},{"type":"Feature","geometry":{"type":"LineString","coordinates":[[-73.999638,40.788558],[-74.000024,40.788733]]},"properties":{"kind":"minor","name":"Price Crescent","bridge":false}},{"type":"Feature","geometry":{"type":"LineString","coordinates":[[-73.999405,40.78914],[-73.999804,40.788633]]},"properties":{"kind":"minor","name":"Price Crescent","bridge":false}},{"type":"Feature","geometry":{"type":"LineString","coordinates":[[-74.014111,40.776527],[-74.017332,40.778]]},"properties":{"kind":"minor","name":"46th Street","bridge":false}},{"type":"Feature","geometry":{"type":"LineString","coordinates":[[-74.019207,40.768239],[-74.019462,40.768352]]},"properties":{"kind":"minor","name":"Bellevue Street","bridge":false}},{"type":"Feature","geometry":{"type":"LineString","coordinates":[[-74.01223,40.779069],[-74.011998,40.779412],[-74.011832,40.779744]]},"properties":{"kind":"major","name":"Boulevard East","bridge":false}},{"type":"Feature","geometry":{"type":"LineString","coordinates":[[-74.001122,40.792407],[-74.001257,40.792507],[-74.001378,40.792581],[-74.001494,40.792679],[-74.001528,40.792753],[-74.001551,40.792834],[-74.001556,40.79295],[-74.001317,40.793282],[-74.000983,40.7937],[-74.00087,40.793857]]},"properties":{"kind":"major","name":"Boulevard East","bridge":false}},{"type":"Feature","geometry":{"type":"LineString","coordinates":[[-74.014422,40.775119],[-74.018687,40.777044]]},"properties":{"kind":"minor","name":"Fulton Street","bridge":false}},{"type":"Feature","geometry":{"type":"LineString","coordinates":[[-74.010226,40.789983],[-74.009794,40.789795]]},"properties":{"kind":"minor","name":"63rd Street","bridge":false}},{"type":"Feature","geometry":{"type":"LineString","coordinates":[[-74.021257,40.773448],[-74.022032,40.773803]]},"properties":{"kind":"minor","name":"39th Street","bridge":false}},{"type":"Feature","geometry":{"type":"LineString","coordinates":[[-74.022746,40.77099],[-74.022863,40.771036],[-74.023743,40.771459]]},"properties":{"kind":"minor","name":"35th Street","bridge":false}},{"type":"Feature","geometry":{"type":"LineString","coordinates":[[-74.021231,40.768622],[-74.021012,40.769745],[-74.020859,40.770478],[-74.020787,40.770632],[-74.020686,40.770763],[-74.0205,40.770924],[-74.020327,40.771021],[-74.019987,40.771176]]},"properties":{"kind":"major","name":"Boulevard East","bridge":false}},{"type":"Feature","geometry":{"type":"MultiLineString","coordinates":[[[-73.995556,40.799654],[-73.995818,40.79979],[-73.995829,40.799871],[-73.995255,40.801169]],[[-73.995255,40.801169],[-73.995348,40.801351],[-73.995131,40.801835],[-73.995089,40.801871],[-73.994902,40.801865],[-73.994777,40.80183],[-73.994756,40.801679],[-73.994811,40.801458],[-73.994849,40.801404],[-73.995048,40.801235],[-73.995255,40.801169]]]},"properties":{"kind":"minor","name":"Bergen Ridge Road","bridge":false}},{"type":"Feature","geometry":{"type":"LineString","coordinates":[[-74.001317,40.793282],[-74.00455,40.794797]]},"properties":{"kind":"minor","name":"72nd Street","bridge":false}},{"type":"Feature","geometry":{"type":"LineString","coordinates":[[-74.000688,40.787059],[-74.001268,40.787342]]},"properties":{"kind":"minor","name":"Roslyn Court","bridge":false}},{"type":"Feature","geometry":{"type":"LineString","coordinates":[[-74.005591,40.787022],[-74.006957,40.785603]]},"properties":{"kind":"minor","name":"Highland Place","bridge":false}},{"type":"Feature","geometry":{"type":"LineString","coordinates":[[-74.016323,40.775978],[-74.017806,40.774096]]},"properties":{"kind":"minor","name":"Potter Place","bridge":false}},{"type":"Feature","geometry":{"type":"LineString","coordinates":[[-74.001453,40.786079],[-74.002102,40.786389]]},"properties":{"kind":"minor","name":"Oswego Court","bridge":false}},{"type":"Feature","geometry":{"type":"LineString","coordinates":[[-73.994783,40.805215],[-73.995088,40.805388]]},"properties":{"kind":"minor","name":"Valley Road","bridge":false}},{"type":"Feature","geometry":{"type":"LineString","coordinates":[[-74.020091,40.770289],[-74.019253,40.771419]]},"properties":{"kind":"minor","name":"Parkview Avenue","bridge":false}},{"type":"Feature","geometry":{"type":"LineString","coordinates":[[-74.014808,40.774465],[-74.019076,40.776396],[-74.019185,40.776424]]},"properties":{"kind":"minor","name":"Columbia Terrace","bridge":false}},{"type":"Feature","geometry":{"type":"LineString","coordinates":[[-74.006279,40.785301],[-74.006138,40.785269],[-74.006079,40.785268],[-74.005925,40.785285],[-74.005791,40.785353],[-74.005648,40.785474],[-74.005411,40.785733],[-74.005103,40.786099],[-74.004861,40.786275],[-74.004242,40.786634],[-74.00376,40.787218],[-74.003627,40.787427],[-74.003601,40.787747],[-74.003511,40.787916],[-74.00336,40.788087],[-74.003043,40.788262],[-74.00294,40.78833],[-74.002489,40.788799],[-74.002208,40.789169],[-74.002054,40.789553],[-74.001996,40.789639],[-74.001925,40.789715],[-74.001753,40.789848],[-74.001556,40.789979],[-74.001364,40.790139],[-74.001224,40.790303],[-74.001003,40.790624],[-74.000748,40.791024]]},"properties":{"kind":"major","name":"Boulevard East","bridge":false}},{"type":"Feature","geometry":{"type":"LineString","coordinates":[[-74.007585,40.785838],[-74.00771,40.785849],[-74.007884,40.78581],[-74.007999,40.78575],[-74.008088,40.785676],[-74.008241,40.785496]]},"properties":{"kind":"major","name":"Boulevard East","bridge":false}},{"type":"Feature","geometry":{"type":"LineString","coordinates":[[-74.000809,40.786862],[-74.000363,40.786311]]},"properties":{"kind":"minor","name":"Buffalo Court","bridge":false}},{"type":"Feature","geometry":{"type":"LineString","coordinates":[[-74.008011,40.786853],[-74.01138,40.788402]]},"properties":{"kind":"minor","name":"61st Street","bridge":false}},{"type":"Feature","geometry":{"type":"LineString","coordinates":[[-74.001695,40.785752],[-74.001261,40.785277]]},"properties":{"kind":"minor","name":"Newburgh Court","bridge":false}},{"type":"Feature","geometry":{"type":"LineString","coordinates":[[-73.998286,40.806291],[-73.996905,40.807247]]},"properties":{"kind":"minor","name":"New York Avenue","bridge":false}},{"type":"Feature","geometry":{"type":"LineString","coordinates":[[-73.998458,40.796752],[-73.999819,40.797434],[-74.003528,40.799162]]},"properties":{"kind":"minor","name":"78th Street","bridge":false}},{"type":"Feature","geometry":{"type":"LineString","coordinates":[[-74.008723,40.787174],[-74.008475,40.787513],[-74.008202,40.78786]]},"properties":{"kind":"minor","name":"Johnson Place","bridge":false}},{"type":"Feature","geometry":{"type":"LineString","coordinates":[[-74.008463,40.792399],[-74.008406,40.792373]]},"properties":{"kind":"minor","name":"67th Street","bridge":false}},{"type":"Feature","geometry":{"type":"LineString","coordinates":[[-74.018057,40.777548],[-74.015313,40.77631]]},"properties":{"kind":"minor","name":"Cooper Place","bridge":false}},{"type":"Feature","geometry":{"type":"LineString","coordinates":[[-74.001237,40.786322],[-74.000826,40.785758]]},"properties":{"kind":"minor","name":"Albany Court","bridge":false}},{"type":"Feature","geometry":{"type":"LineString","coordinates":[[-73.998322,40.805408],[-73.998302,40.805361],[-73.99831,40.805319],[-73.998356,40.805221],[-73.99837,40.80514],[-73.998346,40.804909],[-73.998384,40.804812]]},"properties":{"kind":"major","name":"Park Drive","bridge":false}},{"type":"Feature","geometry":{"type":"LineString","coordinates":[[-73.998396,40.799314],[-73.999085,40.799578],[-74.000597,40.800127],[-74.001995,40.800647]]},"properties":{"kind":"minor","name":"Park Drive","bridge":false}},{"type":"Feature","geometry":{"type":"LineString","coordinates":[[-74.002139,40.800566],[-74.002103,40.800421],[-74.001974,40.800081],[-74.001814,40.79983],[-74.00166,40.799711],[-74.00115,40.799428],[-74.001036,40.799333],[-74.000991,40.799282]]},"properties":{"kind":"minor","name":"Park Drive","bridge":false}},{"type":"Feature","geometry":{"type":"LineString","coordinates":[[-73.998322,40.805408],[-73.998464,40.805389],[-73.99876,40.80532],[-73.999049,40.805301]]},"properties":{"kind":"major","name":"Park Drive","bridge":false}},{"type":"Feature","geometry":{"type":"LineString","coordinates":[[-73.99783,40.797674],[-73.998258,40.799013],[-73.998396,40.799314]]},"properties":{"kind":"minor","name":"Park Drive","bridge":false}},{"type":"Feature","geometry":{"type":"LineString","coordinates":[[-74.011424,40.78329],[-74.012807,40.783891]]},"properties":{"kind":"minor","name":"56th Street","bridge":false}},{"type":"Feature","geometry":{"type":"LineString","coordinates":[[-73.994347,40.797046],[-73.994289,40.797121]]},"properties":{"kind":"minor","name":"Cove Lane North","bridge":false}},{"type":"Feature","geometry":{"type":"LineString","coordinates":[[-74.018666,40.774483],[-74.018433,40.774795]]},"properties":{"kind":"minor","name":"Carroll Place","bridge":false}},{"type":"Feature","geometry":{"type":"LineString","coordinates":[[-74.013041,40.778421],[-74.017239,40.780372]]},"properties":{"kind":"major","name":"49th Street","bridge":false}},{"type":"Feature","geometry":{"type":"LineString","coordinates":[[-74.005018,40.794218],[-74.002779,40.793147],[-74.001867,40.792722]]},"properties":{"kind":"minor","name":"71st Street","bridge":false}},{"type":"Feature","geometry":{"type":"LineString","coordinates":[[-74.019253,40.771419],[-74.020157,40.77165],[-74.020949,40.771865],[-74.021796,40.772106],[-74.021909,40.772152]]},"properties":{"kind":"major","name":"Highwood Terrace","bridge":false}},{"type":"Feature","geometry":{"type":"LineString","coordinates":[[-74.022451,40.77323],[-74.021576,40.772831]]},"properties":{"kind":"major","name":"38th Street","bridge":false}},{"type":"Feature","geometry":{"type":"LineString","coordinates":[[-74.024169,40.770875],[-74.023191,40.770419]]},"properties":{"kind":"minor","name":"34th Street","bridge":false}},{"type":"Feature","geometry":{"type":"LineString","coordinates":[[-73.995625,40.804453],[-73.995972,40.804738]]},"properties":{"kind":"minor","name":"Clement Street","bridge":false}},{"type":"Feature","geometry":{"type":"LineString","coordinates":[[-74.000385,40.787409],[-73.999933,40.786849]]},"properties":{"kind":"minor","name":"Fulton Court","bridge":false}},{"type":"Feature","geometry":{"type":"LineString","coordinates":[[-74.004215,40.789616],[-74.003752,40.790203]]},"properties":{"kind":"minor","name":"Lincoln Place","bridge":false}},{"type":"Feature","geometry":{"type":"LineString","coordinates":[[-74.007294,40.79185],[-74.00829,40.791541],[-74.00841,40.79148],[-74.008703,40.791174],[-74.009314,40.790389],[-74.009794,40.789795]]},"properties":{"kind":"minor","name":"Dewey Avenue","bridge":false}},{"type":"Feature","geometry":{"type":"LineString","coordinates":[[-74.015891,40.772473],[-74.018938,40.773797]]},"properties":{"kind":"minor","name":"Eldorado Place","bridge":false}},{"type":"Feature","geometry":{"type":"LineString","coordinates":[[-74.019641,40.775822],[-74.019547,40.775793],[-74.01727,40.774773],[-74.01638,40.774363],[-74.015383,40.773921],[-74.015269,40.77388]]},"properties":{"kind":"major","name":"Clifton Terrace","bridge":false}},{"type":"Feature","geometry":{"type":"LineString","coordinates":[[-73.996592,40.806546],[-73.995601,40.805707]]},"properties":{"kind":"minor","name":"Marks Place","bridge":false}},{"type":"Feature","geometry":{"type":"LineString","coordinates":[[-74.020771,40.775531],[-74.020225,40.775275],[-74.020127,40.775194]]},"properties":{"kind":"minor","name":"42nd Street","bridge":false}},{"type":"Feature","geometry":{"type":"LineString","coordinates":[[-73.996179,40.804061],[-73.995625,40.804453],[-73.995105,40.804866],[-73.994783,40.805215]]},"properties":{"kind":"minor","name":"Wall Street","bridge":false}},{"type":"Feature","geometry":{"type":"LineString","coordinates":[[-73.995825,40.797584],[-73.994347,40.797046]]},"properties":{"kind":"minor","name":"Cove Lane","bridge":false}},{"type":"Feature","geometry":{"type":"LineString","coordinates":[[-73.999831,40.789504],[-74.000544,40.789822],[-74.000625,40.789898],[-74.000663,40.790009]]},"properties":{"kind":"major","name":"Ferry Road","bridge":false}},{"type":"Feature","geometry":{"type":"LineString","coordinates":[[-73.998751,40.788856],[-73.999549,40.789202]]},"properties":{"kind":"minor","name":"Lydia Drive","bridge":false}},{"type":"Feature","geometry":{"type":"LineString","coordinates":[[-73.998896,40.790403],[-73.99832,40.79013],[-73.997882,40.789949],[-73.998092,40.789676],[-73.998332,40.789418],[-73.998968,40.788568]]},"properties":{"kind":"minor","name":"Lydia Drive","bridge":false}},{"type":"Feature","geometry":{"type":"LineString","coordinates":[[-74.021919,40.770623],[-74.021185,40.770285]]},"properties":{"kind":"minor","name":"Jefferson Street","bridge":false}},{"type":"Feature","geometry":{"type":"LineString","coordinates":[[-74.017607,40.770787],[-74.017671,40.770716],[-74.019462,40.768352]]},"properties":{"kind":"minor","name":"King Avenue","bridge":false}},{"type":"Feature","geometry":{"type":"LineString","coordinates":[[-74.021014,40.771883],[-74.020598,40.772736]]},"properties":{"kind":"minor","name":"Edgar Street","bridge":false}},{"type":"Feature","geometry":{"type":"LineString","coordinates":[[-74.020059,40.767643],[-74.019962,40.767782]]},"properties":{"kind":"minor","name":"Kingswood Road","bridge":false}},{"type":"Feature","geometry":{"type":"LineString","coordinates":[[-74.019962,40.767782],[-74.020561,40.768012],[-74.020572,40.768052],[-74.020159,40.768626]]},"properties":{"kind":"minor","name":"Kingswood Road","bridge":false}},{"type":"Feature","geometry":{"type":"LineString","coordinates":[[-74.002489,40.788799],[-74.005261,40.79011]]},"properties":{"kind":"minor","name":"66th Street","bridge":false}},{"type":"Feature","geometry":{"type":"LineString","coordinates":[[-73.993698,40.802893],[-73.993933,40.802901],[-73.994075,40.802932],[-73.994138,40.802994],[-73.994238,40.80336],[-73.994359,40.803866],[-73.994352,40.803923],[-73.994176,40.804354],[-73.994131,40.804442]]},"properties":{"kind":"minor","name":"Churchill Road","bridge":false}},{"type":"Feature","geometry":{"type":"LineString","coordinates":[[-74.015839,40.7805],[-74.016814,40.780954]]},"properties":{"kind":"minor","name":"50th Street","bridge":false}},{"type":"Feature","geometry":{"type":"LineString","coordinates":[[-74.01223,40.779069],[-74.014453,40.780128]]},"properties":{"kind":"minor","name":"50th Street","bridge":false}},{"type":"Feature","geometry":{"type":"LineString","coordinates":[[-74.015604,40.773129],[-74.015712,40.773168],[-74.016886,40.773685],[-74.019201,40.774727],[-74.020068,40.775126],[-74.020127,40.775194]]},"properties":{"kind":"minor","name":"Liberty Place","bridge":false}},{"type":"Feature","geometry":{"type":"LineString","coordinates":[[-74.019253,40.771419],[-74.019123,40.771824],[-74.019058,40.772064],[-74.019078,40.772238],[-74.019239,40.772599],[-74.019237,40.772673],[-74.018938,40.773797],[-74.018759,40.774526]]},"properties":{"kind":"major","name":"Highwood Avenue","bridge":false}},{"type":"Feature","geometry":{"type":"LineString","coordinates":[[-74.019641,40.775822],[-74.02033,40.776135]]},"properties":{"kind":"minor","name":"43rd Street","bridge":false}},{"type":"Feature","geometry":{"type":"LineString","coordinates":[[-74.00983,40.784966],[-74.010775,40.785389],[-74.011583,40.785769]]},"properties":{"kind":"minor","name":"59th Street","bridge":false}},{"type":"Feature","geometry":{"type":"LineString","coordinates":[[-74.013497,40.783426],[-74.012322,40.782881],[-74.011963,40.78273]]},"properties":{"kind":"minor","name":"55th Street","bridge":false}},{"type":"Feature","geometry":{"type":"LineString","coordinates":[[-74.013782,40.777462],[-74.013643,40.777431],[-74.013513,40.777372],[-74.013451,40.777248],[-74.013435,40.777133],[-74.013444,40.777052],[-74.013524,40.7768],[-74.013754,40.776278],[-74.013831,40.776071],[-74.013849,40.77598],[-74.013919,40.775155],[-74.013974,40.774933],[-74.014176,40.774363],[-74.015061,40.773103],[-74.015091,40.773037],[-74.015087,40.773005],[-74.015071,40.772976],[-74.015027,40.77294],[-74.014918,40.772877]]},"properties":{"kind":"major","name":"Pershing Road","bridge":false}},{"type":"Feature","geometry":{"type":"LineString","coordinates":[[-74.013626,40.777875],[-74.015877,40.77892]]},"properties":{"kind":"minor","name":"48th Street","bridge":false}},{"type":"Feature","geometry":{"type":"LineString","coordinates":[[-74.019896,40.77673],[-74.019298,40.776454],[-74.019185,40.776424]]},"properties":{"kind":"minor","name":"44th Street","bridge":false}},{"type":"Feature","geometry":{"type":"LineString","coordinates":[[-73.996905,40.807247],[-73.996318,40.806732]]},"properties":{"kind":"minor","name":"Kamp Place","bridge":false}},{"type":"Feature","geometry":{"type":"LineString","coordinates":[[-73.99778,40.805748],[-73.99571,40.807136]]},"properties":{"kind":"major","name":"Palisade Avenue","bridge":false}},{"type":"Feature","geometry":{"type":"LineString","coordinates":[[-74.021909,40.772152],[-74.022896,40.772619]]},"properties":{"kind":"major","name":"37th Street","bridge":false}},{"type":"Feature","geometry":{"type":"LineString","coordinates":[[-74.010775,40.785389],[-74.010287,40.786022]]},"properties":{"kind":"minor","name":"Buchanan Place","bridge":false}},{"type":"Feature","geometry":{"type":"LineString","coordinates":[[-74.01184,40.781864],[-74.012507,40.781033],[-74.012607,40.780783],[-74.013009,40.780304]]},"properties":{"kind":"minor","name":"Fairview Terrace","bridge":false}},{"type":"Feature","geometry":{"type":"LineString","coordinates":[[-74.023855,40.769599],[-74.024064,40.769331]]},"properties":{"kind":"major","name":"Park Avenue","bridge":false}},{"type":"Feature","geometry":{"type":"LineString","coordinates":[[-73.999545,40.787722],[-73.999382,40.787922],[-73.999301,40.78806],[-73.999169,40.788225]]},"properties":{"kind":"minor","name":"Harbor Place","bridge":false}},{"type":"Feature","geometry":{"type":"LineString","coordinates":[[-73.996101,40.805246],[-73.997158,40.806167]]},"properties":{"kind":"minor","name":"Hillcrest Road","bridge":false}},{"type":"Feature","geometry":{"type":"LineString","coordinates":[[-74.001105,40.795602],[-73.99889,40.794555],[-73.998558,40.794419]]},"properties":{"kind":"minor","name":"75th Street","bridge":false}},{"type":"Feature","geometry":{"type":"LineString","coordinates":[[-74.003607,40.787702],[-74.003772,40.787768],[-74.006208,40.788933],[-74.009776,40.7906]]},"properties":{"kind":"minor","name":"64th Street","bridge":false}},{"type":"Feature","geometry":{"type":"LineString","coordinates":[[-73.927633,40.830142],[-73.927976,40.829788],[-73.928111,40.829666],[-73.92836,40.829464],[-73.928637,40.829264]]},"properties":{"kind":"major","name":"Macombs Dam Bridge","bridge":false}},{"type":"Feature","geometry":{"type":"LineString","coordinates":[[-73.931297,40.827603],[-73.931244,40.827203],[-73.931245,40.827001],[-73.93125,40.826819],[-73.931308,40.826014],[-73.931245,40.82583]]},"properties":{"kind":"highway","name":"","tunnel":"no","bridge":true}},{"type":"Feature","geometry":{"type":"LineString","coordinates":[[-73.930093,40.82681],[-73.930276,40.826912],[-73.93061,40.827037]]},"properties":{"kind":"minor","name":"East 157th Street","bridge":false}},{"type":"Feature","geometry":{"type":"LineString","coordinates":[[-73.931574,40.826106],[-73.932262,40.82606]]},"properties":{"kind":"highway","name":"","tunnel":"no","bridge":false}},{"type":"Feature","geometry":{"type":"LineString","coordinates":[[-73.981705,40.767514],[-73.981694,40.767431],[-73.981749,40.767135]]},"properties":{"kind":"major","name":"Broadway","bridge":false}},{"type":"Feature","geometry":{"type":"LineString","coordinates":[[-73.946462,40.800665],[-73.948042,40.798511]]},"properties":{"kind":"major","name":"5th Avenue","bridge":false}},{"type":"Feature","geometry":{"type":"LineString","coordinates":[[-73.990451,40.771613],[-73.990703,40.771284]]},"properties":{"kind":"major","name":"11th Avenue","bridge":false}},{"type":"Feature","geometry":{"type":"LineString","coordinates":[[-74.001336,40.762066],[-74.00106,40.761976]]},"properties":{"kind":"major","name":"West 42nd Street","bridge":false}},{"type":"Feature","geometry":{"type":"LineString","coordinates":[[-73.964155,40.81538],[-73.964415,40.814996],[-73.964934,40.814104],[-73.965181,40.813713],[-73.965453,40.813328],[-73.966321,40.812206],[-73.966724,40.811639],[-73.966982,40.811247],[-73.968406,40.809003],[-73.968792,40.808423],[-73.969061,40.808039],[-73.969474,40.807469],[-73.969897,40.806906],[-73.971429,40.804948],[-73.972,40.804195],[-73.972966,40.80287],[-73.973634,40.801909],[-73.974247,40.800967],[-73.974592,40.800375],[-73.974699,40.80017],[-73.974887,40.799763],[-73.975059,40.799329]]},"properties":{"kind":"highway","name":"Henry Hudson Parkway","tunnel":"no","bridge":false}},{"type":"Feature","geometry":{"type":"LineString","coordinates":[[-73.997706,40.765342],[-73.997912,40.765428]]},"properties":{"kind":"highway","name":"","tunnel":"no","bridge":false}},{"type":"Feature","geometry":{"type":"LineString","coordinates":[[-73.994351,40.769872],[-73.994291,40.770161],[-73.994229,40.770626]]},"properties":{"kind":"major","name":"12th Avenue","bridge":false}},{"type":"Feature","geometry":{"type":"LineString","coordinates":[[-73.994214,40.771533],[-73.994041,40.77163],[-73.993209,40.772786]]},"properties":{"kind":"minor","name":"12th Avenue","bridge":false}},{"type":"Feature","geometry":{"type":"LineString","coordinates":[[-73.994038,40.772201],[-73.994184,40.771998]]},"properties":{"kind":"highway","name":"West Side Highway","tunnel":"no","bridge":false}},{"type":"Feature","geometry":{"type":"LineString","coordinates":[[-73.993846,40.772122],[-73.993199,40.773002]]},"properties":{"kind":"highway","name":"West Side Highway","tunnel":"no","bridge":true}},{"type":"Feature","geometry":{"type":"LineString","coordinates":[[-73.994184,40.771998],[-73.994377,40.771847],[-73.99444,40.771791],[-73.994496,40.771726],[-73.994635,40.7715],[-73.994805,40.771137]]},"properties":{"kind":"highway","name":"","tunnel":"no","bridge":false}},{"type":"Feature","geometry":{"type":"LineString","coordinates":[[-73.979054,40.77174],[-73.978883,40.771706]]},"properties":{"kind":"major","name":"65th Street Transverse","bridge":false}},{"type":"Feature","geometry":{"type":"LineString","coordinates":[[-73.96372,40.776991],[-73.963992,40.777122],[-73.964252,40.777287]]},"properties":{"kind":"major","name":"79th Street Transverse","bridge":false}},{"type":"Feature","geometry":{"type":"LineString","coordinates":[[-73.931005,40.824433],[-73.930959,40.824773],[-73.930936,40.82511],[-73.930904,40.825317],[-73.930857,40.825492],[-73.930685,40.825987],[-73.930646,40.826135],[-73.930579,40.826668]]},"properties":{"kind":"highway","name":"","tunnel":"no","bridge":true}},{"type":"Feature","geometry":{"type":"LineString","coordinates":[[-74.021052,40.768061],[-74.021071,40.768216],[-74.021105,40.768354]]},"properties":{"kind":"highway","name":"","tunnel":"no","bridge":false}},{"type":"Feature","geometry":{"type":"LineString","coordinates":[[-74.021185,40.770285],[-74.021819,40.769461],[-74.021856,40.769389],[-74.02185,40.769307]]},"properties":{"kind":"minor","name":"Sterling Avenue","bridge":false}},{"type":"Feature","geometry":{"type":"LineString","coordinates":[[-73.960673,40.853322],[-73.960984,40.853389],[-73.961664,40.853559]]},"properties":{"kind":"highway","name":"George Washington Bridge Lower Level","tunnel":"yes","bridge":false}},{"type":"Feature","geometry":{"type":"LineString","coordinates":[[-74.019253,40.771419],[-74.018887,40.771342],[-74.018687,40.771263],[-74.017516,40.770747],[-74.017333,40.770698],[-74.017139,40.770699],[-74.016953,40.770752],[-74.016838,40.770806],[-74.016523,40.77116],[-74.016382,40.771383],[-74.015891,40.772473]]},"properties":{"kind":"major","name":"Boulevard East","bridge":false}},{"type":"Feature","geometry":{"type":"LineString","coordinates":[[-74.019436,40.776094],[-74.019008,40.776647]]},"properties":{"kind":"major","name":"Park Avenue","bridge":false}},{"type":"Feature","geometry":{"type":"LineString","coordinates":[[-74.015877,40.77892],[-74.01678,40.779334]]},"properties":{"kind":"major","name":"48th Street","bridge":false}},{"type":"Feature","geometry":{"type":"LineString","coordinates":[[-74.016615,40.778455],[-74.017247,40.778749]]},"properties":{"kind":"minor","name":"47th Street","bridge":false}},{"type":"Feature","geometry":{"type":"LineString","coordinates":[[-74.011832,40.779744],[-74.011798,40.77983],[-74.011764,40.780092],[-74.011749,40.780592],[-74.011715,40.780744],[-74.01168,40.780846],[-74.011538,40.781075],[-74.011195,40.781565],[-74.01117,40.78163],[-74.01114,40.781725],[-74.011163,40.782218],[-74.011138,40.782375],[-74.01106,40.782539],[-74.010865,40.782773],[-74.010188,40.783476],[-74.009493,40.784171],[-74.008836,40.784853]]},"properties":{"kind":"major","name":"Boulevard East","bridge":false}},{"type":"Feature","geometry":{"type":"LineString","coordinates":[[-74.014918,40.772877],[-74.014205,40.772545]]},"properties":{"kind":"major","name":"Pershing Road","bridge":true}},{"type":"Feature","geometry":{"type":"LineString","coordinates":[[-74.014205,40.772545],[-74.013736,40.772337]]},"properties":{"kind":"major","name":"Pershing Road","bridge":false}},{"type":"Feature","geometry":{"type":"LineString","coordinates":[[-74.014374,40.771853],[-74.014499,40.77172],[-74.014569,40.771672],[-74.014633,40.771604],[-74.015004,40.770853],[-74.015042,40.770642]]},"properties":{"kind":"minor","name":"Regency Place","bridge":false}},{"type":"Feature","geometry":{"type":"LineString","coordinates":[[-74.016207,40.769435],[-74.01595,40.769313],[-74.015844,40.769192],[-74.015556,40.769067],[-74.015525,40.769025],[-74.015517,40.768973],[-74.015567,40.768871],[-74.016724,40.767293]]},"properties":{"kind":"minor","name":"Henley Place","bridge":false}},{"type":"Feature","geometry":{"type":"LineString","coordinates":[[-74.016802,40.768099],[-74.016781,40.768164],[-74.01641,40.768669]]},"properties":{"kind":"minor","name":"Cambridge Way","bridge":false}},{"type":"Feature","geometry":{"type":"LineString","coordinates":[[-74.013584,40.771626],[-74.01363,40.771602],[-74.013694,40.771592],[-74.013763,40.771596],[-74.013821,40.771612],[-74.014337,40.771836]]},"properties":{"kind":"major","name":"Carlyle Court","bridge":false}},{"type":"Feature","geometry":{"type":"LineString","coordinates":[[-73.972473,40.829238],[-73.972551,40.829572],[-73.972738,40.830484],[-73.972805,40.83067],[-73.973157,40.831404],[-73.973226,40.831581],[-73.97328,40.831765],[-73.973332,40.83212],[-73.973341,40.832293],[-73.973334,40.832466],[-73.973174,40.833617],[-73.973127,40.833784],[-73.973071,40.83392],[-73.972968,40.834096],[-73.972949,40.834164],[-73.972952,40.834229],[-73.972973,40.834292],[-73.973014,40.834351],[-73.97306,40.834387],[-73.973116,40.834409],[-73.973225,40.834413],[-73.973289,40.834392],[-73.973332,40.834364],[-73.973379,40.834284],[-73.973394,40.834221],[-73.973355,40.833909],[-73.973351,40.833778],[-73.973398,40.833352],[-73.973433,40.833179],[-73.973485,40.833009],[-73.973814,40.832198],[-73.973956,40.831892],[-73.97406,40.831701],[-73.974176,40.831515],[-73.974351,40.831275],[-73.974548,40.831045],[-73.974709,40.830879],[-73.975314,40.83029],[-73.975472,40.830114],[-73.975782,40.829727],[-73.975879,40.829683],[-73.976003,40.829653],[-73.976107,40.829649],[-73.976209,40.82966],[-73.976307,40.829686],[-73.976405,40.82973],[-73.976494,40.829794],[-73.976548,40.829853],[-73.976591,40.829924],[-73.976616,40.830001],[-73.976624,40.830175]]},"properties":{"kind":"major","name":"State Route 5","bridge":false}},{"type":"Feature","geometry":{"type":"LineString","coordinates":[[-73.978764,40.832068],[-73.978817,40.831905],[-73.978908,40.831677]]},"properties":{"kind":"major","name":"Palisade Avenue","bridge":false}},{"type":"Feature","geometry":{"type":"LineString","coordinates":[[-73.970785,40.836317],[-73.970687,40.836667]]},"properties":{"kind":"major","name":"River Road","bridge":false}},{"type":"Feature","geometry":{"type":"LineString","coordinates":[[-74.008892,40.779836],[-74.007828,40.77938]]},"properties":{"kind":"minor","name":"","bridge":false}},{"type":"Feature","geometry":{"type":"LineString","coordinates":[[-73.998332,40.789418],[-73.999172,40.789782]]},"properties":{"kind":"minor","name":"Abbie Court","bridge":false}},{"type":"Feature","geometry":{"type":"LineString","coordinates":[[-74.005476,40.781217],[-74.005543,40.781298],[-74.006886,40.783234]]},"properties":{"kind":"minor","name":"Riverwalk Place","bridge":false}},{"type":"Feature","geometry":{"type":"LineString","coordinates":[[-74.005659,40.781113],[-74.005638,40.781073],[-74.005606,40.78105],[-74.005538,40.781032],[-74.005494,40.781036],[-74.005442,40.78106],[-74.005416,40.781087],[-74.005403,40.78113],[-74.005412,40.781163],[-74.00544,40.781197],[-74.005516,40.781226],[-74.005561,40.781224],[-74.005602,40.781211],[-74.005643,40.781178],[-74.005659,40.781147],[-74.005659,40.781113]]},"properties":{"kind":"minor","name":"Riverwalk Place","bridge":false}},{"type":"Feature","geometry":{"type":"LineString","coordinates":[[-74.01149,40.777913],[-74.011915,40.778106]]},"properties":{"kind":"minor","name":"Ferry Way","bridge":false}},{"type":"Feature","geometry":{"type":"LineString","coordinates":[[-74.0091,40.780501],[-74.009706,40.779712]]},"properties":{"kind":"minor","name":"Riverbend Drive","bridge":false}},{"type":"Feature","geometry":{"type":"LineString","coordinates":[[-73.993356,40.804784],[-73.993399,40.804636],[-73.993374,40.804464],[-73.993303,40.804345],[-73.993217,40.804269]]},"properties":{"kind":"minor","name":"River Road","bridge":false}},{"type":"Feature","geometry":{"type":"LineString","coordinates":[[-73.935272,40.826635],[-73.935166,40.826799],[-73.935135,40.826937]]},"properties":{"kind":"major","name":"Adam Clayton Powell Jr. Boulevard","bridge":false}},{"type":"Feature","geometry":{"type":"LineString","coordinates":[[-73.934978,40.828187],[-73.934972,40.828092],[-73.935018,40.827983]]},"properties":{"kind":"major","name":"","bridge":true}},{"type":"Feature","geometry":{"type":"LineString","coordinates":[[-73.934579,40.828048],[-73.934748,40.828051],[-73.934861,40.828039]]},"properties":{"kind":"major","name":"Macombs Place","bridge":true}},{"type":"Feature","geometry":{"type":"LineString","coordinates":[[-73.936208,40.830532],[-73.936038,40.830574],[-73.935941,40.830587],[-73.935782,40.83057],[-73.935584,40.830522]]},"properties":{"kind":"major","name":"","bridge":false}},{"type":"Feature","geometry":{"type":"LineString","coordinates":[[-73.935584,40.830522],[-73.935479,40.830438],[-73.935409,40.830367],[-73.935343,40.830238],[-73.935239,40.829592]]},"properties":{"kind":"major","name":"Harlem River Drive","bridge":false}},{"type":"Feature","geometry":{"type":"LineString","coordinates":[[-73.934836,40.836588],[-73.935196,40.835811],[-73.935292,40.835584],[-73.93538,40.835294],[-73.935467,40.834924]]},"properties":{"kind":"highway","name":"","tunnel":"no","bridge":false}},{"type":"Feature","geometry":{"type":"LineString","coordinates":[[-73.931888,40.841396],[-73.931897,40.841381]]},"properties":{"kind":"highway","name":"","tunnel":"no","bridge":true}},{"type":"Feature","geometry":{"type":"LineString","coordinates":[[-73.931806,40.841355],[-73.931803,40.84136]]},"properties":{"kind":"highway","name":"","tunnel":"no","bridge":true}},{"type":"Feature","geometry":{"type":"LineString","coordinates":[[-73.931897,40.841381],[-73.9328,40.839825],[-73.933176,40.839104],[-73.933449,40.838738]]},"properties":{"kind":"highway","name":"","tunnel":"no","bridge":false}},{"type":"Feature","geometry":{"type":"LineString","coordinates":[[-73.93605,40.83494],[-73.935082,40.835683],[-73.934858,40.835881],[-73.93475,40.835995]]},"properties":{"kind":"highway","name":"","tunnel":"no","bridge":true}},{"type":"Feature","geometry":{"type":"LineString","coordinates":[[-73.934115,40.837016],[-73.933553,40.838054],[-73.933465,40.838315]]},"properties":{"kind":"highway","name":"","tunnel":"no","bridge":false}},{"type":"Feature","geometry":{"type":"LineString","coordinates":[[-73.937842,40.833554],[-73.938168,40.833297],[-73.938395,40.833099],[-73.93854,40.832954],[-73.938741,40.832721],[-73.938913,40.832492],[-73.939079,40.832225],[-73.939203,40.83198],[-73.939337,40.831645],[-73.939411,40.831515],[-73.939501,40.8314],[-73.939878,40.830996]]},"properties":{"kind":"major","name":"Harlem River Driveway","bridge":false}},{"type":"Feature","geometry":{"type":"LineString","coordinates":[[-73.937361,40.833923],[-73.937038,40.834096],[-73.936293,40.83464]]},"properties":{"kind":"major","name":"","bridge":false}},{"type":"Feature","geometry":{"type":"LineString","coordinates":[[-73.935361,40.834275],[-73.935377,40.834051],[-73.935389,40.833621],[-73.935376,40.833182],[-73.93516,40.830448],[-73.935086,40.829796]]},"properties":{"kind":"highway","name":"Harlem River Drive","tunnel":"no","bridge":true}},{"type":"Feature","geometry":{"type":"LineString","coordinates":[[-73.935086,40.829796],[-73.934865,40.828286]]},"properties":{"kind":"highway","name":"Harlem River Drive","tunnel":"no","bridge":false}},{"type":"Feature","geometry":{"type":"LineString","coordinates":[[-73.934579,40.828048],[-73.934699,40.82807],[-73.934803,40.82811]]},"properties":{"kind":"major","name":"West 155th Street","bridge":true}},{"type":"Feature","geometry":{"type":"LineString","coordinates":[[-73.935074,40.82796],[-73.935239,40.827898],[-73.935581,40.827744]]},"properties":{"kind":"major","name":"Macombs Place","bridge":false}},{"type":"Feature","geometry":{"type":"LineString","coordinates":[[-73.935321,40.827584],[-73.935349,40.827468],[-73.935352,40.827402],[-73.935312,40.827139],[-73.935319,40.827056],[-73.935381,40.826929],[-73.935521,40.82674]]},"properties":{"kind":"major","name":"Adam Clayton Powell Jr. Boulevard","bridge":false}},{"type":"Feature","geometry":{"type":"LineString","coordinates":[[-73.934011,40.816003],[-73.933947,40.816838],[-73.933995,40.817112]]},"properties":{"kind":"highway","name":"","tunnel":"no","bridge":false}},{"type":"Feature","geometry":{"type":"LineString","coordinates":[[-73.934939,40.814999],[-73.934787,40.814941]]},"properties":{"kind":"highway","name":"","tunnel":"no","bridge":true}},{"type":"Feature","geometry":{"type":"LineString","coordinates":[[-73.93519,40.814389],[-73.935223,40.814402]]},"properties":{"kind":"major","name":"East 138th Street","bridge":true}},{"type":"Feature","geometry":{"type":"LineString","coordinates":[[-73.962694,40.791689],[-73.962752,40.791709]]},"properties":{"kind":"major","name":"97th Street Transverse","bridge":false}},{"type":"Feature","geometry":{"type":"LineString","coordinates":[[-73.986425,40.755819],[-73.986671,40.755054]]},"properties":{"kind":"minor","name":"Broadway","bridge":false}},{"type":"Feature","geometry":{"type":"LineString","coordinates":[[-73.970794,40.768813],[-73.971115,40.768798]]},"properties":{"kind":"major","name":"65th Street Transverse","bridge":true}},{"type":"Feature","geometry":{"type":"LineString","coordinates":[[-73.969822,40.76865],[-73.97002,40.768724],[-73.970235,40.768778],[-73.970483,40.76881],[-73.970794,40.768813]]},"properties":{"kind":"major","name":"65th Street Transverse","bridge":false}},{"type":"Feature","geometry":{"type":"LineString","coordinates":[[-73.971228,40.76849],[-73.970876,40.768303]]},"properties":{"kind":"major","name":"65th Street Transverse","bridge":true}},{"type":"Feature","geometry":{"type":"LineString","coordinates":[[-73.970876,40.768303],[-73.970673,40.768202],[-73.970279,40.768028]]},"properties":{"kind":"major","name":"65th Street Transverse","bridge":false}},{"type":"Feature","geometry":{"type":"LineString","coordinates":[[-73.997578,40.758846],[-73.997681,40.758769],[-73.997834,40.7587],[-73.997978,40.758677],[-73.998058,40.75868]]},"properties":{"kind":"highway","name":"","tunnel":"no","bridge":false}},{"type":"Feature","geometry":{"type":"LineString","coordinates":[[-73.997761,40.758376],[-73.997904,40.75839],[-73.998099,40.758388]]},"properties":{"kind":"highway","name":"","tunnel":"no","bridge":false}},{"type":"Feature","geometry":{"type":"LineString","coordinates":[[-73.99695,40.757962],[-73.997322,40.758173],[-73.997761,40.758376]]},"properties":{"kind":"highway","name":"Lincoln Tunnel Expressway","tunnel":"no","bridge":false}},{"type":"Feature","geometry":{"type":"LineString","coordinates":[[-73.995157,40.757205],[-73.995049,40.757351]]},"properties":{"kind":"highway","name":"","tunnel":"no","bridge":false}},{"type":"Feature","geometry":{"type":"LineString","coordinates":[[-73.987483,40.77362],[-73.988493,40.774064],[-73.989651,40.774556]]},"properties":{"kind":"minor","name":"West 63rd Street","bridge":false}},{"type":"Feature","geometry":{"type":"LineString","coordinates":[[-73.930406,40.83766],[-73.930628,40.837027],[-73.930828,40.836385],[-73.93173,40.833164]]},"properties":{"kind":"highway","name":"Major Deegan Expressway","tunnel":"no","bridge":false}},{"type":"Feature","geometry":{"type":"LineString","coordinates":[[-73.931786,40.832395],[-73.930593,40.836626],[-73.930456,40.837057],[-73.930304,40.837491]]},"properties":{"kind":"highway","name":"Major Deegan Expressway","tunnel":"no","bridge":false}},{"type":"Feature","geometry":{"type":"LineString","coordinates":[[-73.963293,40.854069],[-73.963435,40.854107]]},"properties":{"kind":"highway","name":"George Washington Bridge Lower Level","tunnel":"no","bridge":false}},{"type":"Feature","geometry":{"type":"LineString","coordinates":[[-73.963002,40.854478],[-73.963217,40.853772],[-73.963431,40.853165],[-73.963487,40.853063],[-73.963525,40.853016],[-73.963574,40.852973],[-73.963688,40.852906],[-73.963818,40.852861],[-73.963889,40.85285],[-73.964078,40.852848],[-73.964197,40.852872],[-73.964309,40.852911]]},"properties":{"kind":"highway","name":"Palisades Interstate Parkway","tunnel":"no","bridge":true}},{"type":"Feature","geometry":{"type":"LineString","coordinates":[[-73.963849,40.853432],[-73.963788,40.85355]]},"properties":{"kind":"major","name":"Hudson Terrace","bridge":true}},{"type":"Feature","geometry":{"type":"LineString","coordinates":[[-73.962666,40.85336],[-73.962364,40.853353],[-73.961747,40.853317]]},"properties":{"kind":"highway","name":"George Washington Bridge Lower Level","tunnel":"yes","bridge":false}},{"type":"Feature","geometry":{"type":"LineString","coordinates":[[-73.96341,40.85364],[-73.962844,40.85354]]},"properties":{"kind":"highway","name":"Palisades Interstate Parkway","tunnel":"no","bridge":false}},{"type":"Feature","geometry":{"type":"LineString","coordinates":[[-73.963734,40.853698],[-73.96341,40.85364]]},"properties":{"kind":"highway","name":"Palisades Interstate Parkway","tunnel":"no","bridge":true}},{"type":"Feature","geometry":{"type":"LineString","coordinates":[[-73.963305,40.853806],[-73.963526,40.853853]]},"properties":{"kind":"highway","name":"George Washington Bridge Upper Level","tunnel":"no","bridge":true}},{"type":"Feature","geometry":{"type":"LineString","coordinates":[[-73.9393,40.841679],[-73.939247,40.841831]]},"properties":{"kind":"major","name":"Broadway","bridge":false}},{"type":"Feature","geometry":{"type":"LineString","coordinates":[[-73.981628,40.779499],[-73.981211,40.780993],[-73.981005,40.781657],[-73.980703,40.782512],[-73.980363,40.783176],[-73.979881,40.783808]]},"properties":{"kind":"major","name":"Broadway","bridge":false}},{"type":"Feature","geometry":{"type":"LineString","coordinates":[[-73.949736,40.797099],[-73.952396,40.798219]]},"properties":{"kind":"major","name":"West 110th Street","bridge":false}},{"type":"Feature","geometry":{"type":"LineString","coordinates":[[-73.960561,40.815902],[-73.960606,40.81579],[-73.961865,40.814051]]},"properties":{"kind":"minor","name":"Riverside Drive","bridge":false}},{"type":"Feature","geometry":{"type":"LineString","coordinates":[[-73.976885,40.795882],[-73.977096,40.795773],[-73.977378,40.795608]]},"properties":{"kind":"highway","name":"","tunnel":"no","bridge":false}},{"type":"Feature","geometry":{"type":"LineString","coordinates":[[-73.975236,40.796105],[-73.975487,40.796273],[-73.975574,40.796375],[-73.975631,40.796495],[-73.975657,40.796628],[-73.975658,40.7967],[-73.975621,40.796982],[-73.975609,40.797218]]},"properties":{"kind":"highway","name":"","tunnel":"no","bridge":false}},{"type":"Feature","geometry":{"type":"LineString","coordinates":[[-73.975529,40.797391],[-73.975419,40.797481],[-73.975164,40.797879],[-73.974816,40.798386],[-73.974728,40.798551],[-73.974698,40.798658],[-73.974692,40.798716],[-73.974706,40.798825],[-73.974764,40.798927],[-73.974854,40.799012],[-73.974894,40.799036]]},"properties":{"kind":"highway","name":"","tunnel":"no","bridge":false}},{"type":"Feature","geometry":{"type":"LineString","coordinates":[[-73.94977,40.832608],[-73.949781,40.832704]]},"properties":{"kind":"major","name":"Riverside Drive","bridge":true}},{"type":"Feature","geometry":{"type":"LineString","coordinates":[[-73.947123,40.837758],[-73.947146,40.837581],[-73.947101,40.837218],[-73.947035,40.836838],[-73.946896,40.836558],[-73.946681,40.836278],[-73.946405,40.836044],[-73.945943,40.83575]]},"properties":{"kind":"major","name":"Riverside Drive","bridge":false}},{"type":"Feature","geometry":{"type":"LineString","coordinates":[[-73.944121,40.842088],[-73.944034,40.842431]]},"properties":{"kind":"major","name":"Riverside Drive","bridge":false}},{"type":"Feature","geometry":{"type":"LineString","coordinates":[[-73.977046,40.792787],[-73.977138,40.792644],[-73.977272,40.792491],[-73.977425,40.792346],[-73.977589,40.792223],[-73.977899,40.792065],[-73.978519,40.791831],[-73.97872,40.791745],[-73.978848,40.79168],[-73.979054,40.791556],[-73.979251,40.791398],[-73.979401,40.791244],[-73.979603,40.790978],[-73.98036,40.789946],[-73.980854,40.789255],[-73.980966,40.789033],[-73.981017,40.788868],[-73.981033,40.788768],[-73.981097,40.788253],[-73.981227,40.786892],[-73.981263,40.786648],[-73.981298,40.786502],[-73.981341,40.786376],[-73.981442,40.786193]]},"properties":{"kind":"major","name":"Riverside Drive","bridge":false}},{"type":"Feature","geometry":{"type":"LineString","coordinates":[[-73.974891,40.796119],[-73.974627,40.796196],[-73.974042,40.796571],[-73.97388,40.796732],[-73.973788,40.796857],[-73.973697,40.797018],[-73.973641,40.797148],[-73.973405,40.79811],[-73.973321,40.798318],[-73.973235,40.798463],[-73.973098,40.798637],[-73.973008,40.798728],[-73.971976,40.799642],[-73.97146,40.800334],[-73.970545,40.80159]]},"properties":{"kind":"minor","name":"Riverside Drive","bridge":false}},{"type":"Feature","geometry":{"type":"LineString","coordinates":[[-73.963881,40.811431],[-73.962436,40.813428]]},"properties":{"kind":"major","name":"Riverside Drive","bridge":false}},{"type":"Feature","geometry":{"type":"LineString","coordinates":[[-73.96404,40.811375],[-73.964467,40.810785]]},"properties":{"kind":"major","name":"Riverside Drive","bridge":false}},{"type":"Feature","geometry":{"type":"LineString","coordinates":[[-73.961169,40.816889],[-73.961119,40.816958]]},"properties":{"kind":"major","name":"Riverside Drive","bridge":false}},{"type":"Feature","geometry":{"type":"LineString","coordinates":[[-73.960721,40.817536],[-73.960416,40.817951]]},"properties":{"kind":"minor","name":"12th Avenue","bridge":false}},{"type":"Feature","geometry":{"type":"LineString","coordinates":[[-73.961058,40.81868],[-73.961292,40.818477],[-73.96181,40.818001]]},"properties":{"kind":"major","name":"Marginal Street","bridge":false}},{"type":"Feature","geometry":{"type":"LineString","coordinates":[[-73.961537,40.817882],[-73.961018,40.817659]]},"properties":{"kind":"major","name":"Saint Clair Place","bridge":false}},{"type":"Feature","geometry":{"type":"LineString","coordinates":[[-73.966798,40.804215],[-73.968013,40.804723]]},"properties":{"kind":"major","name":"West 110th Street","bridge":false}},{"type":"Feature","geometry":{"type":"LineString","coordinates":[[-73.943567,40.846208],[-73.94353,40.846305]]},"properties":{"kind":"major","name":"Riverside Drive","bridge":false}},{"type":"Feature","geometry":{"type":"LineString","coordinates":[[-73.945393,40.83516],[-73.945386,40.835182],[-73.945474,40.835507],[-73.94571,40.835864],[-73.946209,40.836205],[-73.946536,40.836485],[-73.94674,40.836822],[-73.946858,40.837561],[-73.946867,40.837688],[-73.946826,40.837829],[-73.946755,40.837944],[-73.946648,40.838072]]},"properties":{"kind":"minor","name":"Riverside Drive","bridge":false}},{"type":"Feature","geometry":{"type":"LineString","coordinates":[[-73.948846,40.836499],[-73.948742,40.836492],[-73.948633,40.836455]]},"properties":{"kind":"major","name":"West 158th Street","bridge":true}},{"type":"Feature","geometry":{"type":"LineString","coordinates":[[-73.948846,40.836499],[-73.948831,40.836578],[-73.948771,40.836709],[-73.94852,40.837206],[-73.948016,40.83799]]},"properties":{"kind":"highway","name":"","tunnel":"no","bridge":true}},{"type":"Feature","geometry":{"type":"LineString","coordinates":[[-73.951271,40.831462],[-73.950774,40.832572],[-73.950265,40.833655]]},"properties":{"kind":"major","name":"West 158th Street","bridge":false}},{"type":"Feature","geometry":{"type":"LineString","coordinates":[[-73.950261,40.83258],[-73.950057,40.83293],[-73.949943,40.83317],[-73.949628,40.834303],[-73.949618,40.834378]]},"properties":{"kind":"highway","name":"","tunnel":"no","bridge":false}},{"type":"Feature","geometry":{"type":"LineString","coordinates":[[-73.946513,40.833061],[-73.945939,40.832815]]},"properties":{"kind":"minor","name":"West 155th Street","bridge":false}},{"type":"Feature","geometry":{"type":"LineString","coordinates":[[-73.950585,40.831958],[-73.950756,40.831666],[-73.950842,40.831436],[-73.950884,40.831373],[-73.950922,40.83135],[-73.950974,40.831339],[-73.951084,40.831344],[-73.951178,40.831384],[-73.951271,40.831462]]},"properties":{"kind":"highway","name":"","tunnel":"no","bridge":false}},{"type":"Feature","geometry":{"type":"LineString","coordinates":[[-73.951271,40.831462],[-73.951275,40.831409],[-73.951262,40.831382],[-73.951239,40.831359],[-73.951032,40.831221],[-73.950984,40.831131],[-73.950986,40.83107],[-73.951052,40.830916],[-73.951082,40.830677]]},"properties":{"kind":"highway","name":"","tunnel":"no","bridge":false}},{"type":"Feature","geometry":{"type":"LineString","coordinates":[[-73.940359,40.807311],[-73.941312,40.807711]]},"properties":{"kind":"minor","name":"East 127th Street","bridge":false}},{"type":"Feature","geometry":{"type":"LineString","coordinates":[[-73.998587,40.760526],[-73.99884,40.760174]]},"properties":{"kind":"major","name":"11th Avenue","bridge":false}},{"type":"Feature","geometry":{"type":"LineString","coordinates":[[-73.99859,40.759275],[-73.997799,40.758948]]},"properties":{"kind":"major","name":"West 40th Street","bridge":false}},{"type":"Feature","geometry":{"type":"LineString","coordinates":[[-73.95949,40.820262],[-73.959652,40.820329]]},"properties":{"kind":"major","name":"West 133rd Street","bridge":false}},{"type":"Feature","geometry":{"type":"LineString","coordinates":[[-73.960152,40.818307],[-73.959812,40.818784]]},"properties":{"kind":"minor","name":"12th Avenue","bridge":false}},{"type":"Feature","geometry":{"type":"LineString","coordinates":[[-73.935239,40.829592],[-73.935205,40.829283],[-73.935089,40.828564],[-73.935096,40.828465],[-73.935144,40.828372],[-73.935202,40.828293]]},"properties":{"kind":"minor","name":"Harlem River Drive","bridge":false}},{"type":"Feature","geometry":{"type":"LineString","coordinates":[[-73.935018,40.827983],[-73.935074,40.82796]]},"properties":{"kind":"major","name":"Macombs Place","bridge":true}},{"type":"Feature","geometry":{"type":"LineString","coordinates":[[-73.935387,40.831758],[-73.935321,40.831891],[-73.935189,40.832222]]},"properties":{"kind":"highway","name":"","tunnel":"no","bridge":false}},{"type":"Feature","geometry":{"type":"LineString","coordinates":[[-73.935467,40.834924],[-73.935515,40.834565],[-73.935518,40.834357],[-73.935349,40.832178],[-73.935359,40.832022],[-73.93538,40.83194],[-73.935457,40.831786]]},"properties":{"kind":"major","name":"Harlem River Drive","bridge":false}},{"type":"Feature","geometry":{"type":"LineString","coordinates":[[-73.935009,40.827205],[-73.935669,40.82631]]},"properties":{"kind":"major","name":"Adam Clayton Powell Jr. Boulevard","bridge":false}},{"type":"Feature","geometry":{"type":"LineString","coordinates":[[-73.939609,40.830156],[-73.940005,40.830317]]},"properties":{"kind":"major","name":"West 155th Street","bridge":false}},{"type":"Feature","geometry":{"type":"LineString","coordinates":[[-73.935135,40.826937],[-73.935182,40.827166]]},"properties":{"kind":"major","name":"Adam Clayton Powell Jr. Boulevard","bridge":true}},{"type":"Feature","geometry":{"type":"LineString","coordinates":[[-73.935182,40.827166],[-73.935206,40.82729],[-73.935213,40.827426],[-73.93519,40.827558],[-73.93514,40.827667]]},"properties":{"kind":"major","name":"Adam Clayton Powell Jr. Boulevard","bridge":false}},{"type":"Feature","geometry":{"type":"LineString","coordinates":[[-73.935056,40.827791],[-73.934994,40.827852],[-73.934883,40.827932],[-73.934743,40.827993],[-73.934579,40.828048]]},"properties":{"kind":"major","name":"Adam Clayton Powell Jr. Boulevard","bridge":true}},{"type":"Feature","geometry":{"type":"LineString","coordinates":[[-73.935807,40.825933],[-73.935739,40.826012]]},"properties":{"kind":"major","name":"Adam Clayton Powell Jr. Boulevard","bridge":false}},{"type":"Feature","geometry":{"type":"LineString","coordinates":[[-73.935521,40.82674],[-73.936033,40.826015],[-73.936145,40.825802]]},"properties":{"kind":"major","name":"Adam Clayton Powell Jr. Boulevard","bridge":false}},{"type":"Feature","geometry":{"type":"LineString","coordinates":[[-73.93473,40.82723],[-73.934597,40.825913],[-73.934545,40.825297],[-73.934534,40.824904],[-73.934543,40.8238],[-73.934448,40.822494],[-73.934444,40.822297],[-73.93445,40.82209],[-73.934508,40.821387],[-73.934516,40.821187],[-73.934517,40.82098],[-73.934483,40.820156]]},"properties":{"kind":"highway","name":"Harlem River Drive","tunnel":"no","bridge":true}},{"type":"Feature","geometry":{"type":"LineString","coordinates":[[-73.934591,40.827234],[-73.934847,40.829337]]},"properties":{"kind":"highway","name":"Harlem River Drive","tunnel":"no","bridge":false}},{"type":"Feature","geometry":{"type":"LineString","coordinates":[[-73.934344,40.820158],[-73.934372,40.820758],[-73.934378,40.821181],[-73.934315,40.821995],[-73.934305,40.822396],[-73.934403,40.823811],[-73.934397,40.8251],[-73.93442,40.825526],[-73.934591,40.827234]]},"properties":{"kind":"highway","name":"Harlem River Drive","tunnel":"no","bridge":true}},{"type":"Feature","geometry":{"type":"LineString","coordinates":[[-73.934364,40.818883],[-73.934186,40.818138],[-73.93413,40.817708],[-73.934119,40.817474],[-73.934142,40.817049],[-73.934297,40.815611]]},"properties":{"kind":"highway","name":"Harlem River Drive","tunnel":"no","bridge":false}},{"type":"Feature","geometry":{"type":"LineString","coordinates":[[-73.936105,40.814772],[-73.935804,40.815211],[-73.935767,40.815339]]},"properties":{"kind":"major","name":"5th Avenue","bridge":false}},{"type":"Feature","geometry":{"type":"LineString","coordinates":[[-73.934444,40.815834],[-73.934494,40.815342]]},"properties":{"kind":"minor","name":"Harlem River Drive","bridge":false}},{"type":"Feature","geometry":{"type":"LineString","coordinates":[[-73.934819,40.816651],[-73.934694,40.816787],[-73.934556,40.816904],[-73.93453,40.81692],[-73.934468,40.816934],[-73.934348,40.816932]]},"properties":{"kind":"major","name":"","bridge":false}},{"type":"Feature","geometry":{"type":"LineString","coordinates":[[-73.937641,40.812756],[-73.938649,40.811393]]},"properties":{"kind":"major","name":"5th Avenue","bridge":false}},{"type":"Feature","geometry":{"type":"LineString","coordinates":[[-73.93619,40.814798],[-73.936689,40.814894],[-73.936847,40.814934]]},"properties":{"kind":"minor","name":"West 138th Street","bridge":false}},{"type":"Feature","geometry":{"type":"LineString","coordinates":[[-73.947031,40.819219],[-73.942383,40.817261]]},"properties":{"kind":"minor","name":"West 138th Street","bridge":false}},{"type":"Feature","geometry":{"type":"LineString","coordinates":[[-73.939029,40.810854],[-73.938064,40.810454]]},"properties":{"kind":"minor","name":"East 132nd Street","bridge":false}},{"type":"Feature","geometry":{"type":"LineString","coordinates":[[-73.944341,40.806404],[-73.945905,40.807068]]},"properties":{"kind":"minor","name":"West 124th Street","bridge":false}},{"type":"Feature","geometry":{"type":"LineString","coordinates":[[-73.971407,40.795385],[-73.972717,40.795938]]},"properties":{"kind":"minor","name":"West 97th Street","bridge":false}},{"type":"Feature","geometry":{"type":"LineString","coordinates":[[-73.981211,40.780993],[-73.984775,40.782489]]},"properties":{"kind":"minor","name":"West 75th Street","bridge":false}},{"type":"Feature","geometry":{"type":"LineString","coordinates":[[-73.98021,40.780561],[-73.981211,40.780993]]},"properties":{"kind":"major","name":"West 75th Street","bridge":false}},{"type":"Feature","geometry":{"type":"LineString","coordinates":[[-73.975102,40.783512],[-73.97465,40.783322],[-73.97455,40.783259]]},"properties":{"kind":"major","name":"West 81st Street","bridge":false}},{"type":"Feature","geometry":{"type":"LineString","coordinates":[[-73.981227,40.786892],[-73.981077,40.786862],[-73.978634,40.785838]]},"properties":{"kind":"minor","name":"West 82nd Street","bridge":false}},{"type":"Feature","geometry":{"type":"LineString","coordinates":[[-73.978739,40.772421],[-73.980944,40.77334]]},"properties":{"kind":"major","name":"West 66th Street","bridge":false}},{"type":"Feature","geometry":{"type":"LineString","coordinates":[[-73.987579,40.775318],[-73.985008,40.774236]]},"properties":{"kind":"major","name":"West 65th Street","bridge":false}},{"type":"Feature","geometry":{"type":"LineString","coordinates":[[-73.993073,40.75784],[-73.993193,40.757917],[-73.99417,40.758331],[-73.9943,40.758361],[-73.994391,40.758371]]},"properties":{"kind":"major","name":"West 41st Street","bridge":false}},{"type":"Feature","geometry":{"type":"LineString","coordinates":[[-73.971722,40.782039],[-73.971446,40.782423]]},"properties":{"kind":"major","name":"Central Park West","bridge":false}},{"type":"Feature","geometry":{"type":"LineString","coordinates":[[-73.967251,40.788176],[-73.966563,40.789122]]},"properties":{"kind":"major","name":"Central Park West","bridge":false}},{"type":"Feature","geometry":{"type":"LineString","coordinates":[[-73.99689,40.76274],[-73.998973,40.763629]]},"properties":{"kind":"major","name":"West 45th Street","bridge":false}},{"type":"Feature","geometry":{"type":"LineString","coordinates":[[-73.99871,40.76433],[-73.998503,40.764243]]},"properties":{"kind":"major","name":"West 46th Street","bridge":false}},{"type":"Feature","geometry":{"type":"LineString","coordinates":[[-73.996954,40.759388],[-73.997227,40.759509]]},"properties":{"kind":"minor","name":"West 41st Street","bridge":false}},{"type":"Feature","geometry":{"type":"LineString","coordinates":[[-73.993566,40.771227],[-73.993799,40.771375],[-73.994052,40.771482],[-73.994214,40.771533]]},"properties":{"kind":"major","name":"West 57th Street","bridge":false}},{"type":"Feature","geometry":{"type":"LineString","coordinates":[[-73.994184,40.771998],[-73.994379,40.77171],[-73.994471,40.771541],[-73.994545,40.771368]]},"properties":{"kind":"highway","name":"West Side Highway","tunnel":"no","bridge":false}},{"type":"Feature","geometry":{"type":"LineString","coordinates":[[-73.993648,40.772962],[-73.994636,40.77165],[-73.9947,40.771537],[-73.994751,40.771403],[-73.994781,40.771289],[-73.994805,40.771137]]},"properties":{"kind":"highway","name":"12th Avenue","tunnel":"no","bridge":false}},{"type":"Feature","geometry":{"type":"LineString","coordinates":[[-73.995133,40.769451],[-73.995069,40.769349]]},"properties":{"kind":"highway","name":"","tunnel":"no","bridge":false}},{"type":"Feature","geometry":{"type":"LineString","coordinates":[[-73.99485,40.769259],[-73.994721,40.769204]]},"properties":{"kind":"major","name":"West 54th Street","bridge":false}},{"type":"Feature","geometry":{"type":"LineString","coordinates":[[-73.995224,40.765317],[-73.997139,40.766122]]},"properties":{"kind":"major","name":"West 49th Street","bridge":false}},{"type":"Feature","geometry":{"type":"LineString","coordinates":[[-73.996888,40.766833],[-73.996681,40.766747]]},"properties":{"kind":"major","name":"West 50th Street","bridge":false}},{"type":"Feature","geometry":{"type":"LineString","coordinates":[[-73.997199,40.758679],[-73.996405,40.758346]]},"properties":{"kind":"minor","name":"West 40th Street","bridge":false}},{"type":"Feature","geometry":{"type":"LineString","coordinates":[[-73.997578,40.758846],[-73.99731,40.758726]]},"properties":{"kind":"minor","name":"West 40th Street","bridge":false}},{"type":"Feature","geometry":{"type":"LineString","coordinates":[[-73.997227,40.759509],[-73.998723,40.760128]]},"properties":{"kind":"minor","name":"West 41st Street","bridge":false}},{"type":"Feature","geometry":{"type":"LineString","coordinates":[[-73.996849,40.759345],[-73.996954,40.759388]]},"properties":{"kind":"major","name":"West 41st Street","bridge":false}},{"type":"Feature","geometry":{"type":"LineString","coordinates":[[-73.995981,40.763992],[-73.998048,40.764874]]},"properties":{"kind":"minor","name":"West 47th Street","bridge":false}},{"type":"Feature","geometry":{"type":"LineString","coordinates":[[-73.994646,40.761801],[-73.994926,40.761919]]},"properties":{"kind":"major","name":"West 45th Street","bridge":false}},{"type":"Feature","geometry":{"type":"LineString","coordinates":[[-73.993607,40.762185],[-73.990767,40.760987]]},"properties":{"kind":"major","name":"West 46th Street","bridge":false}},{"type":"Feature","geometry":{"type":"LineString","coordinates":[[-73.994429,40.762532],[-73.994169,40.762422]]},"properties":{"kind":"major","name":"West 46th Street","bridge":false}},{"type":"Feature","geometry":{"type":"LineString","coordinates":[[-73.993755,40.763065],[-73.993981,40.763159]]},"properties":{"kind":"minor","name":"West 47th Street","bridge":false}},{"type":"Feature","geometry":{"type":"LineString","coordinates":[[-73.994526,40.760925],[-73.991684,40.759728]]},"properties":{"kind":"minor","name":"West 44th Street","bridge":false}},{"type":"Feature","geometry":{"type":"LineString","coordinates":[[-73.997344,40.762115],[-73.995429,40.761306]]},"properties":{"kind":"minor","name":"West 44th Street","bridge":false}},{"type":"Feature","geometry":{"type":"LineString","coordinates":[[-73.997761,40.758376],[-73.998394,40.758634],[-73.998628,40.758709],[-73.9992,40.758869]]},"properties":{"kind":"highway","name":"Lincoln Tunnel Expressway","tunnel":"no","bridge":false}},{"type":"Feature","geometry":{"type":"LineString","coordinates":[[-73.998058,40.75868],[-73.99819,40.758698],[-73.998505,40.758782]]},"properties":{"kind":"highway","name":"","tunnel":"no","bridge":false}},{"type":"Feature","geometry":{"type":"LineString","coordinates":[[-73.995211,40.757171],[-73.995157,40.757205]]},"properties":{"kind":"highway","name":"","tunnel":"no","bridge":false}},{"type":"Feature","geometry":{"type":"LineString","coordinates":[[-73.996761,40.757824],[-73.99695,40.757962]]},"properties":{"kind":"highway","name":"Lincoln Tunnel Expressway","tunnel":"yes","bridge":false}},{"type":"Feature","geometry":{"type":"LineString","coordinates":[[-73.994811,40.757665],[-73.994742,40.757751],[-73.994698,40.757841],[-73.994655,40.757988],[-73.994533,40.758173]]},"properties":{"kind":"major","name":"Dyer Avenue","bridge":false}},{"type":"Feature","geometry":{"type":"LineString","coordinates":[[-73.978609,40.762399],[-73.975381,40.761047]]},"properties":{"kind":"major","name":"West 54th Street","bridge":false}},{"type":"Feature","geometry":{"type":"LineString","coordinates":[[-73.982254,40.75739],[-73.979023,40.756037]]},"properties":{"kind":"major","name":"West 46th Street","bridge":false}},{"type":"Feature","geometry":{"type":"LineString","coordinates":[[-73.985732,40.758046],[-73.988386,40.75916]]},"properties":{"kind":"major","name":"West 45th Street","bridge":false}},{"type":"Feature","geometry":{"type":"LineString","coordinates":[[-73.987107,40.779187],[-73.986508,40.778928],[-73.985579,40.778548],[-73.985445,40.778477]]},"properties":{"kind":"minor","name":"West 70th Street","bridge":false}},{"type":"Feature","geometry":{"type":"LineString","coordinates":[[-73.988,40.779554],[-73.988095,40.779377],[-73.988322,40.778896]]},"properties":{"kind":"minor","name":"Riverside Boulevard","bridge":true}},{"type":"Feature","geometry":{"type":"LineString","coordinates":[[-73.989612,40.77617],[-73.989341,40.776062]]},"properties":{"kind":"minor","name":"West 65th Street","bridge":false}},{"type":"Feature","geometry":{"type":"LineString","coordinates":[[-73.98724,40.776024],[-73.988394,40.776511]]},"properties":{"kind":"minor","name":"West 66th Street","bridge":false}},{"type":"Feature","geometry":{"type":"LineString","coordinates":[[-73.984975,40.779126],[-73.986786,40.779902]]},"properties":{"kind":"minor","name":"West 71st Street","bridge":false}},{"type":"Feature","geometry":{"type":"LineString","coordinates":[[-73.986962,40.779977],[-73.98746,40.780191]]},"properties":{"kind":"minor","name":"West 71st Street","bridge":false}},{"type":"Feature","geometry":{"type":"LineString","coordinates":[[-73.98954,40.772863],[-73.986677,40.771661]]},"properties":{"kind":"major","name":"West 61st Street","bridge":false}},{"type":"Feature","geometry":{"type":"LineString","coordinates":[[-73.989196,40.775175],[-73.989651,40.774556]]},"properties":{"kind":"minor","name":"Freedom Place South","bridge":false}},{"type":"Feature","geometry":{"type":"LineString","coordinates":[[-73.98817,40.774743],[-73.989196,40.775175]]},"properties":{"kind":"minor","name":"West 64th Street","bridge":false}},{"type":"Feature","geometry":{"type":"LineString","coordinates":[[-73.997344,40.762115],[-73.99742,40.762014]]},"properties":{"kind":"major","name":"11th Avenue","bridge":false}},{"type":"Feature","geometry":{"type":"LineString","coordinates":[[-73.988056,40.769786],[-73.985413,40.768666],[-73.985067,40.768542],[-73.983944,40.768079],[-73.982517,40.767472],[-73.982364,40.7674]]},"properties":{"kind":"major","name":"West 58th Street","bridge":false}},{"type":"Feature","geometry":{"type":"LineString","coordinates":[[-73.987432,40.778525],[-73.988322,40.778896]]},"properties":{"kind":"minor","name":"West 69th Street","bridge":false}},{"type":"Feature","geometry":{"type":"LineString","coordinates":[[-73.990561,40.773306],[-73.98954,40.772863]]},"properties":{"kind":"minor","name":"West 61st Street","bridge":false}},{"type":"Feature","geometry":{"type":"LineString","coordinates":[[-73.991436,40.774484],[-73.990255,40.77399]]},"properties":{"kind":"minor","name":"West 62nd Street","bridge":false}},{"type":"Feature","geometry":{"type":"LineString","coordinates":[[-73.990561,40.773306],[-73.991168,40.77357],[-73.992093,40.773947]]},"properties":{"kind":"minor","name":"West 61st Street","bridge":false}},{"type":"Feature","geometry":{"type":"LineString","coordinates":[[-73.976741,40.759176],[-73.979475,40.760327]]},"properties":{"kind":"minor","name":"West 51st Street","bridge":false}},{"type":"Feature","geometry":{"type":"LineString","coordinates":[[-73.981898,40.762965],[-73.982903,40.763382]]},"properties":{"kind":"major","name":"West 53rd Street","bridge":false}},{"type":"Feature","geometry":{"type":"LineString","coordinates":[[-73.995972,40.768092],[-73.995763,40.768005]]},"properties":{"kind":"minor","name":"West 52nd Street","bridge":false}},{"type":"Feature","geometry":{"type":"LineString","coordinates":[[-73.994678,40.770805],[-73.994421,40.770703]]},"properties":{"kind":"minor","name":"West 56th Street","bridge":false}},{"type":"Feature","geometry":{"type":"LineString","coordinates":[[-73.990185,40.771975],[-73.989996,40.77224]]},"properties":{"kind":"major","name":"West End Avenue","bridge":false}},{"type":"Feature","geometry":{"type":"LineString","coordinates":[[-73.990703,40.771284],[-73.990912,40.770987]]},"properties":{"kind":"major","name":"11th Avenue","bridge":false}},{"type":"Feature","geometry":{"type":"LineString","coordinates":[[-73.987595,40.770404],[-73.990451,40.771613]]},"properties":{"kind":"major","name":"West 59th Street","bridge":false}},{"type":"Feature","geometry":{"type":"LineString","coordinates":[[-73.984006,40.785655],[-73.984118,40.785489]]},"properties":{"kind":"highway","name":"Henry Hudson Parkway","tunnel":"no","bridge":true}},{"type":"Feature","geometry":{"type":"LineString","coordinates":[[-73.985451,40.783585],[-73.986693,40.781891],[-73.986824,40.781722],[-73.986973,40.781558]]},"properties":{"kind":"highway","name":"Henry Hudson Parkway","tunnel":"no","bridge":false}},{"type":"Feature","geometry":{"type":"LineString","coordinates":[[-73.982652,40.784976],[-73.982845,40.78506]]},"properties":{"kind":"major","name":"West 79th Street","bridge":false}},{"type":"Feature","geometry":{"type":"LineString","coordinates":[[-73.983177,40.787344],[-73.983367,40.787043],[-73.983539,40.786729],[-73.983661,40.78655],[-73.983735,40.786462],[-73.983873,40.786316],[-73.98403,40.786185],[-73.984203,40.786093],[-73.984349,40.786027],[-73.984409,40.785983],[-73.984423,40.785946]]},"properties":{"kind":"highway","name":"","tunnel":"no","bridge":false}},{"type":"Feature","geometry":{"type":"LineString","coordinates":[[-73.983996,40.785439],[-73.983882,40.785604]]},"properties":{"kind":"highway","name":"Henry Hudson Parkway","tunnel":"no","bridge":true}},{"type":"Feature","geometry":{"type":"LineString","coordinates":[[-73.982277,40.789117],[-73.981928,40.789809],[-73.981553,40.790468],[-73.981122,40.791148],[-73.980614,40.791873],[-73.980185,40.792442],[-73.979945,40.79274],[-73.979562,40.793186],[-73.979122,40.793655],[-73.978821,40.793947],[-73.978471,40.794265]]},"properties":{"kind":"highway","name":"Henry Hudson Parkway","tunnel":"no","bridge":false}},{"type":"Feature","geometry":{"type":"LineString","coordinates":[[-73.962436,40.813428],[-73.962263,40.8136],[-73.962011,40.813823],[-73.961865,40.814051]]},"properties":{"kind":"minor","name":"Riverside Drive","bridge":false}},{"type":"Feature","geometry":{"type":"LineString","coordinates":[[-73.961865,40.814051],[-73.962003,40.813909],[-73.962064,40.813892],[-73.962115,40.813909],[-73.962194,40.813975]]},"properties":{"kind":"major","name":"","bridge":false}},{"type":"Feature","geometry":{"type":"LineString","coordinates":[[-73.964536,40.808915],[-73.964758,40.808798],[-73.964995,40.808708],[-73.965145,40.808678],[-73.965268,40.808669],[-73.965382,40.808685]]},"properties":{"kind":"minor","name":"Claremont Avenue","bridge":false}},{"type":"Feature","geometry":{"type":"LineString","coordinates":[[-73.968574,40.801645],[-73.97005,40.802268]]},"properties":{"kind":"minor","name":"West 106th Street","bridge":false}},{"type":"Feature","geometry":{"type":"LineString","coordinates":[[-73.968114,40.80234],[-73.968574,40.801645]]},"properties":{"kind":"major","name":"West End Avenue","bridge":false}},{"type":"Feature","geometry":{"type":"LineString","coordinates":[[-73.974888,40.799288],[-73.974826,40.799459],[-73.974658,40.799861],[-73.974564,40.800061],[-73.974361,40.800445],[-73.974019,40.801019],[-73.973472,40.801857],[-73.973025,40.802502],[-73.971865,40.804109],[-73.971259,40.804906],[-73.969772,40.806802],[-73.969285,40.807448],[-73.968767,40.808171],[-73.968108,40.809158]]},"properties":{"kind":"highway","name":"Henry Hudson Parkway","tunnel":"no","bridge":false}},{"type":"Feature","geometry":{"type":"LineString","coordinates":[[-73.975042,40.798857],[-73.974888,40.799288]]},"properties":{"kind":"highway","name":"Henry Hudson Parkway","tunnel":"no","bridge":true}},{"type":"Feature","geometry":{"type":"LineString","coordinates":[[-73.975059,40.799329],[-73.975215,40.79891]]},"properties":{"kind":"highway","name":"Henry Hudson Parkway","tunnel":"no","bridge":true}},{"type":"Feature","geometry":{"type":"LineString","coordinates":[[-73.975215,40.79891],[-73.975627,40.797868],[-73.975935,40.797168],[-73.976063,40.796924]]},"properties":{"kind":"highway","name":"Henry Hudson Parkway","tunnel":"no","bridge":false}},{"type":"Feature","geometry":{"type":"LineString","coordinates":[[-73.97518,40.795947],[-73.974891,40.796119]]},"properties":{"kind":"major","name":"Riverside Drive","bridge":true}},{"type":"Feature","geometry":{"type":"LineString","coordinates":[[-73.978316,40.7946],[-73.978601,40.794355]]},"properties":{"kind":"highway","name":"Henry Hudson Parkway","tunnel":"no","bridge":true}},{"type":"Feature","geometry":{"type":"LineString","coordinates":[[-73.978601,40.794355],[-73.978968,40.794023],[-73.979316,40.793681],[-73.979651,40.793326],[-73.979966,40.792963],[-73.980413,40.792414],[-73.980701,40.792036],[-73.980977,40.791656],[-73.981371,40.79108],[-73.981739,40.790492],[-73.98197,40.790094],[-73.982184,40.789695],[-73.982387,40.789289],[-73.982577,40.788878],[-73.982753,40.788469],[-73.983177,40.787344]]},"properties":{"kind":"highway","name":"Henry Hudson Parkway","tunnel":"no","bridge":false}},{"type":"Feature","geometry":{"type":"LineString","coordinates":[[-73.978184,40.794512],[-73.977197,40.795308],[-73.977004,40.795453],[-73.976732,40.795685]]},"properties":{"kind":"highway","name":"Henry Hudson Parkway","tunnel":"no","bridge":false}},{"type":"Feature","geometry":{"type":"LineString","coordinates":[[-73.978471,40.794265],[-73.978184,40.794512]]},"properties":{"kind":"highway","name":"Henry Hudson Parkway","tunnel":"no","bridge":true}},{"type":"Feature","geometry":{"type":"LineString","coordinates":[[-73.952388,40.828714],[-73.955598,40.825255],[-73.955928,40.824888],[-73.956371,40.824348],[-73.957487,40.822903]]},"properties":{"kind":"highway","name":"Henry Hudson Parkway","tunnel":"no","bridge":true}},{"type":"Feature","geometry":{"type":"LineString","coordinates":[[-73.952272,40.828652],[-73.952079,40.828876],[-73.951786,40.82926]]},"properties":{"kind":"highway","name":"Henry Hudson Parkway","tunnel":"no","bridge":false}},{"type":"Feature","geometry":{"type":"LineString","coordinates":[[-73.957921,40.821333],[-73.958222,40.82098],[-73.958903,40.820023]]},"properties":{"kind":"minor","name":"12th Avenue","bridge":false}},{"type":"Feature","geometry":{"type":"LineString","coordinates":[[-73.961119,40.816958],[-73.958282,40.820808],[-73.958156,40.820908],[-73.958042,40.820971],[-73.957886,40.821037],[-73.957738,40.821086]]},"properties":{"kind":"major","name":"Riverside Drive","bridge":true}},{"type":"Feature","geometry":{"type":"LineString","coordinates":[[-73.955657,40.822941],[-73.955393,40.823435]]},"properties":{"kind":"major","name":"Riverside Drive","bridge":true}},{"type":"Feature","geometry":{"type":"LineString","coordinates":[[-73.955725,40.822798],[-73.955657,40.822941]]},"properties":{"kind":"major","name":"Riverside Drive","bridge":true}},{"type":"Feature","geometry":{"type":"LineString","coordinates":[[-73.961801,40.81788],[-73.962893,40.816828]]},"properties":{"kind":"highway","name":"Henry Hudson Parkway","tunnel":"no","bridge":false}},{"type":"Feature","geometry":{"type":"LineString","coordinates":[[-73.958569,40.821154],[-73.958157,40.821643],[-73.957576,40.822397],[-73.957292,40.822823],[-73.957023,40.823298]]},"properties":{"kind":"highway","name":"","tunnel":"no","bridge":true}},{"type":"Feature","geometry":{"type":"LineString","coordinates":[[-73.961678,40.817829],[-73.961214,40.818275],[-73.960712,40.818794],[-73.95919,40.820514],[-73.958602,40.821248],[-73.957023,40.823298]]},"properties":{"kind":"highway","name":"Henry Hudson Parkway","tunnel":"no","bridge":true}},{"type":"Feature","geometry":{"type":"LineString","coordinates":[[-73.944755,40.840686],[-73.944692,40.84089],[-73.944712,40.841039]]},"properties":{"kind":"major","name":"","bridge":false}},{"type":"Feature","geometry":{"type":"LineString","coordinates":[[-73.944066,40.84207],[-73.943967,40.842163],[-73.943901,40.842272],[-73.943724,40.842827],[-73.943706,40.842946],[-73.943701,40.843529],[-73.94368,40.84378],[-73.943658,40.843892],[-73.943577,40.844183],[-73.943356,40.844697],[-73.943274,40.844912],[-73.943265,40.84505]]},"properties":{"kind":"highway","name":"","tunnel":"no","bridge":false}},{"type":"Feature","geometry":{"type":"LineString","coordinates":[[-73.943265,40.84505],[-73.943181,40.845357],[-73.943065,40.845866],[-73.943083,40.846093]]},"properties":{"kind":"highway","name":"","tunnel":"no","bridge":false}},{"type":"Feature","geometry":{"type":"LineString","coordinates":[[-73.943873,40.835274],[-73.944084,40.835363]]},"properties":{"kind":"major","name":"West 159th Street","bridge":false}},{"type":"Feature","geometry":{"type":"LineString","coordinates":[[-73.94726,40.837996],[-73.947199,40.837925],[-73.947123,40.837758]]},"properties":{"kind":"major","name":"Riverside Drive","bridge":false}},{"type":"Feature","geometry":{"type":"LineString","coordinates":[[-73.947123,40.837758],[-73.946976,40.838211]]},"properties":{"kind":"major","name":"Riverside Drive","bridge":false}},{"type":"Feature","geometry":{"type":"LineString","coordinates":[[-73.947877,40.837553],[-73.947577,40.837793],[-73.94726,40.837996]]},"properties":{"kind":"major","name":"Riverside Drive West","bridge":false}},{"type":"Feature","geometry":{"type":"LineString","coordinates":[[-73.945387,40.834288],[-73.946618,40.834795],[-73.94671,40.834861],[-73.946749,40.834945]]},"properties":{"kind":"major","name":"West 157th Street","bridge":false}},{"type":"Feature","geometry":{"type":"LineString","coordinates":[[-73.945387,40.834288],[-73.945325,40.834023],[-73.945324,40.833648]]},"properties":{"kind":"major","name":"Edward M. Morgan Place","bridge":false}},{"type":"Feature","geometry":{"type":"LineString","coordinates":[[-73.944787,40.834026],[-73.945387,40.834288]]},"properties":{"kind":"major","name":"West 157th Street","bridge":false}},{"type":"Feature","geometry":{"type":"LineString","coordinates":[[-73.94453,40.83473],[-73.944329,40.834645]]},"properties":{"kind":"major","name":"West 158th Street","bridge":false}},{"type":"Feature","geometry":{"type":"LineString","coordinates":[[-73.949391,40.835087],[-73.94901,40.836364],[-73.948949,40.836461],[-73.948881,40.836495],[-73.948846,40.836499]]},"properties":{"kind":"major","name":"West 158th Street","bridge":true}},{"type":"Feature","geometry":{"type":"LineString","coordinates":[[-73.948633,40.836455],[-73.948097,40.836216],[-73.947336,40.835893],[-73.94589,40.835292]]},"properties":{"kind":"major","name":"West 158th Street","bridge":false}},{"type":"Feature","geometry":{"type":"LineString","coordinates":[[-73.950024,40.833385],[-73.949134,40.836405],[-73.949029,40.836697],[-73.948871,40.837],[-73.948681,40.837275],[-73.948531,40.837452],[-73.948016,40.83799]]},"properties":{"kind":"highway","name":"Henry Hudson Parkway","tunnel":"no","bridge":true}},{"type":"Feature","geometry":{"type":"LineString","coordinates":[[-73.950159,40.833407],[-73.950472,40.832346]]},"properties":{"kind":"highway","name":"Henry Hudson Parkway","tunnel":"no","bridge":false}},{"type":"Feature","geometry":{"type":"LineString","coordinates":[[-73.948068,40.838115],[-73.948632,40.837528],[-73.948798,40.837329],[-73.949005,40.837029],[-73.94907,40.836918],[-73.949167,40.836719],[-73.949286,40.836378],[-73.950159,40.833407]]},"properties":{"kind":"highway","name":"Henry Hudson Parkway","tunnel":"no","bridge":true}},{"type":"Feature","geometry":{"type":"LineString","coordinates":[[-73.948016,40.83799],[-73.94746,40.838573],[-73.947138,40.838931],[-73.946828,40.839295]]},"properties":{"kind":"highway","name":"Henry Hudson Parkway","tunnel":"no","bridge":false}},{"type":"Feature","geometry":{"type":"LineString","coordinates":[[-73.949617,40.832656],[-73.949781,40.832704]]},"properties":{"kind":"minor","name":"West 153rd Street","bridge":true}},{"type":"Feature","geometry":{"type":"LineString","coordinates":[[-73.955291,40.823648],[-73.955191,40.823731],[-73.95483,40.824126],[-73.954347,40.824739],[-73.953733,40.825306]]},"properties":{"kind":"minor","name":"Riverside Drive","bridge":false}},{"type":"Feature","geometry":{"type":"LineString","coordinates":[[-73.967562,40.797871],[-73.966531,40.797441],[-73.966424,40.797408],[-73.966281,40.797388],[-73.966236,40.79739]]},"properties":{"kind":"minor","name":"West 102nd Street","bridge":false}},{"type":"Feature","geometry":{"type":"LineString","coordinates":[[-73.980117,40.770536],[-73.979851,40.770896]]},"properties":{"kind":"major","name":"Central Park West","bridge":false}},{"type":"Feature","geometry":{"type":"LineString","coordinates":[[-73.9822,40.76895],[-73.983884,40.769657],[-73.984196,40.76979],[-73.984317,40.769855]]},"properties":{"kind":"major","name":"West 60th Street","bridge":false}},{"type":"Feature","geometry":{"type":"LineString","coordinates":[[-73.984168,40.771416],[-73.983411,40.771096]]},"properties":{"kind":"major","name":"West 62nd Street","bridge":false}},{"type":"Feature","geometry":{"type":"LineString","coordinates":[[-73.973659,40.764569],[-73.973726,40.76449],[-73.974099,40.763979],[-73.974107,40.763914]]},"properties":{"kind":"minor","name":"Grand Army Plaza","bridge":false}},{"type":"Feature","geometry":{"type":"LineString","coordinates":[[-73.954197,40.810563],[-73.953045,40.810074]]},"properties":{"kind":"minor","name":"West 124th Street","bridge":false}},{"type":"Feature","geometry":{"type":"LineString","coordinates":[[-73.953045,40.810074],[-73.953162,40.810028],[-73.953205,40.809998],[-73.953579,40.809482]]},"properties":{"kind":"minor","name":"Manhattan Avenue","bridge":false}},{"type":"Feature","geometry":{"type":"LineString","coordinates":[[-73.963765,40.803111],[-73.96339,40.803632]]},"properties":{"kind":"major","name":"Amsterdam Avenue","bridge":false}},{"type":"Feature","geometry":{"type":"LineString","coordinates":[[-73.943362,40.846234],[-73.943385,40.846028],[-73.943448,40.845801]]},"properties":{"kind":"highway","name":"","tunnel":"no","bridge":true}},{"type":"Feature","geometry":{"type":"LineString","coordinates":[[-73.944215,40.8461],[-73.944134,40.846004],[-73.943981,40.845889],[-73.943894,40.845804],[-73.94383,40.845714],[-73.943719,40.8455]]},"properties":{"kind":"highway","name":"","tunnel":"no","bridge":false}},{"type":"Feature","geometry":{"type":"LineString","coordinates":[[-73.944756,40.846726],[-73.94447,40.846358]]},"properties":{"kind":"highway","name":"","tunnel":"no","bridge":true}},{"type":"Feature","geometry":{"type":"LineString","coordinates":[[-73.944639,40.845903],[-73.944549,40.846273],[-73.944424,40.846681]]},"properties":{"kind":"highway","name":"","tunnel":"no","bridge":true}},{"type":"Feature","geometry":{"type":"LineString","coordinates":[[-73.943619,40.845431],[-73.943751,40.845332],[-73.9441,40.845201],[-73.944247,40.84513]]},"properties":{"kind":"highway","name":"","tunnel":"no","bridge":true}},{"type":"Feature","geometry":{"type":"LineString","coordinates":[[-73.94416,40.845041],[-73.94399,40.845063],[-73.943627,40.845047],[-73.943551,40.845062],[-73.943477,40.845091]]},"properties":{"kind":"highway","name":"","tunnel":"no","bridge":true}},{"type":"Feature","geometry":{"type":"LineString","coordinates":[[-73.943572,40.846322],[-73.943567,40.846208]]},"properties":{"kind":"highway","name":"","tunnel":"no","bridge":false}},{"type":"Feature","geometry":{"type":"LineString","coordinates":[[-73.943448,40.845801],[-73.943583,40.845613],[-73.943695,40.84551],[-73.943846,40.845425],[-73.943978,40.84538]]},"properties":{"kind":"highway","name":"","tunnel":"no","bridge":true}},{"type":"Feature","geometry":{"type":"LineString","coordinates":[[-73.945292,40.84418],[-73.945318,40.843337],[-73.945336,40.843113],[-73.945442,40.842468],[-73.945487,40.842233],[-73.945587,40.841831],[-73.945641,40.8415]]},"properties":{"kind":"highway","name":"","tunnel":"no","bridge":false}},{"type":"Feature","geometry":{"type":"LineString","coordinates":[[-73.944574,40.843317],[-73.944428,40.843563],[-73.944307,40.843713],[-73.944199,40.843818],[-73.94382,40.844141],[-73.943723,40.844236],[-73.943618,40.844365],[-73.943565,40.844455]]},"properties":{"kind":"highway","name":"","tunnel":"no","bridge":true}},{"type":"Feature","geometry":{"type":"LineString","coordinates":[[-73.943565,40.844455],[-73.943341,40.844931],[-73.943265,40.84505]]},"properties":{"kind":"highway","name":"","tunnel":"no","bridge":false}},{"type":"Feature","geometry":{"type":"LineString","coordinates":[[-73.943477,40.845091],[-73.943406,40.845138],[-73.943364,40.845201],[-73.943179,40.845881],[-73.943083,40.846093]]},"properties":{"kind":"highway","name":"","tunnel":"no","bridge":false}},{"type":"Feature","geometry":{"type":"LineString","coordinates":[[-73.960727,40.85317],[-73.959016,40.852833]]},"properties":{"kind":"highway","name":"George Washington Bridge Lower Level","tunnel":"no","bridge":true}},{"type":"Feature","geometry":{"type":"LineString","coordinates":[[-73.936595,40.842925],[-73.936335,40.843271]]},"properties":{"kind":"major","name":"Audubon Avenue","bridge":false}},{"type":"Feature","geometry":{"type":"LineString","coordinates":[[-73.963788,40.85355],[-73.96377,40.853586]]},"properties":{"kind":"major","name":"Hudson Terrace","bridge":false}},{"type":"Feature","geometry":{"type":"LineString","coordinates":[[-73.964097,40.852928],[-73.963849,40.853432]]},"properties":{"kind":"major","name":"Hudson Terrace","bridge":false}},{"type":"Feature","geometry":{"type":"LineString","coordinates":[[-73.939945,40.809587],[-73.938991,40.809184]]},"properties":{"kind":"minor","name":"East 130th Street","bridge":false}},{"type":"Feature","geometry":{"type":"LineString","coordinates":[[-73.939495,40.810207],[-73.945358,40.812689],[-73.945764,40.812838],[-73.948419,40.813938]]},"properties":{"kind":"minor","name":"West 131st Street","bridge":false}},{"type":"Feature","geometry":{"type":"LineString","coordinates":[[-73.938537,40.809806],[-73.939495,40.810207]]},"properties":{"kind":"minor","name":"East 131st Street","bridge":false}},{"type":"Feature","geometry":{"type":"LineString","coordinates":[[-73.944616,40.809105],[-73.947462,40.810304]]},"properties":{"kind":"minor","name":"West 127th Street","bridge":false}},{"type":"Feature","geometry":{"type":"LineString","coordinates":[[-73.94177,40.807089],[-73.944475,40.808228]]},"properties":{"kind":"minor","name":"West 126th Street","bridge":false}},{"type":"Feature","geometry":{"type":"LineString","coordinates":[[-73.930303,40.84035],[-73.930211,40.840327],[-73.930104,40.840369],[-73.930066,40.840425],[-73.929997,40.840599]]},"properties":{"kind":"minor","name":"Exterior Street","bridge":false}},{"type":"Feature","geometry":{"type":"LineString","coordinates":[[-73.921285,40.835724],[-73.919938,40.835272]]},"properties":{"kind":"major","name":"East 167th Street","bridge":false}},{"type":"Feature","geometry":{"type":"LineString","coordinates":[[-73.952785,40.805563],[-73.952797,40.805878]]},"properties":{"kind":"major","name":"Saint Nicholas Avenue","bridge":false}},{"type":"Feature","geometry":{"type":"LineString","coordinates":[[-73.96377,40.853586],[-73.963673,40.853625],[-73.96351,40.853967],[-73.963523,40.853987]]},"properties":{"kind":"major","name":"Hudson Terrace","bridge":false}},{"type":"Feature","geometry":{"type":"LineString","coordinates":[[-73.952734,40.804199],[-73.954874,40.805094],[-73.957715,40.806297]]},"properties":{"kind":"minor","name":"West 117th Street","bridge":false}},{"type":"Feature","geometry":{"type":"LineString","coordinates":[[-73.952112,40.803934],[-73.952734,40.804199]]},"properties":{"kind":"major","name":"West 117th Street","bridge":false}},{"type":"Feature","geometry":{"type":"LineString","coordinates":[[-73.951485,40.804496],[-73.945508,40.801971]]},"properties":{"kind":"minor","name":"West 118th Street","bridge":false}},{"type":"Feature","geometry":{"type":"LineString","coordinates":[[-73.952765,40.805031],[-73.95165,40.804564]]},"properties":{"kind":"major","name":"West 118th Street","bridge":false}},{"type":"Feature","geometry":{"type":"LineString","coordinates":[[-73.952588,40.802366],[-73.952583,40.802438],[-73.952597,40.802753],[-73.952687,40.802855]]},"properties":{"kind":"major","name":"Saint Nicholas Avenue","bridge":false}},{"type":"Feature","geometry":{"type":"LineString","coordinates":[[-73.952734,40.804199],[-73.952748,40.804532]]},"properties":{"kind":"major","name":"Saint Nicholas Avenue","bridge":false}},{"type":"Feature","geometry":{"type":"LineString","coordinates":[[-73.952435,40.799026],[-73.952591,40.802297],[-73.952588,40.802366]]},"properties":{"kind":"major","name":"Saint Nicholas Avenue","bridge":false}},{"type":"Feature","geometry":{"type":"LineString","coordinates":[[-73.949078,40.797101],[-73.949187,40.797135],[-73.949323,40.797151],[-73.949414,40.797142],[-73.949563,40.797099],[-73.949736,40.797099]]},"properties":{"kind":"major","name":"Duke Ellington Circle","bridge":false}},{"type":"Feature","geometry":{"type":"LineString","coordinates":[[-73.949408,40.796636],[-73.949195,40.796577],[-73.949111,40.796582],[-73.948987,40.79662],[-73.948919,40.796669],[-73.948855,40.796734]]},"properties":{"kind":"minor","name":"Duke Ellington Circle","bridge":false}},{"type":"Feature","geometry":{"type":"LineString","coordinates":[[-73.962996,40.781699],[-73.963114,40.781785],[-73.963227,40.7819],[-73.963396,40.782133],[-73.963436,40.782207],[-73.96351,40.782395],[-73.96361,40.782782],[-73.963658,40.782917],[-73.963758,40.783087],[-73.963857,40.783202],[-73.963998,40.783302],[-73.964259,40.783435],[-73.964557,40.783555],[-73.964755,40.783621]]},"properties":{"kind":"major","name":"86th Street Transverse","bridge":false}},{"type":"Feature","geometry":{"type":"LineString","coordinates":[[-73.959973,40.780455],[-73.960909,40.78085]]},"properties":{"kind":"major","name":"East 85th Street","bridge":false}},{"type":"Feature","geometry":{"type":"LineString","coordinates":[[-73.977354,40.784469],[-73.979116,40.78521]]},"properties":{"kind":"minor","name":"West 81st Street","bridge":false}},{"type":"Feature","geometry":{"type":"LineString","coordinates":[[-73.972834,40.769091],[-73.972676,40.769297],[-73.972565,40.769381],[-73.972463,40.769452],[-73.972242,40.769538]]},"properties":{"kind":"minor","name":"East Drive","bridge":false}},{"type":"Feature","geometry":{"type":"LineString","coordinates":[[-73.972897,40.768939],[-73.972834,40.769091]]},"properties":{"kind":"minor","name":"East Drive","bridge":true}},{"type":"Feature","geometry":{"type":"LineString","coordinates":[[-73.971115,40.768798],[-73.971441,40.768782],[-73.971702,40.768785],[-73.97236,40.768876]]},"properties":{"kind":"major","name":"65th Street Transverse","bridge":false}},{"type":"Feature","geometry":{"type":"LineString","coordinates":[[-73.927092,40.838625],[-73.92707,40.838708],[-73.927219,40.839428]]},"properties":{"kind":"minor","name":"University Avenue","bridge":false}},{"type":"Feature","geometry":{"type":"LineString","coordinates":[[-73.929191,40.840259],[-73.929397,40.839741]]},"properties":{"kind":"highway","name":"","tunnel":"no","bridge":false}},{"type":"Feature","geometry":{"type":"LineString","coordinates":[[-73.93033,40.840546],[-73.930349,40.840468],[-73.930346,40.840435],[-73.930338,40.840398],[-73.930303,40.84035]]},"properties":{"kind":"minor","name":"Depot Place","bridge":false}},{"type":"Feature","geometry":{"type":"LineString","coordinates":[[-73.930244,40.840703],[-73.93033,40.840546]]},"properties":{"kind":"minor","name":"Depot Place","bridge":true}},{"type":"Feature","geometry":{"type":"LineString","coordinates":[[-73.928651,40.83981],[-73.92867,40.839862],[-73.92867,40.839886],[-73.928621,40.840019]]},"properties":{"kind":"major","name":"Sedgwick Avenue","bridge":false}},{"type":"Feature","geometry":{"type":"LineString","coordinates":[[-73.927123,40.836929],[-73.927195,40.83695],[-73.927226,40.836969],[-73.927252,40.837007],[-73.927619,40.837721],[-73.928139,40.838771]]},"properties":{"kind":"major","name":"West 167th Street","bridge":false}},{"type":"Feature","geometry":{"type":"LineString","coordinates":[[-73.927123,40.836929],[-73.926191,40.838512]]},"properties":{"kind":"major","name":"Ogden Avenue","bridge":false}},{"type":"Feature","geometry":{"type":"LineString","coordinates":[[-73.930093,40.82681],[-73.929858,40.826711]]},"properties":{"kind":"minor","name":"East 157th Street","bridge":false}},{"type":"Feature","geometry":{"type":"LineString","coordinates":[[-73.93061,40.827037],[-73.930693,40.827457],[-73.930748,40.827669],[-73.930812,40.827846]]},"properties":{"kind":"major","name":"Major Deegan Expressway","bridge":false}},{"type":"Feature","geometry":{"type":"LineString","coordinates":[[-73.930959,40.826063],[-73.930876,40.826272],[-73.930754,40.8268]]},"properties":{"kind":"major","name":"","bridge":true}},{"type":"Feature","geometry":{"type":"LineString","coordinates":[[-73.931094,40.827319],[-73.931089,40.827098],[-73.931113,40.826771],[-73.931196,40.826228],[-73.931245,40.82583]]},"properties":{"kind":"highway","name":"Major Deegan Expressway","tunnel":"no","bridge":true}},{"type":"Feature","geometry":{"type":"LineString","coordinates":[[-73.930934,40.827335],[-73.930956,40.827588],[-73.931032,40.828019],[-73.931139,40.828368],[-73.93118,40.828473],[-73.931288,40.828689],[-73.931638,40.829291],[-73.931751,40.829504],[-73.931842,40.829703],[-73.931955,40.830024],[-73.932012,40.830244],[-73.932067,40.830571],[-73.932082,40.83079],[-73.932081,40.831028]]},"properties":{"kind":"highway","name":"Major Deegan Expressway","tunnel":"no","bridge":false}},{"type":"Feature","geometry":{"type":"LineString","coordinates":[[-73.931417,40.825266],[-73.931474,40.826039],[-73.931481,40.826067],[-73.931513,40.826098],[-73.931574,40.826106]]},"properties":{"kind":"major","name":"Exterior Street","bridge":false}},{"type":"Feature","geometry":{"type":"LineString","coordinates":[[-73.930592,40.826797],[-73.930591,40.82687],[-73.93061,40.827037]]},"properties":{"kind":"highway","name":"","tunnel":"no","bridge":false}},{"type":"Feature","geometry":{"type":"LineString","coordinates":[[-73.930529,40.826798],[-73.930503,40.826826],[-73.930467,40.826844],[-73.930419,40.826858],[-73.930366,40.82686],[-73.930093,40.82681]]},"properties":{"kind":"highway","name":"","tunnel":"no","bridge":false}},{"type":"Feature","geometry":{"type":"LineString","coordinates":[[-73.931732,40.828849],[-73.931566,40.828535],[-73.931457,40.828289]]},"properties":{"kind":"highway","name":"","tunnel":"no","bridge":true}},{"type":"Feature","geometry":{"type":"LineString","coordinates":[[-73.931683,40.828071],[-73.931613,40.828045],[-73.931501,40.827973]]},"properties":{"kind":"highway","name":"","tunnel":"no","bridge":true}},{"type":"Feature","geometry":{"type":"LineString","coordinates":[[-73.931297,40.827603],[-73.931352,40.827192],[-73.931374,40.826725],[-73.931371,40.826476]]},"properties":{"kind":"highway","name":"","tunnel":"no","bridge":true}},{"type":"Feature","geometry":{"type":"LineString","coordinates":[[-73.931371,40.826476],[-73.931351,40.826025]]},"properties":{"kind":"highway","name":"","tunnel":"no","bridge":false}},{"type":"Feature","geometry":{"type":"LineString","coordinates":[[-73.932607,40.82639],[-73.932734,40.827371]]},"properties":{"kind":"highway","name":"","tunnel":"no","bridge":true}},{"type":"Feature","geometry":{"type":"LineString","coordinates":[[-73.932262,40.82606],[-73.932386,40.826061],[-73.932455,40.826081],[-73.932505,40.82612],[-73.932544,40.826207]]},"properties":{"kind":"highway","name":"","tunnel":"no","bridge":true}},{"type":"Feature","geometry":{"type":"LineString","coordinates":[[-73.930883,40.824816],[-73.931345,40.824825],[-73.931725,40.824816],[-73.931859,40.824832],[-73.931996,40.824866],[-73.932188,40.824954],[-73.932287,40.825024],[-73.932366,40.8251],[-73.932442,40.825194],[-73.932469,40.82525],[-73.932502,40.825345],[-73.932517,40.825426]]},"properties":{"kind":"highway","name":"","tunnel":"no","bridge":true}},{"type":"Feature","geometry":{"type":"LineString","coordinates":[[-73.931457,40.828289],[-73.931348,40.827953]]},"properties":{"kind":"highway","name":"","tunnel":"no","bridge":true}},{"type":"Feature","geometry":{"type":"LineString","coordinates":[[-73.929148,40.824714],[-73.929597,40.824795],[-73.929944,40.824834],[-73.930307,40.824843],[-73.930883,40.824816]]},"properties":{"kind":"highway","name":"","tunnel":"no","bridge":true}},{"type":"Feature","geometry":{"type":"LineString","coordinates":[[-73.933077,40.829249],[-73.932959,40.82892],[-73.932847,40.828702]]},"properties":{"kind":"highway","name":"","tunnel":"no","bridge":true}},{"type":"Feature","geometry":{"type":"LineString","coordinates":[[-73.93163,40.826801],[-73.931574,40.826106]]},"properties":{"kind":"major","name":"Exterior Street","bridge":false}},{"type":"Feature","geometry":{"type":"LineString","coordinates":[[-73.932847,40.828702],[-73.932737,40.828533],[-73.93178,40.827213],[-73.93171,40.827082],[-73.931678,40.827001],[-73.93163,40.826801]]},"properties":{"kind":"highway","name":"","tunnel":"no","bridge":false}},{"type":"Feature","geometry":{"type":"LineString","coordinates":[[-73.93225,40.831048],[-73.932247,40.830712],[-73.932237,40.830557],[-73.93221,40.830376]]},"properties":{"kind":"highway","name":"Major Deegan Expressway","tunnel":"no","bridge":false}},{"type":"Feature","geometry":{"type":"LineString","coordinates":[[-73.930906,40.828175],[-73.931012,40.828462],[-73.93108,40.828614],[-73.931206,40.828853],[-73.931419,40.829218]]},"properties":{"kind":"major","name":"Major Deegan Expressway","bridge":false}},{"type":"Feature","geometry":{"type":"LineString","coordinates":[[-73.930203,40.828176],[-73.930157,40.828099],[-73.930142,40.828011],[-73.930149,40.827973],[-73.930181,40.827904],[-73.930239,40.827844],[-73.930321,40.827799],[-73.930383,40.82778],[-73.93048,40.827768],[-73.930536,40.827773],[-73.930627,40.827798],[-73.930698,40.827845],[-73.930751,40.827915],[-73.93079,40.827997],[-73.930906,40.828175]]},"properties":{"kind":"major","name":"","bridge":false}},{"type":"Feature","geometry":{"type":"LineString","coordinates":[[-73.931419,40.829218],[-73.931397,40.829295],[-73.931357,40.829372],[-73.931304,40.829437],[-73.931233,40.829488]]},"properties":{"kind":"major","name":"","bridge":false}},{"type":"Feature","geometry":{"type":"LineString","coordinates":[[-73.931233,40.829488],[-73.93107,40.8295],[-73.930926,40.829487],[-73.930836,40.829453],[-73.930763,40.829395],[-73.930709,40.829322],[-73.930638,40.82913],[-73.930611,40.829006],[-73.930597,40.828874]]},"properties":{"kind":"major","name":"","bridge":false}},{"type":"Feature","geometry":{"type":"LineString","coordinates":[[-73.931116,40.824752],[-73.931164,40.825418],[-73.931158,40.825575],[-73.931103,40.825759],[-73.930959,40.826063]]},"properties":{"kind":"major","name":"","bridge":false}},{"type":"Feature","geometry":{"type":"LineString","coordinates":[[-73.928886,40.829113],[-73.927892,40.828497]]},"properties":{"kind":"major","name":"East 161st Street","bridge":false}},{"type":"Feature","geometry":{"type":"LineString","coordinates":[[-73.927168,40.825718],[-73.926965,40.82565]]},"properties":{"kind":"minor","name":"East 157th Street","bridge":false}},{"type":"Feature","geometry":{"type":"LineString","coordinates":[[-73.927501,40.830526],[-73.92848,40.830223]]},"properties":{"kind":"major","name":"Jerome Avenue","bridge":false}},{"type":"Feature","geometry":{"type":"LineString","coordinates":[[-73.927234,40.830594],[-73.926431,40.831426],[-73.925438,40.832518],[-73.925029,40.833273],[-73.924394,40.834484],[-73.923983,40.835048]]},"properties":{"kind":"major","name":"Jerome Avenue","bridge":false}},{"type":"Feature","geometry":{"type":"LineString","coordinates":[[-73.928446,40.830156],[-73.928021,40.830288],[-73.927929,40.830308],[-73.927835,40.830305],[-73.927667,40.830256]]},"properties":{"kind":"major","name":"Jerome Avenue","bridge":false}},{"type":"Feature","geometry":{"type":"LineString","coordinates":[[-73.931104,40.824629],[-73.930902,40.822225]]},"properties":{"kind":"major","name":"Exterior Street","bridge":false}},{"type":"Feature","geometry":{"type":"LineString","coordinates":[[-73.930956,40.834694],[-73.930487,40.836377],[-73.930292,40.83703],[-73.930143,40.837458],[-73.929977,40.837883],[-73.929829,40.838192],[-73.929648,40.838494],[-73.929543,40.83865],[-73.929306,40.838972],[-73.928761,40.839653],[-73.928651,40.83981]]},"properties":{"kind":"major","name":"Sedgwick Avenue","bridge":false}},{"type":"Feature","geometry":{"type":"LineString","coordinates":[[-73.931069,40.829675],[-73.931201,40.829607],[-73.931253,40.829592],[-73.931346,40.829592],[-73.931429,40.829619],[-73.931474,40.829654],[-73.931611,40.829808],[-73.931788,40.830103]]},"properties":{"kind":"major","name":"","bridge":false}},{"type":"Feature","geometry":{"type":"LineString","coordinates":[[-73.931233,40.829488],[-73.931006,40.829602]]},"properties":{"kind":"major","name":"","bridge":false}},{"type":"Feature","geometry":{"type":"LineString","coordinates":[[-73.931116,40.824752],[-73.931267,40.825153],[-73.931331,40.825224],[-73.931417,40.825266]]},"properties":{"kind":"major","name":"Exterior Street","bridge":false}},{"type":"Feature","geometry":{"type":"LineString","coordinates":[[-73.931574,40.826106],[-73.931504,40.825257]]},"properties":{"kind":"major","name":"Exterior Street","bridge":false}},{"type":"Feature","geometry":{"type":"LineString","coordinates":[[-73.931104,40.824629],[-73.931116,40.824752]]},"properties":{"kind":"major","name":"Exterior Street","bridge":false}},{"type":"Feature","geometry":{"type":"LineString","coordinates":[[-73.948292,40.796449],[-73.948747,40.796643],[-73.948855,40.796734]]},"properties":{"kind":"minor","name":"East 110th Street","bridge":false}},{"type":"Feature","geometry":{"type":"LineString","coordinates":[[-73.940852,40.808338],[-73.939908,40.807929]]},"properties":{"kind":"minor","name":"East 128th Street","bridge":false}},{"type":"Feature","geometry":{"type":"LineString","coordinates":[[-73.965604,40.772745],[-73.966533,40.773139]]},"properties":{"kind":"minor","name":"East 73rd Street","bridge":false}},{"type":"Feature","geometry":{"type":"LineString","coordinates":[[-73.963743,40.775294],[-73.964674,40.775685]]},"properties":{"kind":"minor","name":"East 77th Street","bridge":false}},{"type":"Feature","geometry":{"type":"LineString","coordinates":[[-73.961828,40.777915],[-73.962763,40.778312]]},"properties":{"kind":"minor","name":"East 81st Street","bridge":false}},{"type":"Feature","geometry":{"type":"LineString","coordinates":[[-73.960899,40.779188],[-73.961833,40.779582]]},"properties":{"kind":"minor","name":"East 83rd Street","bridge":false}},{"type":"Feature","geometry":{"type":"LineString","coordinates":[[-73.979202,40.771785],[-73.978739,40.772421]]},"properties":{"kind":"major","name":"Central Park West","bridge":false}},{"type":"Feature","geometry":{"type":"LineString","coordinates":[[-73.957692,40.801237],[-73.957237,40.801857]]},"properties":{"kind":"major","name":"Frederick Douglass Boulevard","bridge":false}},{"type":"Feature","geometry":{"type":"LineString","coordinates":[[-73.959739,40.853138],[-73.960673,40.853322]]},"properties":{"kind":"highway","name":"George Washington Bridge Lower Level","tunnel":"no","bridge":true}},{"type":"Feature","geometry":{"type":"LineString","coordinates":[[-73.959606,40.853082],[-73.960681,40.853291]]},"properties":{"kind":"highway","name":"George Washington Bridge Upper Level","tunnel":"no","bridge":true}},{"type":"Feature","geometry":{"type":"LineString","coordinates":[[-73.963801,40.807987],[-73.963988,40.808065]]},"properties":{"kind":"minor","name":"West 116th Street","bridge":false}},{"type":"Feature","geometry":{"type":"LineString","coordinates":[[-73.957693,40.822636],[-73.958104,40.822256],[-73.958253,40.822097],[-73.959177,40.820901],[-73.959652,40.820329]]},"properties":{"kind":"highway","name":"","tunnel":"no","bridge":true}},{"type":"Feature","geometry":{"type":"LineString","coordinates":[[-73.940401,40.832181],[-73.940879,40.832375]]},"properties":{"kind":"minor","name":"West 157th Street","bridge":false}},{"type":"Feature","geometry":{"type":"LineString","coordinates":[[-73.978509,40.832657],[-73.978452,40.833528]]},"properties":{"kind":"major","name":"Palisade Avenue","bridge":false}},{"type":"Feature","geometry":{"type":"LineString","coordinates":[[-74.007585,40.785838],[-74.00747,40.78582],[-74.006957,40.785603],[-74.006279,40.785301]]},"properties":{"kind":"major","name":"Boulevard East","bridge":false}},{"type":"Feature","geometry":{"type":"LineString","coordinates":[[-74.013231,40.772112],[-74.013584,40.771626]]},"properties":{"kind":"major","name":"Pershing Road","bridge":false}},{"type":"Feature","geometry":{"type":"LineString","coordinates":[[-74.000432,40.788582],[-74.000147,40.789098]]},"properties":{"kind":"major","name":"River Road","bridge":false}},{"type":"Feature","geometry":{"type":"LineString","coordinates":[[-74.009261,40.785543],[-74.008504,40.786353],[-74.007244,40.787648],[-74.007145,40.787762],[-74.006671,40.788365],[-74.004793,40.790698],[-74.004517,40.791013],[-74.002779,40.793147],[-74.002552,40.793415],[-74.0025,40.793509],[-74.002469,40.793633],[-74.002377,40.793782],[-74.001951,40.794376],[-74.001525,40.794993]]},"properties":{"kind":"major","name":"Park Avenue","bridge":false}},{"type":"Feature","geometry":{"type":"LineString","coordinates":[[-74.009261,40.785543],[-74.012402,40.787001]]},"properties":{"kind":"major","name":"60th Street","bridge":false}},{"type":"Feature","geometry":{"type":"LineString","coordinates":[[-74.02343,40.769064],[-74.023493,40.769154]]},"properties":{"kind":"highway","name":"","tunnel":"no","bridge":false}},{"type":"Feature","geometry":{"type":"LineString","coordinates":[[-73.992124,40.807375],[-73.991847,40.807684],[-73.991687,40.807842],[-73.991547,40.807952],[-73.991466,40.808031],[-73.991106,40.808509]]},"properties":{"kind":"minor","name":"Old River Road","bridge":false}},{"type":"Feature","geometry":{"type":"LineString","coordinates":[[-73.991106,40.808509],[-73.990818,40.808925],[-73.990258,40.809574],[-73.989989,40.809863],[-73.98981,40.810019],[-73.98967,40.810119],[-73.989432,40.810325],[-73.989266,40.810484],[-73.988989,40.810799],[-73.988781,40.811109],[-73.987894,40.81257],[-73.987843,40.812767],[-73.987844,40.812875],[-73.987792,40.813338]]},"properties":{"kind":"minor","name":"Old River Road","bridge":false}},{"type":"Feature","geometry":{"type":"LineString","coordinates":[[-73.996179,40.804061],[-73.996473,40.804442],[-73.996925,40.804982],[-73.997601,40.805571],[-73.99778,40.805748]]},"properties":{"kind":"major","name":"Woodcliff Avenue","bridge":false}},{"type":"Feature","geometry":{"type":"LineString","coordinates":[[-73.998481,40.795992],[-73.99857,40.796031]]},"properties":{"kind":"minor","name":"77th Street","bridge":true}},{"type":"Feature","geometry":{"type":"LineString","coordinates":[[-74.000663,40.790009],[-74.000673,40.790051],[-74.000597,40.790322],[-74.000356,40.791042]]},"properties":{"kind":"major","name":"Ferry Road","bridge":false}},{"type":"Feature","geometry":{"type":"LineString","coordinates":[[-74.000356,40.791042],[-74.000255,40.791298],[-74.000164,40.791602],[-74.000169,40.791725],[-74.000203,40.791852],[-74.000347,40.791981],[-74.0007,40.792164],[-74.000803,40.792207],[-74.000868,40.792222],[-74.000991,40.792207]]},"properties":{"kind":"major","name":"Ferry Road","bridge":false}},{"type":"Feature","geometry":{"type":"LineString","coordinates":[[-73.998476,40.796083],[-73.998458,40.796752],[-73.998382,40.796974],[-73.998288,40.797165],[-73.998093,40.797437],[-73.998034,40.797479],[-73.99783,40.797674],[-73.997199,40.798374],[-73.996963,40.798681],[-73.996896,40.798819],[-73.996868,40.798916],[-73.996836,40.799378]]},"properties":{"kind":"major","name":"Boulevard East","bridge":false}},{"type":"Feature","geometry":{"type":"LineString","coordinates":[[-73.998493,40.795749],[-73.998476,40.796083]]},"properties":{"kind":"major","name":"Boulevard East","bridge":true}},{"type":"Feature","geometry":{"type":"LineString","coordinates":[[-73.998913,40.791129],[-73.998805,40.791294]]},"properties":{"kind":"major","name":"River Road","bridge":false}},{"type":"Feature","geometry":{"type":"LineString","coordinates":[[-73.946783,40.835025],[-73.947581,40.834879],[-73.947612,40.834865],[-73.94768,40.834803],[-73.947965,40.834411],[-73.948104,40.834284],[-73.94821,40.834232],[-73.94834,40.834211],[-73.948472,40.834217],[-73.948532,40.834229],[-73.948773,40.834321]]},"properties":{"kind":"major","name":"Riverside Drive","bridge":false}},{"type":"Feature","geometry":{"type":"LineString","coordinates":[[-73.947965,40.834411],[-73.947938,40.834372],[-73.947889,40.83434],[-73.947823,40.834326],[-73.947749,40.834324]]},"properties":{"kind":"major","name":"","bridge":false}},{"type":"Feature","geometry":{"type":"LineString","coordinates":[[-73.947468,40.83472],[-73.947504,40.834758],[-73.947557,40.834786],[-73.94768,40.834803]]},"properties":{"kind":"major","name":"","bridge":false}},{"type":"Feature","geometry":{"type":"LineString","coordinates":[[-73.949172,40.834373],[-73.948822,40.834232]]},"properties":{"kind":"major","name":"Riverside Drive","bridge":true}},{"type":"Feature","geometry":{"type":"LineString","coordinates":[[-73.947683,40.834423],[-73.947575,40.834389],[-73.945434,40.833485]]},"properties":{"kind":"minor","name":"West 156th Street","bridge":false}},{"type":"Feature","geometry":{"type":"LineString","coordinates":[[-73.942269,40.806419],[-73.942687,40.806596]]},"properties":{"kind":"major","name":"West 125th Street","bridge":false}},{"type":"Feature","geometry":{"type":"LineString","coordinates":[[-73.937338,40.839295],[-73.939678,40.840258]]},"properties":{"kind":"minor","name":"West 167th Street","bridge":false}},{"type":"Feature","geometry":{"type":"LineString","coordinates":[[-73.943068,40.840194],[-73.944419,40.840893]]},"properties":{"kind":"major","name":"West 165th Street","bridge":false}},{"type":"Feature","geometry":{"type":"LineString","coordinates":[[-73.939876,40.839043],[-73.939839,40.838776],[-73.939842,40.838662]]},"properties":{"kind":"major","name":"Saint Nicholas Avenue","bridge":false}},{"type":"Feature","geometry":{"type":"LineString","coordinates":[[-73.93843,40.842906],[-73.938785,40.842481]]},"properties":{"kind":"major","name":"Saint Nicholas Avenue","bridge":false}},{"type":"Feature","geometry":{"type":"LineString","coordinates":[[-73.939846,40.838513],[-73.941089,40.83916]]},"properties":{"kind":"major","name":"West 165th Street","bridge":false}},{"type":"Feature","geometry":{"type":"LineString","coordinates":[[-73.943068,40.840194],[-73.943298,40.839611]]},"properties":{"kind":"major","name":"Fort Washington Avenue","bridge":false}},{"type":"Feature","geometry":{"type":"LineString","coordinates":[[-73.9972,40.760363],[-73.995473,40.759626]]},"properties":{"kind":"major","name":"West 42nd Street","bridge":false}},{"type":"Feature","geometry":{"type":"LineString","coordinates":[[-73.994536,40.769941],[-73.994497,40.770121],[-73.994446,40.7705]]},"properties":{"kind":"highway","name":"12th Avenue","tunnel":"no","bridge":false}},{"type":"Feature","geometry":{"type":"LineString","coordinates":[[-73.994785,40.770033],[-73.994851,40.769797],[-73.994967,40.769524]]},"properties":{"kind":"highway","name":"12th Avenue","tunnel":"no","bridge":false}},{"type":"Feature","geometry":{"type":"LineString","coordinates":[[-73.994623,40.769688],[-73.994536,40.769941]]},"properties":{"kind":"highway","name":"12th Avenue","tunnel":"no","bridge":false}},{"type":"Feature","geometry":{"type":"LineString","coordinates":[[-73.931419,40.829218],[-73.931548,40.829433],[-73.931612,40.829568],[-73.931742,40.829909],[-73.931788,40.830103]]},"properties":{"kind":"major","name":"Major Deegan Expressway","bridge":false}},{"type":"Feature","geometry":{"type":"LineString","coordinates":[[-73.948822,40.834232],[-73.948608,40.834156],[-73.948457,40.834125],[-73.948368,40.834117],[-73.948182,40.834122],[-73.948111,40.834134],[-73.947971,40.834178],[-73.947843,40.834244],[-73.947749,40.834324],[-73.947468,40.83472],[-73.94734,40.834826],[-73.947294,40.834845],[-73.947045,40.834898],[-73.946749,40.834945]]},"properties":{"kind":"major","name":"Riverside Drive","bridge":false}},{"type":"Feature","geometry":{"type":"LineString","coordinates":[[-73.948773,40.834321],[-73.949133,40.834454]]},"properties":{"kind":"major","name":"Riverside Drive","bridge":true}},{"type":"Feature","geometry":{"type":"LineString","coordinates":[[-73.961833,40.779582],[-73.96372,40.776991]]},"properties":{"kind":"major","name":"5th Avenue","bridge":false}},{"type":"Feature","geometry":{"type":"LineString","coordinates":[[-73.980084,40.783893],[-73.982196,40.784783]]},"properties":{"kind":"major","name":"West 79th Street","bridge":false}},{"type":"Feature","geometry":{"type":"LineString","coordinates":[[-73.995972,40.768092],[-73.996274,40.767677]]},"properties":{"kind":"highway","name":"12th Avenue","tunnel":"no","bridge":false}},{"type":"Feature","geometry":{"type":"LineString","coordinates":[[-73.942269,40.806419],[-73.942521,40.806069]]},"properties":{"kind":"major","name":"5th Avenue","bridge":false}},{"type":"Feature","geometry":{"type":"LineString","coordinates":[[-73.958682,40.816125],[-73.959493,40.817007]]},"properties":{"kind":"major","name":"West 125th Street","bridge":false}},{"type":"Feature","geometry":{"type":"LineString","coordinates":[[-73.957659,40.800436],[-73.955363,40.799467]]},"properties":{"kind":"major","name":"Central Park North","bridge":false}},{"type":"Feature","geometry":{"type":"LineString","coordinates":[[-73.950564,40.826489],[-73.951922,40.827053]]},"properties":{"kind":"major","name":"West 145th Street","bridge":false}},{"type":"Feature","geometry":{"type":"LineString","coordinates":[[-73.97228,40.794872],[-73.971897,40.794715]]},"properties":{"kind":"major","name":"West 96th Street","bridge":false}},{"type":"Feature","geometry":{"type":"LineString","coordinates":[[-73.976606,40.788362],[-73.97786,40.788892]]},"properties":{"kind":"major","name":"West 86th Street","bridge":false}},{"type":"Feature","geometry":{"type":"LineString","coordinates":[[-73.984389,40.774801],[-73.984535,40.774883],[-73.98481,40.775001]]},"properties":{"kind":"major","name":"West 66th Street","bridge":false}},{"type":"Feature","geometry":{"type":"LineString","coordinates":[[-73.960415,40.781534],[-73.960909,40.78085]]},"properties":{"kind":"major","name":"5th Avenue","bridge":false}},{"type":"Feature","geometry":{"type":"LineString","coordinates":[[-73.98724,40.776024],[-73.986651,40.776826]]},"properties":{"kind":"major","name":"West End Avenue","bridge":false}},{"type":"Feature","geometry":{"type":"LineString","coordinates":[[-73.968098,40.801439],[-73.967996,40.801398]]},"properties":{"kind":"major","name":"West 106th Street","bridge":false}},{"type":"Feature","geometry":{"type":"LineString","coordinates":[[-73.959086,40.799357],[-73.958834,40.799702]]},"properties":{"kind":"major","name":"Central Park West","bridge":false}},{"type":"Feature","geometry":{"type":"LineString","coordinates":[[-73.95537,40.804418],[-73.956827,40.805031]]},"properties":{"kind":"major","name":"West 116th Street","bridge":false}},{"type":"Feature","geometry":{"type":"LineString","coordinates":[[-73.981953,40.768544],[-73.981972,40.768564],[-73.981986,40.768625],[-73.981996,40.768896]]},"properties":{"kind":"major","name":"Broadway","bridge":false}},{"type":"Feature","geometry":{"type":"LineString","coordinates":[[-73.988401,40.774427],[-73.98817,40.774743]]},"properties":{"kind":"major","name":"West End Avenue","bridge":false}},{"type":"Feature","geometry":{"type":"LineString","coordinates":[[-73.987792,40.813338],[-73.987744,40.813525]]},"properties":{"kind":"minor","name":"Old River Road","bridge":true}},{"type":"Feature","geometry":{"type":"LineString","coordinates":[[-73.987744,40.813525],[-73.98772,40.81357],[-73.98767,40.813624],[-73.9876,40.81367],[-73.98753,40.813696],[-73.987459,40.813707],[-73.986974,40.813633],[-73.986326,40.813504],[-73.98618,40.813489],[-73.985951,40.813488],[-73.985821,40.813507],[-73.985514,40.813578],[-73.985277,40.813684],[-73.985147,40.813782],[-73.984966,40.813932],[-73.984426,40.814441],[-73.984291,40.814508],[-73.984077,40.814581],[-73.984025,40.814587]]},"properties":{"kind":"minor","name":"Old River Road","bridge":false}},{"type":"Feature","geometry":{"type":"LineString","coordinates":[[-73.939994,40.837714],[-73.940136,40.836967]]},"properties":{"kind":"major","name":"Saint Nicholas Avenue","bridge":false}},{"type":"Feature","geometry":{"type":"LineString","coordinates":[[-73.940048,40.834492],[-73.939787,40.835075]]},"properties":{"kind":"major","name":"Saint Nicholas Avenue","bridge":false}},{"type":"Feature","geometry":{"type":"LineString","coordinates":[[-73.928218,40.823935],[-73.928149,40.824065],[-73.927868,40.824525],[-73.927168,40.825718]]},"properties":{"kind":"major","name":"River Avenue","bridge":false}},{"type":"Feature","geometry":{"type":"LineString","coordinates":[[-73.990103,40.807806],[-73.989889,40.80771],[-73.987244,40.806654],[-73.987169,40.806611],[-73.986935,40.806351]]},"properties":{"kind":"minor","name":"Penny Lane","bridge":false}},{"type":"Feature","geometry":{"type":"LineString","coordinates":[[-74.011945,40.775945],[-74.011087,40.775549],[-74.011019,40.775485],[-74.010992,40.775421],[-74.010998,40.775379],[-74.011019,40.775338],[-74.011317,40.774942],[-74.01134,40.774854],[-74.011368,40.774504],[-74.012016,40.773665]]},"properties":{"kind":"minor","name":"Avenue at Port Imperial","bridge":false}},{"type":"Feature","geometry":{"type":"LineString","coordinates":[[-73.981892,40.778188],[-73.98161,40.778601]]},"properties":{"kind":"major","name":"Amsterdam Avenue","bridge":false}},{"type":"Feature","geometry":{"type":"LineString","coordinates":[[-74.001435,40.761977],[-74.001617,40.761764],[-74.001837,40.761457]]},"properties":{"kind":"highway","name":"12th Avenue","tunnel":"no","bridge":false}},{"type":"Feature","geometry":{"type":"LineString","coordinates":[[-73.961904,40.853417],[-73.960722,40.853184]]},"properties":{"kind":"highway","name":"George Washington Bridge Upper Level","tunnel":"no","bridge":false}},{"type":"Feature","geometry":{"type":"LineString","coordinates":[[-73.929397,40.839741],[-73.929743,40.839136],[-73.929955,40.838722],[-73.930143,40.838308],[-73.930406,40.83766]]},"properties":{"kind":"highway","name":"Major Deegan Expressway","tunnel":"no","bridge":false}},{"type":"Feature","geometry":{"type":"LineString","coordinates":[[-73.933465,40.838315],[-73.933239,40.838675]]},"properties":{"kind":"highway","name":"Harlem River Drive","tunnel":"no","bridge":false}},{"type":"Feature","geometry":{"type":"LineString","coordinates":[[-73.933751,40.838126],[-73.934831,40.836199],[-73.934937,40.835996],[-73.935026,40.835798],[-73.935145,40.835482],[-73.935235,40.835159],[-73.935314,40.834719],[-73.935361,40.834275]]},"properties":{"kind":"highway","name":"Harlem River Drive","tunnel":"no","bridge":false}},{"type":"Feature","geometry":{"type":"LineString","coordinates":[[-73.945195,40.847006],[-73.945153,40.846455],[-73.945053,40.844702],[-73.945052,40.844294],[-73.94508,40.843778],[-73.945129,40.84336],[-73.945177,40.843056],[-73.945288,40.842535],[-73.945369,40.842234],[-73.945465,40.841932],[-73.945503,40.841823],[-73.945641,40.8415]]},"properties":{"kind":"highway","name":"Henry Hudson Parkway","tunnel":"no","bridge":false}},{"type":"Feature","geometry":{"type":"LineString","coordinates":[[-73.993199,40.773002],[-73.992162,40.774559],[-73.99181,40.775067],[-73.988223,40.779986],[-73.988084,40.780172],[-73.987768,40.780549],[-73.9872,40.781156]]},"properties":{"kind":"highway","name":"West Side Highway","tunnel":"no","bridge":true}},{"type":"Feature","geometry":{"type":"LineString","coordinates":[[-73.945407,40.841814],[-73.945243,40.842325],[-73.945131,40.842774],[-73.945032,40.84331],[-73.944991,40.84362],[-73.944963,40.843931]]},"properties":{"kind":"highway","name":"Henry Hudson Parkway","tunnel":"no","bridge":false}},{"type":"Feature","geometry":{"type":"LineString","coordinates":[[-73.945641,40.8415],[-73.945862,40.84103],[-73.946059,40.840647],[-73.946285,40.84026],[-73.946533,40.839891],[-73.946804,40.839526],[-73.947248,40.838994],[-73.947552,40.838655],[-73.948068,40.838115]]},"properties":{"kind":"highway","name":"Henry Hudson Parkway","tunnel":"no","bridge":false}},{"type":"Feature","geometry":{"type":"LineString","coordinates":[[-73.961591,40.853473],[-73.962348,40.853613],[-73.963305,40.853806]]},"properties":{"kind":"highway","name":"George Washington Bridge Upper Level","tunnel":"no","bridge":false}},{"type":"Feature","geometry":{"type":"LineString","coordinates":[[-73.962991,40.854509],[-73.963002,40.854478]]},"properties":{"kind":"highway","name":"Palisades Interstate Parkway","tunnel":"no","bridge":false}},{"type":"Feature","geometry":{"type":"LineString","coordinates":[[-73.991099,40.755438],[-73.990728,40.755949]]},"properties":{"kind":"major","name":"8th Avenue","bridge":false}},{"type":"Feature","geometry":{"type":"LineString","coordinates":[[-73.989791,40.757233],[-73.989435,40.757721]]},"properties":{"kind":"major","name":"8th Avenue","bridge":false}},{"type":"Feature","geometry":{"type":"LineString","coordinates":[[-73.952797,40.805878],[-73.953853,40.806308],[-73.956801,40.807551]]},"properties":{"kind":"minor","name":"West 119th Street","bridge":false}},{"type":"Feature","geometry":{"type":"LineString","coordinates":[[-73.984118,40.754842],[-73.983166,40.756142]]},"properties":{"kind":"major","name":"6th Avenue","bridge":false}},{"type":"Feature","geometry":{"type":"LineString","coordinates":[[-73.978615,40.77171],[-73.978197,40.771802],[-73.978072,40.77181],[-73.97789,40.771779],[-73.977665,40.771708]]},"properties":{"kind":"major","name":"65th Street Transverse","bridge":false}},{"type":"Feature","geometry":{"type":"LineString","coordinates":[[-73.978883,40.771706],[-73.978615,40.77171]]},"properties":{"kind":"major","name":"65th Street Transverse","bridge":true}},{"type":"Feature","geometry":{"type":"LineString","coordinates":[[-73.964808,40.851711],[-73.964936,40.851717],[-73.965143,40.851767]]},"properties":{"kind":"minor","name":"Central Avenue","bridge":false}},{"type":"Feature","geometry":{"type":"LineString","coordinates":[[-73.965392,40.850665],[-73.965116,40.850513],[-73.965033,40.850445],[-73.964948,40.850352],[-73.964862,40.850231],[-73.964803,40.850117],[-73.964759,40.849997],[-73.964733,40.849893],[-73.964652,40.849714]]},"properties":{"kind":"major","name":"Main Street","bridge":false}},{"type":"Feature","geometry":{"type":"LineString","coordinates":[[-73.985332,40.783531],[-73.985016,40.78383],[-73.984803,40.784056],[-73.984539,40.784281],[-73.984322,40.784438],[-73.984053,40.784605],[-73.983798,40.784741],[-73.983547,40.78486]]},"properties":{"kind":"highway","name":"","tunnel":"no","bridge":false}},{"type":"Feature","geometry":{"type":"LineString","coordinates":[[-73.983547,40.78486],[-73.983292,40.784953],[-73.982845,40.78506]]},"properties":{"kind":"highway","name":"","tunnel":"no","bridge":false}},{"type":"Feature","geometry":{"type":"LineString","coordinates":[[-73.991436,40.774484],[-73.990505,40.775237],[-73.990144,40.775575]]},"properties":{"kind":"minor","name":"Riverside Boulevard","bridge":false}},{"type":"Feature","geometry":{"type":"LineString","coordinates":[[-73.990255,40.77399],[-73.990167,40.774073],[-73.989862,40.774268],[-73.98977,40.77437],[-73.989651,40.774556]]},"properties":{"kind":"minor","name":"Freedom Place South","bridge":false}},{"type":"Feature","geometry":{"type":"LineString","coordinates":[[-73.992093,40.773947],[-73.991436,40.774484]]},"properties":{"kind":"minor","name":"Riverside Boulevard","bridge":false}},{"type":"Feature","geometry":{"type":"LineString","coordinates":[[-73.980792,40.816897],[-73.981829,40.817475]]},"properties":{"kind":"minor","name":"Archer Street","bridge":false}},{"type":"Feature","geometry":{"type":"LineString","coordinates":[[-73.984857,40.814036],[-73.984662,40.813913],[-73.984435,40.813681]]},"properties":{"kind":"minor","name":"","bridge":false}},{"type":"Feature","geometry":{"type":"LineString","coordinates":[[-73.972473,40.829238],[-73.97249,40.829071],[-73.972409,40.828648]]},"properties":{"kind":"major","name":"","bridge":false}},{"type":"Feature","geometry":{"type":"LineString","coordinates":[[-73.939239,40.839296],[-73.938364,40.840487]]},"properties":{"kind":"major","name":"Audubon Avenue","bridge":false}},{"type":"Feature","geometry":{"type":"LineString","coordinates":[[-73.931977,40.841434],[-73.932111,40.841243],[-73.932295,40.840955],[-73.932705,40.840246],[-73.932868,40.839937],[-73.933449,40.838738]]},"properties":{"kind":"highway","name":"Harlem River Drive","tunnel":"no","bridge":false}},{"type":"Feature","geometry":{"type":"LineString","coordinates":[[-73.949781,40.832704],[-73.94978,40.832773],[-73.949551,40.833592],[-73.949454,40.833871],[-73.949397,40.833999],[-73.949172,40.834373]]},"properties":{"kind":"major","name":"Riverside Drive","bridge":true}},{"type":"Feature","geometry":{"type":"LineString","coordinates":[[-73.949133,40.834454],[-73.948535,40.83633]]},"properties":{"kind":"major","name":"Riverside Drive West","bridge":true}},{"type":"Feature","geometry":{"type":"LineString","coordinates":[[-73.946097,40.812173],[-73.946745,40.811279]]},"properties":{"kind":"major","name":"Adam Clayton Powell Jr. Boulevard","bridge":false}},{"type":"Feature","geometry":{"type":"LineString","coordinates":[[-73.943886,40.82367],[-73.95036,40.826403]]},"properties":{"kind":"major","name":"West 145th Street","bridge":false}},{"type":"Feature","geometry":{"type":"LineString","coordinates":[[-73.954276,40.811009],[-73.953623,40.810325]]},"properties":{"kind":"minor","name":"Hancock Place","bridge":false}},{"type":"Feature","geometry":{"type":"LineString","coordinates":[[-73.957617,40.808666],[-73.958751,40.809149]]},"properties":{"kind":"minor","name":"West 120th Street","bridge":false}},{"type":"Feature","geometry":{"type":"LineString","coordinates":[[-73.96247,40.804893],[-73.960325,40.803985]]},"properties":{"kind":"minor","name":"West 113th Street","bridge":false}},{"type":"Feature","geometry":{"type":"LineString","coordinates":[[-73.986949,40.756036],[-73.987447,40.755373]]},"properties":{"kind":"major","name":"7th Avenue","bridge":false}},{"type":"Feature","geometry":{"type":"LineString","coordinates":[[-73.984174,40.759841],[-73.984619,40.759223]]},"properties":{"kind":"major","name":"7th Avenue","bridge":false}},{"type":"Feature","geometry":{"type":"LineString","coordinates":[[-73.984118,40.754842],[-73.985919,40.755605]]},"properties":{"kind":"major","name":"West 42nd Street","bridge":false}},{"type":"Feature","geometry":{"type":"LineString","coordinates":[[-73.984174,40.759841],[-73.982136,40.75898]]},"properties":{"kind":"minor","name":"West 48th Street","bridge":false}},{"type":"Feature","geometry":{"type":"LineString","coordinates":[[-73.98482,40.760113],[-73.984174,40.759841]]},"properties":{"kind":"minor","name":"West 48th Street","bridge":false}},{"type":"Feature","geometry":{"type":"LineString","coordinates":[[-73.981396,40.76776],[-73.981355,40.767766],[-73.981274,40.767753],[-73.981185,40.767718],[-73.980785,40.767599]]},"properties":{"kind":"major","name":"Central Park South","bridge":false}},{"type":"Feature","geometry":{"type":"LineString","coordinates":[[-73.986425,40.755819],[-73.986949,40.756036]]},"properties":{"kind":"major","name":"West 42nd Street","bridge":false}},{"type":"Feature","geometry":{"type":"LineString","coordinates":[[-73.99342,40.75876],[-73.992646,40.758433]]},"properties":{"kind":"major","name":"West 42nd Street","bridge":false}},{"type":"Feature","geometry":{"type":"LineString","coordinates":[[-74.000147,40.789098],[-74.000377,40.788943],[-74.000626,40.788815],[-74.000933,40.788707],[-74.001042,40.788653],[-74.001167,40.788549]]},"properties":{"kind":"major","name":"","bridge":false}},{"type":"Feature","geometry":{"type":"LineString","coordinates":[[-74.001167,40.788549],[-74.001079,40.788583],[-74.000958,40.788612],[-74.000843,40.788624],[-74.000705,40.788625],[-74.000526,40.788607],[-74.000432,40.788582]]},"properties":{"kind":"major","name":"","bridge":false}},{"type":"Feature","geometry":{"type":"LineString","coordinates":[[-74.001167,40.788549],[-74.000936,40.788527],[-74.000816,40.788471],[-74.000734,40.788391],[-74.000689,40.788305],[-74.000727,40.788187]]},"properties":{"kind":"major","name":"","bridge":false}},{"type":"Feature","geometry":{"type":"LineString","coordinates":[[-74.008201,40.782637],[-74.008094,40.782542],[-74.007982,40.782369],[-74.007602,40.781833],[-74.007469,40.781669]]},"properties":{"kind":"minor","name":"Avenue at Port Imperial","bridge":false}},{"type":"Feature","geometry":{"type":"LineString","coordinates":[[-74.009676,40.778855],[-74.009169,40.779475],[-74.008269,40.780635],[-74.007747,40.781281],[-74.007474,40.781589],[-74.007469,40.781669],[-74.007301,40.78172],[-74.006305,40.78214],[-74.004988,40.78262],[-74.004464,40.782857],[-74.003995,40.783304],[-74.003839,40.783466]]},"properties":{"kind":"minor","name":"Avenue at Port Imperial","bridge":false}},{"type":"Feature","geometry":{"type":"LineString","coordinates":[[-74.010665,40.777539],[-74.009826,40.778621]]},"properties":{"kind":"minor","name":"Avenue at Port Imperial","bridge":false}},{"type":"Feature","geometry":{"type":"LineString","coordinates":[[-74.011945,40.775945],[-74.011784,40.776116],[-74.010665,40.777539]]},"properties":{"kind":"minor","name":"Avenue at Port Imperial","bridge":false}},{"type":"Feature","geometry":{"type":"LineString","coordinates":[[-74.010374,40.780014],[-74.009169,40.779475]]},"properties":{"kind":"minor","name":"Riverbend Drive","bridge":false}},{"type":"Feature","geometry":{"type":"LineString","coordinates":[[-74.008554,40.78026],[-74.009423,40.780643]]},"properties":{"kind":"minor","name":"Riverbend Drive","bridge":false}},{"type":"Feature","geometry":{"type":"LineString","coordinates":[[-74.00106,40.761976],[-74.000924,40.761929],[-74.000366,40.761699]]},"properties":{"kind":"major","name":"West 42nd Street","bridge":false}},{"type":"Feature","geometry":{"type":"LineString","coordinates":[[-73.998973,40.763629],[-73.998716,40.763954]]},"properties":{"kind":"highway","name":"12th Avenue","tunnel":"no","bridge":false}},{"type":"Feature","geometry":{"type":"LineString","coordinates":[[-73.999063,40.763847],[-73.999214,40.763653],[-73.999472,40.763403]]},"properties":{"kind":"highway","name":"12th Avenue","tunnel":"no","bridge":false}},{"type":"Feature","geometry":{"type":"LineString","coordinates":[[-73.984481,40.779813],[-73.982052,40.778787]]},"properties":{"kind":"major","name":"West 72nd Street","bridge":false}},{"type":"Feature","geometry":{"type":"LineString","coordinates":[[-73.984481,40.779813],[-73.984201,40.780195]]},"properties":{"kind":"major","name":"West End Avenue","bridge":false}},{"type":"Feature","geometry":{"type":"LineString","coordinates":[[-73.992079,40.770604],[-73.991393,40.770317]]},"properties":{"kind":"major","name":"West 57th Street","bridge":false}},{"type":"Feature","geometry":{"type":"LineString","coordinates":[[-73.984481,40.779813],[-73.984961,40.780018]]},"properties":{"kind":"major","name":"West 72nd Street","bridge":false}},{"type":"Feature","geometry":{"type":"LineString","coordinates":[[-74.000289,40.762552],[-74.00053,40.762647]]},"properties":{"kind":"minor","name":"West 43rd Street","bridge":false}},{"type":"Feature","geometry":{"type":"LineString","coordinates":[[-74.00053,40.762647],[-74.001045,40.762291],[-74.001336,40.762066]]},"properties":{"kind":"highway","name":"12th Avenue","tunnel":"no","bridge":false}},{"type":"Feature","geometry":{"type":"LineString","coordinates":[[-73.965188,40.790999],[-73.970868,40.793385]]},"properties":{"kind":"minor","name":"West 95th Street","bridge":false}},{"type":"Feature","geometry":{"type":"LineString","coordinates":[[-73.986973,40.781558],[-73.987625,40.780904],[-73.987815,40.780699],[-73.987969,40.780517],[-73.988271,40.780129],[-73.992019,40.774997],[-73.992446,40.774401]]},"properties":{"kind":"highway","name":"West Side Highway","tunnel":"no","bridge":true}},{"type":"Feature","geometry":{"type":"LineString","coordinates":[[-73.981474,40.768263],[-73.981538,40.768322],[-73.981679,40.768399]]},"properties":{"kind":"major","name":"Columbus Circle","bridge":false}},{"type":"Feature","geometry":{"type":"LineString","coordinates":[[-73.933239,40.838675],[-73.93305,40.838981],[-73.932553,40.839866],[-73.93171,40.841321]]},"properties":{"kind":"highway","name":"Harlem River Drive","tunnel":"no","bridge":false}},{"type":"Feature","geometry":{"type":"LineString","coordinates":[[-73.970184,40.799796],[-73.97146,40.800334]]},"properties":{"kind":"minor","name":"West 103rd Street","bridge":false}},{"type":"Feature","geometry":{"type":"LineString","coordinates":[[-73.969052,40.799323],[-73.969673,40.79958]]},"properties":{"kind":"minor","name":"West 103rd Street","bridge":false}},{"type":"Feature","geometry":{"type":"LineString","coordinates":[[-73.982602,40.82784],[-73.981581,40.82727]]},"properties":{"kind":"minor","name":"Lafayette Avenue","bridge":false}},{"type":"Feature","geometry":{"type":"LineString","coordinates":[[-73.979988,40.826935],[-73.97949,40.826634],[-73.979361,40.826426],[-73.979318,40.826376],[-73.979276,40.826355],[-73.979032,40.826368],[-73.978456,40.826426]]},"properties":{"kind":"minor","name":"Winston Drive","bridge":false}},{"type":"Feature","geometry":{"type":"LineString","coordinates":[[-73.980743,40.827039],[-73.980815,40.827028],[-73.980907,40.827036],[-73.981171,40.827114],[-73.981308,40.827117]]},"properties":{"kind":"minor","name":"Norman Drive","bridge":false}},{"type":"Feature","geometry":{"type":"LineString","coordinates":[[-73.979409,40.826504],[-73.979739,40.826212]]},"properties":{"kind":"minor","name":"Winston Drive","bridge":false}},{"type":"Feature","geometry":{"type":"LineString","coordinates":[[-73.98402,40.773803],[-73.982311,40.773085]]},"properties":{"kind":"major","name":"West 65th Street","bridge":false}},{"type":"Feature","geometry":{"type":"LineString","coordinates":[[-73.947947,40.81458],[-73.945179,40.813423]]},"properties":{"kind":"minor","name":"West 132nd Street","bridge":false}},{"type":"Feature","geometry":{"type":"LineString","coordinates":[[-73.946097,40.812173],[-73.939945,40.809587]]},"properties":{"kind":"minor","name":"West 130th Street","bridge":false}},{"type":"Feature","geometry":{"type":"LineString","coordinates":[[-73.947006,40.810925],[-73.940852,40.808338]]},"properties":{"kind":"minor","name":"West 128th Street","bridge":false}},{"type":"Feature","geometry":{"type":"LineString","coordinates":[[-73.927489,40.828545],[-73.928637,40.829264]]},"properties":{"kind":"major","name":"East 161st Street","bridge":false}},{"type":"Feature","geometry":{"type":"LineString","coordinates":[[-74.000727,40.788187],[-74.000432,40.788582]]},"properties":{"kind":"major","name":"Port Imperial Boulevard","bridge":false}},{"type":"Feature","geometry":{"type":"LineString","coordinates":[[-73.980785,40.767599],[-73.981235,40.767857],[-73.98126,40.767877],[-73.981293,40.767928]]},"properties":{"kind":"major","name":"Central Park South","bridge":false}},{"type":"Feature","geometry":{"type":"LineString","coordinates":[[-73.976444,40.780672],[-73.97657,40.780705],[-73.983893,40.783792]]},"properties":{"kind":"minor","name":"West 77th Street","bridge":false}},{"type":"Feature","geometry":{"type":"LineString","coordinates":[[-74.002312,40.800807],[-74.002345,40.800768],[-74.00236,40.800726],[-74.002358,40.800681],[-74.002337,40.80064],[-74.002302,40.800604],[-74.002253,40.800579],[-74.002197,40.800566],[-74.002139,40.800566],[-74.00208,40.80058],[-74.00203,40.800608],[-74.001995,40.800647],[-74.001978,40.800691],[-74.001979,40.800737],[-74.002,40.800781],[-74.002038,40.800817],[-74.002088,40.800843],[-74.002147,40.800855],[-74.002208,40.800853],[-74.002265,40.800836],[-74.002312,40.800807]]},"properties":{"kind":"minor","name":"Park Drive","bridge":false}},{"type":"Feature","geometry":{"type":"LineString","coordinates":[[-73.991785,40.764686],[-73.986536,40.762477]]},"properties":{"kind":"major","name":"West 50th Street","bridge":false}},{"type":"Feature","geometry":{"type":"LineString","coordinates":[[-73.996224,40.767373],[-73.99593,40.767778]]},"properties":{"kind":"highway","name":"12th Avenue","tunnel":"no","bridge":false}},{"type":"Feature","geometry":{"type":"LineString","coordinates":[[-73.989296,40.757912],[-73.992138,40.759104]]},"properties":{"kind":"minor","name":"West 43rd Street","bridge":false}},{"type":"Feature","geometry":{"type":"LineString","coordinates":[[-73.992138,40.759104],[-73.994346,40.760045]]},"properties":{"kind":"minor","name":"West 43rd Street","bridge":false}},{"type":"Feature","geometry":{"type":"LineString","coordinates":[[-73.988386,40.75916],[-73.987928,40.759787]]},"properties":{"kind":"major","name":"8th Avenue","bridge":false}},{"type":"Feature","geometry":{"type":"LineString","coordinates":[[-73.992347,40.758827],[-73.992646,40.758433]]},"properties":{"kind":"major","name":"9th Avenue","bridge":false}},{"type":"Feature","geometry":{"type":"LineString","coordinates":[[-73.98161,40.778601],[-73.981296,40.779039]]},"properties":{"kind":"major","name":"Amsterdam Avenue","bridge":false}},{"type":"Feature","geometry":{"type":"LineString","coordinates":[[-73.978328,40.783153],[-73.977825,40.783828]]},"properties":{"kind":"major","name":"Amsterdam Avenue","bridge":false}},{"type":"Feature","geometry":{"type":"LineString","coordinates":[[-73.977354,40.784469],[-73.976894,40.785103]]},"properties":{"kind":"major","name":"Amsterdam Avenue","bridge":false}},{"type":"Feature","geometry":{"type":"LineString","coordinates":[[-73.955789,40.814024],[-73.955444,40.814483]]},"properties":{"kind":"major","name":"Amsterdam Avenue","bridge":false}},{"type":"Feature","geometry":{"type":"LineString","coordinates":[[-73.955,40.81511],[-73.953176,40.817589]]},"properties":{"kind":"major","name":"Amsterdam Avenue","bridge":false}},{"type":"Feature","geometry":{"type":"LineString","coordinates":[[-73.981116,40.779284],[-73.980659,40.779921]]},"properties":{"kind":"major","name":"Amsterdam Avenue","bridge":false}},{"type":"Feature","geometry":{"type":"LineString","coordinates":[[-73.966134,40.804788],[-73.965706,40.805357],[-73.965673,40.805412],[-73.964295,40.807305]]},"properties":{"kind":"major","name":"Broadway","bridge":false}},{"type":"Feature","geometry":{"type":"LineString","coordinates":[[-73.982319,40.773923],[-73.98232,40.773255],[-73.982311,40.773085]]},"properties":{"kind":"major","name":"Broadway","bridge":false}},{"type":"Feature","geometry":{"type":"LineString","coordinates":[[-73.969818,40.79718],[-73.9689,40.798429],[-73.968454,40.79907],[-73.968131,40.799682],[-73.968075,40.799811],[-73.967921,40.800265],[-73.967885,40.800399],[-73.967765,40.801303]]},"properties":{"kind":"major","name":"Broadway","bridge":false}},{"type":"Feature","geometry":{"type":"LineString","coordinates":[[-73.971665,40.794614],[-73.971504,40.794851],[-73.971374,40.795066]]},"properties":{"kind":"major","name":"Broadway","bridge":false}},{"type":"Feature","geometry":{"type":"LineString","coordinates":[[-73.94453,40.83473],[-73.945324,40.833648]]},"properties":{"kind":"major","name":"Broadway","bridge":false}},{"type":"Feature","geometry":{"type":"LineString","coordinates":[[-73.953599,40.821988],[-73.953129,40.822607],[-73.951759,40.824486]]},"properties":{"kind":"major","name":"Broadway","bridge":false}},{"type":"Feature","geometry":{"type":"LineString","coordinates":[[-73.941079,40.839174],[-73.94093,40.839377]]},"properties":{"kind":"major","name":"Broadway","bridge":false}},{"type":"Feature","geometry":{"type":"LineString","coordinates":[[-73.966798,40.804215],[-73.967244,40.80361],[-73.967639,40.803041],[-73.96771,40.802913],[-73.967724,40.802871]]},"properties":{"kind":"major","name":"Broadway","bridge":false}},{"type":"Feature","geometry":{"type":"LineString","coordinates":[[-73.957731,40.816283],[-73.957276,40.816897],[-73.956844,40.817508]]},"properties":{"kind":"major","name":"Broadway","bridge":false}},{"type":"Feature","geometry":{"type":"LineString","coordinates":[[-73.955186,40.820162],[-73.956124,40.818851]]},"properties":{"kind":"major","name":"Broadway","bridge":false}},{"type":"Feature","geometry":{"type":"LineString","coordinates":[[-73.982052,40.778787],[-73.98217,40.778243],[-73.982191,40.778067],[-73.982188,40.777953]]},"properties":{"kind":"major","name":"Broadway","bridge":false}},{"type":"Feature","geometry":{"type":"LineString","coordinates":[[-73.979601,40.767098],[-73.979076,40.766876]]},"properties":{"kind":"major","name":"Central Park South","bridge":false}},{"type":"Feature","geometry":{"type":"LineString","coordinates":[[-73.960782,40.797019],[-73.960535,40.797376],[-73.960044,40.798048]]},"properties":{"kind":"major","name":"Central Park West","bridge":false}},{"type":"Feature","geometry":{"type":"LineString","coordinates":[[-73.96445,40.792013],[-73.964177,40.792377]]},"properties":{"kind":"major","name":"Central Park West","bridge":false}},{"type":"Feature","geometry":{"type":"LineString","coordinates":[[-73.973354,40.779815],[-73.972501,40.780983]]},"properties":{"kind":"major","name":"Central Park West","bridge":false}},{"type":"Feature","geometry":{"type":"LineString","coordinates":[[-73.975499,40.781961],[-73.975998,40.78128]]},"properties":{"kind":"major","name":"Columbus Avenue","bridge":false}},{"type":"Feature","geometry":{"type":"LineString","coordinates":[[-73.975007,40.782638],[-73.975499,40.781961]]},"properties":{"kind":"major","name":"Columbus Avenue","bridge":false}},{"type":"Feature","geometry":{"type":"LineString","coordinates":[[-73.950831,40.818418],[-73.950799,40.818442],[-73.950641,40.818618],[-73.950162,40.819261]]},"properties":{"kind":"major","name":"Convent Avenue","bridge":false}},{"type":"Feature","geometry":{"type":"LineString","coordinates":[[-73.961474,40.798654],[-73.959682,40.801112]]},"properties":{"kind":"minor","name":"Manhattan Avenue","bridge":false}},{"type":"Feature","geometry":{"type":"LineString","coordinates":[[-73.956827,40.805031],[-73.954107,40.808753],[-73.954051,40.808855]]},"properties":{"kind":"minor","name":"Manhattan Avenue","bridge":false}},{"type":"Feature","geometry":{"type":"LineString","coordinates":[[-73.95314,40.812697],[-73.953161,40.812606],[-73.95348,40.812162],[-73.953612,40.811942],[-73.95401,40.811367]]},"properties":{"kind":"major","name":"Morningside Avenue","bridge":false}},{"type":"Feature","geometry":{"type":"LineString","coordinates":[[-73.98858,40.778196],[-73.988838,40.777479],[-73.988986,40.777162],[-73.989156,40.776835]]},"properties":{"kind":"minor","name":"Riverside Boulevard","bridge":false}},{"type":"Feature","geometry":{"type":"LineString","coordinates":[[-73.957492,40.82116],[-73.957361,40.821201],[-73.957219,40.821304],[-73.956747,40.821694],[-73.956111,40.822235],[-73.95589,40.822499]]},"properties":{"kind":"major","name":"Riverside Drive","bridge":false}},{"type":"Feature","geometry":{"type":"LineString","coordinates":[[-73.967996,40.801398],[-73.967765,40.801303]]},"properties":{"kind":"major","name":"West 106th Street","bridge":false}},{"type":"Feature","geometry":{"type":"LineString","coordinates":[[-73.962487,40.799079],[-73.962873,40.799244]]},"properties":{"kind":"major","name":"West 106th Street","bridge":false}},{"type":"Feature","geometry":{"type":"LineString","coordinates":[[-73.956827,40.805031],[-73.958191,40.805614]]},"properties":{"kind":"major","name":"West 116th Street","bridge":false}},{"type":"Feature","geometry":{"type":"LineString","coordinates":[[-73.954826,40.811732],[-73.955085,40.812008]]},"properties":{"kind":"major","name":"West 125th Street","bridge":false}},{"type":"Feature","geometry":{"type":"LineString","coordinates":[[-73.955,40.81511],[-73.953077,40.814301]]},"properties":{"kind":"minor","name":"West 129th Street","bridge":false}},{"type":"Feature","geometry":{"type":"LineString","coordinates":[[-73.956613,40.815792],[-73.955,40.81511]]},"properties":{"kind":"minor","name":"West 129th Street","bridge":false}},{"type":"Feature","geometry":{"type":"LineString","coordinates":[[-73.955186,40.820162],[-73.95497,40.820072]]},"properties":{"kind":"major","name":"West 135th Street","bridge":false}},{"type":"Feature","geometry":{"type":"LineString","coordinates":[[-73.987447,40.755373],[-73.990276,40.756567]]},"properties":{"kind":"minor","name":"West 41st Street","bridge":false}},{"type":"Feature","geometry":{"type":"LineString","coordinates":[[-73.990276,40.756567],[-73.990429,40.756631]]},"properties":{"kind":"minor","name":"West 41st Street","bridge":false}},{"type":"Feature","geometry":{"type":"LineString","coordinates":[[-73.992786,40.76837],[-73.989962,40.767183]]},"properties":{"kind":"major","name":"West 54th Street","bridge":false}},{"type":"Feature","geometry":{"type":"LineString","coordinates":[[-73.982319,40.773923],[-73.984285,40.774743],[-73.984389,40.774801]]},"properties":{"kind":"major","name":"West 66th Street","bridge":false}},{"type":"Feature","geometry":{"type":"LineString","coordinates":[[-73.988394,40.776511],[-73.989156,40.776835]]},"properties":{"kind":"minor","name":"West 66th Street","bridge":false}},{"type":"Feature","geometry":{"type":"LineString","coordinates":[[-73.97633,40.776376],[-73.978799,40.777416]]},"properties":{"kind":"major","name":"West 72nd Street","bridge":false}},{"type":"Feature","geometry":{"type":"LineString","coordinates":[[-73.985686,40.780311],[-73.986035,40.780451]]},"properties":{"kind":"major","name":"West 72nd Street","bridge":false}},{"type":"Feature","geometry":{"type":"LineString","coordinates":[[-73.981116,40.779284],[-73.981628,40.779499]]},"properties":{"kind":"major","name":"West 73rd Street","bridge":false}},{"type":"Feature","geometry":{"type":"LineString","coordinates":[[-73.981832,40.779584],[-73.985262,40.781033],[-73.985373,40.781071]]},"properties":{"kind":"minor","name":"West 73rd Street","bridge":false}},{"type":"Feature","geometry":{"type":"LineString","coordinates":[[-73.973216,40.795257],[-73.975236,40.796105]]},"properties":{"kind":"major","name":"West 96th Street","bridge":false}},{"type":"Feature","geometry":{"type":"LineString","coordinates":[[-73.971208,40.795301],[-73.971407,40.795385]]},"properties":{"kind":"minor","name":"West 97th Street","bridge":false}},{"type":"Feature","geometry":{"type":"LineString","coordinates":[[-73.972717,40.795938],[-73.974291,40.796602]]},"properties":{"kind":"minor","name":"West 97th Street","bridge":false}},{"type":"Feature","geometry":{"type":"LineString","coordinates":[[-73.970845,40.798505],[-73.970427,40.799079]]},"properties":{"kind":"major","name":"West End Avenue","bridge":false}},{"type":"Feature","geometry":{"type":"LineString","coordinates":[[-73.987471,40.775705],[-73.987714,40.775373]]},"properties":{"kind":"major","name":"West End Avenue","bridge":false}},{"type":"Feature","geometry":{"type":"LineString","coordinates":[[-73.972986,40.795577],[-73.973216,40.795257]]},"properties":{"kind":"major","name":"West End Avenue","bridge":false}},{"type":"Feature","geometry":{"type":"LineString","coordinates":[[-73.984975,40.779126],[-73.985445,40.778477]]},"properties":{"kind":"major","name":"West End Avenue","bridge":false}},{"type":"Feature","geometry":{"type":"LineString","coordinates":[[-73.988561,40.769118],[-73.98818,40.769621]]},"properties":{"kind":"major","name":"10th Avenue","bridge":false}},{"type":"Feature","geometry":{"type":"LineString","coordinates":[[-73.989962,40.767183],[-73.989627,40.767646]]},"properties":{"kind":"major","name":"10th Avenue","bridge":false}},{"type":"Feature","geometry":{"type":"LineString","coordinates":[[-73.951602,40.793608],[-73.954525,40.7896]]},"properties":{"kind":"major","name":"5th Avenue","bridge":false}},{"type":"Feature","geometry":{"type":"LineString","coordinates":[[-73.955767,40.787901],[-73.958084,40.784731]]},"properties":{"kind":"major","name":"5th Avenue","bridge":false}},{"type":"Feature","geometry":{"type":"LineString","coordinates":[[-73.969362,40.769276],[-73.969822,40.76865]]},"properties":{"kind":"major","name":"5th Avenue","bridge":false}},{"type":"Feature","geometry":{"type":"LineString","coordinates":[[-73.973974,40.762972],[-73.974969,40.76162]]},"properties":{"kind":"major","name":"5th Avenue","bridge":false}},{"type":"Feature","geometry":{"type":"LineString","coordinates":[[-73.949408,40.796636],[-73.949654,40.796273],[-73.951111,40.794285]]},"properties":{"kind":"major","name":"5th Avenue","bridge":false}},{"type":"Feature","geometry":{"type":"LineString","coordinates":[[-73.967994,40.771147],[-73.968451,40.770525]]},"properties":{"kind":"major","name":"5th Avenue","bridge":false}},{"type":"Feature","geometry":{"type":"LineString","coordinates":[[-73.969822,40.76865],[-73.970279,40.768028]]},"properties":{"kind":"major","name":"5th Avenue","bridge":false}},{"type":"Feature","geometry":{"type":"LineString","coordinates":[[-73.987447,40.755373],[-73.987692,40.75503]]},"properties":{"kind":"major","name":"7th Avenue","bridge":false}},{"type":"Feature","geometry":{"type":"LineString","coordinates":[[-73.990276,40.756567],[-73.990057,40.756868]]},"properties":{"kind":"major","name":"8th Avenue","bridge":false}},{"type":"Feature","geometry":{"type":"LineString","coordinates":[[-73.988,40.779554],[-73.987735,40.779977],[-73.987349,40.780501]]},"properties":{"kind":"minor","name":"Riverside Boulevard","bridge":true}},{"type":"Feature","geometry":{"type":"LineString","coordinates":[[-73.936145,40.825802],[-73.936848,40.824841]]},"properties":{"kind":"major","name":"Adam Clayton Powell Jr. Boulevard","bridge":false}},{"type":"Feature","geometry":{"type":"LineString","coordinates":[[-73.939805,40.835931],[-73.939713,40.836072]]},"properties":{"kind":"major","name":"Amsterdam Avenue","bridge":false}},{"type":"Feature","geometry":{"type":"LineString","coordinates":[[-73.948092,40.82455],[-73.945284,40.828395]]},"properties":{"kind":"major","name":"Amsterdam Avenue","bridge":false}},{"type":"Feature","geometry":{"type":"LineString","coordinates":[[-73.935028,40.842435],[-73.934877,40.842654]]},"properties":{"kind":"major","name":"Amsterdam Avenue","bridge":false}},{"type":"Feature","geometry":{"type":"LineString","coordinates":[[-73.965691,40.800429],[-73.965426,40.800795]]},"properties":{"kind":"major","name":"Amsterdam Avenue","bridge":false}},{"type":"Feature","geometry":{"type":"LineString","coordinates":[[-73.958982,40.809656],[-73.958727,40.810002]]},"properties":{"kind":"major","name":"Amsterdam Avenue","bridge":false}},{"type":"Feature","geometry":{"type":"LineString","coordinates":[[-73.942972,40.831574],[-73.940651,40.834725]]},"properties":{"kind":"major","name":"Amsterdam Avenue","bridge":false}},{"type":"Feature","geometry":{"type":"LineString","coordinates":[[-73.98226,40.771435],[-73.982248,40.770612]]},"properties":{"kind":"major","name":"Broadway","bridge":false}},{"type":"Feature","geometry":{"type":"LineString","coordinates":[[-73.981893,40.7663],[-73.982,40.765684]]},"properties":{"kind":"major","name":"Broadway","bridge":false}},{"type":"Feature","geometry":{"type":"LineString","coordinates":[[-73.982276,40.772204],[-73.98226,40.771435]]},"properties":{"kind":"major","name":"Broadway","bridge":false}},{"type":"Feature","geometry":{"type":"LineString","coordinates":[[-73.967996,40.801398],[-73.968079,40.800638],[-73.968119,40.800401],[-73.968257,40.79995],[-73.968336,40.799766],[-73.96869,40.799097],[-73.969058,40.798579],[-73.969787,40.797582]]},"properties":{"kind":"major","name":"Broadway","bridge":false}},{"type":"Feature","geometry":{"type":"LineString","coordinates":[[-73.961277,40.811437],[-73.961004,40.811789],[-73.959561,40.813735],[-73.959271,40.814165],[-73.958917,40.814656],[-73.958295,40.815478],[-73.958206,40.815614]]},"properties":{"kind":"major","name":"Broadway","bridge":false}},{"type":"Feature","geometry":{"type":"LineString","coordinates":[[-73.962159,40.81058],[-73.962627,40.809948],[-73.963037,40.809363]]},"properties":{"kind":"major","name":"Broadway","bridge":false}},{"type":"Feature","geometry":{"type":"LineString","coordinates":[[-73.967765,40.801303],[-73.967711,40.802019],[-73.967637,40.802476],[-73.967596,40.802609],[-73.967484,40.802891],[-73.96745,40.802963],[-73.966601,40.804133]]},"properties":{"kind":"major","name":"Broadway","bridge":false}},{"type":"Feature","geometry":{"type":"LineString","coordinates":[[-73.961498,40.801977],[-73.961067,40.801789]]},"properties":{"kind":"major","name":"West 110th Street","bridge":false}},{"type":"Feature","geometry":{"type":"LineString","coordinates":[[-73.9644,40.803201],[-73.966048,40.803897]]},"properties":{"kind":"major","name":"West 110th Street","bridge":false}},{"type":"Feature","geometry":{"type":"LineString","coordinates":[[-73.977643,40.766271],[-73.979076,40.766876]]},"properties":{"kind":"major","name":"Central Park South","bridge":false}},{"type":"Feature","geometry":{"type":"LineString","coordinates":[[-73.965626,40.795486],[-73.966971,40.79363],[-73.967226,40.793296]]},"properties":{"kind":"major","name":"Columbus Avenue","bridge":false}},{"type":"Feature","geometry":{"type":"LineString","coordinates":[[-73.982286,40.772656],[-73.982546,40.772279]]},"properties":{"kind":"major","name":"Columbus Avenue","bridge":false}},{"type":"Feature","geometry":{"type":"LineString","coordinates":[[-73.94035,40.830581],[-73.940368,40.831468],[-73.940358,40.831581],[-73.940255,40.831827],[-73.9401,40.832056],[-73.939779,40.832485],[-73.93974,40.832547],[-73.939604,40.832839],[-73.939512,40.832959],[-73.939392,40.83308],[-73.938131,40.834159],[-73.93799,40.834349],[-73.937751,40.834889],[-73.936729,40.837112]]},"properties":{"kind":"major","name":"Edgecombe Avenue","bridge":false}},{"type":"Feature","geometry":{"type":"LineString","coordinates":[[-73.936654,40.837273],[-73.936307,40.838018],[-73.936258,40.838084]]},"properties":{"kind":"major","name":"Edgecombe Avenue","bridge":false}},{"type":"Feature","geometry":{"type":"LineString","coordinates":[[-73.946367,40.80644],[-73.945905,40.807068]]},"properties":{"kind":"major","name":"Malcolm X Boulevard","bridge":false}},{"type":"Feature","geometry":{"type":"LineString","coordinates":[[-73.936795,40.819806],[-73.937059,40.819455]]},"properties":{"kind":"major","name":"Malcolm X Boulevard","bridge":false}},{"type":"Feature","geometry":{"type":"LineString","coordinates":[[-73.959615,40.801204],[-73.958234,40.803103]]},"properties":{"kind":"minor","name":"Manhattan Avenue","bridge":false}},{"type":"Feature","geometry":{"type":"LineString","coordinates":[[-73.950108,40.829612],[-73.950226,40.829312],[-73.950339,40.829109],[-73.950581,40.82876],[-73.951364,40.827698],[-73.951476,40.827584],[-73.951591,40.827485],[-73.951963,40.827207],[-73.952065,40.827103]]},"properties":{"kind":"major","name":"Riverside Drive","bridge":false}},{"type":"Feature","geometry":{"type":"LineString","coordinates":[[-73.939473,40.840955],[-73.93946,40.841044],[-73.939385,40.841311],[-73.939407,40.841366],[-73.939446,40.841425]]},"properties":{"kind":"major","name":"Saint Nicholas Avenue","bridge":false}},{"type":"Feature","geometry":{"type":"LineString","coordinates":[[-73.951501,40.812015],[-73.950927,40.812575]]},"properties":{"kind":"major","name":"Saint Nicholas Avenue","bridge":false}},{"type":"Feature","geometry":{"type":"LineString","coordinates":[[-73.941368,40.830891],[-73.941214,40.831351]]},"properties":{"kind":"major","name":"Saint Nicholas Avenue","bridge":false}},{"type":"Feature","geometry":{"type":"LineString","coordinates":[[-73.965691,40.800429],[-73.966149,40.80062]]},"properties":{"kind":"major","name":"West 106th Street","bridge":false}},{"type":"Feature","geometry":{"type":"LineString","coordinates":[[-73.949755,40.802073],[-73.949607,40.802011]]},"properties":{"kind":"major","name":"West 116th Street","bridge":false}},{"type":"Feature","geometry":{"type":"LineString","coordinates":[[-73.962159,40.81058],[-73.963955,40.811337]]},"properties":{"kind":"minor","name":"West 120th Street","bridge":false}},{"type":"Feature","geometry":{"type":"LineString","coordinates":[[-73.959211,40.809344],[-73.961964,40.810499]]},"properties":{"kind":"minor","name":"West 120th Street","bridge":false}},{"type":"Feature","geometry":{"type":"LineString","coordinates":[[-73.954051,40.808855],[-73.952956,40.808397]]},"properties":{"kind":"minor","name":"West 122nd Street","bridge":false}},{"type":"Feature","geometry":{"type":"LineString","coordinates":[[-73.952956,40.808397],[-73.95258,40.808235]]},"properties":{"kind":"minor","name":"West 122nd Street","bridge":false}},{"type":"Feature","geometry":{"type":"LineString","coordinates":[[-73.958206,40.815614],[-73.958391,40.81581]]},"properties":{"kind":"major","name":"West 125th Street","bridge":false}},{"type":"Feature","geometry":{"type":"LineString","coordinates":[[-73.939069,40.816697],[-73.93953,40.816874],[-73.946713,40.819903]]},"properties":{"kind":"minor","name":"West 139th Street","bridge":false}},{"type":"Feature","geometry":{"type":"LineString","coordinates":[[-73.942416,40.823924],[-73.938665,40.822345]]},"properties":{"kind":"minor","name":"West 146th Street","bridge":false}},{"type":"Feature","geometry":{"type":"LineString","coordinates":[[-73.938211,40.822967],[-73.941958,40.824548]]},"properties":{"kind":"minor","name":"West 147th Street","bridge":false}},{"type":"Feature","geometry":{"type":"LineString","coordinates":[[-73.941368,40.830891],[-73.942972,40.831574]]},"properties":{"kind":"major","name":"West 155th Street","bridge":false}},{"type":"Feature","geometry":{"type":"LineString","coordinates":[[-73.940836,40.830663],[-73.941368,40.830891]]},"properties":{"kind":"major","name":"West 155th Street","bridge":false}},{"type":"Feature","geometry":{"type":"LineString","coordinates":[[-73.945939,40.832815],[-73.945749,40.832732]]},"properties":{"kind":"major","name":"West 155th Street","bridge":false}},{"type":"Feature","geometry":{"type":"LineString","coordinates":[[-73.940136,40.836967],[-73.942259,40.837855],[-73.943653,40.838421],[-73.945543,40.839232]]},"properties":{"kind":"minor","name":"West 163rd Street","bridge":false}},{"type":"Feature","geometry":{"type":"LineString","coordinates":[[-73.939473,40.840955],[-73.939684,40.841045]]},"properties":{"kind":"major","name":"West 168th Street","bridge":false}},{"type":"Feature","geometry":{"type":"LineString","coordinates":[[-73.938364,40.840487],[-73.939473,40.840955]]},"properties":{"kind":"major","name":"West 168th Street","bridge":false}},{"type":"Feature","geometry":{"type":"LineString","coordinates":[[-73.981893,40.7663],[-73.982873,40.766716]]},"properties":{"kind":"major","name":"West 57th Street","bridge":false}},{"type":"Feature","geometry":{"type":"LineString","coordinates":[[-73.984163,40.767259],[-73.985718,40.767916]]},"properties":{"kind":"major","name":"West 57th Street","bridge":false}},{"type":"Feature","geometry":{"type":"LineString","coordinates":[[-73.98226,40.771435],[-73.982951,40.77173]]},"properties":{"kind":"minor","name":"West 63rd Street","bridge":false}},{"type":"Feature","geometry":{"type":"LineString","coordinates":[[-73.982873,40.766716],[-73.982566,40.767126]]},"properties":{"kind":"major","name":"8th Avenue","bridge":false}},{"type":"Feature","geometry":{"type":"LineString","coordinates":[[-73.971236,40.787799],[-73.968393,40.786605]]},"properties":{"kind":"minor","name":"West 88th Street","bridge":false}},{"type":"Feature","geometry":{"type":"LineString","coordinates":[[-73.935305,40.840454],[-73.935091,40.840002],[-73.935056,40.839908],[-73.935027,40.839785],[-73.935013,40.839693],[-73.93502,40.839535],[-73.935031,40.839445],[-73.935075,40.839288],[-73.935159,40.839122],[-73.935207,40.839047],[-73.935282,40.838951],[-73.93535,40.838882],[-73.935461,40.838781],[-73.935746,40.838585],[-73.935951,40.838419],[-73.936234,40.838115]]},"properties":{"kind":"minor","name":"Edgecombe Avenue","bridge":false}},{"type":"Feature","geometry":{"type":"LineString","coordinates":[[-73.936906,40.839864],[-73.938364,40.840487]]},"properties":{"kind":"major","name":"West 168th Street","bridge":false}},{"type":"Feature","geometry":{"type":"LineString","coordinates":[[-73.939846,40.838513],[-73.938502,40.837934],[-73.938354,40.837883]]},"properties":{"kind":"major","name":"West 165th Street","bridge":false}},{"type":"Feature","geometry":{"type":"LineString","coordinates":[[-73.972556,40.764919],[-73.972777,40.764615]]},"properties":{"kind":"major","name":"5th Avenue","bridge":false}},{"type":"Feature","geometry":{"type":"LineString","coordinates":[[-73.970336,40.789059],[-73.967649,40.787927],[-73.967468,40.787872]]},"properties":{"kind":"minor","name":"West 90th Street","bridge":false}},{"type":"Feature","geometry":{"type":"LineString","coordinates":[[-73.973143,40.790242],[-73.970336,40.789059]]},"properties":{"kind":"minor","name":"West 90th Street","bridge":false}},{"type":"Feature","geometry":{"type":"LineString","coordinates":[[-73.940196,40.83536],[-73.944361,40.837104]]},"properties":{"kind":"minor","name":"West 161st Street","bridge":false}},{"type":"Feature","geometry":{"type":"LineString","coordinates":[[-73.939787,40.835075],[-73.939742,40.83517],[-73.939734,40.835281]]},"properties":{"kind":"minor","name":"Saint Nicholas Avenue","bridge":false}},{"type":"Feature","geometry":{"type":"LineString","coordinates":[[-73.940042,40.834491],[-73.939916,40.834458],[-73.938492,40.833843]]},"properties":{"kind":"minor","name":"West 160th Street","bridge":false}},{"type":"Feature","geometry":{"type":"LineString","coordinates":[[-73.940651,40.834725],[-73.94018,40.83453],[-73.940048,40.834492]]},"properties":{"kind":"major","name":"West 160th Street","bridge":false}},{"type":"Feature","geometry":{"type":"LineString","coordinates":[[-73.934803,40.82811],[-73.934978,40.828187]]},"properties":{"kind":"major","name":"West 155th Street","bridge":true}},{"type":"Feature","geometry":{"type":"LineString","coordinates":[[-73.936614,40.827189],[-73.938237,40.827877],[-73.939126,40.82824],[-73.939253,40.82828]]},"properties":{"kind":"minor","name":"West 153rd Street","bridge":false}},{"type":"Feature","geometry":{"type":"LineString","coordinates":[[-73.935056,40.827791],[-73.93492,40.827965]]},"properties":{"kind":"major","name":"","bridge":true}},{"type":"Feature","geometry":{"type":"LineString","coordinates":[[-73.934861,40.828039],[-73.934803,40.82811]]},"properties":{"kind":"major","name":"","bridge":true}},{"type":"Feature","geometry":{"type":"LineString","coordinates":[[-73.934861,40.828039],[-73.935018,40.827983]]},"properties":{"kind":"major","name":"Macombs Place","bridge":true}},{"type":"Feature","geometry":{"type":"LineString","coordinates":[[-73.939149,40.826626],[-73.940143,40.827036]]},"properties":{"kind":"minor","name":"West 151st Street","bridge":false}},{"type":"Feature","geometry":{"type":"LineString","coordinates":[[-73.936236,40.825397],[-73.938416,40.82632]]},"properties":{"kind":"minor","name":"West 151st Street","bridge":false}},{"type":"Feature","geometry":{"type":"LineString","coordinates":[[-73.938416,40.82632],[-73.939149,40.826626]]},"properties":{"kind":"major","name":"West 151st Street","bridge":false}},{"type":"Feature","geometry":{"type":"LineString","coordinates":[[-73.952444,40.803184],[-73.952204,40.803515]]},"properties":{"kind":"major","name":"Adam Clayton Powell Jr. Boulevard","bridge":false}},{"type":"Feature","geometry":{"type":"LineString","coordinates":[[-73.938992,40.821609],[-73.938302,40.822555]]},"properties":{"kind":"major","name":"Adam Clayton Powell Jr. Boulevard","bridge":false}},{"type":"Feature","geometry":{"type":"LineString","coordinates":[[-73.945476,40.812731],[-73.945019,40.813357]]},"properties":{"kind":"major","name":"Adam Clayton Powell Jr. Boulevard","bridge":false}},{"type":"Feature","geometry":{"type":"LineString","coordinates":[[-73.935856,40.826063],[-73.935976,40.825988],[-73.936145,40.825802]]},"properties":{"kind":"major","name":"Adam Clayton Powell Jr. Boulevard","bridge":false}},{"type":"Feature","geometry":{"type":"LineString","coordinates":[[-73.937135,40.824153],[-73.936687,40.824773]]},"properties":{"kind":"major","name":"Adam Clayton Powell Jr. Boulevard","bridge":false}},{"type":"Feature","geometry":{"type":"LineString","coordinates":[[-73.953849,40.801253],[-73.953312,40.801995]]},"properties":{"kind":"major","name":"Adam Clayton Powell Jr. Boulevard","bridge":false}},{"type":"Feature","geometry":{"type":"LineString","coordinates":[[-73.936114,40.825567],[-73.93604,40.825728],[-73.935856,40.826063]]},"properties":{"kind":"major","name":"Adam Clayton Powell Jr. Boulevard","bridge":false}},{"type":"Feature","geometry":{"type":"LineString","coordinates":[[-73.980209,40.785672],[-73.981442,40.786193]]},"properties":{"kind":"minor","name":"West 81st Street","bridge":false}},{"type":"Feature","geometry":{"type":"LineString","coordinates":[[-73.979116,40.78521],[-73.980209,40.785672]]},"properties":{"kind":"minor","name":"West 81st Street","bridge":false}},{"type":"Feature","geometry":{"type":"LineString","coordinates":[[-73.968809,40.785133],[-73.96921,40.78529],[-73.969344,40.785297]]},"properties":{"kind":"major","name":"86th Street Transverse","bridge":false}},{"type":"Feature","geometry":{"type":"LineString","coordinates":[[-73.971658,40.78069],[-73.971651,40.780807],[-73.971594,40.780999]]},"properties":{"kind":"major","name":"79th Street Transverse","bridge":false}},{"type":"Feature","geometry":{"type":"LineString","coordinates":[[-74.007025,40.783188],[-74.006362,40.782221],[-74.005667,40.781234],[-74.005643,40.781178]]},"properties":{"kind":"minor","name":"Riverwalk Place","bridge":false}},{"type":"Feature","geometry":{"type":"LineString","coordinates":[[-74.013626,40.777875],[-74.013596,40.777922],[-74.013434,40.778107],[-74.013247,40.778274],[-74.013041,40.778421],[-74.012812,40.778546],[-74.012518,40.778768],[-74.01223,40.779069]]},"properties":{"kind":"major","name":"Boulevard East","bridge":false}},{"type":"Feature","geometry":{"type":"LineString","coordinates":[[-73.996419,40.803847],[-73.996323,40.803762],[-73.996156,40.803498],[-73.996092,40.803209]]},"properties":{"kind":"major","name":"Boulevard East","bridge":false}},{"type":"Feature","geometry":{"type":"LineString","coordinates":[[-74.018077,40.767595],[-74.017748,40.767962],[-74.016412,40.769224]]},"properties":{"kind":"major","name":"Port Imperial Boulevard","bridge":false}},{"type":"Feature","geometry":{"type":"LineString","coordinates":[[-74.007504,40.783001],[-74.007992,40.782772],[-74.008201,40.782637]]},"properties":{"kind":"major","name":"Port Imperial Boulevard","bridge":false}},{"type":"Feature","geometry":{"type":"LineString","coordinates":[[-73.998308,40.806316],[-73.99778,40.805748]]},"properties":{"kind":"major","name":"Woodcliff Avenue","bridge":false}},{"type":"Feature","geometry":{"type":"LineString","coordinates":[[-73.928637,40.829264],[-73.928676,40.829238]]},"properties":{"kind":"major","name":"Macombs Dam Bridge","bridge":false}},{"type":"Feature","geometry":{"type":"LineString","coordinates":[[-73.927036,40.828183],[-73.927336,40.828304]]},"properties":{"kind":"major","name":"East 161st Street","bridge":false}},{"type":"Feature","geometry":{"type":"LineString","coordinates":[[-73.943873,40.835274],[-73.943381,40.835961],[-73.942043,40.837765],[-73.941653,40.838385]]},"properties":{"kind":"major","name":"Broadway","bridge":false}},{"type":"Feature","geometry":{"type":"LineString","coordinates":[[-73.945434,40.833485],[-73.945939,40.832815]]},"properties":{"kind":"major","name":"Broadway","bridge":false}},{"type":"Feature","geometry":{"type":"LineString","coordinates":[[-73.945688,40.835211],[-73.946783,40.835025]]},"properties":{"kind":"major","name":"Riverside Drive","bridge":false}},{"type":"Feature","geometry":{"type":"LineString","coordinates":[[-73.950564,40.826489],[-73.951049,40.8258],[-73.951957,40.824568]]},"properties":{"kind":"major","name":"Broadway","bridge":false}},{"type":"Feature","geometry":{"type":"LineString","coordinates":[[-73.945749,40.832732],[-73.945249,40.833403]]},"properties":{"kind":"major","name":"Broadway","bridge":false}},{"type":"Feature","geometry":{"type":"LineString","coordinates":[[-73.941277,40.839242],[-73.943068,40.840194]]},"properties":{"kind":"major","name":"West 165th Street","bridge":false}},{"type":"Feature","geometry":{"type":"LineString","coordinates":[[-73.942891,40.836987],[-73.943626,40.835986]]},"properties":{"kind":"major","name":"Broadway","bridge":false}},{"type":"Feature","geometry":{"type":"LineString","coordinates":[[-74.01678,40.779334],[-74.016351,40.779861],[-74.016059,40.780241],[-74.015839,40.7805],[-74.01504,40.781487],[-74.014472,40.782217],[-74.013038,40.783991],[-74.012199,40.785048],[-74.012078,40.785196],[-74.012007,40.78524],[-74.011583,40.785769],[-74.010418,40.787172],[-74.008002,40.790186],[-74.007128,40.791327],[-74.006676,40.792064],[-74.00655,40.792314],[-74.006504,40.792381],[-74.003773,40.795757]]},"properties":{"kind":"major","name":"Broadway","bridge":false}},{"type":"Feature","geometry":{"type":"LineString","coordinates":[[-74.001229,40.798898],[-74.002183,40.797724]]},"properties":{"kind":"major","name":"Broadway","bridge":false}},{"type":"Feature","geometry":{"type":"LineString","coordinates":[[-74.018057,40.777548],[-74.015877,40.77892]]},"properties":{"kind":"major","name":"Park Avenue","bridge":false}},{"type":"Feature","geometry":{"type":"LineString","coordinates":[[-74.000256,40.796814],[-73.999388,40.798035]]},"properties":{"kind":"major","name":"Park Avenue","bridge":false}},{"type":"Feature","geometry":{"type":"LineString","coordinates":[[-73.995049,40.757351],[-73.994811,40.757665]]},"properties":{"kind":"highway","name":"","tunnel":"no","bridge":false}},{"type":"Feature","geometry":{"type":"LineString","coordinates":[[-73.998772,40.758815],[-73.9992,40.758869]]},"properties":{"kind":"highway","name":"","tunnel":"no","bridge":false}},{"type":"Feature","geometry":{"type":"LineString","coordinates":[[-74.01678,40.779334],[-74.017689,40.779755]]},"properties":{"kind":"major","name":"48th Street","bridge":false}},{"type":"Feature","geometry":{"type":"LineString","coordinates":[[-74.003132,40.79655],[-74.001105,40.795602]]},"properties":{"kind":"minor","name":"75th Street","bridge":false}},{"type":"Feature","geometry":{"type":"LineString","coordinates":[[-74.004845,40.797357],[-74.003132,40.79655]]},"properties":{"kind":"minor","name":"75th Street","bridge":false}},{"type":"Feature","geometry":{"type":"LineString","coordinates":[[-74.003077,40.79978],[-74.001229,40.798898]]},"properties":{"kind":"major","name":"79th Street","bridge":false}},{"type":"Feature","geometry":{"type":"LineString","coordinates":[[-73.924557,40.838305],[-73.926191,40.838512]]},"properties":{"kind":"minor","name":"West 168th Street","bridge":false}},{"type":"Feature","geometry":{"type":"LineString","coordinates":[[-73.926191,40.838512],[-73.927092,40.838625]]},"properties":{"kind":"minor","name":"West 168th Street","bridge":false}},{"type":"Feature","geometry":{"type":"LineString","coordinates":[[-73.925932,40.827831],[-73.925847,40.827978]]},"properties":{"kind":"major","name":"River Avenue","bridge":false}},{"type":"Feature","geometry":{"type":"LineString","coordinates":[[-73.960545,40.818085],[-73.960748,40.817914],[-73.960953,40.817705],[-73.961018,40.817659]]},"properties":{"kind":"minor","name":"12th Avenue","bridge":false}},{"type":"Feature","geometry":{"type":"LineString","coordinates":[[-73.960545,40.818085],[-73.961058,40.81868]]},"properties":{"kind":"major","name":"West 125th Street","bridge":false}},{"type":"Feature","geometry":{"type":"LineString","coordinates":[[-73.94698,40.81838],[-73.947349,40.818536]]},"properties":{"kind":"minor","name":"West 137th Street","bridge":false}},{"type":"Feature","geometry":{"type":"LineString","coordinates":[[-73.948009,40.817116],[-73.947865,40.817427]]},"properties":{"kind":"major","name":"Saint Nicholas Avenue","bridge":false}},{"type":"Feature","geometry":{"type":"LineString","coordinates":[[-73.946916,40.819469],[-73.946396,40.820583]]},"properties":{"kind":"major","name":"Saint Nicholas Avenue","bridge":false}},{"type":"Feature","geometry":{"type":"LineString","coordinates":[[-73.94698,40.81838],[-73.945157,40.820874]]},"properties":{"kind":"major","name":"Edgecombe Avenue","bridge":false}},{"type":"Feature","geometry":{"type":"LineString","coordinates":[[-73.920319,40.835401],[-73.919785,40.836293]]},"properties":{"kind":"minor","name":"Gerard Avenue","bridge":false}},{"type":"Feature","geometry":{"type":"LineString","coordinates":[[-73.922327,40.836135],[-73.921841,40.836458]]},"properties":{"kind":"major","name":"Jerome Avenue","bridge":false}},{"type":"Feature","geometry":{"type":"LineString","coordinates":[[-73.940651,40.834725],[-73.940196,40.83536],[-73.939883,40.835822]]},"properties":{"kind":"major","name":"Amsterdam Avenue","bridge":false}},{"type":"Feature","geometry":{"type":"LineString","coordinates":[[-73.942301,40.842117],[-73.943052,40.840236]]},"properties":{"kind":"major","name":"Fort Washington Avenue","bridge":false}},{"type":"Feature","geometry":{"type":"LineString","coordinates":[[-73.940643,40.845087],[-73.940927,40.844404],[-73.940996,40.84428],[-73.941146,40.844051]]},"properties":{"kind":"major","name":"Fort Washington Avenue","bridge":false}},{"type":"Feature","geometry":{"type":"LineString","coordinates":[[-73.940136,40.836967],[-73.940064,40.836291],[-73.940036,40.836115],[-73.939983,40.835878],[-73.939883,40.835822]]},"properties":{"kind":"major","name":"Saint Nicholas Avenue","bridge":false}},{"type":"Feature","geometry":{"type":"LineString","coordinates":[[-73.946917,40.833235],[-73.947027,40.833223],[-73.948477,40.833832],[-73.949317,40.83428]]},"properties":{"kind":"minor","name":"West 155th Street","bridge":false}},{"type":"Feature","geometry":{"type":"LineString","coordinates":[[-73.934466,40.817178],[-73.934736,40.816798],[-73.934819,40.816651]]},"properties":{"kind":"major","name":"5th Avenue","bridge":false}},{"type":"Feature","geometry":{"type":"LineString","coordinates":[[-73.939029,40.810854],[-73.940891,40.808284],[-73.942269,40.806419]]},"properties":{"kind":"major","name":"5th Avenue","bridge":false}},{"type":"Feature","geometry":{"type":"LineString","coordinates":[[-73.979753,40.776109],[-73.980212,40.77548]]},"properties":{"kind":"major","name":"Columbus Avenue","bridge":false}},{"type":"Feature","geometry":{"type":"LineString","coordinates":[[-73.968495,40.791574],[-73.968921,40.791007],[-73.969297,40.790471]]},"properties":{"kind":"major","name":"Columbus Avenue","bridge":false}},{"type":"Feature","geometry":{"type":"LineString","coordinates":[[-73.973979,40.761279],[-73.974927,40.761676]]},"properties":{"kind":"minor","name":"East 55th Street","bridge":false}},{"type":"Feature","geometry":{"type":"LineString","coordinates":[[-73.98504,40.753558],[-73.981824,40.752205]]},"properties":{"kind":"minor","name":"West 40th Street","bridge":false}},{"type":"Feature","geometry":{"type":"LineString","coordinates":[[-73.993578,40.757154],[-73.993466,40.757106]]},"properties":{"kind":"minor","name":"West 40th Street","bridge":false}},{"type":"Feature","geometry":{"type":"LineString","coordinates":[[-73.994972,40.760312],[-73.996695,40.76103]]},"properties":{"kind":"minor","name":"West 43rd Street","bridge":false}},{"type":"Feature","geometry":{"type":"LineString","coordinates":[[-73.983624,40.755516],[-73.985781,40.756425]]},"properties":{"kind":"minor","name":"West 43rd Street","bridge":false}},{"type":"Feature","geometry":{"type":"LineString","coordinates":[[-73.98569,40.757208],[-73.983166,40.756142]]},"properties":{"kind":"minor","name":"West 44th Street","bridge":false}},{"type":"Feature","geometry":{"type":"LineString","coordinates":[[-73.991684,40.759728],[-73.988843,40.758532]]},"properties":{"kind":"minor","name":"West 44th Street","bridge":false}},{"type":"Feature","geometry":{"type":"LineString","coordinates":[[-73.987018,40.761037],[-73.98482,40.760113]]},"properties":{"kind":"minor","name":"West 48th Street","bridge":false}},{"type":"Feature","geometry":{"type":"LineString","coordinates":[[-73.981341,40.758645],[-73.978111,40.757283]]},"properties":{"kind":"minor","name":"West 48th Street","bridge":false}},{"type":"Feature","geometry":{"type":"LineString","coordinates":[[-73.983678,40.762086],[-73.985648,40.762916]]},"properties":{"kind":"minor","name":"West 51st Street","bridge":false}},{"type":"Feature","geometry":{"type":"LineString","coordinates":[[-73.985648,40.762916],[-73.985756,40.762961]]},"properties":{"kind":"minor","name":"West 51st Street","bridge":false}},{"type":"Feature","geometry":{"type":"LineString","coordinates":[[-73.981433,40.763595],[-73.980328,40.763135],[-73.978609,40.762399]]},"properties":{"kind":"major","name":"West 54th Street","bridge":false}},{"type":"Feature","geometry":{"type":"LineString","coordinates":[[-73.985496,40.765315],[-73.984696,40.764977]]},"properties":{"kind":"major","name":"West 54th Street","bridge":false}},{"type":"Feature","geometry":{"type":"LineString","coordinates":[[-73.966111,40.847272],[-73.965905,40.847309],[-73.965834,40.847311],[-73.965755,40.847302],[-73.965628,40.847261]]},"properties":{"kind":"minor","name":"Henry Hudson Drive","bridge":false}},{"type":"Feature","geometry":{"type":"LineString","coordinates":[[-74.013891,40.773246],[-74.012739,40.77273]]},"properties":{"kind":"minor","name":"","bridge":false}},{"type":"Feature","geometry":{"type":"LineString","coordinates":[[-73.928848,40.829133],[-73.928886,40.829113]]},"properties":{"kind":"major","name":"Macombs Dam Bridge","bridge":false}},{"type":"Feature","geometry":{"type":"LineString","coordinates":[[-73.926563,40.828204],[-73.92676,40.828243],[-73.927071,40.828275]]},"properties":{"kind":"major","name":"","bridge":false}},{"type":"Feature","geometry":{"type":"LineString","coordinates":[[-73.926563,40.828204],[-73.926745,40.828277],[-73.927193,40.828414],[-73.927489,40.828545]]},"properties":{"kind":"major","name":"East 161st Street","bridge":false}},{"type":"Feature","geometry":{"type":"LineString","coordinates":[[-73.928676,40.829238],[-73.928848,40.829133]]},"properties":{"kind":"major","name":"Macombs Dam Bridge","bridge":true}},{"type":"Feature","geometry":{"type":"LineString","coordinates":[[-73.929033,40.829028],[-73.929433,40.828825],[-73.929732,40.8287],[-73.929986,40.828609],[-73.930387,40.828484],[-73.930621,40.828428],[-73.930994,40.828358]]},"properties":{"kind":"major","name":"Macombs Dam Bridge","bridge":true}},{"type":"Feature","geometry":{"type":"LineString","coordinates":[[-73.927134,40.82804],[-73.92701,40.827968],[-73.926898,40.827919],[-73.926031,40.827661]]},"properties":{"kind":"major","name":"East 161st Street","bridge":false}},{"type":"Feature","geometry":{"type":"LineString","coordinates":[[-73.927892,40.828497],[-73.927134,40.82804]]},"properties":{"kind":"major","name":"East 161st Street","bridge":false}},{"type":"Feature","geometry":{"type":"LineString","coordinates":[[-73.927336,40.828304],[-73.927134,40.82804]]},"properties":{"kind":"major","name":"","bridge":false}},{"type":"Feature","geometry":{"type":"LineString","coordinates":[[-73.925481,40.827683],[-73.925542,40.827704]]},"properties":{"kind":"major","name":"East 161st Street","bridge":false}},{"type":"Feature","geometry":{"type":"LineString","coordinates":[[-73.962383,40.799922],[-73.962612,40.799606]]},"properties":{"kind":"major","name":"Columbus Avenue","bridge":false}},{"type":"Feature","geometry":{"type":"LineString","coordinates":[[-73.948539,40.821491],[-73.94991,40.822061]]},"properties":{"kind":"minor","name":"West 140th Street","bridge":false}},{"type":"Feature","geometry":{"type":"LineString","coordinates":[[-73.949456,40.822682],[-73.952417,40.823937],[-73.954347,40.824739]]},"properties":{"kind":"minor","name":"West 141st Street","bridge":false}},{"type":"Feature","geometry":{"type":"LineString","coordinates":[[-73.946079,40.821264],[-73.949456,40.822682]]},"properties":{"kind":"major","name":"West 141st Street","bridge":false}},{"type":"Feature","geometry":{"type":"LineString","coordinates":[[-73.939254,40.842447],[-73.93927,40.842165],[-73.939262,40.842095]]},"properties":{"kind":"major","name":"Broadway","bridge":false}},{"type":"Feature","geometry":{"type":"LineString","coordinates":[[-73.939263,40.842077],[-73.939285,40.842047],[-73.93934,40.841886],[-73.939417,40.84173]]},"properties":{"kind":"major","name":"Broadway","bridge":false}},{"type":"Feature","geometry":{"type":"LineString","coordinates":[[-73.939351,40.842488],[-73.941568,40.843422]]},"properties":{"kind":"minor","name":"West 170th Street","bridge":false}},{"type":"Feature","geometry":{"type":"LineString","coordinates":[[-73.942715,40.843908],[-73.94172,40.843495],[-73.941634,40.843451]]},"properties":{"kind":"minor","name":"West 170th Street","bridge":false}},{"type":"Feature","geometry":{"type":"LineString","coordinates":[[-73.944103,40.840727],[-73.944204,40.840848],[-73.944473,40.840992],[-73.944489,40.841015],[-73.944492,40.841042],[-73.944447,40.841166],[-73.944363,40.841489]]},"properties":{"kind":"major","name":"","bridge":false}},{"type":"Feature","geometry":{"type":"LineString","coordinates":[[-73.942432,40.827198],[-73.941997,40.827823]]},"properties":{"kind":"major","name":"Saint Nicholas Place","bridge":false}},{"type":"Feature","geometry":{"type":"LineString","coordinates":[[-73.94292,40.823263],[-73.94284,40.823354],[-73.942631,40.823632],[-73.941501,40.825172],[-73.939294,40.828206],[-73.939253,40.82828],[-73.938641,40.829754]]},"properties":{"kind":"major","name":"Bradhurst Avenue","bridge":false}},{"type":"Feature","geometry":{"type":"LineString","coordinates":[[-73.945157,40.820874],[-73.944604,40.82146]]},"properties":{"kind":"major","name":"Edgecombe Avenue","bridge":false}},{"type":"Feature","geometry":{"type":"LineString","coordinates":[[-73.944844,40.821552],[-73.944513,40.821426],[-73.943322,40.820917],[-73.940558,40.819759]]},"properties":{"kind":"minor","name":"West 142nd Street","bridge":false}},{"type":"Feature","geometry":{"type":"LineString","coordinates":[[-73.942224,40.828736],[-73.942348,40.828746],[-73.942431,40.828732],[-73.943131,40.828308]]},"properties":{"kind":"major","name":"Convent Avenue","bridge":false}},{"type":"Feature","geometry":{"type":"LineString","coordinates":[[-73.942432,40.827198],[-73.941536,40.826821]]},"properties":{"kind":"minor","name":"West 150th Street","bridge":false}},{"type":"Feature","geometry":{"type":"LineString","coordinates":[[-73.942411,40.822164],[-73.943506,40.822628]]},"properties":{"kind":"minor","name":"West 144th Street","bridge":false}},{"type":"Feature","geometry":{"type":"LineString","coordinates":[[-73.939943,40.820309],[-73.942865,40.821542],[-73.944049,40.822052]]},"properties":{"kind":"minor","name":"West 143rd Street","bridge":false}},{"type":"Feature","geometry":{"type":"LineString","coordinates":[[-73.93595,40.817796],[-73.936031,40.817819],[-73.937722,40.818548]]},"properties":{"kind":"minor","name":"West 142nd Street","bridge":false}},{"type":"Feature","geometry":{"type":"LineString","coordinates":[[-73.934819,40.816651],[-73.935767,40.815339]]},"properties":{"kind":"major","name":"5th Avenue","bridge":false}},{"type":"Feature","geometry":{"type":"LineString","coordinates":[[-73.946762,40.823998],[-73.948092,40.82455]]},"properties":{"kind":"minor","name":"West 144th Street","bridge":false}},{"type":"Feature","geometry":{"type":"LineString","coordinates":[[-73.948882,40.824084],[-73.94969,40.82361],[-73.950556,40.823084],[-73.951225,40.822705],[-73.952908,40.821701]]},"properties":{"kind":"minor","name":"Hamilton Place","bridge":false}},{"type":"Feature","geometry":{"type":"LineString","coordinates":[[-73.956582,40.818229],[-73.956362,40.818161]]},"properties":{"kind":"minor","name":"West 132nd Street","bridge":false}},{"type":"Feature","geometry":{"type":"LineString","coordinates":[[-73.990451,40.771613],[-73.991751,40.772174],[-73.99315,40.772764],[-73.993648,40.772962]]},"properties":{"kind":"minor","name":"West 59th Street","bridge":false}},{"type":"Feature","geometry":{"type":"LineString","coordinates":[[-73.990144,40.775575],[-73.989196,40.775175]]},"properties":{"kind":"minor","name":"West 64th Street","bridge":false}},{"type":"Feature","geometry":{"type":"LineString","coordinates":[[-73.944341,40.829626],[-73.942266,40.828753]]},"properties":{"kind":"minor","name":"West 152nd Street","bridge":false}},{"type":"Feature","geometry":{"type":"LineString","coordinates":[[-73.942224,40.828736],[-73.94154,40.828447]]},"properties":{"kind":"minor","name":"West 152nd Street","bridge":false}},{"type":"Feature","geometry":{"type":"LineString","coordinates":[[-73.931351,40.826025],[-73.931314,40.825409],[-73.931339,40.825324],[-73.931382,40.825283],[-73.931417,40.825266]]},"properties":{"kind":"highway","name":"","tunnel":"no","bridge":false}},{"type":"Feature","geometry":{"type":"LineString","coordinates":[[-73.928685,40.824875],[-73.92874,40.824785],[-73.928775,40.824748],[-73.928825,40.824722],[-73.928912,40.824707]]},"properties":{"kind":"highway","name":"","tunnel":"no","bridge":false}},{"type":"Feature","geometry":{"type":"LineString","coordinates":[[-74.011945,40.775945],[-74.012054,40.775993]]},"properties":{"kind":"minor","name":"","bridge":false}},{"type":"Feature","geometry":{"type":"LineString","coordinates":[[-74.011002,40.779162],[-74.009826,40.778621]]},"properties":{"kind":"minor","name":"","bridge":false}},{"type":"Feature","geometry":{"type":"LineString","coordinates":[[-73.992959,40.770095],[-73.991884,40.769634]]},"properties":{"kind":"minor","name":"West 56th Street","bridge":false}},{"type":"Feature","geometry":{"type":"LineString","coordinates":[[-73.994066,40.770563],[-73.992959,40.770095]]},"properties":{"kind":"minor","name":"West 56th Street","bridge":false}},{"type":"Feature","geometry":{"type":"LineString","coordinates":[[-74.012016,40.773665],[-74.012739,40.77273],[-74.013231,40.772112]]},"properties":{"kind":"minor","name":"Avenue at Port Imperial","bridge":false}},{"type":"Feature","geometry":{"type":"LineString","coordinates":[[-74.012385,40.775396],[-74.012039,40.77585]]},"properties":{"kind":"major","name":"Port Imperial Boulevard","bridge":false}},{"type":"Feature","geometry":{"type":"LineString","coordinates":[[-74.013168,40.774339],[-74.013015,40.774563]]},"properties":{"kind":"major","name":"Port Imperial Boulevard","bridge":false}},{"type":"Feature","geometry":{"type":"LineString","coordinates":[[-73.987098,40.781003],[-73.987095,40.781052],[-73.98707,40.7811],[-73.986852,40.781395],[-73.986805,40.781487]]},"properties":{"kind":"highway","name":"","tunnel":"no","bridge":true}},{"type":"Feature","geometry":{"type":"LineString","coordinates":[[-74.015877,40.77892],[-74.015212,40.779352],[-74.015078,40.779461],[-74.013899,40.780721],[-74.012509,40.782176],[-74.011963,40.78273],[-74.010784,40.783955],[-74.00983,40.784966],[-74.009261,40.785543]]},"properties":{"kind":"major","name":"Park Avenue","bridge":false}},{"type":"Feature","geometry":{"type":"LineString","coordinates":[[-74.001105,40.795602],[-74.000256,40.796814]]},"properties":{"kind":"major","name":"Park Avenue","bridge":false}},{"type":"Feature","geometry":{"type":"LineString","coordinates":[[-73.998505,40.758782],[-73.998772,40.758815]]},"properties":{"kind":"highway","name":"","tunnel":"no","bridge":false}},{"type":"Feature","geometry":{"type":"LineString","coordinates":[[-73.995265,40.758719],[-73.9958,40.758945],[-73.995941,40.758984]]},"properties":{"kind":"major","name":"West 41st Street","bridge":false}},{"type":"Feature","geometry":{"type":"LineString","coordinates":[[-73.994391,40.758371],[-73.993937,40.758978]]},"properties":{"kind":"major","name":"Dyer Avenue","bridge":false}},{"type":"Feature","geometry":{"type":"LineString","coordinates":[[-73.994811,40.757665],[-73.994556,40.757559]]},"properties":{"kind":"minor","name":"West 40th Street","bridge":false}},{"type":"Feature","geometry":{"type":"LineString","coordinates":[[-74.000991,40.792207],[-74.001134,40.792134],[-74.001216,40.792046],[-74.001462,40.791736]]},"properties":{"kind":"minor","name":"Bellevue Avenue","bridge":false}},{"type":"Feature","geometry":{"type":"LineString","coordinates":[[-74.007294,40.79185],[-74.006911,40.791674]]},"properties":{"kind":"minor","name":"67th Street","bridge":false}},{"type":"Feature","geometry":{"type":"LineString","coordinates":[[-74.006911,40.791674],[-74.004793,40.790698]]},"properties":{"kind":"minor","name":"67th Street","bridge":false}},{"type":"Feature","geometry":{"type":"LineString","coordinates":[[-74.008406,40.792373],[-74.007294,40.79185]]},"properties":{"kind":"minor","name":"67th Street","bridge":false}},{"type":"Feature","geometry":{"type":"LineString","coordinates":[[-74.002981,40.789846],[-74.002108,40.789433]]},"properties":{"kind":"minor","name":"67th Street","bridge":false}},{"type":"Feature","geometry":{"type":"LineString","coordinates":[[-74.004793,40.790698],[-74.004313,40.790465],[-74.002981,40.789846]]},"properties":{"kind":"minor","name":"67th Street","bridge":false}},{"type":"Feature","geometry":{"type":"LineString","coordinates":[[-74.007785,40.790471],[-74.005741,40.789512]]},"properties":{"kind":"minor","name":"65th Street","bridge":false}},{"type":"Feature","geometry":{"type":"LineString","coordinates":[[-74.008855,40.790977],[-74.007785,40.790471]]},"properties":{"kind":"minor","name":"65th Street","bridge":false}},{"type":"Feature","geometry":{"type":"LineString","coordinates":[[-74.009335,40.791204],[-74.008855,40.790977]]},"properties":{"kind":"minor","name":"65th Street","bridge":false}},{"type":"Feature","geometry":{"type":"LineString","coordinates":[[-74.009335,40.791204],[-74.009335,40.791204]]},"properties":{"kind":"minor","name":"65th Street","bridge":false}},{"type":"Feature","geometry":{"type":"LineString","coordinates":[[-74.00829,40.791541],[-74.008865,40.791784]]},"properties":{"kind":"minor","name":"66th Street","bridge":false}},{"type":"Feature","geometry":{"type":"LineString","coordinates":[[-74.008865,40.791784],[-74.0089,40.7918]]},"properties":{"kind":"minor","name":"66th Street","bridge":false}},{"type":"Feature","geometry":{"type":"LineString","coordinates":[[-73.939448,40.808559],[-73.9404,40.808962]]},"properties":{"kind":"minor","name":"East 129th Street","bridge":false}},{"type":"Feature","geometry":{"type":"LineString","coordinates":[[-73.951484,40.799448],[-73.949773,40.798754],[-73.948321,40.798126]]},"properties":{"kind":"minor","name":"West 112th Street","bridge":false}},{"type":"Feature","geometry":{"type":"LineString","coordinates":[[-73.95869,40.802473],[-73.954481,40.800695]]},"properties":{"kind":"minor","name":"West 112th Street","bridge":false}},{"type":"Feature","geometry":{"type":"LineString","coordinates":[[-73.954315,40.800626],[-73.952473,40.799858]]},"properties":{"kind":"minor","name":"West 112th Street","bridge":false}},{"type":"Feature","geometry":{"type":"LineString","coordinates":[[-73.954481,40.800695],[-73.954315,40.800626]]},"properties":{"kind":"minor","name":"West 112th Street","bridge":false}},{"type":"Feature","geometry":{"type":"LineString","coordinates":[[-73.952473,40.799858],[-73.951484,40.799448]]},"properties":{"kind":"minor","name":"West 112th Street","bridge":false}},{"type":"Feature","geometry":{"type":"LineString","coordinates":[[-73.946549,40.811546],[-73.949301,40.812727]]},"properties":{"kind":"minor","name":"West 129th Street","bridge":false}},{"type":"Feature","geometry":{"type":"LineString","coordinates":[[-73.946395,40.811481],[-73.946549,40.811546]]},"properties":{"kind":"minor","name":"West 129th Street","bridge":false}},{"type":"Feature","geometry":{"type":"LineString","coordinates":[[-73.943715,40.810356],[-73.946395,40.811481]]},"properties":{"kind":"minor","name":"West 129th Street","bridge":false}},{"type":"Feature","geometry":{"type":"LineString","coordinates":[[-73.942173,40.812169],[-73.939029,40.810854]]},"properties":{"kind":"minor","name":"West 132nd Street","bridge":false}},{"type":"Feature","geometry":{"type":"LineString","coordinates":[[-73.945019,40.813357],[-73.942173,40.812169]]},"properties":{"kind":"minor","name":"West 132nd Street","bridge":false}},{"type":"Feature","geometry":{"type":"LineString","coordinates":[[-73.947489,40.815207],[-73.948677,40.815692]]},"properties":{"kind":"minor","name":"West 133rd Street","bridge":false}},{"type":"Feature","geometry":{"type":"LineString","coordinates":[[-73.944731,40.814046],[-73.947489,40.815207]]},"properties":{"kind":"minor","name":"West 133rd Street","bridge":false}},{"type":"Feature","geometry":{"type":"LineString","coordinates":[[-73.944569,40.813977],[-73.944731,40.814046]]},"properties":{"kind":"minor","name":"West 133rd Street","bridge":false}},{"type":"Feature","geometry":{"type":"LineString","coordinates":[[-73.977385,40.779372],[-73.98021,40.780561]]},"properties":{"kind":"minor","name":"West 75th Street","bridge":false}},{"type":"Feature","geometry":{"type":"LineString","coordinates":[[-74.018687,40.777044],[-74.019414,40.777391]]},"properties":{"kind":"minor","name":"45th Street","bridge":false}},{"type":"Feature","geometry":{"type":"LineString","coordinates":[[-74.02161,40.774381],[-74.021104,40.774145],[-74.020945,40.774029]]},"properties":{"kind":"minor","name":"40th Street","bridge":false}},{"type":"Feature","geometry":{"type":"LineString","coordinates":[[-74.004405,40.79796],[-74.0044,40.797958]]},"properties":{"kind":"minor","name":"76th Street","bridge":false}},{"type":"Feature","geometry":{"type":"LineString","coordinates":[[-74.000676,40.796209],[-73.998516,40.795202]]},"properties":{"kind":"minor","name":"76th Street","bridge":false}},{"type":"Feature","geometry":{"type":"LineString","coordinates":[[-74.002658,40.797137],[-74.000676,40.796209]]},"properties":{"kind":"minor","name":"76th Street","bridge":false}},{"type":"Feature","geometry":{"type":"LineString","coordinates":[[-74.0044,40.797958],[-74.002658,40.797137]]},"properties":{"kind":"minor","name":"76th Street","bridge":false}},{"type":"Feature","geometry":{"type":"LineString","coordinates":[[-74.000256,40.796814],[-74.002183,40.797724]]},"properties":{"kind":"minor","name":"77th Street","bridge":false}},{"type":"Feature","geometry":{"type":"LineString","coordinates":[[-74.00346,40.79913],[-74.002966,40.799725]]},"properties":{"kind":"minor","name":"Hudson Avenue","bridge":false}},{"type":"Feature","geometry":{"type":"LineString","coordinates":[[-74.003924,40.798542],[-74.00346,40.79913]]},"properties":{"kind":"minor","name":"Hudson Avenue","bridge":false}},{"type":"Feature","geometry":{"type":"LineString","coordinates":[[-74.0044,40.797958],[-74.003924,40.798542]]},"properties":{"kind":"minor","name":"Hudson Avenue","bridge":false}},{"type":"Feature","geometry":{"type":"LineString","coordinates":[[-74.004474,40.797866],[-74.0044,40.797958]]},"properties":{"kind":"minor","name":"Hudson Avenue","bridge":false}},{"type":"Feature","geometry":{"type":"LineString","coordinates":[[-73.998558,40.794419],[-73.998599,40.794333],[-73.998626,40.793963],[-73.998646,40.793919],[-73.998691,40.793883],[-73.998744,40.793858],[-73.998803,40.793846],[-73.998937,40.793857],[-73.999022,40.79389],[-73.999622,40.7942],[-73.999921,40.794328],[-74.000105,40.79435],[-74.000331,40.794343]]},"properties":{"kind":"major","name":"Boulevard East","bridge":false}},{"type":"Feature","geometry":{"type":"LineString","coordinates":[[-74.000299,40.794243],[-74.00011,40.79425],[-73.999949,40.794235],[-73.999671,40.794139],[-73.999262,40.793927],[-73.999014,40.79381],[-73.998895,40.793765],[-73.998804,40.793753],[-73.998655,40.793785],[-73.998603,40.793818],[-73.998553,40.793879],[-73.998534,40.793943],[-73.998514,40.794328],[-73.998558,40.794419]]},"properties":{"kind":"major","name":"Boulevard East","bridge":false}},{"type":"Feature","geometry":{"type":"LineString","coordinates":[[-73.998558,40.794419],[-73.998544,40.794527],[-73.998493,40.795749]]},"properties":{"kind":"major","name":"Boulevard East","bridge":false}},{"type":"Feature","geometry":{"type":"LineString","coordinates":[[-74.000331,40.794343],[-74.000473,40.794317],[-74.000579,40.794259],[-74.000703,40.794134],[-74.000821,40.793983],[-74.00087,40.793857]]},"properties":{"kind":"major","name":"Boulevard East","bridge":false}},{"type":"Feature","geometry":{"type":"LineString","coordinates":[[-74.00087,40.793857],[-74.000692,40.79399],[-74.000587,40.794119]]},"properties":{"kind":"major","name":"Boulevard East","bridge":false}},{"type":"Feature","geometry":{"type":"LineString","coordinates":[[-74.003605,40.795966],[-74.005285,40.796754]]},"properties":{"kind":"minor","name":"74th Street","bridge":false}},{"type":"Feature","geometry":{"type":"LineString","coordinates":[[-74.001525,40.794993],[-74.003386,40.795867]]},"properties":{"kind":"major","name":"74th Street","bridge":false}},{"type":"Feature","geometry":{"type":"LineString","coordinates":[[-73.996905,40.807247],[-73.996487,40.807515]]},"properties":{"kind":"minor","name":"New York Avenue","bridge":false}},{"type":"Feature","geometry":{"type":"LineString","coordinates":[[-74.001951,40.794376],[-74.00087,40.793857]]},"properties":{"kind":"minor","name":"73rd Street","bridge":false}},{"type":"Feature","geometry":{"type":"LineString","coordinates":[[-74.005724,40.796153],[-74.004823,40.795719],[-74.004074,40.795386]]},"properties":{"kind":"minor","name":"73rd Street","bridge":false}},{"type":"Feature","geometry":{"type":"LineString","coordinates":[[-74.004074,40.795386],[-74.003117,40.794943],[-74.001951,40.794376]]},"properties":{"kind":"minor","name":"73rd Street","bridge":false}},{"type":"Feature","geometry":{"type":"LineString","coordinates":[[-73.982943,40.82119],[-73.985621,40.822651]]},"properties":{"kind":"minor","name":"Oakdene Avenue","bridge":false}},{"type":"Feature","geometry":{"type":"LineString","coordinates":[[-73.980253,40.823936],[-73.9808,40.823375]]},"properties":{"kind":"minor","name":"Hudson Terrace","bridge":false}},{"type":"Feature","geometry":{"type":"LineString","coordinates":[[-73.980847,40.830245],[-73.9799,40.829706]]},"properties":{"kind":"minor","name":"Warren Avenue","bridge":false}},{"type":"Feature","geometry":{"type":"LineString","coordinates":[[-73.985154,40.823282],[-73.982421,40.82173]]},"properties":{"kind":"minor","name":"Lincoln Avenue","bridge":false}},{"type":"Feature","geometry":{"type":"LineString","coordinates":[[-73.981883,40.822273],[-73.984678,40.823856]]},"properties":{"kind":"minor","name":"Washington Avenue","bridge":false}},{"type":"Feature","geometry":{"type":"LineString","coordinates":[[-73.9808,40.823375],[-73.983545,40.824935]]},"properties":{"kind":"minor","name":"Columbia Avenue","bridge":false}},{"type":"Feature","geometry":{"type":"LineString","coordinates":[[-73.982106,40.825848],[-73.983489,40.826625]]},"properties":{"kind":"minor","name":"Grant Avenue","bridge":false}},{"type":"Feature","geometry":{"type":"LineString","coordinates":[[-73.983045,40.827233],[-73.981697,40.826479]]},"properties":{"kind":"minor","name":"Knox Avenue","bridge":false}},{"type":"Feature","geometry":{"type":"LineString","coordinates":[[-73.946396,40.820583],[-73.944114,40.819627],[-73.94147,40.818504]]},"properties":{"kind":"minor","name":"West 140th Street","bridge":false}},{"type":"Feature","geometry":{"type":"LineString","coordinates":[[-73.935481,40.84088],[-73.935647,40.841223],[-73.93567,40.8413]]},"properties":{"kind":"minor","name":"Edgecombe Avenue","bridge":false}},{"type":"Feature","geometry":{"type":"LineString","coordinates":[[-73.938862,40.842244],[-73.936037,40.841055]]},"properties":{"kind":"minor","name":"West 170th Street","bridge":false}},{"type":"Feature","geometry":{"type":"LineString","coordinates":[[-73.951655,40.829674],[-73.951926,40.829291]]},"properties":{"kind":"highway","name":"Henry Hudson Parkway","tunnel":"no","bridge":false}},{"type":"Feature","geometry":{"type":"LineString","coordinates":[[-73.951786,40.82926],[-73.951512,40.829653]]},"properties":{"kind":"highway","name":"Henry Hudson Parkway","tunnel":"no","bridge":false}},{"type":"Feature","geometry":{"type":"LineString","coordinates":[[-73.951926,40.829291],[-73.952213,40.828915],[-73.952388,40.828714]]},"properties":{"kind":"highway","name":"Henry Hudson Parkway","tunnel":"no","bridge":false}},{"type":"Feature","geometry":{"type":"LineString","coordinates":[[-73.951512,40.829653],[-73.951258,40.830053],[-73.951147,40.830249],[-73.951038,40.830456],[-73.950846,40.830866],[-73.950673,40.831295],[-73.950521,40.831718],[-73.950261,40.83258]]},"properties":{"kind":"highway","name":"Henry Hudson Parkway","tunnel":"no","bridge":false}},{"type":"Feature","geometry":{"type":"LineString","coordinates":[[-73.983934,40.826015],[-73.982722,40.82533]]},"properties":{"kind":"minor","name":"Lawton Avenue","bridge":false}},{"type":"Feature","geometry":{"type":"LineString","coordinates":[[-73.982722,40.82533],[-73.980253,40.823936]]},"properties":{"kind":"minor","name":"Lawton Avenue","bridge":false}},{"type":"Feature","geometry":{"type":"LineString","coordinates":[[-73.942758,40.805738],[-73.941799,40.80534]]},"properties":{"kind":"minor","name":"East 124th Street","bridge":false}},{"type":"Feature","geometry":{"type":"LineString","coordinates":[[-74.016724,40.767293],[-74.017467,40.767611],[-74.017644,40.76766]]},"properties":{"kind":"minor","name":"Eton Row","bridge":false}},{"type":"Feature","geometry":{"type":"LineString","coordinates":[[-74.016724,40.767293],[-74.017056,40.766851],[-74.017167,40.766816],[-74.017292,40.7668]]},"properties":{"kind":"minor","name":"Henley Place","bridge":false}},{"type":"Feature","geometry":{"type":"LineString","coordinates":[[-74.007474,40.793754],[-74.005887,40.793013],[-74.003724,40.791982]]},"properties":{"kind":"minor","name":"69th Street","bridge":false}},{"type":"Feature","geometry":{"type":"LineString","coordinates":[[-74.000567,40.791322],[-74.001462,40.791736],[-74.003162,40.792544],[-74.003249,40.792571]]},"properties":{"kind":"major","name":"70th Street","bridge":false}},{"type":"Feature","geometry":{"type":"LineString","coordinates":[[-74.003249,40.792571],[-74.00506,40.793417],[-74.005494,40.79363],[-74.007041,40.794348]]},"properties":{"kind":"minor","name":"70th Street","bridge":false}},{"type":"Feature","geometry":{"type":"LineString","coordinates":[[-74.006601,40.79495],[-74.005018,40.794218]]},"properties":{"kind":"minor","name":"71st Street","bridge":false}},{"type":"Feature","geometry":{"type":"LineString","coordinates":[[-74.00455,40.794797],[-74.006162,40.795552]]},"properties":{"kind":"minor","name":"72nd Street","bridge":false}},{"type":"Feature","geometry":{"type":"LineString","coordinates":[[-74.008423,40.788356],[-74.009184,40.787386],[-74.009843,40.786561],[-74.010287,40.786022]]},"properties":{"kind":"minor","name":"Buchanan Place","bridge":false}},{"type":"Feature","geometry":{"type":"LineString","coordinates":[[-74.013301,40.785769],[-74.012078,40.785196]]},"properties":{"kind":"minor","name":"58th Street","bridge":false}},{"type":"Feature","geometry":{"type":"LineString","coordinates":[[-74.010727,40.788101],[-74.010197,40.788757]]},"properties":{"kind":"minor","name":"Fillmore Place","bridge":false}},{"type":"Feature","geometry":{"type":"LineString","coordinates":[[-74.013825,40.77718],[-74.013782,40.777462]]},"properties":{"kind":"major","name":"Boulevard East","bridge":false}},{"type":"Feature","geometry":{"type":"LineString","coordinates":[[-74.011583,40.785769],[-74.012076,40.785988],[-74.012869,40.78636]]},"properties":{"kind":"minor","name":"59th Street","bridge":false}},{"type":"Feature","geometry":{"type":"LineString","coordinates":[[-74.006676,40.792064],[-74.007294,40.79185]]},"properties":{"kind":"minor","name":"Dewey Avenue","bridge":false}},{"type":"Feature","geometry":{"type":"LineString","coordinates":[[-74.005261,40.79011],[-74.00829,40.791541]]},"properties":{"kind":"minor","name":"66th Street","bridge":false}},{"type":"Feature","geometry":{"type":"LineString","coordinates":[[-73.923399,40.835436],[-73.92353,40.835512],[-73.923569,40.835556],[-73.923589,40.835616]]},"properties":{"kind":"minor","name":"Shakespeare Avenue","bridge":false}},{"type":"Feature","geometry":{"type":"LineString","coordinates":[[-73.923589,40.835616],[-73.923699,40.835553],[-73.923986,40.835166],[-73.923983,40.835048]]},"properties":{"kind":"minor","name":"Shakespeare Avenue","bridge":false}},{"type":"Feature","geometry":{"type":"LineString","coordinates":[[-73.973145,40.798581],[-73.970016,40.797264]]},"properties":{"kind":"minor","name":"West 100th Street","bridge":false}},{"type":"Feature","geometry":{"type":"LineString","coordinates":[[-73.939069,40.816697],[-73.938931,40.81665]]},"properties":{"kind":"minor","name":"West 139th Street","bridge":false}},{"type":"Feature","geometry":{"type":"LineString","coordinates":[[-73.939069,40.816697],[-73.939535,40.816058]]},"properties":{"kind":"major","name":"Malcolm X Boulevard","bridge":false}},{"type":"Feature","geometry":{"type":"LineString","coordinates":[[-73.939535,40.816058],[-73.93939,40.815997]]},"properties":{"kind":"minor","name":"West 138th Street","bridge":false}},{"type":"Feature","geometry":{"type":"LineString","coordinates":[[-73.943545,40.810285],[-73.942173,40.812169],[-73.941916,40.812534]]},"properties":{"kind":"major","name":"Malcolm X Boulevard","bridge":false}},{"type":"Feature","geometry":{"type":"LineString","coordinates":[[-73.937113,40.819114],[-73.937263,40.819178]]},"properties":{"kind":"minor","name":"West 143rd Street","bridge":false}},{"type":"Feature","geometry":{"type":"LineString","coordinates":[[-73.949755,40.802073],[-73.952444,40.803184]]},"properties":{"kind":"major","name":"West 116th Street","bridge":false}},{"type":"Feature","geometry":{"type":"LineString","coordinates":[[-73.936457,40.820009],[-73.936269,40.820299],[-73.93625,40.820448]]},"properties":{"kind":"major","name":"Malcolm X Boulevard","bridge":false}},{"type":"Feature","geometry":{"type":"LineString","coordinates":[[-73.945413,40.807746],[-73.945571,40.807811]]},"properties":{"kind":"major","name":"West 125th Street","bridge":false}},{"type":"Feature","geometry":{"type":"LineString","coordinates":[[-73.949755,40.802073],[-73.950254,40.80138],[-73.951175,40.800133],[-73.951418,40.799786]]},"properties":{"kind":"major","name":"Malcolm X Boulevard","bridge":false}},{"type":"Feature","geometry":{"type":"LineString","coordinates":[[-73.946057,40.807131],[-73.945905,40.807068]]},"properties":{"kind":"minor","name":"West 124th Street","bridge":false}},{"type":"Feature","geometry":{"type":"LineString","coordinates":[[-73.937113,40.819114],[-73.936646,40.819742]]},"properties":{"kind":"major","name":"Malcolm X Boulevard","bridge":false}},{"type":"Feature","geometry":{"type":"LineString","coordinates":[[-73.938931,40.81665],[-73.938479,40.817257]]},"properties":{"kind":"major","name":"Malcolm X Boulevard","bridge":false}},{"type":"Feature","geometry":{"type":"LineString","coordinates":[[-73.945571,40.807811],[-73.947692,40.808706]]},"properties":{"kind":"major","name":"West 125th Street","bridge":false}},{"type":"Feature","geometry":{"type":"LineString","coordinates":[[-73.945571,40.807811],[-73.945809,40.807478]]},"properties":{"kind":"major","name":"Malcolm X Boulevard","bridge":false}},{"type":"Feature","geometry":{"type":"LineString","coordinates":[[-73.982364,40.7674],[-73.982249,40.767343],[-73.981749,40.767135]]},"properties":{"kind":"minor","name":"West 58th Street","bridge":false}},{"type":"Feature","geometry":{"type":"LineString","coordinates":[[-73.979532,40.766213],[-73.976705,40.765004],[-73.974107,40.763914]]},"properties":{"kind":"minor","name":"West 58th Street","bridge":false}},{"type":"Feature","geometry":{"type":"LineString","coordinates":[[-73.981749,40.767135],[-73.981824,40.76669]]},"properties":{"kind":"major","name":"Broadway","bridge":false}},{"type":"Feature","geometry":{"type":"LineString","coordinates":[[-73.958727,40.810002],[-73.961677,40.811255]]},"properties":{"kind":"minor","name":"West 121st Street","bridge":false}},{"type":"Feature","geometry":{"type":"LineString","coordinates":[[-73.958269,40.810633],[-73.956715,40.812771]]},"properties":{"kind":"major","name":"Amsterdam Avenue","bridge":false}},{"type":"Feature","geometry":{"type":"LineString","coordinates":[[-73.977174,40.771385],[-73.975776,40.770581],[-73.974741,40.769902]]},"properties":{"kind":"major","name":"65th Street Transverse","bridge":false}},{"type":"Feature","geometry":{"type":"LineString","coordinates":[[-73.97786,40.788892],[-73.977593,40.789254]]},"properties":{"kind":"major","name":"West End Avenue","bridge":false}},{"type":"Feature","geometry":{"type":"LineString","coordinates":[[-73.97786,40.788892],[-73.98036,40.789946]]},"properties":{"kind":"major","name":"West 86th Street","bridge":false}},{"type":"Feature","geometry":{"type":"LineString","coordinates":[[-73.976431,40.788289],[-73.97588,40.788935]]},"properties":{"kind":"major","name":"Broadway","bridge":false}},{"type":"Feature","geometry":{"type":"LineString","coordinates":[[-73.976431,40.788289],[-73.976606,40.788362]]},"properties":{"kind":"major","name":"West 86th Street","bridge":false}},{"type":"Feature","geometry":{"type":"LineString","coordinates":[[-73.97588,40.788935],[-73.973564,40.792065]]},"properties":{"kind":"major","name":"Broadway","bridge":false}},{"type":"Feature","geometry":{"type":"LineString","coordinates":[[-73.977368,40.789563],[-73.97691,40.790195]]},"properties":{"kind":"major","name":"West End Avenue","bridge":false}},{"type":"Feature","geometry":{"type":"LineString","coordinates":[[-73.966596,40.771388],[-73.967529,40.771784]]},"properties":{"kind":"minor","name":"East 71st Street","bridge":false}},{"type":"Feature","geometry":{"type":"LineString","coordinates":[[-73.9992,40.758869],[-73.999273,40.758883]]},"properties":{"kind":"highway","name":"Lincoln Tunnel","tunnel":"yes","bridge":false}},{"type":"Feature","geometry":{"type":"LineString","coordinates":[[-73.982008,40.763836],[-73.981846,40.763769]]},"properties":{"kind":"major","name":"West 54th Street","bridge":false}},{"type":"Feature","geometry":{"type":"LineString","coordinates":[[-73.982518,40.764058],[-73.982008,40.763836]]},"properties":{"kind":"major","name":"West 54th Street","bridge":false}},{"type":"Feature","geometry":{"type":"LineString","coordinates":[[-73.981846,40.763769],[-73.981433,40.763595]]},"properties":{"kind":"major","name":"West 54th Street","bridge":false}},{"type":"Feature","geometry":{"type":"LineString","coordinates":[[-73.984696,40.764977],[-73.984269,40.764798]]},"properties":{"kind":"major","name":"West 54th Street","bridge":false}},{"type":"Feature","geometry":{"type":"LineString","coordinates":[[-73.987125,40.765994],[-73.985496,40.765315]]},"properties":{"kind":"major","name":"West 54th Street","bridge":false}},{"type":"Feature","geometry":{"type":"LineString","coordinates":[[-73.984269,40.764798],[-73.982518,40.764058]]},"properties":{"kind":"major","name":"West 54th Street","bridge":false}},{"type":"Feature","geometry":{"type":"LineString","coordinates":[[-74.009676,40.778855],[-74.009179,40.778973]]},"properties":{"kind":"minor","name":"Avenue at Port Imperial","bridge":false}},{"type":"Feature","geometry":{"type":"LineString","coordinates":[[-73.95986,40.80847],[-73.959521,40.808927]]},"properties":{"kind":"major","name":"Amsterdam Avenue","bridge":false}},{"type":"Feature","geometry":{"type":"LineString","coordinates":[[-73.993054,40.795942],[-73.993064,40.795989],[-73.993096,40.796014],[-73.99314,40.796026],[-73.9932,40.796014],[-73.993223,40.795997],[-73.993241,40.795953],[-73.99322,40.795911],[-73.99317,40.795886],[-73.993139,40.795884],[-73.993084,40.795902],[-73.993054,40.795942]]},"properties":{"kind":"minor","name":"Riverview Circle","bridge":false}},{"type":"Feature","geometry":{"type":"LineString","coordinates":[[-73.972965,40.769119],[-73.973028,40.768966]]},"properties":{"kind":"minor","name":"","bridge":true}},{"type":"Feature","geometry":{"type":"LineString","coordinates":[[-73.973094,40.769702],[-73.97306,40.7696],[-73.972957,40.76944],[-73.972924,40.769356],[-73.97292,40.769253],[-73.972965,40.769119]]},"properties":{"kind":"minor","name":"","bridge":false}},{"type":"Feature","geometry":{"type":"LineString","coordinates":[[-73.973028,40.768966],[-73.973064,40.768863],[-73.973153,40.768512],[-73.973227,40.768102]]},"properties":{"kind":"minor","name":"","bridge":false}},{"type":"Feature","geometry":{"type":"LineString","coordinates":[[-73.94481,40.807492],[-73.945413,40.807746]]},"properties":{"kind":"major","name":"West 125th Street","bridge":false}},{"type":"Feature","geometry":{"type":"LineString","coordinates":[[-73.944251,40.807256],[-73.94481,40.807492]]},"properties":{"kind":"major","name":"West 125th Street","bridge":false}},{"type":"Feature","geometry":{"type":"LineString","coordinates":[[-73.976009,40.795494],[-73.975829,40.795583],[-73.97518,40.795947]]},"properties":{"kind":"major","name":"Riverside Drive","bridge":false}},{"type":"Feature","geometry":{"type":"LineString","coordinates":[[-73.97587,40.822184],[-73.975983,40.822249]]},"properties":{"kind":"minor","name":"Portside Drive","bridge":false}},{"type":"Feature","geometry":{"type":"LineString","coordinates":[[-73.975457,40.821298],[-73.975555,40.821278],[-73.975623,40.821287],[-73.975765,40.821332],[-73.975818,40.821331]]},"properties":{"kind":"minor","name":"Binghamton Way","bridge":false}},{"type":"Feature","geometry":{"type":"LineString","coordinates":[[-73.97587,40.822184],[-73.975194,40.821921],[-73.975153,40.821882],[-73.975131,40.821839],[-73.975134,40.821796],[-73.975156,40.821757],[-73.975457,40.821298]]},"properties":{"kind":"minor","name":"Portside Drive","bridge":false}},{"type":"Feature","geometry":{"type":"LineString","coordinates":[[-73.975952,40.821262],[-73.976066,40.821291],[-73.976763,40.821595]]},"properties":{"kind":"minor","name":"Binghamton Way","bridge":false}},{"type":"Feature","geometry":{"type":"LineString","coordinates":[[-73.975952,40.821262],[-73.975888,40.821273],[-73.97585,40.821296],[-73.975818,40.821331]]},"properties":{"kind":"minor","name":"Binghamton Way","bridge":false}},{"type":"Feature","geometry":{"type":"LineString","coordinates":[[-73.975818,40.821331],[-73.975866,40.821326],[-73.975952,40.821262]]},"properties":{"kind":"minor","name":"Binghamton Way","bridge":false}},{"type":"Feature","geometry":{"type":"LineString","coordinates":[[-73.990309,40.80716],[-73.990276,40.807147],[-73.990204,40.807154],[-73.990176,40.807172],[-73.990159,40.807197],[-73.990156,40.807225],[-73.990168,40.807252],[-73.990225,40.807286],[-73.990297,40.807279],[-73.990325,40.807261],[-73.990342,40.807236],[-73.990345,40.807208],[-73.990333,40.807181],[-73.990309,40.80716]]},"properties":{"kind":"minor","name":"","bridge":false}},{"type":"Feature","geometry":{"type":"LineString","coordinates":[[-73.990309,40.80716],[-73.990596,40.806781],[-73.990614,40.806725],[-73.990584,40.806683],[-73.990026,40.806447],[-73.989789,40.806363]]},"properties":{"kind":"minor","name":"City Place","bridge":false}},{"type":"Feature","geometry":{"type":"LineString","coordinates":[[-73.987718,40.806165],[-73.987667,40.806147],[-73.987611,40.806153],[-73.987588,40.806166],[-73.98756,40.806205],[-73.987569,40.806251],[-73.987614,40.806283],[-73.987645,40.806289],[-73.987705,40.806278],[-73.987728,40.806262],[-73.987748,40.806223],[-73.987735,40.806182],[-73.987718,40.806165]]},"properties":{"kind":"minor","name":"","bridge":false}},{"type":"Feature","geometry":{"type":"LineString","coordinates":[[-73.98911,40.806806],[-73.990156,40.807225]]},"properties":{"kind":"minor","name":"The Promenade","bridge":false}},{"type":"Feature","geometry":{"type":"LineString","coordinates":[[-73.990204,40.807154],[-73.989158,40.806735]]},"properties":{"kind":"minor","name":"The Promenade","bridge":false}},{"type":"Feature","geometry":{"type":"LineString","coordinates":[[-73.989122,40.806687],[-73.989089,40.806674],[-73.989017,40.806681],[-73.988989,40.806699],[-73.988972,40.806724],[-73.988969,40.806752],[-73.988981,40.806779],[-73.989038,40.806813],[-73.98911,40.806806],[-73.989138,40.806788],[-73.989155,40.806763],[-73.989158,40.806735],[-73.989146,40.806708],[-73.989122,40.806687]]},"properties":{"kind":"minor","name":"","bridge":false}},{"type":"Feature","geometry":{"type":"LineString","coordinates":[[-73.987728,40.806262],[-73.988969,40.806752]]},"properties":{"kind":"minor","name":"The Promenade","bridge":false}},{"type":"Feature","geometry":{"type":"LineString","coordinates":[[-73.989017,40.806681],[-73.988964,40.806648],[-73.987801,40.806194],[-73.987735,40.806182]]},"properties":{"kind":"minor","name":"The Promenade","bridge":false}},{"type":"Feature","geometry":{"type":"LineString","coordinates":[[-73.991165,40.806552],[-73.991059,40.806467],[-73.990841,40.806404]]},"properties":{"kind":"minor","name":"City Place","bridge":false}},{"type":"Feature","geometry":{"type":"LineString","coordinates":[[-73.98976,40.806231],[-73.989832,40.806275],[-73.99006,40.80637],[-73.990406,40.806422]]},"properties":{"kind":"minor","name":"City Place","bridge":false}},{"type":"Feature","geometry":{"type":"LineString","coordinates":[[-73.989789,40.806363],[-73.989334,40.806178]]},"properties":{"kind":"minor","name":"","bridge":false}},{"type":"Feature","geometry":{"type":"LineString","coordinates":[[-73.987887,40.805886],[-73.987955,40.80578],[-73.988135,40.805603],[-73.988241,40.805544],[-73.988344,40.805507],[-73.988438,40.805486],[-73.98863,40.805482]]},"properties":{"kind":"minor","name":"City Place","bridge":false}},{"type":"Feature","geometry":{"type":"LineString","coordinates":[[-73.989135,40.806699],[-73.989506,40.806191],[-73.98954,40.806173],[-73.989593,40.80617]]},"properties":{"kind":"minor","name":"City Place","bridge":false}},{"type":"Feature","geometry":{"type":"LineString","coordinates":[[-73.989593,40.80617],[-73.989487,40.806131],[-73.989438,40.806126],[-73.989337,40.806255],[-73.989052,40.806672]]},"properties":{"kind":"minor","name":"City Place","bridge":false}},{"type":"Feature","geometry":{"type":"LineString","coordinates":[[-73.985067,40.808309],[-73.985021,40.808295],[-73.984972,40.808295],[-73.984926,40.808309],[-73.984891,40.808336],[-73.984872,40.80837],[-73.984872,40.808408],[-73.984891,40.808442],[-73.984926,40.808469],[-73.984972,40.808483],[-73.985021,40.808483],[-73.985067,40.808469],[-73.985102,40.808442],[-73.985121,40.808408],[-73.985121,40.80837],[-73.985102,40.808336],[-73.985067,40.808309]]},"properties":{"kind":"minor","name":"Independence Way","bridge":false}},{"type":"Feature","geometry":{"type":"LineString","coordinates":[[-73.986731,40.781628],[-73.986582,40.781815],[-73.985332,40.783531]]},"properties":{"kind":"highway","name":"Henry Hudson Parkway","tunnel":"no","bridge":false}},{"type":"Feature","geometry":{"type":"LineString","coordinates":[[-73.975241,40.821942],[-73.974964,40.822365]]},"properties":{"kind":"minor","name":"Portside Drive","bridge":false}},{"type":"Feature","geometry":{"type":"LineString","coordinates":[[-73.982123,40.773842],[-73.982107,40.77464],[-73.982029,40.776334],[-73.981971,40.777859]]},"properties":{"kind":"major","name":"Broadway","bridge":false}},{"type":"Feature","geometry":{"type":"LineString","coordinates":[[-73.990561,40.773306],[-73.990381,40.773556],[-73.990348,40.773652],[-73.990316,40.773845],[-73.990255,40.77399]]},"properties":{"kind":"minor","name":"Freedom Place South","bridge":false}},{"type":"Feature","geometry":{"type":"LineString","coordinates":[[-73.953077,40.814301],[-73.953109,40.8135]]},"properties":{"kind":"major","name":"Convent Avenue","bridge":false}},{"type":"Feature","geometry":{"type":"LineString","coordinates":[[-73.953529,40.813672],[-73.955444,40.814483]]},"properties":{"kind":"minor","name":"West 128th Street","bridge":false}},{"type":"Feature","geometry":{"type":"LineString","coordinates":[[-73.984208,40.809492],[-73.984152,40.809489],[-73.984099,40.809502],[-73.984056,40.80953],[-73.984031,40.809568],[-73.984026,40.80961],[-73.984044,40.809651],[-73.984081,40.809683],[-73.984131,40.809702],[-73.984187,40.809705],[-73.98424,40.809692],[-73.984283,40.809665],[-73.984314,40.809607],[-73.984295,40.809544],[-73.984258,40.809511],[-73.984208,40.809492]]},"properties":{"kind":"minor","name":"Independence Way","bridge":false}},{"type":"Feature","geometry":{"type":"LineString","coordinates":[[-73.985803,40.81053],[-73.985287,40.811279]]},"properties":{"kind":"minor","name":"Castle Cove","bridge":false}},{"type":"Feature","geometry":{"type":"LineString","coordinates":[[-73.986891,40.811887],[-73.987,40.811869],[-73.987522,40.81122]]},"properties":{"kind":"minor","name":"Harborview Terrace","bridge":false}},{"type":"Feature","geometry":{"type":"LineString","coordinates":[[-73.983399,40.810425],[-73.983453,40.810492],[-73.984833,40.811033],[-73.984916,40.811132],[-73.985607,40.811411],[-73.985741,40.811442],[-73.986891,40.811887]]},"properties":{"kind":"minor","name":"Harborview Terrace","bridge":false}},{"type":"Feature","geometry":{"type":"LineString","coordinates":[[-73.984297,40.809944],[-73.984198,40.809928],[-73.984116,40.809973],[-73.98396,40.810168],[-73.983865,40.810211],[-73.983771,40.810224],[-73.983585,40.810228],[-73.983514,40.810264],[-73.983399,40.810425]]},"properties":{"kind":"minor","name":"Harborview Terrace","bridge":false}},{"type":"Feature","geometry":{"type":"LineString","coordinates":[[-73.987038,40.81101],[-73.984297,40.809944]]},"properties":{"kind":"minor","name":"Lighthouse Terrace","bridge":false}},{"type":"Feature","geometry":{"type":"LineString","coordinates":[[-73.987038,40.81101],[-73.987126,40.811072],[-73.987255,40.811097],[-73.987522,40.81122],[-73.987765,40.811317]]},"properties":{"kind":"minor","name":"Lighthouse Terrace","bridge":false}},{"type":"Feature","geometry":{"type":"LineString","coordinates":[[-73.987829,40.811239],[-73.98731,40.811032],[-73.987157,40.810999],[-73.987038,40.81101]]},"properties":{"kind":"minor","name":"Lighthouse Terrace","bridge":false}},{"type":"Feature","geometry":{"type":"LineString","coordinates":[[-73.961292,40.818477],[-73.961332,40.818376],[-73.961754,40.817976]]},"properties":{"kind":"major","name":"Marginal Street","bridge":false}},{"type":"Feature","geometry":{"type":"LineString","coordinates":[[-73.971636,40.827054],[-73.972345,40.82588]]},"properties":{"kind":"minor","name":"Mariners Cove","bridge":false}},{"type":"Feature","geometry":{"type":"LineString","coordinates":[[-73.993049,40.804473],[-73.992868,40.80437],[-73.992457,40.804172],[-73.991563,40.803783]]},"properties":{"kind":"minor","name":"Main Street","bridge":false}},{"type":"Feature","geometry":{"type":"LineString","coordinates":[[-73.99505,40.802154],[-73.994952,40.802448],[-73.994967,40.802508],[-73.995001,40.802568],[-73.995033,40.802655],[-73.99492,40.803046]]},"properties":{"kind":"minor","name":"Bergen Ridge Road","bridge":false}},{"type":"Feature","geometry":{"type":"LineString","coordinates":[[-73.995737,40.802564],[-73.995033,40.802655]]},"properties":{"kind":"minor","name":"","bridge":false}},{"type":"Feature","geometry":{"type":"LineString","coordinates":[[-73.996278,40.802001],[-73.996053,40.801967],[-73.995909,40.802023],[-73.99584,40.802085],[-73.995747,40.802469],[-73.99573,40.802641],[-73.995856,40.802732],[-73.996139,40.802754]]},"properties":{"kind":"minor","name":"Boulevard East","bridge":false}},{"type":"Feature","geometry":{"type":"LineString","coordinates":[[-73.967918,40.842295],[-73.968109,40.842264],[-73.968276,40.84222],[-73.968474,40.842234],[-73.968859,40.842302],[-73.968901,40.84232]]},"properties":{"kind":"minor","name":"Palisade Plaza","bridge":false}},{"type":"Feature","geometry":{"type":"LineString","coordinates":[[-73.9731,40.792689],[-73.972639,40.793316],[-73.972198,40.793879],[-73.971864,40.794335]]},"properties":{"kind":"major","name":"Broadway","bridge":false}},{"type":"Feature","geometry":{"type":"LineString","coordinates":[[-73.972159,40.793931],[-73.970868,40.793385]]},"properties":{"kind":"minor","name":"West 95th Street","bridge":false}},{"type":"Feature","geometry":{"type":"LineString","coordinates":[[-73.986563,40.780678],[-73.986739,40.780716],[-73.986862,40.780721],[-73.986996,40.780708]]},"properties":{"kind":"major","name":"West 72nd Street","bridge":true}},{"type":"Feature","geometry":{"type":"LineString","coordinates":[[-73.970289,40.836632],[-73.969035,40.836268]]},"properties":{"kind":"minor","name":"Hudson Cove","bridge":false}},{"type":"Feature","geometry":{"type":"LineString","coordinates":[[-73.970082,40.835779],[-73.970428,40.835878]]},"properties":{"kind":"minor","name":"Hudson Cove","bridge":false}},{"type":"Feature","geometry":{"type":"LineString","coordinates":[[-73.96968,40.835664],[-73.969337,40.836353]]},"properties":{"kind":"minor","name":"Hudson Cove","bridge":false}},{"type":"Feature","geometry":{"type":"LineString","coordinates":[[-73.970428,40.835878],[-73.970092,40.836573]]},"properties":{"kind":"minor","name":"Hudson Cove","bridge":false}},{"type":"Feature","geometry":{"type":"LineString","coordinates":[[-73.955314,40.786835],[-73.956151,40.787192],[-73.95626,40.787227]]},"properties":{"kind":"minor","name":"East 95th Street","bridge":false}},{"type":"Feature","geometry":{"type":"LineString","coordinates":[[-73.978216,40.820915],[-73.978951,40.820111],[-73.979143,40.819915],[-73.979155,40.81988],[-73.979135,40.81985],[-73.979027,40.819789]]},"properties":{"kind":"minor","name":"River Mews Lane","bridge":false}},{"type":"Feature","geometry":{"type":"LineString","coordinates":[[-73.968316,40.840026],[-73.968282,40.840005],[-73.968238,40.839999],[-73.968197,40.840012],[-73.968169,40.840038],[-73.968163,40.840071],[-73.968179,40.840102],[-73.968213,40.840123],[-73.968257,40.840128],[-73.968298,40.840116],[-73.968326,40.84009],[-73.968332,40.840057],[-73.968316,40.840026]]},"properties":{"kind":"minor","name":"Vela Way","bridge":false}},{"type":"Feature","geometry":{"type":"LineString","coordinates":[[-73.969634,40.840334],[-73.969214,40.840276],[-73.968969,40.840175],[-73.968712,40.840098],[-73.96848,40.840051],[-73.968332,40.840057]]},"properties":{"kind":"minor","name":"Vela Way","bridge":false}},{"type":"Feature","geometry":{"type":"LineString","coordinates":[[-73.996869,40.795601],[-73.99558,40.795364]]},"properties":{"kind":"minor","name":"Marine Road","bridge":false}},{"type":"Feature","geometry":{"type":"LineString","coordinates":[[-74.003839,40.783466],[-74.003772,40.783541],[-74.003663,40.78364],[-74.003218,40.783931],[-74.003142,40.783971],[-74.002855,40.78428],[-74.002553,40.78467],[-74.00212,40.785285]]},"properties":{"kind":"minor","name":"Avenue at Port Imperial","bridge":false}},{"type":"Feature","geometry":{"type":"LineString","coordinates":[[-74.005728,40.783722],[-74.004553,40.782062]]},"properties":{"kind":"minor","name":"Riverwalk Place","bridge":false}},{"type":"Feature","geometry":{"type":"LineString","coordinates":[[-74.002814,40.784833],[-74.002553,40.78467]]},"properties":{"kind":"minor","name":"Kinston Court","bridge":false}},{"type":"Feature","geometry":{"type":"LineString","coordinates":[[-74.002553,40.78467],[-74.00208,40.784366]]},"properties":{"kind":"minor","name":"Newburgh Court","bridge":false}},{"type":"Feature","geometry":{"type":"LineString","coordinates":[[-74.002855,40.78428],[-74.003204,40.784477]]},"properties":{"kind":"minor","name":"North Park Court","bridge":false}},{"type":"Feature","geometry":{"type":"LineString","coordinates":[[-73.939989,40.815437],[-73.942676,40.81656],[-73.94698,40.81838]]},"properties":{"kind":"minor","name":"West 137th Street","bridge":false}},{"type":"Feature","geometry":{"type":"LineString","coordinates":[[-73.941667,40.813147],[-73.942044,40.812629]]},"properties":{"kind":"major","name":"Malcolm X Boulevard","bridge":false}},{"type":"Feature","geometry":{"type":"LineString","coordinates":[[-73.939838,40.815375],[-73.939989,40.815437]]},"properties":{"kind":"minor","name":"West 137th Street","bridge":false}},{"type":"Feature","geometry":{"type":"LineString","coordinates":[[-73.939838,40.815375],[-73.939603,40.815698]]},"properties":{"kind":"major","name":"Malcolm X Boulevard","bridge":false}},{"type":"Feature","geometry":{"type":"LineString","coordinates":[[-73.981433,40.763595],[-73.982347,40.762348]]},"properties":{"kind":"major","name":"7th Avenue","bridge":false}},{"type":"Feature","geometry":{"type":"LineString","coordinates":[[-73.977662,40.75791],[-73.978557,40.756659]]},"properties":{"kind":"major","name":"5th Avenue","bridge":false}},{"type":"Feature","geometry":{"type":"LineString","coordinates":[[-73.985412,40.753041],[-73.98504,40.753558]]},"properties":{"kind":"major","name":"6th Avenue","bridge":false}},{"type":"Feature","geometry":{"type":"LineString","coordinates":[[-73.969916,40.83929],[-73.969798,40.839333],[-73.96971,40.839376],[-73.969604,40.8394],[-73.969499,40.839389],[-73.969426,40.839356],[-73.969373,40.839314],[-73.969317,40.839252],[-73.969205,40.839209],[-73.968649,40.839032],[-73.968542,40.839025]]},"properties":{"kind":"minor","name":"Moorings Lane","bridge":false}},{"type":"Feature","geometry":{"type":"LineString","coordinates":[[-73.970215,40.83916],[-73.970134,40.839216],[-73.970073,40.839243],[-73.969916,40.83929]]},"properties":{"kind":"minor","name":"Moorings Lane","bridge":false}},{"type":"Feature","geometry":{"type":"LineString","coordinates":[[-73.968278,40.844295],[-73.968182,40.844204],[-73.968061,40.844124],[-73.967858,40.843956],[-73.967534,40.843759],[-73.96748,40.843735]]},"properties":{"kind":"minor","name":"Hill Top Lane","bridge":false}},{"type":"Feature","geometry":{"type":"LineString","coordinates":[[-73.981971,40.777859],[-73.981941,40.778064],[-73.981892,40.778188]]},"properties":{"kind":"major","name":"Broadway","bridge":false}},{"type":"Feature","geometry":{"type":"LineString","coordinates":[[-73.950728,40.812777],[-73.95035,40.813159],[-73.949623,40.814104],[-73.949396,40.814421],[-73.949189,40.814737],[-73.94902,40.815021],[-73.948855,40.815324],[-73.948356,40.816374]]},"properties":{"kind":"major","name":"Saint Nicholas Avenue","bridge":false}},{"type":"Feature","geometry":{"type":"LineString","coordinates":[[-73.95177,40.81294],[-73.952226,40.812318]]},"properties":{"kind":"minor","name":"Saint Nicholas Terrace","bridge":false}},{"type":"Feature","geometry":{"type":"LineString","coordinates":[[-73.953109,40.8135],[-73.95177,40.81294]]},"properties":{"kind":"minor","name":"West 128th Street","bridge":false}},{"type":"Feature","geometry":{"type":"LineString","coordinates":[[-73.989651,40.774556],[-73.990671,40.774987],[-73.990755,40.775034]]},"properties":{"kind":"minor","name":"West 63rd Street","bridge":false}},{"type":"Feature","geometry":{"type":"LineString","coordinates":[[-73.985079,40.758597],[-73.985244,40.758367]]},"properties":{"kind":"major","name":"7th Avenue","bridge":false}},{"type":"Feature","geometry":{"type":"LineString","coordinates":[[-73.986012,40.757342],[-73.986458,40.75671]]},"properties":{"kind":"major","name":"7th Avenue","bridge":false}},{"type":"Feature","geometry":{"type":"LineString","coordinates":[[-73.984094,40.785602],[-73.983386,40.78529]]},"properties":{"kind":"major","name":"West 79th Street","bridge":false}},{"type":"Feature","geometry":{"type":"LineString","coordinates":[[-73.942955,40.843184],[-73.942971,40.843089],[-73.943042,40.842866],[-73.943042,40.842734]]},"properties":{"kind":"minor","name":"Haven Avenue","bridge":false}},{"type":"Feature","geometry":{"type":"LineString","coordinates":[[-73.963801,40.807987],[-73.96286,40.809289]]},"properties":{"kind":"major","name":"Broadway","bridge":false}},{"type":"Feature","geometry":{"type":"LineString","coordinates":[[-73.96417,40.807827],[-73.964489,40.807386]]},"properties":{"kind":"major","name":"Broadway","bridge":false}},{"type":"Feature","geometry":{"type":"LineString","coordinates":[[-73.963988,40.808065],[-73.964077,40.808132],[-73.964862,40.808466]]},"properties":{"kind":"minor","name":"West 116th Street","bridge":false}},{"type":"Feature","geometry":{"type":"LineString","coordinates":[[-73.973301,40.792773],[-73.973745,40.792141],[-73.976052,40.789008],[-73.97773,40.78704],[-73.979116,40.78521],[-73.980084,40.783893]]},"properties":{"kind":"major","name":"Broadway","bridge":false}},{"type":"Feature","geometry":{"type":"LineString","coordinates":[[-73.98176,40.778663],[-73.982052,40.778787]]},"properties":{"kind":"major","name":"West 72nd Street","bridge":false}},{"type":"Feature","geometry":{"type":"LineString","coordinates":[[-74.011739,40.774024],[-74.010556,40.773499]]},"properties":{"kind":"minor","name":"","bridge":false}},{"type":"Feature","geometry":{"type":"LineString","coordinates":[[-74.013469,40.773901],[-74.011045,40.772857]]},"properties":{"kind":"minor","name":"","bridge":false}},{"type":"Feature","geometry":{"type":"LineString","coordinates":[[-73.961067,40.801789],[-73.960628,40.803126],[-73.959798,40.805513],[-73.958161,40.807763],[-73.957958,40.808029],[-73.957875,40.80816],[-73.957573,40.808749],[-73.957218,40.809452],[-73.957154,40.809588],[-73.957128,40.809667],[-73.957117,40.809773],[-73.957126,40.809884],[-73.957157,40.809979],[-73.957243,40.810112],[-73.957344,40.810209],[-73.957409,40.810257],[-73.957484,40.810291],[-73.958269,40.810633]]},"properties":{"kind":"major","name":"Morningside Drive","bridge":false}},{"type":"Feature","geometry":{"type":"LineString","coordinates":[[-73.982039,40.770525],[-73.98205,40.771351]]},"properties":{"kind":"major","name":"Broadway","bridge":false}},{"type":"Feature","geometry":{"type":"LineString","coordinates":[[-73.980584,40.769918],[-73.982039,40.770525]]},"properties":{"kind":"major","name":"West 62nd Street","bridge":false}},{"type":"Feature","geometry":{"type":"LineString","coordinates":[[-73.974903,40.760013],[-73.975844,40.760408]]},"properties":{"kind":"major","name":"East 53rd Street","bridge":false}},{"type":"Feature","geometry":{"type":"LineString","coordinates":[[-73.985079,40.758597],[-73.982703,40.757579]]},"properties":{"kind":"major","name":"West 46th Street","bridge":false}},{"type":"Feature","geometry":{"type":"LineString","coordinates":[[-73.964202,40.852571],[-73.964171,40.852714]]},"properties":{"kind":"major","name":"Hudson Terrace","bridge":false}},{"type":"Feature","geometry":{"type":"LineString","coordinates":[[-73.964302,40.851945],[-73.964202,40.852571]]},"properties":{"kind":"major","name":"Hudson Terrace","bridge":false}},{"type":"Feature","geometry":{"type":"LineString","coordinates":[[-73.965843,40.850704],[-73.965499,40.850685],[-73.965392,40.850665]]},"properties":{"kind":"major","name":"Main Street","bridge":false}},{"type":"Feature","geometry":{"type":"LineString","coordinates":[[-73.965843,40.850704],[-73.965917,40.850706]]},"properties":{"kind":"major","name":"Main Street","bridge":false}},{"type":"Feature","geometry":{"type":"LineString","coordinates":[[-73.965862,40.850782],[-73.965843,40.850704]]},"properties":{"kind":"major","name":"Central Road","bridge":false}},{"type":"Feature","geometry":{"type":"LineString","coordinates":[[-73.942928,40.816223],[-73.942676,40.81656]]},"properties":{"kind":"major","name":"Adam Clayton Powell Jr. Boulevard","bridge":false}},{"type":"Feature","geometry":{"type":"LineString","coordinates":[[-73.943029,40.816366],[-73.943288,40.816012]]},"properties":{"kind":"major","name":"Adam Clayton Powell Jr. Boulevard","bridge":false}},{"type":"Feature","geometry":{"type":"LineString","coordinates":[[-73.943288,40.816012],[-73.943486,40.815738]]},"properties":{"kind":"major","name":"Adam Clayton Powell Jr. Boulevard","bridge":false}},{"type":"Feature","geometry":{"type":"LineString","coordinates":[[-73.939278,40.821223],[-73.938992,40.821609]]},"properties":{"kind":"major","name":"Adam Clayton Powell Jr. Boulevard","bridge":false}},{"type":"Feature","geometry":{"type":"LineString","coordinates":[[-73.944014,40.81502],[-73.944267,40.814669]]},"properties":{"kind":"major","name":"Adam Clayton Powell Jr. Boulevard","bridge":false}},{"type":"Feature","geometry":{"type":"LineString","coordinates":[[-73.938302,40.822555],[-73.938051,40.822899]]},"properties":{"kind":"major","name":"Adam Clayton Powell Jr. Boulevard","bridge":false}},{"type":"Feature","geometry":{"type":"LineString","coordinates":[[-73.941111,40.81871],[-73.940846,40.819061]]},"properties":{"kind":"major","name":"Adam Clayton Powell Jr. Boulevard","bridge":false}},{"type":"Feature","geometry":{"type":"LineString","coordinates":[[-73.943915,40.814873],[-73.94362,40.815273]]},"properties":{"kind":"major","name":"Adam Clayton Powell Jr. Boulevard","bridge":false}},{"type":"Feature","geometry":{"type":"LineString","coordinates":[[-73.944909,40.813507],[-73.944569,40.813977]]},"properties":{"kind":"major","name":"Adam Clayton Powell Jr. Boulevard","bridge":false}},{"type":"Feature","geometry":{"type":"LineString","coordinates":[[-73.942002,40.817489],[-73.941763,40.817818]]},"properties":{"kind":"major","name":"Adam Clayton Powell Jr. Boulevard","bridge":false}},{"type":"Feature","geometry":{"type":"LineString","coordinates":[[-73.943486,40.815738],[-73.94378,40.81534]]},"properties":{"kind":"major","name":"Adam Clayton Powell Jr. Boulevard","bridge":false}},{"type":"Feature","geometry":{"type":"LineString","coordinates":[[-73.941763,40.817818],[-73.941111,40.81871]]},"properties":{"kind":"major","name":"Adam Clayton Powell Jr. Boulevard","bridge":false}},{"type":"Feature","geometry":{"type":"LineString","coordinates":[[-73.94362,40.815273],[-73.942928,40.816223]]},"properties":{"kind":"major","name":"Adam Clayton Powell Jr. Boulevard","bridge":false}},{"type":"Feature","geometry":{"type":"LineString","coordinates":[[-73.944569,40.813977],[-73.944112,40.814601]]},"properties":{"kind":"major","name":"Adam Clayton Powell Jr. Boulevard","bridge":false}},{"type":"Feature","geometry":{"type":"LineString","coordinates":[[-73.942676,40.81656],[-73.942002,40.817489]]},"properties":{"kind":"major","name":"Adam Clayton Powell Jr. Boulevard","bridge":false}},{"type":"Feature","geometry":{"type":"LineString","coordinates":[[-73.939943,40.820309],[-73.939278,40.821223]]},"properties":{"kind":"major","name":"Adam Clayton Powell Jr. Boulevard","bridge":false}},{"type":"Feature","geometry":{"type":"LineString","coordinates":[[-73.940661,40.814517],[-73.940935,40.814145]]},"properties":{"kind":"major","name":"Malcolm X Boulevard","bridge":false}},{"type":"Feature","geometry":{"type":"LineString","coordinates":[[-73.938255,40.817562],[-73.938026,40.817875]]},"properties":{"kind":"major","name":"Malcolm X Boulevard","bridge":false}},{"type":"Feature","geometry":{"type":"LineString","coordinates":[[-73.941007,40.81377],[-73.940781,40.814081]]},"properties":{"kind":"major","name":"Malcolm X Boulevard","bridge":false}},{"type":"Feature","geometry":{"type":"LineString","coordinates":[[-73.938026,40.817875],[-73.937579,40.818485]]},"properties":{"kind":"major","name":"Malcolm X Boulevard","bridge":false}},{"type":"Feature","geometry":{"type":"LineString","coordinates":[[-73.93913,40.816361],[-73.938931,40.81665]]},"properties":{"kind":"major","name":"Malcolm X Boulevard","bridge":false}},{"type":"Feature","geometry":{"type":"LineString","coordinates":[[-73.939994,40.81516],[-73.939838,40.815375]]},"properties":{"kind":"major","name":"Malcolm X Boulevard","bridge":false}},{"type":"Feature","geometry":{"type":"LineString","coordinates":[[-73.940781,40.814081],[-73.94029,40.814754]]},"properties":{"kind":"major","name":"Malcolm X Boulevard","bridge":false}},{"type":"Feature","geometry":{"type":"LineString","coordinates":[[-73.939788,40.815712],[-73.939989,40.815437]]},"properties":{"kind":"major","name":"Malcolm X Boulevard","bridge":false}},{"type":"Feature","geometry":{"type":"LineString","coordinates":[[-73.940258,40.815069],[-73.940661,40.814517]]},"properties":{"kind":"major","name":"Malcolm X Boulevard","bridge":false}},{"type":"Feature","geometry":{"type":"LineString","coordinates":[[-73.938864,40.816981],[-73.939069,40.816697]]},"properties":{"kind":"major","name":"Malcolm X Boulevard","bridge":false}},{"type":"Feature","geometry":{"type":"LineString","coordinates":[[-73.94204,40.829193],[-73.941943,40.829445]]},"properties":{"kind":"major","name":"Saint Nicholas Avenue","bridge":false}},{"type":"Feature","geometry":{"type":"LineString","coordinates":[[-73.942503,40.828045],[-73.942224,40.828736]]},"properties":{"kind":"major","name":"Saint Nicholas Avenue","bridge":false}},{"type":"Feature","geometry":{"type":"LineString","coordinates":[[-73.942224,40.828736],[-73.942115,40.829006]]},"properties":{"kind":"major","name":"Saint Nicholas Avenue","bridge":false}},{"type":"Feature","geometry":{"type":"LineString","coordinates":[[-73.944764,40.82404],[-73.944546,40.824333]]},"properties":{"kind":"major","name":"Saint Nicholas Avenue","bridge":false}},{"type":"Feature","geometry":{"type":"LineString","coordinates":[[-73.946079,40.821264],[-73.945953,40.821536]]},"properties":{"kind":"major","name":"Saint Nicholas Avenue","bridge":false}},{"type":"Feature","geometry":{"type":"LineString","coordinates":[[-73.947667,40.817855],[-73.94754,40.818127]]},"properties":{"kind":"major","name":"Saint Nicholas Avenue","bridge":false}},{"type":"Feature","geometry":{"type":"LineString","coordinates":[[-73.944268,40.824705],[-73.944014,40.825055]]},"properties":{"kind":"major","name":"Saint Nicholas Avenue","bridge":false}},{"type":"Feature","geometry":{"type":"LineString","coordinates":[[-73.945953,40.821536],[-73.944921,40.823763]]},"properties":{"kind":"major","name":"Saint Nicholas Avenue","bridge":false}},{"type":"Feature","geometry":{"type":"LineString","coordinates":[[-73.946396,40.820583],[-73.946281,40.820833]]},"properties":{"kind":"major","name":"Saint Nicholas Avenue","bridge":false}},{"type":"Feature","geometry":{"type":"LineString","coordinates":[[-73.94754,40.818127],[-73.947349,40.818536]]},"properties":{"kind":"major","name":"Saint Nicholas Avenue","bridge":false}},{"type":"Feature","geometry":{"type":"LineString","coordinates":[[-73.948356,40.816374],[-73.948224,40.816656]]},"properties":{"kind":"major","name":"Saint Nicholas Avenue","bridge":false}},{"type":"Feature","geometry":{"type":"LineString","coordinates":[[-73.946188,40.821031],[-73.946079,40.821264]]},"properties":{"kind":"major","name":"Saint Nicholas Avenue","bridge":false}},{"type":"Feature","geometry":{"type":"LineString","coordinates":[[-73.942115,40.829006],[-73.94204,40.829193]]},"properties":{"kind":"major","name":"Saint Nicholas Avenue","bridge":false}},{"type":"Feature","geometry":{"type":"LineString","coordinates":[[-73.947349,40.818536],[-73.947031,40.819219]]},"properties":{"kind":"major","name":"Saint Nicholas Avenue","bridge":false}},{"type":"Feature","geometry":{"type":"LineString","coordinates":[[-73.947031,40.819219],[-73.946916,40.819469]]},"properties":{"kind":"major","name":"Saint Nicholas Avenue","bridge":false}},{"type":"Feature","geometry":{"type":"LineString","coordinates":[[-73.948224,40.816656],[-73.948009,40.817116]]},"properties":{"kind":"major","name":"Saint Nicholas Avenue","bridge":false}},{"type":"Feature","geometry":{"type":"LineString","coordinates":[[-73.942594,40.827821],[-73.942503,40.828045]]},"properties":{"kind":"major","name":"Saint Nicholas Avenue","bridge":false}},{"type":"Feature","geometry":{"type":"LineString","coordinates":[[-73.943164,40.826403],[-73.943056,40.826654]]},"properties":{"kind":"major","name":"Saint Nicholas Avenue","bridge":false}},{"type":"Feature","geometry":{"type":"LineString","coordinates":[[-73.947865,40.817427],[-73.947667,40.817855]]},"properties":{"kind":"major","name":"Saint Nicholas Avenue","bridge":false}},{"type":"Feature","geometry":{"type":"LineString","coordinates":[[-73.943813,40.825332],[-73.943357,40.825956]]},"properties":{"kind":"major","name":"Saint Nicholas Avenue","bridge":false}},{"type":"Feature","geometry":{"type":"LineString","coordinates":[[-73.943056,40.826654],[-73.942594,40.827821]]},"properties":{"kind":"major","name":"Saint Nicholas Avenue","bridge":false}},{"type":"Feature","geometry":{"type":"LineString","coordinates":[[-73.941931,40.829478],[-73.9415,40.830568]]},"properties":{"kind":"major","name":"Saint Nicholas Avenue","bridge":false}},{"type":"Feature","geometry":{"type":"LineString","coordinates":[[-73.944546,40.824333],[-73.944268,40.824705]]},"properties":{"kind":"major","name":"Saint Nicholas Avenue","bridge":false}},{"type":"Feature","geometry":{"type":"LineString","coordinates":[[-73.946281,40.820833],[-73.946188,40.821031]]},"properties":{"kind":"major","name":"Saint Nicholas Avenue","bridge":false}},{"type":"Feature","geometry":{"type":"LineString","coordinates":[[-73.944921,40.823763],[-73.944857,40.823901],[-73.944764,40.82404]]},"properties":{"kind":"major","name":"Saint Nicholas Avenue","bridge":false}},{"type":"Feature","geometry":{"type":"LineString","coordinates":[[-73.957826,40.815161],[-73.958206,40.815614]]},"properties":{"kind":"major","name":"West 125th Street","bridge":false}},{"type":"Feature","geometry":{"type":"LineString","coordinates":[[-73.956272,40.813381],[-73.956823,40.814015]]},"properties":{"kind":"major","name":"West 125th Street","bridge":false}},{"type":"Feature","geometry":{"type":"LineString","coordinates":[[-73.958391,40.81581],[-73.958682,40.816125]]},"properties":{"kind":"major","name":"West 125th Street","bridge":false}},{"type":"Feature","geometry":{"type":"LineString","coordinates":[[-73.938018,40.821199],[-73.938992,40.821609]]},"properties":{"kind":"major","name":"West 145th Street","bridge":false}},{"type":"Feature","geometry":{"type":"LineString","coordinates":[[-73.938992,40.821609],[-73.939154,40.821676]]},"properties":{"kind":"major","name":"West 145th Street","bridge":false}},{"type":"Feature","geometry":{"type":"LineString","coordinates":[[-73.938051,40.822899],[-73.938211,40.822967]]},"properties":{"kind":"minor","name":"West 147th Street","bridge":false}},{"type":"Feature","geometry":{"type":"LineString","coordinates":[[-73.988279,40.819333],[-73.988567,40.818419],[-73.988806,40.817767],[-73.988852,40.817609],[-73.989017,40.816873],[-73.989131,40.816286],[-73.989183,40.816067],[-73.989294,40.815774],[-73.989451,40.815433],[-73.989654,40.815042],[-73.990051,40.814188]]},"properties":{"kind":"major","name":"Gorge Road","bridge":false}},{"type":"Feature","geometry":{"type":"LineString","coordinates":[[-73.990051,40.814188],[-73.990143,40.813913]]},"properties":{"kind":"major","name":"Gorge Road","bridge":false}},{"type":"Feature","geometry":{"type":"LineString","coordinates":[[-73.988084,40.819968],[-73.988279,40.819333]]},"properties":{"kind":"major","name":"Gorge Road","bridge":false}},{"type":"Feature","geometry":{"type":"LineString","coordinates":[[-73.987995,40.820449],[-73.988084,40.819968]]},"properties":{"kind":"major","name":"Gorge Road","bridge":false}},{"type":"Feature","geometry":{"type":"LineString","coordinates":[[-73.99571,40.807136],[-73.993974,40.809827],[-73.993234,40.810905],[-73.992875,40.811386],[-73.992784,40.811555],[-73.992507,40.812186],[-73.991372,40.814588],[-73.990721,40.815901],[-73.990364,40.816562]]},"properties":{"kind":"major","name":"Palisade Avenue","bridge":false}},{"type":"Feature","geometry":{"type":"LineString","coordinates":[[-73.986845,40.822026],[-73.986832,40.822028]]},"properties":{"kind":"major","name":"Palisade Avenue","bridge":false}},{"type":"Feature","geometry":{"type":"LineString","coordinates":[[-73.982192,40.815514],[-73.98172,40.815949]]},"properties":{"kind":"major","name":"River Road","bridge":false}},{"type":"Feature","geometry":{"type":"LineString","coordinates":[[-73.982414,40.81531],[-73.982192,40.815514]]},"properties":{"kind":"major","name":"River Road","bridge":false}},{"type":"Feature","geometry":{"type":"LineString","coordinates":[[-73.985135,40.813404],[-73.985262,40.813355]]},"properties":{"kind":"major","name":"River Road","bridge":false}},{"type":"Feature","geometry":{"type":"LineString","coordinates":[[-73.983353,40.814465],[-73.983209,40.814579],[-73.982883,40.814879]]},"properties":{"kind":"major","name":"River Road","bridge":false}},{"type":"Feature","geometry":{"type":"LineString","coordinates":[[-73.983978,40.813946],[-73.984173,40.813822]]},"properties":{"kind":"major","name":"River Road","bridge":false}},{"type":"Feature","geometry":{"type":"LineString","coordinates":[[-74.008836,40.784853],[-74.008585,40.785119],[-74.008505,40.785186]]},"properties":{"kind":"major","name":"Boulevard East","bridge":false}},{"type":"Feature","geometry":{"type":"LineString","coordinates":[[-74.008241,40.785496],[-74.008505,40.785186]]},"properties":{"kind":"major","name":"Boulevard East","bridge":false}},{"type":"Feature","geometry":{"type":"LineString","coordinates":[[-74.006886,40.783234],[-74.007025,40.783188]]},"properties":{"kind":"major","name":"Port Imperial Boulevard","bridge":false}},{"type":"Feature","geometry":{"type":"LineString","coordinates":[[-74.007025,40.783188],[-74.007504,40.783001]]},"properties":{"kind":"major","name":"Port Imperial Boulevard","bridge":false}},{"type":"Feature","geometry":{"type":"LineString","coordinates":[[-74.006479,40.783403],[-74.006886,40.783234]]},"properties":{"kind":"major","name":"Port Imperial Boulevard","bridge":false}},{"type":"Feature","geometry":{"type":"LineString","coordinates":[[-74.004142,40.784502],[-74.00455,40.78425],[-74.005,40.784031],[-74.005728,40.783722]]},"properties":{"kind":"major","name":"Port Imperial Boulevard","bridge":false}},{"type":"Feature","geometry":{"type":"LineString","coordinates":[[-73.998384,40.804812],[-73.997051,40.804178],[-73.996798,40.804049]]},"properties":{"kind":"major","name":"Boulevard East","bridge":false}},{"type":"Feature","geometry":{"type":"LineString","coordinates":[[-73.996798,40.804049],[-73.996419,40.803847]]},"properties":{"kind":"major","name":"Boulevard East","bridge":false}},{"type":"Feature","geometry":{"type":"LineString","coordinates":[[-73.992195,40.807043],[-73.992122,40.806943],[-73.991979,40.806812]]},"properties":{"kind":"major","name":"Gorge Road","bridge":false}},{"type":"Feature","geometry":{"type":"LineString","coordinates":[[-73.991277,40.809244],[-73.991299,40.809132],[-73.991352,40.808961],[-73.991593,40.808444],[-73.991966,40.807845],[-73.992099,40.807663]]},"properties":{"kind":"major","name":"Gorge Road","bridge":false}},{"type":"Feature","geometry":{"type":"LineString","coordinates":[[-73.991213,40.809795],[-73.991251,40.809459]]},"properties":{"kind":"major","name":"Gorge Road","bridge":false}},{"type":"Feature","geometry":{"type":"LineString","coordinates":[[-73.990291,40.813431],[-73.990332,40.813206]]},"properties":{"kind":"major","name":"Gorge Road","bridge":false}},{"type":"Feature","geometry":{"type":"LineString","coordinates":[[-73.990388,40.812519],[-73.990406,40.812285]]},"properties":{"kind":"major","name":"Gorge Road","bridge":false}},{"type":"Feature","geometry":{"type":"LineString","coordinates":[[-73.990332,40.813206],[-73.990366,40.81293]]},"properties":{"kind":"major","name":"Gorge Road","bridge":false}},{"type":"Feature","geometry":{"type":"LineString","coordinates":[[-73.990366,40.81293],[-73.990388,40.812519]]},"properties":{"kind":"major","name":"Gorge Road","bridge":false}},{"type":"Feature","geometry":{"type":"LineString","coordinates":[[-73.991251,40.809459],[-73.991277,40.809244]]},"properties":{"kind":"major","name":"Gorge Road","bridge":false}},{"type":"Feature","geometry":{"type":"LineString","coordinates":[[-73.990638,40.811718],[-73.990747,40.811559],[-73.990843,40.81139],[-73.990939,40.811174]]},"properties":{"kind":"major","name":"Gorge Road","bridge":false}},{"type":"Feature","geometry":{"type":"LineString","coordinates":[[-73.990939,40.811174],[-73.990988,40.811038],[-73.991065,40.810754],[-73.991137,40.810399],[-73.991213,40.809795]]},"properties":{"kind":"major","name":"Gorge Road","bridge":false}},{"type":"Feature","geometry":{"type":"LineString","coordinates":[[-73.990406,40.812285],[-73.990424,40.812158],[-73.990506,40.811922],[-73.990638,40.811718]]},"properties":{"kind":"major","name":"Gorge Road","bridge":false}},{"type":"Feature","geometry":{"type":"LineString","coordinates":[[-73.993698,40.802893],[-73.993685,40.803153],[-73.993666,40.803273],[-73.993515,40.803764],[-73.993401,40.803979]]},"properties":{"kind":"major","name":"River Road","bridge":false}},{"type":"Feature","geometry":{"type":"LineString","coordinates":[[-73.993049,40.804473],[-73.992861,40.804584],[-73.992716,40.80475],[-73.992242,40.805252],[-73.992035,40.805522]]},"properties":{"kind":"major","name":"River Road","bridge":false}},{"type":"Feature","geometry":{"type":"LineString","coordinates":[[-73.993345,40.804066],[-73.993298,40.80414]]},"properties":{"kind":"major","name":"River Road","bridge":false}},{"type":"Feature","geometry":{"type":"LineString","coordinates":[[-73.993217,40.804269],[-73.993049,40.804473]]},"properties":{"kind":"major","name":"River Road","bridge":false}},{"type":"Feature","geometry":{"type":"LineString","coordinates":[[-73.995825,40.797584],[-73.995556,40.79796]]},"properties":{"kind":"major","name":"River Road","bridge":false}},{"type":"Feature","geometry":{"type":"LineString","coordinates":[[-73.994245,40.800087],[-73.994017,40.800573]]},"properties":{"kind":"major","name":"River Road","bridge":false}},{"type":"Feature","geometry":{"type":"LineString","coordinates":[[-73.992035,40.805522],[-73.991978,40.805704],[-73.991875,40.805845],[-73.991368,40.806435],[-73.991354,40.806475],[-73.991359,40.806533],[-73.99138,40.806607]]},"properties":{"kind":"major","name":"","bridge":false}},{"type":"Feature","geometry":{"type":"LineString","coordinates":[[-73.991165,40.806552],[-73.99062,40.807171],[-73.990216,40.807651],[-73.990103,40.807806],[-73.989902,40.80812],[-73.989696,40.808584],[-73.989555,40.808978]]},"properties":{"kind":"major","name":"River Road","bridge":false}},{"type":"Feature","geometry":{"type":"LineString","coordinates":[[-73.995556,40.79796],[-73.994927,40.798884],[-73.994522,40.799541],[-73.994245,40.800087]]},"properties":{"kind":"major","name":"River Road","bridge":false}},{"type":"Feature","geometry":{"type":"LineString","coordinates":[[-73.994017,40.800573],[-73.993771,40.80105],[-73.993701,40.801318],[-73.993678,40.801492]]},"properties":{"kind":"major","name":"River Road","bridge":false}},{"type":"Feature","geometry":{"type":"LineString","coordinates":[[-73.987765,40.811317],[-73.987543,40.811598]]},"properties":{"kind":"major","name":"River Road","bridge":false}},{"type":"Feature","geometry":{"type":"LineString","coordinates":[[-73.987543,40.811598],[-73.987429,40.811741]]},"properties":{"kind":"major","name":"River Road","bridge":false}},{"type":"Feature","geometry":{"type":"LineString","coordinates":[[-73.989555,40.808978],[-73.98939,40.809358],[-73.989423,40.809475]]},"properties":{"kind":"major","name":"River Road","bridge":false}},{"type":"Feature","geometry":{"type":"LineString","coordinates":[[-73.988462,40.81055],[-73.988233,40.810801]]},"properties":{"kind":"major","name":"River Road","bridge":false}},{"type":"Feature","geometry":{"type":"LineString","coordinates":[[-73.989034,40.809971],[-73.9889,40.810116],[-73.988462,40.81055]]},"properties":{"kind":"major","name":"River Road","bridge":false}},{"type":"Feature","geometry":{"type":"LineString","coordinates":[[-73.989423,40.809475],[-73.989193,40.809793],[-73.989034,40.809971]]},"properties":{"kind":"major","name":"River Road","bridge":false}},{"type":"Feature","geometry":{"type":"LineString","coordinates":[[-73.987018,40.812267],[-73.986772,40.812525]]},"properties":{"kind":"major","name":"River Road","bridge":false}},{"type":"Feature","geometry":{"type":"LineString","coordinates":[[-73.987429,40.811741],[-73.987338,40.811856]]},"properties":{"kind":"major","name":"River Road","bridge":false}},{"type":"Feature","geometry":{"type":"LineString","coordinates":[[-73.984435,40.813681],[-73.985135,40.813404]]},"properties":{"kind":"major","name":"River Road","bridge":false}},{"type":"Feature","geometry":{"type":"LineString","coordinates":[[-73.988233,40.810801],[-73.988108,40.810922],[-73.9879,40.81115],[-73.987765,40.811317]]},"properties":{"kind":"major","name":"River Road","bridge":false}},{"type":"Feature","geometry":{"type":"LineString","coordinates":[[-73.979137,40.831085],[-73.978908,40.831677]]},"properties":{"kind":"major","name":"Palisade Avenue","bridge":false}},{"type":"Feature","geometry":{"type":"LineString","coordinates":[[-73.978662,40.832332],[-73.978735,40.832141]]},"properties":{"kind":"major","name":"Palisade Avenue","bridge":false}},{"type":"Feature","geometry":{"type":"LineString","coordinates":[[-73.979413,40.830565],[-73.979137,40.831085]]},"properties":{"kind":"major","name":"Palisade Avenue","bridge":false}},{"type":"Feature","geometry":{"type":"LineString","coordinates":[[-73.970886,40.836009],[-73.970785,40.836317]]},"properties":{"kind":"major","name":"River Road","bridge":false}},{"type":"Feature","geometry":{"type":"LineString","coordinates":[[-73.971976,40.830074],[-73.972007,40.830143]]},"properties":{"kind":"major","name":"River Road","bridge":false}},{"type":"Feature","geometry":{"type":"LineString","coordinates":[[-73.971002,40.835634],[-73.970886,40.836009]]},"properties":{"kind":"major","name":"River Road","bridge":false}},{"type":"Feature","geometry":{"type":"LineString","coordinates":[[-73.978384,40.819296],[-73.977912,40.819763],[-73.977753,40.81995]]},"properties":{"kind":"major","name":"River Road","bridge":false}},{"type":"Feature","geometry":{"type":"LineString","coordinates":[[-73.981162,40.816516],[-73.980792,40.816897]]},"properties":{"kind":"major","name":"River Road","bridge":false}},{"type":"Feature","geometry":{"type":"LineString","coordinates":[[-73.973771,40.826423],[-73.973544,40.826822]]},"properties":{"kind":"major","name":"River Road","bridge":false}},{"type":"Feature","geometry":{"type":"LineString","coordinates":[[-73.976763,40.821595],[-73.976722,40.821645]]},"properties":{"kind":"major","name":"River Road","bridge":false}},{"type":"Feature","geometry":{"type":"LineString","coordinates":[[-73.979054,40.818644],[-73.978732,40.818957]]},"properties":{"kind":"major","name":"River Road","bridge":false}},{"type":"Feature","geometry":{"type":"LineString","coordinates":[[-73.974295,40.825508],[-73.974269,40.825553]]},"properties":{"kind":"major","name":"River Road","bridge":false}},{"type":"Feature","geometry":{"type":"LineString","coordinates":[[-73.981485,40.816181],[-73.981329,40.816342]]},"properties":{"kind":"major","name":"River Road","bridge":false}},{"type":"Feature","geometry":{"type":"LineString","coordinates":[[-73.972313,40.828794],[-73.972196,40.828956]]},"properties":{"kind":"major","name":"River Road","bridge":false}},{"type":"Feature","geometry":{"type":"LineString","coordinates":[[-73.973387,40.827098],[-73.973211,40.827424]]},"properties":{"kind":"major","name":"River Road","bridge":false}},{"type":"Feature","geometry":{"type":"LineString","coordinates":[[-73.974012,40.826],[-73.973771,40.826423]]},"properties":{"kind":"major","name":"River Road","bridge":false}},{"type":"Feature","geometry":{"type":"LineString","coordinates":[[-73.975533,40.82359],[-73.975478,40.823711]]},"properties":{"kind":"major","name":"River Road","bridge":false}},{"type":"Feature","geometry":{"type":"LineString","coordinates":[[-73.973544,40.826822],[-73.973387,40.827098]]},"properties":{"kind":"major","name":"River Road","bridge":false}},{"type":"Feature","geometry":{"type":"LineString","coordinates":[[-73.977753,40.81995],[-73.977519,40.820277],[-73.977399,40.820513]]},"properties":{"kind":"major","name":"River Road","bridge":false}},{"type":"Feature","geometry":{"type":"LineString","coordinates":[[-73.971923,40.829922],[-73.971976,40.830074]]},"properties":{"kind":"major","name":"River Road","bridge":false}},{"type":"Feature","geometry":{"type":"LineString","coordinates":[[-73.972488,40.828541],[-73.972447,40.828593]]},"properties":{"kind":"major","name":"River Road","bridge":false}},{"type":"Feature","geometry":{"type":"LineString","coordinates":[[-73.973211,40.827424],[-73.973069,40.827641]]},"properties":{"kind":"major","name":"River Road","bridge":false}},{"type":"Feature","geometry":{"type":"LineString","coordinates":[[-73.980792,40.816897],[-73.980357,40.817352]]},"properties":{"kind":"major","name":"River Road","bridge":false}},{"type":"Feature","geometry":{"type":"LineString","coordinates":[[-73.98172,40.815949],[-73.981658,40.816006]]},"properties":{"kind":"major","name":"River Road","bridge":false}},{"type":"Feature","geometry":{"type":"LineString","coordinates":[[-73.973069,40.827641],[-73.972812,40.82806]]},"properties":{"kind":"major","name":"River Road","bridge":false}},{"type":"Feature","geometry":{"type":"LineString","coordinates":[[-73.977399,40.820513],[-73.977069,40.821198],[-73.97695,40.821365],[-73.976763,40.821595]]},"properties":{"kind":"major","name":"River Road","bridge":false}},{"type":"Feature","geometry":{"type":"LineString","coordinates":[[-73.980357,40.817352],[-73.979054,40.818644]]},"properties":{"kind":"major","name":"River Road","bridge":false}},{"type":"Feature","geometry":{"type":"LineString","coordinates":[[-73.972196,40.828956],[-73.972072,40.829098],[-73.971944,40.829337]]},"properties":{"kind":"major","name":"River Road","bridge":false}},{"type":"Feature","geometry":{"type":"LineString","coordinates":[[-73.971944,40.829337],[-73.971887,40.829478],[-73.97187,40.829665],[-73.971883,40.829803]]},"properties":{"kind":"major","name":"River Road","bridge":false}},{"type":"Feature","geometry":{"type":"LineString","coordinates":[[-73.976443,40.821981],[-73.976291,40.822189]]},"properties":{"kind":"major","name":"River Road","bridge":false}},{"type":"Feature","geometry":{"type":"LineString","coordinates":[[-73.975417,40.823845],[-73.97532,40.824029]]},"properties":{"kind":"major","name":"River Road","bridge":false}},{"type":"Feature","geometry":{"type":"LineString","coordinates":[[-73.979775,40.829931],[-73.9799,40.829706]]},"properties":{"kind":"major","name":"Palisade Avenue","bridge":false}},{"type":"Feature","geometry":{"type":"LineString","coordinates":[[-73.979503,40.830378],[-73.979556,40.83036],[-73.979669,40.830159],[-73.979775,40.829931]]},"properties":{"kind":"major","name":"Palisade Avenue","bridge":false}},{"type":"Feature","geometry":{"type":"LineString","coordinates":[[-73.979951,40.829612],[-73.980041,40.829458]]},"properties":{"kind":"major","name":"Palisade Avenue","bridge":false}},{"type":"Feature","geometry":{"type":"LineString","coordinates":[[-73.978732,40.818957],[-73.978653,40.819032]]},"properties":{"kind":"major","name":"River Road","bridge":false}},{"type":"Feature","geometry":{"type":"LineString","coordinates":[[-73.978653,40.819032],[-73.978509,40.819177]]},"properties":{"kind":"major","name":"River Road","bridge":false}},{"type":"Feature","geometry":{"type":"LineString","coordinates":[[-74.020658,40.774478],[-74.020538,40.77465]]},"properties":{"kind":"major","name":"Park Avenue","bridge":false}},{"type":"Feature","geometry":{"type":"LineString","coordinates":[[-74.023693,40.76979],[-74.023639,40.769854]]},"properties":{"kind":"major","name":"Park Avenue","bridge":false}},{"type":"Feature","geometry":{"type":"LineString","coordinates":[[-74.018907,40.776782],[-74.018687,40.777044]]},"properties":{"kind":"major","name":"Park Avenue","bridge":false}},{"type":"Feature","geometry":{"type":"LineString","coordinates":[[-74.021576,40.772831],[-74.021744,40.772469]]},"properties":{"kind":"major","name":"Park Avenue","bridge":false}},{"type":"Feature","geometry":{"type":"LineString","coordinates":[[-74.019855,40.775552],[-74.019641,40.775822]]},"properties":{"kind":"major","name":"Park Avenue","bridge":false}},{"type":"Feature","geometry":{"type":"LineString","coordinates":[[-74.023639,40.769854],[-74.023521,40.769994]]},"properties":{"kind":"major","name":"Park Avenue","bridge":false}},{"type":"Feature","geometry":{"type":"LineString","coordinates":[[-74.021372,40.773215],[-74.021257,40.773448]]},"properties":{"kind":"major","name":"Park Avenue","bridge":false}},{"type":"Feature","geometry":{"type":"LineString","coordinates":[[-74.020777,40.774311],[-74.020658,40.774478]]},"properties":{"kind":"major","name":"Park Avenue","bridge":false}},{"type":"Feature","geometry":{"type":"LineString","coordinates":[[-74.022746,40.77099],[-74.022711,40.771033]]},"properties":{"kind":"major","name":"Park Avenue","bridge":false}},{"type":"Feature","geometry":{"type":"LineString","coordinates":[[-74.021576,40.772831],[-74.021418,40.773126]]},"properties":{"kind":"major","name":"Park Avenue","bridge":false}},{"type":"Feature","geometry":{"type":"LineString","coordinates":[[-74.019641,40.775822],[-74.019436,40.776094]]},"properties":{"kind":"major","name":"Park Avenue","bridge":false}},{"type":"Feature","geometry":{"type":"LineString","coordinates":[[-74.022784,40.770944],[-74.022746,40.77099]]},"properties":{"kind":"major","name":"Park Avenue","bridge":false}},{"type":"Feature","geometry":{"type":"LineString","coordinates":[[-74.023226,40.770374],[-74.023191,40.770419]]},"properties":{"kind":"major","name":"Park Avenue","bridge":false}},{"type":"Feature","geometry":{"type":"LineString","coordinates":[[-74.023704,40.769574],[-74.023718,40.769399],[-74.023693,40.769174]]},"properties":{"kind":"major","name":"Park Avenue","bridge":false}},{"type":"Feature","geometry":{"type":"LineString","coordinates":[[-74.018687,40.777044],[-74.018502,40.777247],[-74.01827,40.777404]]},"properties":{"kind":"major","name":"Park Avenue","bridge":false}},{"type":"Feature","geometry":{"type":"LineString","coordinates":[[-74.020945,40.774029],[-74.020877,40.774171],[-74.020777,40.774311]]},"properties":{"kind":"major","name":"Park Avenue","bridge":false}},{"type":"Feature","geometry":{"type":"LineString","coordinates":[[-74.020538,40.77465],[-74.019855,40.775552]]},"properties":{"kind":"major","name":"Park Avenue","bridge":false}},{"type":"Feature","geometry":{"type":"LineString","coordinates":[[-74.022711,40.771033],[-74.022532,40.771246],[-74.022351,40.771508],[-74.022223,40.77167],[-74.022088,40.771863],[-74.021909,40.772152]]},"properties":{"kind":"major","name":"Park Avenue","bridge":false}},{"type":"Feature","geometry":{"type":"LineString","coordinates":[[-73.971864,40.794335],[-73.971665,40.794614]]},"properties":{"kind":"major","name":"Broadway","bridge":false}},{"type":"Feature","geometry":{"type":"LineString","coordinates":[[-73.971611,40.795115],[-73.971897,40.794715]]},"properties":{"kind":"major","name":"Broadway","bridge":false}},{"type":"Feature","geometry":{"type":"LineString","coordinates":[[-73.972178,40.794333],[-73.972399,40.794031]]},"properties":{"kind":"major","name":"Broadway","bridge":false}},{"type":"Feature","geometry":{"type":"LineString","coordinates":[[-73.971374,40.795066],[-73.971208,40.795301]]},"properties":{"kind":"major","name":"Broadway","bridge":false}},{"type":"Feature","geometry":{"type":"LineString","coordinates":[[-73.971897,40.794715],[-73.972178,40.794333]]},"properties":{"kind":"major","name":"Broadway","bridge":false}},{"type":"Feature","geometry":{"type":"LineString","coordinates":[[-73.96732,40.793173],[-73.967545,40.792876]]},"properties":{"kind":"major","name":"Columbus Avenue","bridge":false}},{"type":"Feature","geometry":{"type":"LineString","coordinates":[[-73.977354,40.784469],[-73.975279,40.783594],[-73.975102,40.783512]]},"properties":{"kind":"major","name":"West 81st Street","bridge":false}},{"type":"Feature","geometry":{"type":"LineString","coordinates":[[-73.973975,40.782989],[-73.973091,40.782619]]},"properties":{"kind":"major","name":"West 81st Street","bridge":false}},{"type":"Feature","geometry":{"type":"LineString","coordinates":[[-73.972258,40.782266],[-73.971722,40.782039]]},"properties":{"kind":"major","name":"West 81st Street","bridge":false}},{"type":"Feature","geometry":{"type":"LineString","coordinates":[[-73.969344,40.785297],[-73.969858,40.785521]]},"properties":{"kind":"major","name":"West 86th Street","bridge":false}},{"type":"Feature","geometry":{"type":"LineString","coordinates":[[-73.972801,40.795086],[-73.972668,40.795032]]},"properties":{"kind":"major","name":"West 96th Street","bridge":false}},{"type":"Feature","geometry":{"type":"LineString","coordinates":[[-73.973216,40.795257],[-73.972801,40.795086]]},"properties":{"kind":"major","name":"West 96th Street","bridge":false}},{"type":"Feature","geometry":{"type":"LineString","coordinates":[[-73.971225,40.794428],[-73.971665,40.794614]]},"properties":{"kind":"major","name":"West 96th Street","bridge":false}},{"type":"Feature","geometry":{"type":"LineString","coordinates":[[-73.971897,40.794715],[-73.971665,40.794614]]},"properties":{"kind":"major","name":"West 96th Street","bridge":false}},{"type":"Feature","geometry":{"type":"LineString","coordinates":[[-73.973705,40.794589],[-73.97346,40.79492]]},"properties":{"kind":"major","name":"West End Avenue","bridge":false}},{"type":"Feature","geometry":{"type":"LineString","coordinates":[[-73.97346,40.79492],[-73.973216,40.795257]]},"properties":{"kind":"major","name":"West End Avenue","bridge":false}},{"type":"Feature","geometry":{"type":"LineString","coordinates":[[-73.972717,40.795938],[-73.972986,40.795577]]},"properties":{"kind":"major","name":"West End Avenue","bridge":false}},{"type":"Feature","geometry":{"type":"LineString","coordinates":[[-74.000587,40.794119],[-74.000419,40.794223],[-74.000299,40.794243]]},"properties":{"kind":"major","name":"Boulevard East","bridge":false}},{"type":"Feature","geometry":{"type":"LineString","coordinates":[[-74.002964,40.785658],[-74.003148,40.785453]]},"properties":{"kind":"major","name":"Port Imperial Boulevard","bridge":false}},{"type":"Feature","geometry":{"type":"LineString","coordinates":[[-74.002277,40.786501],[-74.002964,40.785658]]},"properties":{"kind":"major","name":"Port Imperial Boulevard","bridge":false}},{"type":"Feature","geometry":{"type":"LineString","coordinates":[[-74.003148,40.785453],[-74.004142,40.784502]]},"properties":{"kind":"major","name":"Port Imperial Boulevard","bridge":false}},{"type":"Feature","geometry":{"type":"LineString","coordinates":[[-73.999899,40.789414],[-73.999831,40.789504]]},"properties":{"kind":"major","name":"River Road","bridge":false}},{"type":"Feature","geometry":{"type":"LineString","coordinates":[[-73.99692,40.795412],[-73.996869,40.795601]]},"properties":{"kind":"major","name":"River Road","bridge":false}},{"type":"Feature","geometry":{"type":"LineString","coordinates":[[-74.000147,40.789098],[-73.999899,40.789414]]},"properties":{"kind":"major","name":"River Road","bridge":false}},{"type":"Feature","geometry":{"type":"LineString","coordinates":[[-73.999831,40.789504],[-73.999702,40.789668],[-73.999571,40.789888]]},"properties":{"kind":"major","name":"River Road","bridge":false}},{"type":"Feature","geometry":{"type":"LineString","coordinates":[[-73.997799,40.793007],[-73.997555,40.793405]]},"properties":{"kind":"major","name":"River Road","bridge":false}},{"type":"Feature","geometry":{"type":"LineString","coordinates":[[-73.996869,40.795601],[-73.996811,40.795817]]},"properties":{"kind":"major","name":"River Road","bridge":false}},{"type":"Feature","geometry":{"type":"LineString","coordinates":[[-73.997555,40.793405],[-73.997483,40.793524],[-73.997388,40.793729]]},"properties":{"kind":"major","name":"River Road","bridge":false}},{"type":"Feature","geometry":{"type":"LineString","coordinates":[[-73.99907,40.790865],[-73.998913,40.791129]]},"properties":{"kind":"major","name":"River Road","bridge":false}},{"type":"Feature","geometry":{"type":"LineString","coordinates":[[-73.997388,40.793729],[-73.997149,40.794612]]},"properties":{"kind":"major","name":"River Road","bridge":false}},{"type":"Feature","geometry":{"type":"LineString","coordinates":[[-73.999571,40.789888],[-73.999427,40.790193],[-73.999154,40.790731]]},"properties":{"kind":"major","name":"River Road","bridge":false}},{"type":"Feature","geometry":{"type":"LineString","coordinates":[[-73.996811,40.795817],[-73.996682,40.796241],[-73.996593,40.796426],[-73.996483,40.796616],[-73.996201,40.797018],[-73.995825,40.797584]]},"properties":{"kind":"major","name":"River Road","bridge":false}},{"type":"Feature","geometry":{"type":"LineString","coordinates":[[-74.019987,40.771176],[-74.019595,40.771353],[-74.019438,40.771393],[-74.019253,40.771419]]},"properties":{"kind":"major","name":"Boulevard East","bridge":false}},{"type":"Feature","geometry":{"type":"LineString","coordinates":[[-74.013782,40.777462],[-74.013762,40.777519]]},"properties":{"kind":"major","name":"Boulevard East","bridge":false}},{"type":"Feature","geometry":{"type":"LineString","coordinates":[[-74.013734,40.777597],[-74.013715,40.777649]]},"properties":{"kind":"major","name":"Boulevard East","bridge":false}},{"type":"Feature","geometry":{"type":"LineString","coordinates":[[-74.013715,40.777649],[-74.013626,40.777875]]},"properties":{"kind":"major","name":"Boulevard East","bridge":false}},{"type":"Feature","geometry":{"type":"LineString","coordinates":[[-74.014664,40.771985],[-74.015282,40.77077]]},"properties":{"kind":"major","name":"Port Imperial Boulevard","bridge":false}},{"type":"Feature","geometry":{"type":"LineString","coordinates":[[-74.010589,40.779719],[-74.010649,40.779631]]},"properties":{"kind":"major","name":"Port Imperial Boulevard","bridge":false}},{"type":"Feature","geometry":{"type":"LineString","coordinates":[[-74.010374,40.780014],[-74.010589,40.779719]]},"properties":{"kind":"major","name":"Port Imperial Boulevard","bridge":false}},{"type":"Feature","geometry":{"type":"LineString","coordinates":[[-74.009907,40.780618],[-74.010374,40.780014]]},"properties":{"kind":"major","name":"Port Imperial Boulevard","bridge":false}},{"type":"Feature","geometry":{"type":"LineString","coordinates":[[-74.011411,40.778709],[-74.011507,40.778612],[-74.011833,40.778235],[-74.011915,40.778106]]},"properties":{"kind":"major","name":"Port Imperial Boulevard","bridge":false}},{"type":"Feature","geometry":{"type":"LineString","coordinates":[[-74.012172,40.776578],[-74.012054,40.775993]]},"properties":{"kind":"major","name":"Port Imperial Boulevard","bridge":false}},{"type":"Feature","geometry":{"type":"LineString","coordinates":[[-74.013469,40.773901],[-74.013891,40.773246]]},"properties":{"kind":"major","name":"Port Imperial Boulevard","bridge":false}},{"type":"Feature","geometry":{"type":"LineString","coordinates":[[-74.012054,40.775993],[-74.012039,40.77585]]},"properties":{"kind":"major","name":"Port Imperial Boulevard","bridge":false}},{"type":"Feature","geometry":{"type":"LineString","coordinates":[[-74.010649,40.779631],[-74.010806,40.779404],[-74.011002,40.779162]]},"properties":{"kind":"major","name":"Port Imperial Boulevard","bridge":false}},{"type":"Feature","geometry":{"type":"LineString","coordinates":[[-74.011915,40.778106],[-74.012013,40.777932],[-74.012149,40.777649],[-74.012206,40.777434]]},"properties":{"kind":"major","name":"Port Imperial Boulevard","bridge":false}},{"type":"Feature","geometry":{"type":"LineString","coordinates":[[-73.986248,40.780545],[-73.986563,40.780678]]},"properties":{"kind":"major","name":"West 72nd Street","bridge":false}},{"type":"Feature","geometry":{"type":"LineString","coordinates":[[-73.961463,40.80118],[-73.96176,40.800777]]},"properties":{"kind":"major","name":"Columbus Avenue","bridge":false}},{"type":"Feature","geometry":{"type":"LineString","coordinates":[[-73.963708,40.798103],[-73.963843,40.797921]]},"properties":{"kind":"major","name":"Columbus Avenue","bridge":false}},{"type":"Feature","geometry":{"type":"LineString","coordinates":[[-73.96193,40.800547],[-73.962245,40.800112]]},"properties":{"kind":"major","name":"Columbus Avenue","bridge":false}},{"type":"Feature","geometry":{"type":"LineString","coordinates":[[-73.962727,40.799442],[-73.962873,40.799244]]},"properties":{"kind":"major","name":"Columbus Avenue","bridge":false}},{"type":"Feature","geometry":{"type":"LineString","coordinates":[[-73.962873,40.799244],[-73.963601,40.79825]]},"properties":{"kind":"major","name":"Columbus Avenue","bridge":false}},{"type":"Feature","geometry":{"type":"LineString","coordinates":[[-73.96732,40.801118],[-73.967765,40.801303]]},"properties":{"kind":"major","name":"West 106th Street","bridge":false}},{"type":"Feature","geometry":{"type":"LineString","coordinates":[[-73.961106,40.798494],[-73.961474,40.798654]]},"properties":{"kind":"major","name":"West 106th Street","bridge":false}},{"type":"Feature","geometry":{"type":"LineString","coordinates":[[-73.965691,40.800429],[-73.962873,40.799244]]},"properties":{"kind":"major","name":"West 106th Street","bridge":false}},{"type":"Feature","geometry":{"type":"LineString","coordinates":[[-73.968574,40.801645],[-73.968098,40.801439]]},"properties":{"kind":"major","name":"West 106th Street","bridge":false}},{"type":"Feature","geometry":{"type":"LineString","coordinates":[[-73.966149,40.80062],[-73.96732,40.801118]]},"properties":{"kind":"major","name":"West 106th Street","bridge":false}},{"type":"Feature","geometry":{"type":"LineString","coordinates":[[-73.961474,40.798654],[-73.962133,40.798933]]},"properties":{"kind":"major","name":"West 106th Street","bridge":false}},{"type":"Feature","geometry":{"type":"LineString","coordinates":[[-73.960044,40.798048],[-73.960423,40.798207]]},"properties":{"kind":"major","name":"West 106th Street","bridge":false}},{"type":"Feature","geometry":{"type":"LineString","coordinates":[[-73.96193,40.800547],[-73.959086,40.799357]]},"properties":{"kind":"minor","name":"West 108th Street","bridge":false}},{"type":"Feature","geometry":{"type":"LineString","coordinates":[[-73.964345,40.85167],[-73.964302,40.851945]]},"properties":{"kind":"major","name":"Hudson Terrace","bridge":false}},{"type":"Feature","geometry":{"type":"LineString","coordinates":[[-73.964434,40.851118],[-73.964345,40.85167]]},"properties":{"kind":"major","name":"Hudson Terrace","bridge":false}},{"type":"Feature","geometry":{"type":"LineString","coordinates":[[-73.952204,40.803515],[-73.951949,40.803865]]},"properties":{"kind":"major","name":"Adam Clayton Powell Jr. Boulevard","bridge":false}},{"type":"Feature","geometry":{"type":"LineString","coordinates":[[-73.948528,40.808556],[-73.948248,40.80894]]},"properties":{"kind":"major","name":"Adam Clayton Powell Jr. Boulevard","bridge":false}},{"type":"Feature","geometry":{"type":"LineString","coordinates":[[-73.952297,40.80368],[-73.952608,40.803254]]},"properties":{"kind":"major","name":"Adam Clayton Powell Jr. Boulevard","bridge":false}},{"type":"Feature","geometry":{"type":"LineString","coordinates":[[-73.946649,40.811131],[-73.946395,40.811481]]},"properties":{"kind":"major","name":"Adam Clayton Powell Jr. Boulevard","bridge":false}},{"type":"Feature","geometry":{"type":"LineString","coordinates":[[-73.948248,40.80894],[-73.948029,40.809249]]},"properties":{"kind":"major","name":"Adam Clayton Powell Jr. Boulevard","bridge":false}},{"type":"Feature","geometry":{"type":"LineString","coordinates":[[-73.951268,40.804793],[-73.951027,40.80512]]},"properties":{"kind":"major","name":"Adam Clayton Powell Jr. Boulevard","bridge":false}},{"type":"Feature","geometry":{"type":"LineString","coordinates":[[-73.951373,40.804943],[-73.95165,40.804564]]},"properties":{"kind":"major","name":"Adam Clayton Powell Jr. Boulevard","bridge":false}},{"type":"Feature","geometry":{"type":"LineString","coordinates":[[-73.954085,40.800931],[-73.953849,40.801253]]},"properties":{"kind":"major","name":"Adam Clayton Powell Jr. Boulevard","bridge":false}},{"type":"Feature","geometry":{"type":"LineString","coordinates":[[-73.945836,40.812536],[-73.946097,40.812173]]},"properties":{"kind":"major","name":"Adam Clayton Powell Jr. Boulevard","bridge":false}},{"type":"Feature","geometry":{"type":"LineString","coordinates":[[-73.948622,40.808705],[-73.948899,40.808329]]},"properties":{"kind":"major","name":"Adam Clayton Powell Jr. Boulevard","bridge":false}},{"type":"Feature","geometry":{"type":"LineString","coordinates":[[-73.950362,40.806042],[-73.950115,40.80638]]},"properties":{"kind":"major","name":"Adam Clayton Powell Jr. Boulevard","bridge":false}},{"type":"Feature","geometry":{"type":"LineString","coordinates":[[-73.947561,40.809875],[-73.947299,40.810234]]},"properties":{"kind":"major","name":"Adam Clayton Powell Jr. Boulevard","bridge":false}},{"type":"Feature","geometry":{"type":"LineString","coordinates":[[-73.948403,40.809006],[-73.948622,40.808705]]},"properties":{"kind":"major","name":"Adam Clayton Powell Jr. Boulevard","bridge":false}},{"type":"Feature","geometry":{"type":"LineString","coordinates":[[-73.949552,40.80743],[-73.949815,40.807074]]},"properties":{"kind":"major","name":"Adam Clayton Powell Jr. Boulevard","bridge":false}},{"type":"Feature","geometry":{"type":"LineString","coordinates":[[-73.945751,40.812356],[-73.945476,40.812731]]},"properties":{"kind":"major","name":"Adam Clayton Powell Jr. Boulevard","bridge":false}},{"type":"Feature","geometry":{"type":"LineString","coordinates":[[-73.950485,40.806159],[-73.950738,40.805812]]},"properties":{"kind":"major","name":"Adam Clayton Powell Jr. Boulevard","bridge":false}},{"type":"Feature","geometry":{"type":"LineString","coordinates":[[-73.950738,40.805812],[-73.951373,40.804943]]},"properties":{"kind":"major","name":"Adam Clayton Powell Jr. Boulevard","bridge":false}},{"type":"Feature","geometry":{"type":"LineString","coordinates":[[-73.948124,40.809395],[-73.948403,40.809006]]},"properties":{"kind":"major","name":"Adam Clayton Powell Jr. Boulevard","bridge":false}},{"type":"Feature","geometry":{"type":"LineString","coordinates":[[-73.949443,40.807299],[-73.949196,40.807635]]},"properties":{"kind":"major","name":"Adam Clayton Powell Jr. Boulevard","bridge":false}},{"type":"Feature","geometry":{"type":"LineString","coordinates":[[-73.948029,40.809249],[-73.947766,40.809615]]},"properties":{"kind":"major","name":"Adam Clayton Powell Jr. Boulevard","bridge":false}},{"type":"Feature","geometry":{"type":"LineString","coordinates":[[-73.951027,40.80512],[-73.950469,40.805892]]},"properties":{"kind":"major","name":"Adam Clayton Powell Jr. Boulevard","bridge":false}},{"type":"Feature","geometry":{"type":"LineString","coordinates":[[-73.947299,40.810234],[-73.946649,40.811131]]},"properties":{"kind":"major","name":"Adam Clayton Powell Jr. Boulevard","bridge":false}},{"type":"Feature","geometry":{"type":"LineString","coordinates":[[-73.949815,40.807074],[-73.95036,40.806327]]},"properties":{"kind":"major","name":"Adam Clayton Powell Jr. Boulevard","bridge":false}},{"type":"Feature","geometry":{"type":"LineString","coordinates":[[-73.949911,40.806661],[-73.949443,40.807299]]},"properties":{"kind":"major","name":"Adam Clayton Powell Jr. Boulevard","bridge":false}},{"type":"Feature","geometry":{"type":"LineString","coordinates":[[-73.952703,40.802834],[-73.952444,40.803184]]},"properties":{"kind":"major","name":"Adam Clayton Powell Jr. Boulevard","bridge":false}},{"type":"Feature","geometry":{"type":"LineString","coordinates":[[-73.946395,40.811481],[-73.945751,40.812356]]},"properties":{"kind":"major","name":"Adam Clayton Powell Jr. Boulevard","bridge":false}},{"type":"Feature","geometry":{"type":"LineString","coordinates":[[-73.948899,40.808329],[-73.949354,40.807701]]},"properties":{"kind":"major","name":"Adam Clayton Powell Jr. Boulevard","bridge":false}},{"type":"Feature","geometry":{"type":"LineString","coordinates":[[-73.949196,40.807635],[-73.948651,40.808386]]},"properties":{"kind":"major","name":"Adam Clayton Powell Jr. Boulevard","bridge":false}},{"type":"Feature","geometry":{"type":"LineString","coordinates":[[-73.954768,40.800005],[-73.954085,40.800931]]},"properties":{"kind":"major","name":"Adam Clayton Powell Jr. Boulevard","bridge":false}},{"type":"Feature","geometry":{"type":"LineString","coordinates":[[-73.945179,40.813423],[-73.945836,40.812536]]},"properties":{"kind":"major","name":"Adam Clayton Powell Jr. Boulevard","bridge":false}},{"type":"Feature","geometry":{"type":"LineString","coordinates":[[-73.95011,40.801324],[-73.949832,40.80169]]},"properties":{"kind":"major","name":"Malcolm X Boulevard","bridge":false}},{"type":"Feature","geometry":{"type":"LineString","coordinates":[[-73.95162,40.799504],[-73.952084,40.798878]]},"properties":{"kind":"major","name":"Malcolm X Boulevard","bridge":false}},{"type":"Feature","geometry":{"type":"LineString","coordinates":[[-73.943971,40.809997],[-73.944164,40.809727]]},"properties":{"kind":"major","name":"Malcolm X Boulevard","bridge":false}},{"type":"Feature","geometry":{"type":"LineString","coordinates":[[-73.94861,40.803654],[-73.948824,40.803372]]},"properties":{"kind":"major","name":"Malcolm X Boulevard","bridge":false}},{"type":"Feature","geometry":{"type":"LineString","coordinates":[[-73.952146,40.79855],[-73.951934,40.798815]]},"properties":{"kind":"major","name":"Malcolm X Boulevard","bridge":false}},{"type":"Feature","geometry":{"type":"LineString","coordinates":[[-73.947722,40.804861],[-73.947896,40.804622]]},"properties":{"kind":"major","name":"Malcolm X Boulevard","bridge":false}},{"type":"Feature","geometry":{"type":"LineString","coordinates":[[-73.951418,40.799786],[-73.95162,40.799504]]},"properties":{"kind":"major","name":"Malcolm X Boulevard","bridge":false}},{"type":"Feature","geometry":{"type":"LineString","coordinates":[[-73.950315,40.801063],[-73.95011,40.801324]]},"properties":{"kind":"major","name":"Malcolm X Boulevard","bridge":false}},{"type":"Feature","geometry":{"type":"LineString","coordinates":[[-73.946844,40.806063],[-73.94698,40.805874]]},"properties":{"kind":"major","name":"Malcolm X Boulevard","bridge":false}},{"type":"Feature","geometry":{"type":"LineString","coordinates":[[-73.949832,40.80169],[-73.949607,40.802011]]},"properties":{"kind":"major","name":"Malcolm X Boulevard","bridge":false}},{"type":"Feature","geometry":{"type":"LineString","coordinates":[[-73.949257,40.802496],[-73.949123,40.802673]]},"properties":{"kind":"major","name":"Malcolm X Boulevard","bridge":false}},{"type":"Feature","geometry":{"type":"LineString","coordinates":[[-73.948331,40.803762],[-73.948205,40.803934]]},"properties":{"kind":"major","name":"Malcolm X Boulevard","bridge":false}},{"type":"Feature","geometry":{"type":"LineString","coordinates":[[-73.949607,40.802011],[-73.949257,40.802496]]},"properties":{"kind":"major","name":"Malcolm X Boulevard","bridge":false}},{"type":"Feature","geometry":{"type":"LineString","coordinates":[[-73.946519,40.806228],[-73.946367,40.80644]]},"properties":{"kind":"major","name":"Malcolm X Boulevard","bridge":false}},{"type":"Feature","geometry":{"type":"LineString","coordinates":[[-73.949536,40.802375],[-73.949755,40.802073]]},"properties":{"kind":"major","name":"Malcolm X Boulevard","bridge":false}},{"type":"Feature","geometry":{"type":"LineString","coordinates":[[-73.941916,40.812534],[-73.941735,40.812787]]},"properties":{"kind":"major","name":"Malcolm X Boulevard","bridge":false}},{"type":"Feature","geometry":{"type":"LineString","coordinates":[[-73.945261,40.808231],[-73.945571,40.807811]]},"properties":{"kind":"major","name":"Malcolm X Boulevard","bridge":false}},{"type":"Feature","geometry":{"type":"LineString","coordinates":[[-73.945413,40.807746],[-73.945049,40.808246]]},"properties":{"kind":"major","name":"Malcolm X Boulevard","bridge":false}},{"type":"Feature","geometry":{"type":"LineString","coordinates":[[-73.945049,40.808246],[-73.944927,40.808419]]},"properties":{"kind":"major","name":"Malcolm X Boulevard","bridge":false}},{"type":"Feature","geometry":{"type":"LineString","coordinates":[[-73.943766,40.809978],[-73.943545,40.810285]]},"properties":{"kind":"major","name":"Malcolm X Boulevard","bridge":false}},{"type":"Feature","geometry":{"type":"LineString","coordinates":[[-73.947435,40.804972],[-73.947282,40.805184]]},"properties":{"kind":"major","name":"Malcolm X Boulevard","bridge":false}},{"type":"Feature","geometry":{"type":"LineString","coordinates":[[-73.942131,40.812509],[-73.94233,40.812235]]},"properties":{"kind":"major","name":"Malcolm X Boulevard","bridge":false}},{"type":"Feature","geometry":{"type":"LineString","coordinates":[[-73.943102,40.811184],[-73.943253,40.810975]]},"properties":{"kind":"major","name":"Malcolm X Boulevard","bridge":false}},{"type":"Feature","geometry":{"type":"LineString","coordinates":[[-73.952396,40.798219],[-73.952332,40.798293],[-73.952146,40.79855]]},"properties":{"kind":"major","name":"Malcolm X Boulevard","bridge":false}},{"type":"Feature","geometry":{"type":"LineString","coordinates":[[-73.951934,40.798815],[-73.951166,40.799895]]},"properties":{"kind":"major","name":"Malcolm X Boulevard","bridge":false}},{"type":"Feature","geometry":{"type":"LineString","coordinates":[[-73.943253,40.810975],[-73.943715,40.810356]]},"properties":{"kind":"major","name":"Malcolm X Boulevard","bridge":false}},{"type":"Feature","geometry":{"type":"LineString","coordinates":[[-73.94233,40.812235],[-73.943102,40.811184]]},"properties":{"kind":"major","name":"Malcolm X Boulevard","bridge":false}},{"type":"Feature","geometry":{"type":"LineString","coordinates":[[-73.94698,40.805874],[-73.947178,40.805605]]},"properties":{"kind":"major","name":"Malcolm X Boulevard","bridge":false}},{"type":"Feature","geometry":{"type":"LineString","coordinates":[[-73.947896,40.804622],[-73.948353,40.803996]]},"properties":{"kind":"major","name":"Malcolm X Boulevard","bridge":false}},{"type":"Feature","geometry":{"type":"LineString","coordinates":[[-73.947282,40.805184],[-73.946519,40.806228]]},"properties":{"kind":"major","name":"Malcolm X Boulevard","bridge":false}},{"type":"Feature","geometry":{"type":"LineString","coordinates":[[-73.948205,40.803934],[-73.94756,40.804799]]},"properties":{"kind":"major","name":"Malcolm X Boulevard","bridge":false}},{"type":"Feature","geometry":{"type":"LineString","coordinates":[[-73.951166,40.799895],[-73.951037,40.800073]]},"properties":{"kind":"major","name":"Malcolm X Boulevard","bridge":false}},{"type":"Feature","geometry":{"type":"LineString","coordinates":[[-73.941735,40.812787],[-73.941614,40.81295]]},"properties":{"kind":"major","name":"Malcolm X Boulevard","bridge":false}},{"type":"Feature","geometry":{"type":"LineString","coordinates":[[-73.949123,40.802673],[-73.948331,40.803762]]},"properties":{"kind":"major","name":"Malcolm X Boulevard","bridge":false}},{"type":"Feature","geometry":{"type":"LineString","coordinates":[[-73.948824,40.803372],[-73.949536,40.802375]]},"properties":{"kind":"major","name":"Malcolm X Boulevard","bridge":false}},{"type":"Feature","geometry":{"type":"LineString","coordinates":[[-73.944164,40.809727],[-73.944616,40.809105]]},"properties":{"kind":"major","name":"Malcolm X Boulevard","bridge":false}},{"type":"Feature","geometry":{"type":"LineString","coordinates":[[-73.944466,40.809039],[-73.943766,40.809978]]},"properties":{"kind":"major","name":"Malcolm X Boulevard","bridge":false}},{"type":"Feature","geometry":{"type":"LineString","coordinates":[[-73.952084,40.798878],[-73.95253,40.798275]]},"properties":{"kind":"major","name":"Malcolm X Boulevard","bridge":false}},{"type":"Feature","geometry":{"type":"LineString","coordinates":[[-73.939713,40.836072],[-73.93956,40.836276]]},"properties":{"kind":"major","name":"Amsterdam Avenue","bridge":false}},{"type":"Feature","geometry":{"type":"LineString","coordinates":[[-73.939337,40.836575],[-73.93886,40.837235]]},"properties":{"kind":"major","name":"Amsterdam Avenue","bridge":false}},{"type":"Feature","geometry":{"type":"LineString","coordinates":[[-73.939684,40.841045],[-73.939446,40.841425]]},"properties":{"kind":"major","name":"Broadway","bridge":false}},{"type":"Feature","geometry":{"type":"LineString","coordinates":[[-73.945454,40.834633],[-73.945387,40.834288]]},"properties":{"kind":"major","name":"Edward M. Morgan Place","bridge":false}},{"type":"Feature","geometry":{"type":"LineString","coordinates":[[-73.93886,40.837235],[-73.937023,40.836469]]},"properties":{"kind":"minor","name":"West 164th Street","bridge":false}},{"type":"Feature","geometry":{"type":"LineString","coordinates":[[-73.941833,40.806236],[-73.941306,40.806014]]},"properties":{"kind":"major","name":"East 125th Street","bridge":false}},{"type":"Feature","geometry":{"type":"LineString","coordinates":[[-73.942269,40.806419],[-73.941833,40.806236]]},"properties":{"kind":"major","name":"East 125th Street","bridge":false}},{"type":"Feature","geometry":{"type":"LineString","coordinates":[[-73.942687,40.806596],[-73.944251,40.807256]]},"properties":{"kind":"major","name":"West 125th Street","bridge":false}},{"type":"Feature","geometry":{"type":"LineString","coordinates":[[-73.954693,40.811656],[-73.954826,40.811732]]},"properties":{"kind":"major","name":"West 125th Street","bridge":false}},{"type":"Feature","geometry":{"type":"LineString","coordinates":[[-73.955738,40.812764],[-73.956272,40.813381]]},"properties":{"kind":"major","name":"West 125th Street","bridge":false}},{"type":"Feature","geometry":{"type":"LineString","coordinates":[[-73.956823,40.814015],[-73.957826,40.815161]]},"properties":{"kind":"major","name":"West 125th Street","bridge":false}},{"type":"Feature","geometry":{"type":"LineString","coordinates":[[-73.955275,40.812231],[-73.955738,40.812764]]},"properties":{"kind":"major","name":"West 125th Street","bridge":false}},{"type":"Feature","geometry":{"type":"LineString","coordinates":[[-73.952874,40.807013],[-73.952887,40.807241]]},"properties":{"kind":"major","name":"Saint Nicholas Avenue","bridge":false}},{"type":"Feature","geometry":{"type":"LineString","coordinates":[[-73.952887,40.807241],[-73.952905,40.807551]]},"properties":{"kind":"major","name":"Saint Nicholas Avenue","bridge":false}},{"type":"Feature","geometry":{"type":"LineString","coordinates":[[-73.950927,40.812575],[-73.950728,40.812777]]},"properties":{"kind":"major","name":"Saint Nicholas Avenue","bridge":false}},{"type":"Feature","geometry":{"type":"LineString","coordinates":[[-73.952857,40.806709],[-73.952874,40.807013]]},"properties":{"kind":"major","name":"Saint Nicholas Avenue","bridge":false}},{"type":"Feature","geometry":{"type":"LineString","coordinates":[[-73.952748,40.804532],[-73.952765,40.805031]]},"properties":{"kind":"major","name":"Saint Nicholas Avenue","bridge":false}},{"type":"Feature","geometry":{"type":"LineString","coordinates":[[-73.952918,40.807775],[-73.952956,40.808397]]},"properties":{"kind":"major","name":"Saint Nicholas Avenue","bridge":false}},{"type":"Feature","geometry":{"type":"LineString","coordinates":[[-73.942521,40.806069],[-73.942758,40.805738]]},"properties":{"kind":"major","name":"5th Avenue","bridge":false}},{"type":"Feature","geometry":{"type":"LineString","coordinates":[[-73.942758,40.805738],[-73.942972,40.805824]]},"properties":{"kind":"minor","name":"West 124th Street","bridge":false}},{"type":"Feature","geometry":{"type":"LineString","coordinates":[[-73.982566,40.767126],[-73.982364,40.7674]]},"properties":{"kind":"major","name":"8th Avenue","bridge":false}},{"type":"Feature","geometry":{"type":"LineString","coordinates":[[-73.982364,40.7674],[-73.982192,40.767636],[-73.98214,40.767682],[-73.982087,40.767705]]},"properties":{"kind":"major","name":"8th Avenue","bridge":false}},{"type":"Feature","geometry":{"type":"LineString","coordinates":[[-73.984436,40.764572],[-73.984269,40.764798]]},"properties":{"kind":"major","name":"8th Avenue","bridge":false}},{"type":"Feature","geometry":{"type":"LineString","coordinates":[[-73.984269,40.764798],[-73.983932,40.765278]]},"properties":{"kind":"major","name":"8th Avenue","bridge":false}},{"type":"Feature","geometry":{"type":"LineString","coordinates":[[-73.984852,40.764008],[-73.984741,40.76416]]},"properties":{"kind":"major","name":"8th Avenue","bridge":false}},{"type":"Feature","geometry":{"type":"LineString","coordinates":[[-73.983932,40.765278],[-73.983821,40.76544]]},"properties":{"kind":"major","name":"8th Avenue","bridge":false}},{"type":"Feature","geometry":{"type":"LineString","coordinates":[[-73.984741,40.76416],[-73.984436,40.764572]]},"properties":{"kind":"major","name":"8th Avenue","bridge":false}},{"type":"Feature","geometry":{"type":"LineString","coordinates":[[-73.983821,40.76544],[-73.983377,40.766032]]},"properties":{"kind":"major","name":"8th Avenue","bridge":false}},{"type":"Feature","geometry":{"type":"LineString","coordinates":[[-73.98522,40.768598],[-73.985459,40.76827]]},"properties":{"kind":"major","name":"9th Avenue","bridge":false}},{"type":"Feature","geometry":{"type":"LineString","coordinates":[[-73.985718,40.767916],[-73.986065,40.767434]]},"properties":{"kind":"major","name":"9th Avenue","bridge":false}},{"type":"Feature","geometry":{"type":"LineString","coordinates":[[-73.986065,40.767434],[-73.986207,40.767247]]},"properties":{"kind":"major","name":"9th Avenue","bridge":false}},{"type":"Feature","geometry":{"type":"LineString","coordinates":[[-73.98649,40.766872],[-73.986668,40.766637]]},"properties":{"kind":"major","name":"9th Avenue","bridge":false}},{"type":"Feature","geometry":{"type":"LineString","coordinates":[[-73.985459,40.76827],[-73.985718,40.767916]]},"properties":{"kind":"major","name":"9th Avenue","bridge":false}},{"type":"Feature","geometry":{"type":"LineString","coordinates":[[-73.984994,40.768914],[-73.98522,40.768598]]},"properties":{"kind":"major","name":"9th Avenue","bridge":false}},{"type":"Feature","geometry":{"type":"LineString","coordinates":[[-73.986668,40.766637],[-73.98698,40.766204]]},"properties":{"kind":"major","name":"9th Avenue","bridge":false}},{"type":"Feature","geometry":{"type":"LineString","coordinates":[[-73.987896,40.764926],[-73.988023,40.764753]]},"properties":{"kind":"major","name":"9th Avenue","bridge":false}},{"type":"Feature","geometry":{"type":"LineString","coordinates":[[-73.987575,40.765366],[-73.987896,40.764926]]},"properties":{"kind":"major","name":"9th Avenue","bridge":false}},{"type":"Feature","geometry":{"type":"LineString","coordinates":[[-73.987125,40.765994],[-73.98742,40.765583]]},"properties":{"kind":"major","name":"9th Avenue","bridge":false}},{"type":"Feature","geometry":{"type":"LineString","coordinates":[[-73.98742,40.765583],[-73.987575,40.765366]]},"properties":{"kind":"major","name":"9th Avenue","bridge":false}},{"type":"Feature","geometry":{"type":"LineString","coordinates":[[-73.98698,40.766204],[-73.987125,40.765994]]},"properties":{"kind":"major","name":"9th Avenue","bridge":false}},{"type":"Feature","geometry":{"type":"LineString","coordinates":[[-73.986207,40.767247],[-73.98649,40.766872]]},"properties":{"kind":"major","name":"9th Avenue","bridge":false}},{"type":"Feature","geometry":{"type":"LineString","coordinates":[[-73.992322,40.769017],[-73.992786,40.76837]]},"properties":{"kind":"major","name":"11th Avenue","bridge":false}},{"type":"Feature","geometry":{"type":"LineString","coordinates":[[-73.99117,40.770627],[-73.991393,40.770317]]},"properties":{"kind":"major","name":"11th Avenue","bridge":false}},{"type":"Feature","geometry":{"type":"LineString","coordinates":[[-73.993687,40.767131],[-73.994156,40.766498]]},"properties":{"kind":"major","name":"11th Avenue","bridge":false}},{"type":"Feature","geometry":{"type":"LineString","coordinates":[[-73.989081,40.773489],[-73.988814,40.773857]]},"properties":{"kind":"major","name":"West End Avenue","bridge":false}},{"type":"Feature","geometry":{"type":"LineString","coordinates":[[-73.989311,40.773176],[-73.989081,40.773489]]},"properties":{"kind":"major","name":"West End Avenue","bridge":false}},{"type":"Feature","geometry":{"type":"LineString","coordinates":[[-73.988625,40.774119],[-73.988401,40.774427]]},"properties":{"kind":"major","name":"West End Avenue","bridge":false}},{"type":"Feature","geometry":{"type":"LineString","coordinates":[[-73.988814,40.773857],[-73.988625,40.774119]]},"properties":{"kind":"major","name":"West End Avenue","bridge":false}},{"type":"Feature","geometry":{"type":"LineString","coordinates":[[-73.98817,40.774743],[-73.987931,40.77507]]},"properties":{"kind":"major","name":"West End Avenue","bridge":false}},{"type":"Feature","geometry":{"type":"LineString","coordinates":[[-73.989311,40.773176],[-73.98954,40.772863]]},"properties":{"kind":"major","name":"West End Avenue","bridge":false}},{"type":"Feature","geometry":{"type":"LineString","coordinates":[[-73.98724,40.776024],[-73.987471,40.775705]]},"properties":{"kind":"major","name":"West End Avenue","bridge":false}},{"type":"Feature","geometry":{"type":"LineString","coordinates":[[-73.987931,40.77507],[-73.987714,40.775373]]},"properties":{"kind":"major","name":"West End Avenue","bridge":false}},{"type":"Feature","geometry":{"type":"LineString","coordinates":[[-73.989813,40.772488],[-73.98954,40.772863]]},"properties":{"kind":"major","name":"West End Avenue","bridge":false}},{"type":"Feature","geometry":{"type":"LineString","coordinates":[[-73.984755,40.779431],[-73.984481,40.779813]]},"properties":{"kind":"major","name":"West End Avenue","bridge":false}},{"type":"Feature","geometry":{"type":"LineString","coordinates":[[-73.989996,40.77224],[-73.989813,40.772488]]},"properties":{"kind":"major","name":"West End Avenue","bridge":false}},{"type":"Feature","geometry":{"type":"LineString","coordinates":[[-73.936114,40.825567],[-73.935984,40.825705],[-73.935807,40.825933]]},"properties":{"kind":"major","name":"Adam Clayton Powell Jr. Boulevard","bridge":false}},{"type":"Feature","geometry":{"type":"LineString","coordinates":[[-73.935482,40.826348],[-73.935272,40.826635]]},"properties":{"kind":"major","name":"Adam Clayton Powell Jr. Boulevard","bridge":false}},{"type":"Feature","geometry":{"type":"LineString","coordinates":[[-73.937378,40.823822],[-73.937135,40.824153]]},"properties":{"kind":"major","name":"Adam Clayton Powell Jr. Boulevard","bridge":false}},{"type":"Feature","geometry":{"type":"LineString","coordinates":[[-73.93641,40.825156],[-73.936114,40.825567]]},"properties":{"kind":"major","name":"Adam Clayton Powell Jr. Boulevard","bridge":false}},{"type":"Feature","geometry":{"type":"LineString","coordinates":[[-73.938051,40.822899],[-73.937378,40.823822]]},"properties":{"kind":"major","name":"Adam Clayton Powell Jr. Boulevard","bridge":false}},{"type":"Feature","geometry":{"type":"LineString","coordinates":[[-73.927758,40.828563],[-73.927336,40.828304]]},"properties":{"kind":"major","name":"East 161st Street","bridge":false}},{"type":"Feature","geometry":{"type":"LineString","coordinates":[[-73.926388,40.827973],[-73.926873,40.828126]]},"properties":{"kind":"major","name":"East 161st Street","bridge":false}},{"type":"Feature","geometry":{"type":"LineString","coordinates":[[-73.937579,40.818485],[-73.937265,40.818908]]},"properties":{"kind":"major","name":"Malcolm X Boulevard","bridge":false}},{"type":"Feature","geometry":{"type":"LineString","coordinates":[[-73.937059,40.819455],[-73.937263,40.819178]]},"properties":{"kind":"major","name":"Malcolm X Boulevard","bridge":false}},{"type":"Feature","geometry":{"type":"LineString","coordinates":[[-73.937546,40.81879],[-73.937722,40.818548]]},"properties":{"kind":"major","name":"Malcolm X Boulevard","bridge":false}},{"type":"Feature","geometry":{"type":"LineString","coordinates":[[-73.936646,40.819742],[-73.936457,40.820009]]},"properties":{"kind":"major","name":"Malcolm X Boulevard","bridge":false}},{"type":"Feature","geometry":{"type":"LineString","coordinates":[[-73.937265,40.818908],[-73.937113,40.819114]]},"properties":{"kind":"major","name":"Malcolm X Boulevard","bridge":false}},{"type":"Feature","geometry":{"type":"LineString","coordinates":[[-73.937263,40.819178],[-73.937546,40.81879]]},"properties":{"kind":"major","name":"Malcolm X Boulevard","bridge":false}},{"type":"Feature","geometry":{"type":"LineString","coordinates":[[-73.93625,40.820448],[-73.936391,40.820354],[-73.936795,40.819806]]},"properties":{"kind":"major","name":"Malcolm X Boulevard","bridge":false}},{"type":"Feature","geometry":{"type":"LineString","coordinates":[[-73.937722,40.818548],[-73.938619,40.817316]]},"properties":{"kind":"major","name":"Malcolm X Boulevard","bridge":false}},{"type":"Feature","geometry":{"type":"LineString","coordinates":[[-73.93625,40.820448],[-73.938018,40.821199]]},"properties":{"kind":"major","name":"West 145th Street","bridge":false}},{"type":"Feature","geometry":{"type":"LineString","coordinates":[[-73.937144,40.82911],[-73.939461,40.830093]]},"properties":{"kind":"major","name":"West 155th Street","bridge":true}},{"type":"Feature","geometry":{"type":"LineString","coordinates":[[-73.935137,40.828258],[-73.937144,40.82911]]},"properties":{"kind":"major","name":"West 155th Street","bridge":true}},{"type":"Feature","geometry":{"type":"LineString","coordinates":[[-73.992079,40.770604],[-73.993253,40.771094]]},"properties":{"kind":"major","name":"West 57th Street","bridge":false}},{"type":"Feature","geometry":{"type":"LineString","coordinates":[[-73.984961,40.780018],[-73.985686,40.780311]]},"properties":{"kind":"major","name":"West 72nd Street","bridge":false}},{"type":"Feature","geometry":{"type":"LineString","coordinates":[[-73.980584,40.769918],[-73.980372,40.770196]]},"properties":{"kind":"major","name":"Central Park West","bridge":false}},{"type":"Feature","geometry":{"type":"LineString","coordinates":[[-73.976444,40.780672],[-73.976795,40.780162]]},"properties":{"kind":"major","name":"Columbus Avenue","bridge":false}},{"type":"Feature","geometry":{"type":"LineString","coordinates":[[-73.976795,40.780162],[-73.976911,40.779995]]},"properties":{"kind":"major","name":"Columbus Avenue","bridge":false}},{"type":"Feature","geometry":{"type":"LineString","coordinates":[[-73.978559,40.777751],[-73.978799,40.777416]]},"properties":{"kind":"major","name":"Columbus Avenue","bridge":false}},{"type":"Feature","geometry":{"type":"LineString","coordinates":[[-73.977738,40.778898],[-73.97785,40.778745]]},"properties":{"kind":"major","name":"Columbus Avenue","bridge":false}},{"type":"Feature","geometry":{"type":"LineString","coordinates":[[-73.97785,40.778745],[-73.978559,40.777751]]},"properties":{"kind":"major","name":"Columbus Avenue","bridge":false}},{"type":"Feature","geometry":{"type":"LineString","coordinates":[[-73.976911,40.779995],[-73.977738,40.778898]]},"properties":{"kind":"major","name":"Columbus Avenue","bridge":false}},{"type":"Feature","geometry":{"type":"LineString","coordinates":[[-73.975963,40.776227],[-73.97633,40.776376]]},"properties":{"kind":"major","name":"West 72nd Street","bridge":false}},{"type":"Feature","geometry":{"type":"LineString","coordinates":[[-73.976788,40.765909],[-73.977098,40.766041]]},"properties":{"kind":"major","name":"Central Park South","bridge":false}},{"type":"Feature","geometry":{"type":"LineString","coordinates":[[-73.976244,40.76568],[-73.976788,40.765909]]},"properties":{"kind":"major","name":"Central Park South","bridge":false}},{"type":"Feature","geometry":{"type":"LineString","coordinates":[[-73.980785,40.767599],[-73.979601,40.767098]]},"properties":{"kind":"major","name":"Central Park South","bridge":false}},{"type":"Feature","geometry":{"type":"LineString","coordinates":[[-73.966619,40.772279],[-73.967033,40.772455]]},"properties":{"kind":"major","name":"East 72nd Street","bridge":false}},{"type":"Feature","geometry":{"type":"LineString","coordinates":[[-73.999285,40.759575],[-73.999639,40.759081],[-73.999649,40.759041]]},"properties":{"kind":"major","name":"11th Avenue","bridge":false}},{"type":"Feature","geometry":{"type":"LineString","coordinates":[[-73.99884,40.760174],[-73.999285,40.759575]]},"properties":{"kind":"major","name":"11th Avenue","bridge":false}},{"type":"Feature","geometry":{"type":"LineString","coordinates":[[-73.995941,40.758984],[-73.996092,40.759027],[-73.996849,40.759345]]},"properties":{"kind":"major","name":"West 41st Street","bridge":false}},{"type":"Feature","geometry":{"type":"LineString","coordinates":[[-73.994391,40.758371],[-73.994519,40.758402],[-73.994991,40.758602]]},"properties":{"kind":"major","name":"West 41st Street","bridge":false}},{"type":"Feature","geometry":{"type":"LineString","coordinates":[[-73.995473,40.759626],[-73.993937,40.758978]]},"properties":{"kind":"major","name":"West 42nd Street","bridge":false}},{"type":"Feature","geometry":{"type":"LineString","coordinates":[[-73.998347,40.760856],[-73.998242,40.760808]]},"properties":{"kind":"major","name":"West 42nd Street","bridge":false}},{"type":"Feature","geometry":{"type":"LineString","coordinates":[[-74.000366,40.761699],[-73.999158,40.761193]]},"properties":{"kind":"major","name":"West 42nd Street","bridge":false}},{"type":"Feature","geometry":{"type":"LineString","coordinates":[[-74.000855,40.762139],[-74.000289,40.762552]]},"properties":{"kind":"highway","name":"12th Avenue","tunnel":"no","bridge":false}},{"type":"Feature","geometry":{"type":"LineString","coordinates":[[-73.97867,40.761616],[-73.979063,40.761774]]},"properties":{"kind":"major","name":"West 53rd Street","bridge":false}},{"type":"Feature","geometry":{"type":"LineString","coordinates":[[-73.981537,40.762813],[-73.981898,40.762965]]},"properties":{"kind":"major","name":"West 53rd Street","bridge":false}},{"type":"Feature","geometry":{"type":"LineString","coordinates":[[-73.979063,40.761774],[-73.981537,40.762813]]},"properties":{"kind":"major","name":"West 53rd Street","bridge":false}},{"type":"Feature","geometry":{"type":"LineString","coordinates":[[-73.990057,40.756868],[-73.989791,40.757233]]},"properties":{"kind":"major","name":"8th Avenue","bridge":false}},{"type":"Feature","geometry":{"type":"LineString","coordinates":[[-73.986834,40.761301],[-73.986566,40.761668]]},"properties":{"kind":"major","name":"8th Avenue","bridge":false}},{"type":"Feature","geometry":{"type":"LineString","coordinates":[[-73.986566,40.761668],[-73.986101,40.762294]]},"properties":{"kind":"major","name":"8th Avenue","bridge":false}},{"type":"Feature","geometry":{"type":"LineString","coordinates":[[-73.990633,40.761172],[-73.990767,40.760987]]},"properties":{"kind":"major","name":"9th Avenue","bridge":false}},{"type":"Feature","geometry":{"type":"LineString","coordinates":[[-73.990767,40.760987],[-73.991227,40.760355]]},"properties":{"kind":"major","name":"9th Avenue","bridge":false}},{"type":"Feature","geometry":{"type":"LineString","coordinates":[[-73.983687,40.761278],[-73.98325,40.761095]]},"properties":{"kind":"major","name":"West 50th Street","bridge":false}},{"type":"Feature","geometry":{"type":"LineString","coordinates":[[-73.98325,40.761095],[-73.980418,40.759911]]},"properties":{"kind":"major","name":"West 50th Street","bridge":false}},{"type":"Feature","geometry":{"type":"LineString","coordinates":[[-73.956272,40.813381],[-73.956095,40.813617]]},"properties":{"kind":"major","name":"Amsterdam Avenue","bridge":false}},{"type":"Feature","geometry":{"type":"LineString","coordinates":[[-73.94566,40.807405],[-73.945413,40.807746]]},"properties":{"kind":"major","name":"Malcolm X Boulevard","bridge":false}},{"type":"Feature","geometry":{"type":"LineString","coordinates":[[-74.008505,40.785186],[-74.008124,40.784994],[-74.007558,40.784731]]},"properties":{"kind":"major","name":"Hillside Road","bridge":false}},{"type":"Feature","geometry":{"type":"LineString","coordinates":[[-74.009766,40.78079],[-74.009907,40.780618]]},"properties":{"kind":"major","name":"Port Imperial Boulevard","bridge":false}},{"type":"Feature","geometry":{"type":"LineString","coordinates":[[-74.009505,40.781135],[-74.009766,40.78079]]},"properties":{"kind":"major","name":"Port Imperial Boulevard","bridge":false}},{"type":"Feature","geometry":{"type":"LineString","coordinates":[[-73.922327,40.836135],[-73.922291,40.836311]]},"properties":{"kind":"major","name":"Edward L. Grant Highway","bridge":false}},{"type":"Feature","geometry":{"type":"LineString","coordinates":[[-73.922383,40.836825],[-73.92241,40.836245],[-73.922389,40.836204],[-73.922327,40.836135]]},"properties":{"kind":"major","name":"Edward L. Grant Highway","bridge":false}},{"type":"Feature","geometry":{"type":"LineString","coordinates":[[-73.991845,40.806722],[-73.991728,40.806672],[-73.991517,40.8066],[-73.99138,40.806607]]},"properties":{"kind":"major","name":"Gorge Road","bridge":false}},{"type":"Feature","geometry":{"type":"LineString","coordinates":[[-73.99684,40.79979],[-73.996843,40.800056]]},"properties":{"kind":"major","name":"Boulevard East","bridge":false}},{"type":"Feature","geometry":{"type":"LineString","coordinates":[[-73.996836,40.799378],[-73.996838,40.799679]]},"properties":{"kind":"major","name":"Boulevard East","bridge":false}},{"type":"Feature","geometry":{"type":"LineString","coordinates":[[-73.986772,40.812525],[-73.986698,40.8126]]},"properties":{"kind":"major","name":"River Road","bridge":false}},{"type":"Feature","geometry":{"type":"LineString","coordinates":[[-73.986698,40.8126],[-73.986506,40.812758]]},"properties":{"kind":"major","name":"River Road","bridge":false}},{"type":"Feature","geometry":{"type":"LineString","coordinates":[[-73.992382,40.805389],[-73.992977,40.804672],[-73.993049,40.804473]]},"properties":{"kind":"major","name":"River Road","bridge":false}},{"type":"Feature","geometry":{"type":"LineString","coordinates":[[-73.990535,40.807593],[-73.990539,40.80747],[-73.990585,40.807392],[-73.991162,40.80669],[-73.99118,40.806648],[-73.991182,40.806602],[-73.991165,40.806552]]},"properties":{"kind":"major","name":"","bridge":false}},{"type":"Feature","geometry":{"type":"LineString","coordinates":[[-73.989423,40.809475],[-73.989504,40.809407],[-73.989843,40.808552],[-73.989976,40.80832]]},"properties":{"kind":"major","name":"River Road","bridge":false}},{"type":"Feature","geometry":{"type":"LineString","coordinates":[[-73.99138,40.806607],[-73.991742,40.806174]]},"properties":{"kind":"major","name":"River Road","bridge":false}},{"type":"Feature","geometry":{"type":"LineString","coordinates":[[-73.992035,40.805522],[-73.991856,40.80568],[-73.991371,40.806287]]},"properties":{"kind":"major","name":"River Road","bridge":false}},{"type":"Feature","geometry":{"type":"LineString","coordinates":[[-73.991535,40.806075],[-73.991266,40.806295],[-73.991167,40.806353],[-73.991017,40.806386],[-73.990841,40.806404]]},"properties":{"kind":"major","name":"","bridge":false}},{"type":"Feature","geometry":{"type":"LineString","coordinates":[[-73.991018,40.807044],[-73.991293,40.806823],[-73.991395,40.806767],[-73.991583,40.806736]]},"properties":{"kind":"major","name":"","bridge":false}},{"type":"Feature","geometry":{"type":"LineString","coordinates":[[-74.000991,40.792207],[-74.001034,40.792296],[-74.001122,40.792407]]},"properties":{"kind":"major","name":"Boulevard East","bridge":false}},{"type":"Feature","geometry":{"type":"LineString","coordinates":[[-73.99766,40.765773],[-73.997803,40.765578]]},"properties":{"kind":"highway","name":"12th Avenue","tunnel":"no","bridge":false}},{"type":"Feature","geometry":{"type":"LineString","coordinates":[[-73.99818,40.765066],[-73.99871,40.76433]]},"properties":{"kind":"highway","name":"12th Avenue","tunnel":"no","bridge":false}},{"type":"Feature","geometry":{"type":"LineString","coordinates":[[-73.997345,40.766206],[-73.997521,40.765962]]},"properties":{"kind":"highway","name":"12th Avenue","tunnel":"no","bridge":false}},{"type":"Feature","geometry":{"type":"LineString","coordinates":[[-73.99661,40.767214],[-73.996769,40.766996]]},"properties":{"kind":"highway","name":"12th Avenue","tunnel":"no","bridge":false}},{"type":"Feature","geometry":{"type":"LineString","coordinates":[[-73.99485,40.769259],[-73.994713,40.769492]]},"properties":{"kind":"highway","name":"12th Avenue","tunnel":"no","bridge":false}},{"type":"Feature","geometry":{"type":"LineString","coordinates":[[-73.995261,40.769083],[-73.995575,40.768636]]},"properties":{"kind":"highway","name":"12th Avenue","tunnel":"no","bridge":false}},{"type":"Feature","geometry":{"type":"LineString","coordinates":[[-73.995575,40.768636],[-73.995849,40.768263]]},"properties":{"kind":"highway","name":"12th Avenue","tunnel":"no","bridge":false}},{"type":"Feature","geometry":{"type":"LineString","coordinates":[[-73.996888,40.766833],[-73.997345,40.766206]]},"properties":{"kind":"highway","name":"12th Avenue","tunnel":"no","bridge":false}},{"type":"Feature","geometry":{"type":"LineString","coordinates":[[-73.997803,40.765578],[-73.997912,40.765428]]},"properties":{"kind":"highway","name":"12th Avenue","tunnel":"no","bridge":false}},{"type":"Feature","geometry":{"type":"LineString","coordinates":[[-73.997594,40.765497],[-73.997139,40.766122]]},"properties":{"kind":"highway","name":"12th Avenue","tunnel":"no","bridge":false}},{"type":"Feature","geometry":{"type":"LineString","coordinates":[[-73.99078,40.770056],[-73.991393,40.770317]]},"properties":{"kind":"major","name":"West 57th Street","bridge":false}},{"type":"Feature","geometry":{"type":"LineString","coordinates":[[-73.971594,40.780999],[-73.971411,40.781484],[-73.971393,40.781605],[-73.971394,40.781656],[-73.971412,40.781735]]},"properties":{"kind":"major","name":"79th Street Transverse","bridge":false}},{"type":"Feature","geometry":{"type":"LineString","coordinates":[[-73.972399,40.794031],[-73.972649,40.79368]]},"properties":{"kind":"major","name":"Broadway","bridge":false}},{"type":"Feature","geometry":{"type":"LineString","coordinates":[[-73.973128,40.793011],[-73.973301,40.792773]]},"properties":{"kind":"major","name":"Broadway","bridge":false}},{"type":"Feature","geometry":{"type":"LineString","coordinates":[[-73.972839,40.793399],[-73.973128,40.793011]]},"properties":{"kind":"major","name":"Broadway","bridge":false}},{"type":"Feature","geometry":{"type":"LineString","coordinates":[[-73.972649,40.79368],[-73.972839,40.793399]]},"properties":{"kind":"major","name":"Broadway","bridge":false}},{"type":"Feature","geometry":{"type":"LineString","coordinates":[[-73.971124,40.787957],[-73.971236,40.787799]]},"properties":{"kind":"major","name":"Columbus Avenue","bridge":false}},{"type":"Feature","geometry":{"type":"LineString","coordinates":[[-73.970222,40.789219],[-73.970336,40.789059]]},"properties":{"kind":"major","name":"Columbus Avenue","bridge":false}},{"type":"Feature","geometry":{"type":"LineString","coordinates":[[-73.968384,40.791724],[-73.968495,40.791574]]},"properties":{"kind":"major","name":"Columbus Avenue","bridge":false}},{"type":"Feature","geometry":{"type":"LineString","coordinates":[[-73.973957,40.784069],[-73.974073,40.783917]]},"properties":{"kind":"major","name":"Columbus Avenue","bridge":false}},{"type":"Feature","geometry":{"type":"LineString","coordinates":[[-73.965502,40.795651],[-73.965626,40.795486]]},"properties":{"kind":"major","name":"Columbus Avenue","bridge":false}},{"type":"Feature","geometry":{"type":"LineString","coordinates":[[-73.973029,40.785344],[-73.97315,40.785182]]},"properties":{"kind":"major","name":"Columbus Avenue","bridge":false}},{"type":"Feature","geometry":{"type":"LineString","coordinates":[[-73.974269,40.783646],[-73.97455,40.783259]]},"properties":{"kind":"major","name":"Columbus Avenue","bridge":false}},{"type":"Feature","geometry":{"type":"LineString","coordinates":[[-73.974073,40.783917],[-73.974269,40.783646]]},"properties":{"kind":"major","name":"Columbus Avenue","bridge":false}},{"type":"Feature","geometry":{"type":"LineString","coordinates":[[-73.969297,40.790471],[-73.969408,40.790318]]},"properties":{"kind":"major","name":"Columbus Avenue","bridge":false}},{"type":"Feature","geometry":{"type":"LineString","coordinates":[[-73.976156,40.781064],[-73.976444,40.780672]]},"properties":{"kind":"major","name":"Columbus Avenue","bridge":false}},{"type":"Feature","geometry":{"type":"LineString","coordinates":[[-73.971949,40.786828],[-73.972181,40.786497]]},"properties":{"kind":"major","name":"Columbus Avenue","bridge":false}},{"type":"Feature","geometry":{"type":"LineString","coordinates":[[-73.969408,40.790318],[-73.970222,40.789219]]},"properties":{"kind":"major","name":"Columbus Avenue","bridge":false}},{"type":"Feature","geometry":{"type":"LineString","coordinates":[[-73.971236,40.787799],[-73.971699,40.787174]]},"properties":{"kind":"major","name":"Columbus Avenue","bridge":false}},{"type":"Feature","geometry":{"type":"LineString","coordinates":[[-73.963843,40.797921],[-73.965502,40.795651]]},"properties":{"kind":"major","name":"Columbus Avenue","bridge":false}},{"type":"Feature","geometry":{"type":"LineString","coordinates":[[-73.967545,40.792876],[-73.968384,40.791724]]},"properties":{"kind":"major","name":"Columbus Avenue","bridge":false}},{"type":"Feature","geometry":{"type":"LineString","coordinates":[[-73.97315,40.785182],[-73.973613,40.784545]]},"properties":{"kind":"major","name":"Columbus Avenue","bridge":false}},{"type":"Feature","geometry":{"type":"LineString","coordinates":[[-73.970336,40.789059],[-73.971124,40.787957]]},"properties":{"kind":"major","name":"Columbus Avenue","bridge":false}},{"type":"Feature","geometry":{"type":"LineString","coordinates":[[-73.972181,40.786497],[-73.973029,40.785344]]},"properties":{"kind":"major","name":"Columbus Avenue","bridge":false}},{"type":"Feature","geometry":{"type":"LineString","coordinates":[[-73.970479,40.785783],[-73.971415,40.786173]]},"properties":{"kind":"major","name":"West 86th Street","bridge":false}},{"type":"Feature","geometry":{"type":"LineString","coordinates":[[-73.972181,40.786497],[-73.97501,40.787686]]},"properties":{"kind":"major","name":"West 86th Street","bridge":false}},{"type":"Feature","geometry":{"type":"LineString","coordinates":[[-73.976963,40.79535],[-73.976826,40.795492],[-73.976761,40.795545],[-73.976635,40.795626],[-73.976532,40.795662],[-73.976439,40.795671],[-73.976346,40.795657],[-73.976251,40.795615],[-73.976114,40.79553],[-73.976009,40.795494]]},"properties":{"kind":"highway","name":"","tunnel":"no","bridge":false}},{"type":"Feature","geometry":{"type":"LineString","coordinates":[[-74.001837,40.761457],[-74.001952,40.761308]]},"properties":{"kind":"highway","name":"12th Avenue","tunnel":"no","bridge":false}},{"type":"Feature","geometry":{"type":"LineString","coordinates":[[-74.002449,40.760221],[-74.00229,40.760443]]},"properties":{"kind":"highway","name":"12th Avenue","tunnel":"no","bridge":false}},{"type":"Feature","geometry":{"type":"LineString","coordinates":[[-74.002095,40.761112],[-74.00234,40.760778]]},"properties":{"kind":"highway","name":"12th Avenue","tunnel":"no","bridge":false}},{"type":"Feature","geometry":{"type":"LineString","coordinates":[[-73.973483,40.763654],[-73.973974,40.762972]]},"properties":{"kind":"major","name":"5th Avenue","bridge":false}},{"type":"Feature","geometry":{"type":"LineString","coordinates":[[-73.981996,40.768896],[-73.9822,40.76895]]},"properties":{"kind":"minor","name":"West 60th Street","bridge":false}},{"type":"Feature","geometry":{"type":"LineString","coordinates":[[-73.931501,40.827973],[-73.931398,40.827875],[-73.931308,40.827738]]},"properties":{"kind":"highway","name":"","tunnel":"no","bridge":true}},{"type":"Feature","geometry":{"type":"LineString","coordinates":[[-73.931348,40.827953],[-73.93132,40.827851],[-73.931308,40.827738]]},"properties":{"kind":"highway","name":"","tunnel":"no","bridge":true}},{"type":"Feature","geometry":{"type":"LineString","coordinates":[[-73.94378,40.81534],[-73.946675,40.816564],[-73.947836,40.817052],[-73.948009,40.817116]]},"properties":{"kind":"major","name":"West 135th Street","bridge":false}},{"type":"Feature","geometry":{"type":"LineString","coordinates":[[-73.937641,40.812756],[-73.940781,40.814081]]},"properties":{"kind":"major","name":"West 135th Street","bridge":false}},{"type":"Feature","geometry":{"type":"LineString","coordinates":[[-73.979954,40.753097],[-73.980333,40.753257]]},"properties":{"kind":"major","name":"East 42nd Street","bridge":false}},{"type":"Feature","geometry":{"type":"LineString","coordinates":[[-73.98138,40.752816],[-73.982199,40.751687]]},"properties":{"kind":"major","name":"5th Avenue","bridge":false}},{"type":"Feature","geometry":{"type":"LineString","coordinates":[[-73.979489,40.755413],[-73.979943,40.754783]]},"properties":{"kind":"major","name":"5th Avenue","bridge":false}},{"type":"Feature","geometry":{"type":"LineString","coordinates":[[-73.957692,40.801237],[-73.958012,40.800793]]},"properties":{"kind":"major","name":"Frederick Douglass Boulevard","bridge":false}},{"type":"Feature","geometry":{"type":"LineString","coordinates":[[-73.968013,40.804723],[-73.968119,40.804799],[-73.968144,40.80483],[-73.968173,40.804903],[-73.968179,40.804944],[-73.968161,40.805045],[-73.96812,40.80517],[-73.96795,40.805487],[-73.967922,40.805562],[-73.967934,40.805618],[-73.967955,40.805644],[-73.968055,40.805718]]},"properties":{"kind":"major","name":"West 110th Street","bridge":false}},{"type":"Feature","geometry":{"type":"LineString","coordinates":[[-73.958519,40.800117],[-73.958331,40.800368]]},"properties":{"kind":"major","name":"Central Park West","bridge":false}},{"type":"Feature","geometry":{"type":"LineString","coordinates":[[-73.981294,40.774008],[-73.981582,40.773612]]},"properties":{"kind":"major","name":"Columbus Avenue","bridge":false}},{"type":"Feature","geometry":{"type":"LineString","coordinates":[[-73.981582,40.773612],[-73.982047,40.772973]]},"properties":{"kind":"major","name":"Columbus Avenue","bridge":false}},{"type":"Feature","geometry":{"type":"LineString","coordinates":[[-73.981756,40.767684],[-73.981667,40.767715],[-73.981572,40.767761],[-73.981469,40.767849]]},"properties":{"kind":"major","name":"Columbus Circle","bridge":false}},{"type":"Feature","geometry":{"type":"LineString","coordinates":[[-73.982087,40.767705],[-73.981978,40.76768],[-73.981882,40.767675]]},"properties":{"kind":"major","name":"Columbus Circle","bridge":false}},{"type":"Feature","geometry":{"type":"LineString","coordinates":[[-73.981395,40.768104],[-73.981422,40.768187],[-73.981474,40.768263]]},"properties":{"kind":"major","name":"Columbus Circle","bridge":false}},{"type":"Feature","geometry":{"type":"LineString","coordinates":[[-73.958331,40.800368],[-73.958262,40.800345],[-73.958183,40.800338],[-73.958053,40.800356],[-73.957941,40.800418],[-73.957906,40.80045],[-73.957867,40.800521]]},"properties":{"kind":"major","name":"Frederick Douglass Circle","bridge":false}},{"type":"Feature","geometry":{"type":"LineString","coordinates":[[-73.954504,40.810693],[-73.95401,40.811367]]},"properties":{"kind":"minor","name":"Morningside Avenue","bridge":false}},{"type":"Feature","geometry":{"type":"LineString","coordinates":[[-73.958204,40.803877],[-73.9582,40.803765],[-73.95824,40.803276],[-73.958234,40.803103]]},"properties":{"kind":"minor","name":"Morningside Avenue","bridge":false}},{"type":"Feature","geometry":{"type":"LineString","coordinates":[[-73.983893,40.783792],[-73.984332,40.783351],[-73.984424,40.783244],[-73.984499,40.783126],[-73.985081,40.781771],[-73.985686,40.780311]]},"properties":{"kind":"major","name":"Riverside Drive","bridge":false}},{"type":"Feature","geometry":{"type":"LineString","coordinates":[[-73.982652,40.784976],[-73.9833,40.784355]]},"properties":{"kind":"major","name":"Riverside Drive","bridge":false}},{"type":"Feature","geometry":{"type":"LineString","coordinates":[[-73.967724,40.802871],[-73.967915,40.802682],[-73.968114,40.80234]]},"properties":{"kind":"major","name":"Broadway","bridge":false}},{"type":"Feature","geometry":{"type":"LineString","coordinates":[[-73.970368,40.794064],[-73.969988,40.794586]]},"properties":{"kind":"major","name":"Amsterdam Avenue","bridge":false}},{"type":"Feature","geometry":{"type":"LineString","coordinates":[[-73.983377,40.766032],[-73.982964,40.766592]]},"properties":{"kind":"major","name":"8th Avenue","bridge":false}},{"type":"Feature","geometry":{"type":"LineString","coordinates":[[-73.958084,40.784731],[-73.958557,40.784087]]},"properties":{"kind":"major","name":"5th Avenue","bridge":false}},{"type":"Feature","geometry":{"type":"LineString","coordinates":[[-73.958557,40.784087],[-73.958996,40.783463],[-73.959919,40.782211]]},"properties":{"kind":"major","name":"5th Avenue","bridge":false}},{"type":"Feature","geometry":{"type":"LineString","coordinates":[[-73.984945,40.753691],[-73.984596,40.754177]]},"properties":{"kind":"major","name":"6th Avenue","bridge":false}},{"type":"Feature","geometry":{"type":"LineString","coordinates":[[-73.936585,40.824915],[-73.93641,40.825156]]},"properties":{"kind":"major","name":"Adam Clayton Powell Jr. Boulevard","bridge":false}},{"type":"Feature","geometry":{"type":"LineString","coordinates":[[-73.936848,40.824841],[-73.937486,40.823965]]},"properties":{"kind":"major","name":"Adam Clayton Powell Jr. Boulevard","bridge":false}},{"type":"Feature","geometry":{"type":"LineString","coordinates":[[-73.944329,40.834645],[-73.943873,40.835274]]},"properties":{"kind":"major","name":"Broadway","bridge":false}},{"type":"Feature","geometry":{"type":"LineString","coordinates":[[-73.944084,40.835363],[-73.94453,40.83473]]},"properties":{"kind":"major","name":"Broadway","bridge":false}},{"type":"Feature","geometry":{"type":"LineString","coordinates":[[-73.944787,40.834026],[-73.944329,40.834645]]},"properties":{"kind":"major","name":"Broadway","bridge":false}},{"type":"Feature","geometry":{"type":"LineString","coordinates":[[-73.942473,40.844611],[-73.942952,40.843206]]},"properties":{"kind":"minor","name":"Haven Avenue","bridge":false}},{"type":"Feature","geometry":{"type":"LineString","coordinates":[[-73.951949,40.803865],[-73.952112,40.803934]]},"properties":{"kind":"major","name":"West 117th Street","bridge":false}},{"type":"Feature","geometry":{"type":"LineString","coordinates":[[-73.95165,40.804564],[-73.951485,40.804496]]},"properties":{"kind":"minor","name":"West 118th Street","bridge":false}},{"type":"Feature","geometry":{"type":"LineString","coordinates":[[-73.941997,40.827823],[-73.942503,40.828045]]},"properties":{"kind":"minor","name":"West 151st Street","bridge":false}},{"type":"Feature","geometry":{"type":"LineString","coordinates":[[-73.94453,40.83473],[-73.945346,40.835057]]},"properties":{"kind":"major","name":"West 158th Street","bridge":false}},{"type":"Feature","geometry":{"type":"LineString","coordinates":[[-73.925372,40.83263],[-73.923488,40.831973]]},"properties":{"kind":"minor","name":"East 165th Street","bridge":false}},{"type":"Feature","geometry":{"type":"LineString","coordinates":[[-73.928886,40.829113],[-73.929033,40.829028]]},"properties":{"kind":"major","name":"Macombs Dam Bridge","bridge":false}},{"type":"Feature","geometry":{"type":"LineString","coordinates":[[-73.927619,40.837721],[-73.927092,40.838625]]},"properties":{"kind":"minor","name":"University Avenue","bridge":false}},{"type":"Feature","geometry":{"type":"LineString","coordinates":[[-73.94007,40.830344],[-73.940137,40.830372]]},"properties":{"kind":"major","name":"West 155th Street","bridge":false}},{"type":"Feature","geometry":{"type":"LineString","coordinates":[[-73.928139,40.838771],[-73.928516,40.839548]]},"properties":{"kind":"major","name":"West 167th Street","bridge":false}},{"type":"Feature","geometry":{"type":"LineString","coordinates":[[-73.927092,40.838625],[-73.928139,40.838771]]},"properties":{"kind":"minor","name":"West 168th Street","bridge":false}},{"type":"Feature","geometry":{"type":"LineString","coordinates":[[-73.982311,40.773085],[-73.982302,40.772864]]},"properties":{"kind":"major","name":"Broadway","bridge":false}},{"type":"Feature","geometry":{"type":"LineString","coordinates":[[-73.982311,40.773085],[-73.982106,40.772998]]},"properties":{"kind":"major","name":"West 65th Street","bridge":false}},{"type":"Feature","geometry":{"type":"LineString","coordinates":[[-73.971793,40.800475],[-73.97226,40.800161],[-73.972567,40.799917],[-73.972745,40.799755],[-73.972955,40.799533],[-73.973482,40.798928],[-73.973711,40.798646],[-73.973835,40.798475],[-73.973941,40.798305],[-73.974022,40.798153],[-73.974114,40.797906],[-73.974136,40.797798],[-73.974153,40.797657],[-73.974152,40.797511],[-73.974104,40.79712],[-73.974102,40.796983]]},"properties":{"kind":"major","name":"Riverside Drive","bridge":false}},{"type":"Feature","geometry":{"type":"LineString","coordinates":[[-73.939247,40.841831],[-73.939129,40.841887],[-73.9391,40.841919]]},"properties":{"kind":"major","name":"Saint Nicholas Avenue","bridge":false}},{"type":"Feature","geometry":{"type":"LineString","coordinates":[[-73.976291,40.822189],[-73.976202,40.822215],[-73.976091,40.822221],[-73.97587,40.822184]]},"properties":{"kind":"minor","name":"Portside Drive","bridge":false}},{"type":"Feature","geometry":{"type":"LineString","coordinates":[[-73.963477,40.810373],[-73.959712,40.815536]]},"properties":{"kind":"minor","name":"Claremont Avenue","bridge":false}},{"type":"Feature","geometry":{"type":"LineString","coordinates":[[-73.984432,40.754407],[-73.984118,40.754842]]},"properties":{"kind":"major","name":"6th Avenue","bridge":false}},{"type":"Feature","geometry":{"type":"LineString","coordinates":[[-73.982076,40.772168],[-73.979659,40.771161]]},"properties":{"kind":"minor","name":"West 64th Street","bridge":false}},{"type":"Feature","geometry":{"type":"LineString","coordinates":[[-73.985137,40.759438],[-73.98706,40.760234],[-73.990316,40.761605]]},"properties":{"kind":"minor","name":"West 47th Street","bridge":false}},{"type":"Feature","geometry":{"type":"LineString","coordinates":[[-73.984619,40.759223],[-73.985137,40.759438]]},"properties":{"kind":"minor","name":"West 47th Street","bridge":false}},{"type":"Feature","geometry":{"type":"LineString","coordinates":[[-74.015497,40.782759],[-74.014423,40.782274]]},"properties":{"kind":"minor","name":"53rd Street","bridge":false}},{"type":"Feature","geometry":{"type":"LineString","coordinates":[[-73.943357,40.825956],[-73.943335,40.826023],[-73.943164,40.826403]]},"properties":{"kind":"major","name":"Saint Nicholas Avenue","bridge":false}},{"type":"Feature","geometry":{"type":"LineString","coordinates":[[-73.941997,40.827823],[-73.940268,40.830193]]},"properties":{"kind":"major","name":"Saint Nicholas Place","bridge":false}},{"type":"Feature","geometry":{"type":"LineString","coordinates":[[-73.966798,40.804215],[-73.966601,40.804133]]},"properties":{"kind":"major","name":"West 110th Street","bridge":false}},{"type":"Feature","geometry":{"type":"LineString","coordinates":[[-73.961964,40.810499],[-73.962159,40.81058]]},"properties":{"kind":"minor","name":"West 120th Street","bridge":false}},{"type":"Feature","geometry":{"type":"LineString","coordinates":[[-73.972399,40.794031],[-73.972159,40.793931]]},"properties":{"kind":"major","name":"West 95th Street","bridge":false}},{"type":"Feature","geometry":{"type":"LineString","coordinates":[[-73.94658,40.831565],[-73.945749,40.832732]]},"properties":{"kind":"major","name":"Broadway","bridge":false}},{"type":"Feature","geometry":{"type":"LineString","coordinates":[[-73.947093,40.830787],[-73.944423,40.829661]]},"properties":{"kind":"minor","name":"West 152nd Street","bridge":false}},{"type":"Feature","geometry":{"type":"LineString","coordinates":[[-73.949256,40.831695],[-73.947338,40.830895]]},"properties":{"kind":"minor","name":"West 152nd Street","bridge":false}},{"type":"Feature","geometry":{"type":"LineString","coordinates":[[-73.946156,40.832507],[-73.946872,40.831521]]},"properties":{"kind":"major","name":"Broadway","bridge":false}},{"type":"Feature","geometry":{"type":"LineString","coordinates":[[-73.942972,40.831574],[-73.945253,40.832524]]},"properties":{"kind":"major","name":"West 155th Street","bridge":false}},{"type":"Feature","geometry":{"type":"LineString","coordinates":[[-73.952212,40.818932],[-73.95168,40.819637],[-73.948092,40.82455]]},"properties":{"kind":"major","name":"Amsterdam Avenue","bridge":false}},{"type":"Feature","geometry":{"type":"LineString","coordinates":[[-73.955186,40.820162],[-73.957398,40.821086],[-73.957492,40.82116]]},"properties":{"kind":"major","name":"West 135th Street","bridge":false}},{"type":"Feature","geometry":{"type":"LineString","coordinates":[[-73.958727,40.810002],[-73.958463,40.810368]]},"properties":{"kind":"major","name":"Amsterdam Avenue","bridge":false}},{"type":"Feature","geometry":{"type":"LineString","coordinates":[[-73.978549,40.755021],[-73.979489,40.755413]]},"properties":{"kind":"major","name":"East 45th Street","bridge":false}},{"type":"Feature","geometry":{"type":"LineString","coordinates":[[-73.979023,40.756037],[-73.979489,40.755413]]},"properties":{"kind":"major","name":"5th Avenue","bridge":false}},{"type":"Feature","geometry":{"type":"LineString","coordinates":[[-73.976725,40.757518],[-73.977662,40.75791]]},"properties":{"kind":"major","name":"East 49th Street","bridge":false}},{"type":"Feature","geometry":{"type":"LineString","coordinates":[[-73.977206,40.758544],[-73.977662,40.75791]]},"properties":{"kind":"major","name":"5th Avenue","bridge":false}},{"type":"Feature","geometry":{"type":"LineString","coordinates":[[-73.975844,40.760408],[-73.976741,40.759176]]},"properties":{"kind":"major","name":"5th Avenue","bridge":false}},{"type":"Feature","geometry":{"type":"LineString","coordinates":[[-73.975381,40.761047],[-73.975844,40.760408]]},"properties":{"kind":"major","name":"5th Avenue","bridge":false}},{"type":"Feature","geometry":{"type":"LineString","coordinates":[[-73.971615,40.764515],[-73.972067,40.764703]]},"properties":{"kind":"major","name":"East 60th Street","bridge":false}},{"type":"Feature","geometry":{"type":"LineString","coordinates":[[-73.939788,40.835558],[-73.939778,40.835602],[-73.939754,40.83562],[-73.939578,40.83567]]},"properties":{"kind":"minor","name":"Saint Nicholas Avenue","bridge":false}},{"type":"Feature","geometry":{"type":"LineString","coordinates":[[-73.981882,40.767675],[-73.981756,40.767684]]},"properties":{"kind":"major","name":"Columbus Circle","bridge":false}},{"type":"Feature","geometry":{"type":"LineString","coordinates":[[-73.981679,40.768399],[-73.981777,40.768413],[-73.981979,40.768412],[-73.982119,40.768375],[-73.982263,40.768305]]},"properties":{"kind":"major","name":"Columbus Circle","bridge":false}},{"type":"Feature","geometry":{"type":"LineString","coordinates":[[-73.982386,40.768102],[-73.982389,40.768028],[-73.982381,40.76798],[-73.982343,40.767893],[-73.982311,40.767849],[-73.982223,40.76777],[-73.982087,40.767705]]},"properties":{"kind":"major","name":"Columbus Circle","bridge":false}},{"type":"Feature","geometry":{"type":"LineString","coordinates":[[-73.984317,40.769855],[-73.984769,40.769231]]},"properties":{"kind":"major","name":"Columbus Avenue","bridge":false}},{"type":"Feature","geometry":{"type":"LineString","coordinates":[[-73.993607,40.762185],[-73.992652,40.763493]]},"properties":{"kind":"major","name":"10th Avenue","bridge":false}},{"type":"Feature","geometry":{"type":"LineString","coordinates":[[-73.958204,40.803877],[-73.95825,40.804738],[-73.958288,40.805242],[-73.958281,40.80536],[-73.95826,40.805462],[-73.958243,40.805516],[-73.958191,40.805614]]},"properties":{"kind":"minor","name":"Morningside Avenue","bridge":false}},{"type":"Feature","geometry":{"type":"LineString","coordinates":[[-73.994229,40.770626],[-73.994066,40.770563]]},"properties":{"kind":"minor","name":"West 56th Street","bridge":false}},{"type":"Feature","geometry":{"type":"LineString","coordinates":[[-73.994229,40.770626],[-73.994196,40.770889],[-73.994166,40.770998],[-73.994107,40.771101],[-73.993963,40.77127],[-73.993936,40.771287],[-73.993862,40.771298],[-73.993566,40.771227]]},"properties":{"kind":"major","name":"12th Avenue","bridge":false}},{"type":"Feature","geometry":{"type":"LineString","coordinates":[[-73.983166,40.756142],[-73.980458,40.755001]]},"properties":{"kind":"minor","name":"West 44th Street","bridge":false}},{"type":"Feature","geometry":{"type":"LineString","coordinates":[[-73.979943,40.754783],[-73.980392,40.754165]]},"properties":{"kind":"major","name":"5th Avenue","bridge":false}},{"type":"Feature","geometry":{"type":"LineString","coordinates":[[-73.983166,40.756142],[-73.980418,40.759911]]},"properties":{"kind":"major","name":"6th Avenue","bridge":false}},{"type":"Feature","geometry":{"type":"LineString","coordinates":[[-73.999772,40.76316],[-73.999599,40.763072]]},"properties":{"kind":"minor","name":"West 44th Street","bridge":false}},{"type":"Feature","geometry":{"type":"LineString","coordinates":[[-73.997803,40.765578],[-73.997594,40.765497]]},"properties":{"kind":"minor","name":"West 48th Street","bridge":false}},{"type":"Feature","geometry":{"type":"LineString","coordinates":[[-73.982072,40.777947],[-73.981892,40.778188]]},"properties":{"kind":"major","name":"Amsterdam Avenue","bridge":false}},{"type":"Feature","geometry":{"type":"LineString","coordinates":[[-73.981971,40.777859],[-73.982096,40.777912]]},"properties":{"kind":"minor","name":"West 71st Street","bridge":false}},{"type":"Feature","geometry":{"type":"LineString","coordinates":[[-73.966314,40.804863],[-73.967721,40.805461]]},"properties":{"kind":"minor","name":"West 111th Street","bridge":false}},{"type":"Feature","geometry":{"type":"LineString","coordinates":[[-73.968013,40.804723],[-73.967962,40.804766],[-73.967917,40.804864],[-73.967873,40.805174],[-73.967837,40.805284],[-73.967562,40.805709],[-73.967373,40.806127],[-73.967235,40.806568],[-73.966916,40.807506],[-73.966962,40.807599]]},"properties":{"kind":"minor","name":"Riverside Drive","bridge":false}},{"type":"Feature","geometry":{"type":"LineString","coordinates":[[-73.989996,40.77224],[-73.99105,40.772697]]},"properties":{"kind":"minor","name":"West 60th Street","bridge":false}},{"type":"Feature","geometry":{"type":"LineString","coordinates":[[-73.991751,40.772174],[-73.991648,40.772259],[-73.991121,40.772643],[-73.990996,40.772747],[-73.990561,40.773306]]},"properties":{"kind":"minor","name":"Freedom Place South","bridge":false}},{"type":"Feature","geometry":{"type":"LineString","coordinates":[[-74.001229,40.798898],[-74.001084,40.798932],[-74.000937,40.79911],[-74.000919,40.799146],[-74.000927,40.7992],[-74.000991,40.799282]]},"properties":{"kind":"minor","name":"Park Drive","bridge":false}},{"type":"Feature","geometry":{"type":"LineString","coordinates":[[-74.000991,40.799282],[-74.001215,40.798991],[-74.001229,40.798898]]},"properties":{"kind":"minor","name":"Park Drive","bridge":false}},{"type":"Feature","geometry":{"type":"LineString","coordinates":[[-74.002353,40.800772],[-74.002345,40.800768]]},"properties":{"kind":"minor","name":"Park Drive","bridge":false}},{"type":"Feature","geometry":{"type":"LineString","coordinates":[[-73.941634,40.843451],[-73.941841,40.843183],[-73.941932,40.843021],[-73.942285,40.842154]]},"properties":{"kind":"major","name":"Fort Washington Avenue","bridge":false}},{"type":"Feature","geometry":{"type":"LineString","coordinates":[[-73.95068,40.810843],[-73.950216,40.811478]]},"properties":{"kind":"major","name":"Frederick Douglass Boulevard","bridge":false}},{"type":"Feature","geometry":{"type":"LineString","coordinates":[[-73.984619,40.759223],[-73.985079,40.758597]]},"properties":{"kind":"major","name":"7th Avenue","bridge":false}},{"type":"Feature","geometry":{"type":"LineString","coordinates":[[-73.9833,40.784355],[-73.983893,40.783792]]},"properties":{"kind":"major","name":"Riverside Drive","bridge":false}},{"type":"Feature","geometry":{"type":"LineString","coordinates":[[-73.944712,40.841039],[-73.944483,40.841304],[-73.944363,40.841489]]},"properties":{"kind":"major","name":"Riverside Drive","bridge":false}},{"type":"Feature","geometry":{"type":"LineString","coordinates":[[-73.984059,40.77382],[-73.98402,40.773803]]},"properties":{"kind":"major","name":"West 65th Street","bridge":false}},{"type":"Feature","geometry":{"type":"LineString","coordinates":[[-73.984852,40.774164],[-73.984059,40.77382]]},"properties":{"kind":"major","name":"West 65th Street","bridge":false}},{"type":"Feature","geometry":{"type":"LineString","coordinates":[[-73.962089,40.780895],[-73.961756,40.780567],[-73.961469,40.780314],[-73.961363,40.780232]]},"properties":{"kind":"major","name":"86th Street Transverse","bridge":false}},{"type":"Feature","geometry":{"type":"LineString","coordinates":[[-74.002203,40.760562],[-74.002067,40.760747]]},"properties":{"kind":"highway","name":"12th Avenue","tunnel":"no","bridge":false}},{"type":"Feature","geometry":{"type":"LineString","coordinates":[[-73.977196,40.764324],[-73.980036,40.765521]]},"properties":{"kind":"major","name":"West 57th Street","bridge":false}},{"type":"Feature","geometry":{"type":"LineString","coordinates":[[-73.979532,40.766213],[-73.980036,40.765521]]},"properties":{"kind":"major","name":"7th Avenue","bridge":false}},{"type":"Feature","geometry":{"type":"LineString","coordinates":[[-73.980036,40.765521],[-73.981433,40.763595]]},"properties":{"kind":"major","name":"7th Avenue","bridge":false}},{"type":"Feature","geometry":{"type":"LineString","coordinates":[[-73.976289,40.759799],[-73.97535,40.759401]]},"properties":{"kind":"minor","name":"East 52nd Street","bridge":false}},{"type":"Feature","geometry":{"type":"LineString","coordinates":[[-73.951178,40.810176],[-73.95068,40.810843]]},"properties":{"kind":"major","name":"Frederick Douglass Boulevard","bridge":false}},{"type":"Feature","geometry":{"type":"LineString","coordinates":[[-73.952918,40.807775],[-73.95258,40.808235]]},"properties":{"kind":"major","name":"Frederick Douglass Boulevard","bridge":false}},{"type":"Feature","geometry":{"type":"LineString","coordinates":[[-73.951178,40.810176],[-73.95188,40.810469]]},"properties":{"kind":"major","name":"West 125th Street","bridge":false}},{"type":"Feature","geometry":{"type":"LineString","coordinates":[[-73.95259,40.810767],[-73.953577,40.811183]]},"properties":{"kind":"major","name":"West 125th Street","bridge":false}},{"type":"Feature","geometry":{"type":"LineString","coordinates":[[-73.953077,40.814301],[-73.952779,40.816439],[-73.952734,40.816571],[-73.951875,40.817768],[-73.951789,40.817868],[-73.951696,40.817952],[-73.951562,40.818042],[-73.950866,40.81839]]},"properties":{"kind":"major","name":"Convent Avenue","bridge":false}},{"type":"Feature","geometry":{"type":"LineString","coordinates":[[-73.950866,40.81839],[-73.950772,40.81835]]},"properties":{"kind":"major","name":"West 135th Street","bridge":false}},{"type":"Feature","geometry":{"type":"LineString","coordinates":[[-73.977196,40.764324],[-73.976496,40.765292]]},"properties":{"kind":"major","name":"6th Avenue","bridge":false}},{"type":"Feature","geometry":{"type":"LineString","coordinates":[[-73.977196,40.764324],[-73.973974,40.762972]]},"properties":{"kind":"major","name":"West 57th Street","bridge":false}},{"type":"Feature","geometry":{"type":"LineString","coordinates":[[-73.945179,40.813423],[-73.945019,40.813357]]},"properties":{"kind":"minor","name":"West 132nd Street","bridge":false}},{"type":"Feature","geometry":{"type":"LineString","coordinates":[[-73.944928,40.813771],[-73.945179,40.813423]]},"properties":{"kind":"major","name":"Adam Clayton Powell Jr. Boulevard","bridge":false}},{"type":"Feature","geometry":{"type":"LineString","coordinates":[[-73.944267,40.814669],[-73.944731,40.814046]]},"properties":{"kind":"major","name":"Adam Clayton Powell Jr. Boulevard","bridge":false}},{"type":"Feature","geometry":{"type":"LineString","coordinates":[[-73.966601,40.804133],[-73.966358,40.804488],[-73.966134,40.804788]]},"properties":{"kind":"major","name":"Broadway","bridge":false}},{"type":"Feature","geometry":{"type":"LineString","coordinates":[[-73.966314,40.804863],[-73.966798,40.804215]]},"properties":{"kind":"major","name":"Broadway","bridge":false}},{"type":"Feature","geometry":{"type":"LineString","coordinates":[[-73.945077,40.808481],[-73.945261,40.808231]]},"properties":{"kind":"major","name":"Malcolm X Boulevard","bridge":false}},{"type":"Feature","geometry":{"type":"LineString","coordinates":[[-73.944616,40.809105],[-73.945077,40.808481]]},"properties":{"kind":"major","name":"Malcolm X Boulevard","bridge":false}},{"type":"Feature","geometry":{"type":"LineString","coordinates":[[-73.944466,40.809039],[-73.944616,40.809105]]},"properties":{"kind":"minor","name":"West 127th Street","bridge":false}},{"type":"Feature","geometry":{"type":"LineString","coordinates":[[-73.941312,40.807711],[-73.944466,40.809039]]},"properties":{"kind":"minor","name":"West 127th Street","bridge":false}},{"type":"Feature","geometry":{"type":"LineString","coordinates":[[-73.944927,40.808419],[-73.944466,40.809039]]},"properties":{"kind":"major","name":"Malcolm X Boulevard","bridge":false}},{"type":"Feature","geometry":{"type":"LineString","coordinates":[[-73.969116,40.80358],[-73.968584,40.804293],[-73.968369,40.804466],[-73.968013,40.804723]]},"properties":{"kind":"minor","name":"Riverside Drive","bridge":false}},{"type":"Feature","geometry":{"type":"LineString","coordinates":[[-73.96589,40.80886],[-73.966059,40.808698],[-73.96657,40.80826],[-73.966799,40.807984],[-73.96705,40.807628]]},"properties":{"kind":"major","name":"Riverside Drive","bridge":false}},{"type":"Feature","geometry":{"type":"LineString","coordinates":[[-73.969369,40.803683],[-73.969282,40.803648]]},"properties":{"kind":"major","name":"","bridge":false}},{"type":"Feature","geometry":{"type":"LineString","coordinates":[[-73.938665,40.822345],[-73.938869,40.822066]]},"properties":{"kind":"major","name":"Adam Clayton Powell Jr. Boulevard","bridge":false}},{"type":"Feature","geometry":{"type":"LineString","coordinates":[[-73.978141,40.763042],[-73.979901,40.763785],[-73.980977,40.764227],[-73.982335,40.764822],[-73.983599,40.765354],[-73.984259,40.765619],[-73.992322,40.769017]]},"properties":{"kind":"minor","name":"West 55th Street","bridge":false}},{"type":"Feature","geometry":{"type":"LineString","coordinates":[[-74.021231,40.768622],[-74.021299,40.768303]]},"properties":{"kind":"major","name":"Boulevard East","bridge":false}},{"type":"Feature","geometry":{"type":"LineString","coordinates":[[-74.023693,40.76979],[-74.023704,40.769574]]},"properties":{"kind":"major","name":"Park Avenue","bridge":false}},{"type":"Feature","geometry":{"type":"LineString","coordinates":[[-73.967906,40.802251],[-73.96956,40.802938]]},"properties":{"kind":"minor","name":"West 107th Street","bridge":false}},{"type":"Feature","geometry":{"type":"LineString","coordinates":[[-73.967724,40.802871],[-73.967832,40.802569],[-73.967906,40.802251]]},"properties":{"kind":"major","name":"Broadway","bridge":false}},{"type":"Feature","geometry":{"type":"LineString","coordinates":[[-73.957692,40.801237],[-73.959142,40.801851]]},"properties":{"kind":"minor","name":"West 111th Street","bridge":false}},{"type":"Feature","geometry":{"type":"LineString","coordinates":[[-73.955697,40.814141],[-73.957484,40.816185]]},"properties":{"kind":"minor","name":"West 126th Street","bridge":false}},{"type":"Feature","geometry":{"type":"LineString","coordinates":[[-73.992219,40.756582],[-73.990876,40.756016]]},"properties":{"kind":"minor","name":"West 40th Street","bridge":false}},{"type":"Feature","geometry":{"type":"LineString","coordinates":[[-73.957738,40.821086],[-73.957595,40.82112],[-73.957492,40.82116]]},"properties":{"kind":"major","name":"Riverside Drive","bridge":false}},{"type":"Feature","geometry":{"type":"LineString","coordinates":[[-73.982873,40.766716],[-73.984163,40.767259]]},"properties":{"kind":"major","name":"West 57th Street","bridge":false}},{"type":"Feature","geometry":{"type":"LineString","coordinates":[[-73.999599,40.763072],[-73.999442,40.763188],[-73.999267,40.763339],[-73.998973,40.763629]]},"properties":{"kind":"highway","name":"12th Avenue","tunnel":"no","bridge":false}},{"type":"Feature","geometry":{"type":"LineString","coordinates":[[-74.000289,40.762552],[-73.999599,40.763072]]},"properties":{"kind":"highway","name":"12th Avenue","tunnel":"no","bridge":false}},{"type":"Feature","geometry":{"type":"LineString","coordinates":[[-74.000139,40.76291],[-74.00053,40.762647]]},"properties":{"kind":"highway","name":"12th Avenue","tunnel":"no","bridge":false}},{"type":"Feature","geometry":{"type":"LineString","coordinates":[[-73.938931,40.81665],[-73.935767,40.815339]]},"properties":{"kind":"minor","name":"West 139th Street","bridge":false}},{"type":"Feature","geometry":{"type":"LineString","coordinates":[[-73.971271,40.801074],[-73.971178,40.801034]]},"properties":{"kind":"major","name":"","bridge":false}},{"type":"Feature","geometry":{"type":"LineString","coordinates":[[-73.969039,40.804009],[-73.968699,40.804529],[-73.968519,40.804835],[-73.968055,40.805718]]},"properties":{"kind":"major","name":"Riverside Drive","bridge":false}},{"type":"Feature","geometry":{"type":"LineString","coordinates":[[-73.968144,40.805749],[-73.96848,40.805105],[-73.968731,40.804652],[-73.968963,40.804283],[-73.969369,40.803683]]},"properties":{"kind":"major","name":"Riverside Drive","bridge":false}},{"type":"Feature","geometry":{"type":"LineString","coordinates":[[-73.969282,40.803648],[-73.969116,40.80358]]},"properties":{"kind":"minor","name":"West 108th Street","bridge":false}},{"type":"Feature","geometry":{"type":"LineString","coordinates":[[-73.968055,40.805718],[-73.968144,40.805749]]},"properties":{"kind":"major","name":"","bridge":false}},{"type":"Feature","geometry":{"type":"LineString","coordinates":[[-73.967373,40.806944],[-73.967474,40.806979]]},"properties":{"kind":"major","name":"","bridge":false}},{"type":"Feature","geometry":{"type":"LineString","coordinates":[[-73.96705,40.807628],[-73.966962,40.807599]]},"properties":{"kind":"major","name":"","bridge":false}},{"type":"Feature","geometry":{"type":"LineString","coordinates":[[-73.966476,40.808222],[-73.96657,40.80826]]},"properties":{"kind":"major","name":"","bridge":false}},{"type":"Feature","geometry":{"type":"LineString","coordinates":[[-73.96579,40.808818],[-73.96589,40.80886]]},"properties":{"kind":"major","name":"","bridge":false}},{"type":"Feature","geometry":{"type":"LineString","coordinates":[[-73.971793,40.800475],[-73.971589,40.800584],[-73.971498,40.800655],[-73.971377,40.800778],[-73.971178,40.801034],[-73.969282,40.803648]]},"properties":{"kind":"major","name":"Riverside Drive","bridge":false}},{"type":"Feature","geometry":{"type":"LineString","coordinates":[[-73.968055,40.805718],[-73.967758,40.8063],[-73.967421,40.806875],[-73.966962,40.807599]]},"properties":{"kind":"major","name":"Riverside Drive","bridge":false}},{"type":"Feature","geometry":{"type":"LineString","coordinates":[[-73.969369,40.803683],[-73.971316,40.801011],[-73.971439,40.800845],[-73.971572,40.800693]]},"properties":{"kind":"major","name":"Riverside Drive","bridge":false}},{"type":"Feature","geometry":{"type":"LineString","coordinates":[[-73.965723,40.808914],[-73.964387,40.810751]]},"properties":{"kind":"major","name":"Riverside Drive","bridge":false}},{"type":"Feature","geometry":{"type":"LineString","coordinates":[[-73.964387,40.810751],[-73.963955,40.811337]]},"properties":{"kind":"major","name":"Riverside Drive","bridge":false}},{"type":"Feature","geometry":{"type":"LineString","coordinates":[[-73.964467,40.810785],[-73.965812,40.80895]]},"properties":{"kind":"major","name":"Riverside Drive","bridge":false}},{"type":"Feature","geometry":{"type":"LineString","coordinates":[[-73.964536,40.808915],[-73.963477,40.810373]]},"properties":{"kind":"minor","name":"Claremont Avenue","bridge":false}},{"type":"Feature","geometry":{"type":"LineString","coordinates":[[-73.978557,40.756659],[-73.979023,40.756037]]},"properties":{"kind":"major","name":"5th Avenue","bridge":false}},{"type":"Feature","geometry":{"type":"LineString","coordinates":[[-73.980879,40.753481],[-73.983634,40.754639]]},"properties":{"kind":"major","name":"West 42nd Street","bridge":false}},{"type":"Feature","geometry":{"type":"LineString","coordinates":[[-73.980392,40.754165],[-73.980879,40.753481]]},"properties":{"kind":"major","name":"5th Avenue","bridge":false}},{"type":"Feature","geometry":{"type":"LineString","coordinates":[[-73.980879,40.753481],[-73.98138,40.752816]]},"properties":{"kind":"major","name":"5th Avenue","bridge":false}},{"type":"Feature","geometry":{"type":"LineString","coordinates":[[-73.940935,40.814145],[-73.941199,40.81378]]},"properties":{"kind":"major","name":"Malcolm X Boulevard","bridge":false}},{"type":"Feature","geometry":{"type":"LineString","coordinates":[[-73.94029,40.814754],[-73.939994,40.81516]]},"properties":{"kind":"major","name":"Malcolm X Boulevard","bridge":false}},{"type":"Feature","geometry":{"type":"LineString","coordinates":[[-73.940781,40.814081],[-73.940935,40.814145]]},"properties":{"kind":"major","name":"West 135th Street","bridge":false}},{"type":"Feature","geometry":{"type":"LineString","coordinates":[[-73.964878,40.801546],[-73.964736,40.801739]]},"properties":{"kind":"major","name":"Amsterdam Avenue","bridge":false}},{"type":"Feature","geometry":{"type":"LineString","coordinates":[[-73.924298,40.83602],[-73.926113,40.836614],[-73.927123,40.836929]]},"properties":{"kind":"minor","name":"West 167th Street","bridge":false}},{"type":"Feature","geometry":{"type":"LineString","coordinates":[[-73.939734,40.835281],[-73.939788,40.835558]]},"properties":{"kind":"minor","name":"Saint Nicholas Avenue","bridge":false}},{"type":"Feature","geometry":{"type":"LineString","coordinates":[[-73.994721,40.769204],[-73.992988,40.768472],[-73.992786,40.76837]]},"properties":{"kind":"major","name":"West 54th Street","bridge":false}},{"type":"Feature","geometry":{"type":"LineString","coordinates":[[-73.926031,40.827661],[-73.925591,40.827531]]},"properties":{"kind":"major","name":"East 161st Street","bridge":false}},{"type":"Feature","geometry":{"type":"LineString","coordinates":[[-73.964808,40.851711],[-73.965342,40.850733],[-73.965392,40.850665]]},"properties":{"kind":"minor","name":"Bigler Street","bridge":false}},{"type":"Feature","geometry":{"type":"LineString","coordinates":[[-73.95036,40.826403],[-73.949867,40.827067],[-73.948056,40.829567],[-73.947603,40.830183],[-73.947131,40.830803]]},"properties":{"kind":"major","name":"Broadway","bridge":false}},{"type":"Feature","geometry":{"type":"LineString","coordinates":[[-73.950392,40.826417],[-73.950564,40.826489]]},"properties":{"kind":"major","name":"West 145th Street","bridge":false}},{"type":"Feature","geometry":{"type":"LineString","coordinates":[[-73.964295,40.807305],[-73.963801,40.807987]]},"properties":{"kind":"major","name":"Broadway","bridge":false}},{"type":"Feature","geometry":{"type":"LineString","coordinates":[[-73.964489,40.807386],[-73.965403,40.806118]]},"properties":{"kind":"major","name":"Broadway","bridge":false}},{"type":"Feature","geometry":{"type":"LineString","coordinates":[[-73.966549,40.848481],[-73.966645,40.84854],[-73.966718,40.848614],[-73.966802,40.848662],[-73.966865,40.848677],[-73.966931,40.848679],[-73.966999,40.848667],[-73.967054,40.848645]]},"properties":{"kind":"minor","name":"Federspiel Street","bridge":false}},{"type":"Feature","geometry":{"type":"LineString","coordinates":[[-73.966593,40.848409],[-73.966731,40.84845],[-73.966871,40.848479],[-73.966956,40.848462],[-73.967046,40.848466],[-73.967509,40.848525]]},"properties":{"kind":"minor","name":"Old Palisade Road","bridge":false}},{"type":"Feature","geometry":{"type":"LineString","coordinates":[[-73.966272,40.848476],[-73.966281,40.848508],[-73.966271,40.84854],[-73.966111,40.848875],[-73.96611,40.84891],[-73.966174,40.848959],[-73.966179,40.848992],[-73.965875,40.849719]]},"properties":{"kind":"minor","name":"Kaufers Lane","bridge":false}},{"type":"Feature","geometry":{"type":"LineString","coordinates":[[-73.966981,40.846723],[-73.966833,40.847058]]},"properties":{"kind":"minor","name":"Burdette Court","bridge":false}},{"type":"Feature","geometry":{"type":"LineString","coordinates":[[-73.974798,40.838383],[-73.974661,40.838077],[-73.974641,40.838056],[-73.974612,40.838042],[-73.974535,40.838037],[-73.974488,40.838043],[-73.974452,40.838066],[-73.974431,40.838111],[-73.974434,40.838156],[-73.974454,40.838195],[-73.974503,40.838226],[-73.974544,40.838231],[-73.974659,40.838276],[-73.974798,40.838383]]},"properties":{"kind":"minor","name":"Horizon Road","bridge":false}},{"type":"Feature","geometry":{"type":"LineString","coordinates":[[-73.974605,40.836909],[-73.974526,40.836912],[-73.974291,40.836876],[-73.974225,40.836892],[-73.974175,40.836933],[-73.974169,40.836987],[-73.974202,40.837018],[-73.974264,40.83705],[-73.974341,40.837076],[-73.974413,40.837088],[-73.974444,40.837084],[-73.974483,40.837069],[-73.974516,40.83704],[-73.974605,40.836909]]},"properties":{"kind":"minor","name":"Duncan Road","bridge":false}},{"type":"Feature","geometry":{"type":"LineString","coordinates":[[-73.975553,40.8375],[-73.975238,40.837417],[-73.97509,40.837353]]},"properties":{"kind":"minor","name":"Virginia Avenue","bridge":false}},{"type":"Feature","geometry":{"type":"LineString","coordinates":[[-73.975207,40.83547],[-73.974824,40.835524],[-73.974717,40.835549],[-73.974656,40.835594],[-73.97463,40.835633]]},"properties":{"kind":"minor","name":"Cresent Court","bridge":false}},{"type":"Feature","geometry":{"type":"LineString","coordinates":[[-73.975477,40.836759],[-73.975992,40.836899]]},"properties":{"kind":"minor","name":"Euclid Road","bridge":false}},{"type":"Feature","geometry":{"type":"LineString","coordinates":[[-73.954066,40.821358],[-73.953599,40.821988]]},"properties":{"kind":"major","name":"Broadway","bridge":false}},{"type":"Feature","geometry":{"type":"LineString","coordinates":[[-73.954249,40.821436],[-73.954693,40.820817]]},"properties":{"kind":"major","name":"Broadway","bridge":false}},{"type":"Feature","geometry":{"type":"LineString","coordinates":[[-73.956747,40.821694],[-73.954693,40.820817]]},"properties":{"kind":"minor","name":"West 136th Street","bridge":false}},{"type":"Feature","geometry":{"type":"LineString","coordinates":[[-73.954523,40.820748],[-73.951731,40.819567]]},"properties":{"kind":"minor","name":"West 136th Street","bridge":false}},{"type":"Feature","geometry":{"type":"LineString","coordinates":[[-73.95497,40.820072],[-73.954523,40.820748]]},"properties":{"kind":"major","name":"Broadway","bridge":false}},{"type":"Feature","geometry":{"type":"LineString","coordinates":[[-73.954693,40.820817],[-73.955186,40.820162]]},"properties":{"kind":"major","name":"Broadway","bridge":false}},{"type":"Feature","geometry":{"type":"LineString","coordinates":[[-73.986949,40.756036],[-73.989791,40.757233]]},"properties":{"kind":"major","name":"West 42nd Street","bridge":false}},{"type":"Feature","geometry":{"type":"LineString","coordinates":[[-73.992646,40.758433],[-73.993073,40.75784]]},"properties":{"kind":"major","name":"9th Avenue","bridge":false}},{"type":"Feature","geometry":{"type":"LineString","coordinates":[[-73.993578,40.757154],[-73.99383,40.756799]]},"properties":{"kind":"major","name":"9th Avenue","bridge":false}},{"type":"Feature","geometry":{"type":"LineString","coordinates":[[-73.93939,40.815997],[-73.93913,40.816361]]},"properties":{"kind":"major","name":"Malcolm X Boulevard","bridge":false}},{"type":"Feature","geometry":{"type":"LineString","coordinates":[[-73.993376,40.801817],[-73.99309,40.801879]]},"properties":{"kind":"minor","name":"Somerset Lane","bridge":false}},{"type":"Feature","geometry":{"type":"LineString","coordinates":[[-73.935202,40.828293],[-73.937128,40.829115]]},"properties":{"kind":"major","name":"West 155th Street (surface)","bridge":false}},{"type":"Feature","geometry":{"type":"LineString","coordinates":[[-73.933751,40.838126],[-73.933964,40.837898],[-73.934157,40.837567],[-73.934332,40.837294]]},"properties":{"kind":"highway","name":"","tunnel":"no","bridge":false}},{"type":"Feature","geometry":{"type":"LineString","coordinates":[[-73.930304,40.837491],[-73.930085,40.837894],[-73.929904,40.838324],[-73.929601,40.838943],[-73.929382,40.839342],[-73.928914,40.840142]]},"properties":{"kind":"highway","name":"","tunnel":"no","bridge":false}},{"type":"Feature","geometry":{"type":"LineString","coordinates":[[-73.94447,40.846358],[-73.944325,40.846197]]},"properties":{"kind":"highway","name":"","tunnel":"no","bridge":false}},{"type":"Feature","geometry":{"type":"LineString","coordinates":[[-73.933077,40.829249],[-73.932739,40.826584]]},"properties":{"kind":"highway","name":"","tunnel":"no","bridge":true}},{"type":"Feature","geometry":{"type":"LineString","coordinates":[[-73.964677,40.774015],[-73.965608,40.774406]]},"properties":{"kind":"minor","name":"East 75th Street","bridge":false}},{"type":"Feature","geometry":{"type":"LineString","coordinates":[[-73.952059,40.792982],[-73.951116,40.792583]]},"properties":{"kind":"minor","name":"East 104th Street","bridge":false}},{"type":"Feature","geometry":{"type":"LineString","coordinates":[[-73.978141,40.763042],[-73.977196,40.764324]]},"properties":{"kind":"major","name":"6th Avenue","bridge":false}},{"type":"Feature","geometry":{"type":"LineString","coordinates":[[-73.923488,40.831973],[-73.922577,40.831659]]},"properties":{"kind":"minor","name":"East 165th Street","bridge":false}},{"type":"Feature","geometry":{"type":"LineString","coordinates":[[-73.923485,40.830416],[-73.924261,40.830681]]},"properties":{"kind":"minor","name":"East 164th Street","bridge":false}},{"type":"Feature","geometry":{"type":"LineString","coordinates":[[-73.922206,40.834169],[-73.923152,40.834496],[-73.923185,40.834521]]},"properties":{"kind":"minor","name":"McClellan Street","bridge":false}},{"type":"Feature","geometry":{"type":"LineString","coordinates":[[-73.921617,40.833969],[-73.922206,40.834169]]},"properties":{"kind":"minor","name":"McClellan Street","bridge":false}},{"type":"Feature","geometry":{"type":"LineString","coordinates":[[-73.928544,40.824652],[-73.928912,40.824707]]},"properties":{"kind":"highway","name":"","tunnel":"no","bridge":false}},{"type":"Feature","geometry":{"type":"LineString","coordinates":[[-73.939865,40.841122],[-73.940775,40.839929]]},"properties":{"kind":"major","name":"Broadway","bridge":false}},{"type":"Feature","geometry":{"type":"LineString","coordinates":[[-73.940775,40.839929],[-73.941277,40.839242]]},"properties":{"kind":"major","name":"Broadway","bridge":false}},{"type":"Feature","geometry":{"type":"LineString","coordinates":[[-73.939883,40.83957],[-73.939473,40.840955]]},"properties":{"kind":"major","name":"Saint Nicholas Avenue","bridge":false}},{"type":"Feature","geometry":{"type":"LineString","coordinates":[[-73.940775,40.839929],[-73.940586,40.839847]]},"properties":{"kind":"minor","name":"West 166th Street","bridge":false}},{"type":"Feature","geometry":{"type":"LineString","coordinates":[[-73.97785,40.778745],[-73.974999,40.777542]]},"properties":{"kind":"minor","name":"West 74th Street","bridge":false}},{"type":"Feature","geometry":{"type":"LineString","coordinates":[[-73.971237,40.782716],[-73.970313,40.783987]]},"properties":{"kind":"major","name":"Central Park West","bridge":false}},{"type":"Feature","geometry":{"type":"LineString","coordinates":[[-73.97575,40.776518],[-73.974542,40.778174]]},"properties":{"kind":"major","name":"Central Park West","bridge":false}},{"type":"Feature","geometry":{"type":"LineString","coordinates":[[-73.978309,40.778104],[-73.981116,40.779284]]},"properties":{"kind":"minor","name":"West 73rd Street","bridge":false}},{"type":"Feature","geometry":{"type":"LineString","coordinates":[[-73.976911,40.779995],[-73.97408,40.778813]]},"properties":{"kind":"minor","name":"West 76th Street","bridge":false}},{"type":"Feature","geometry":{"type":"LineString","coordinates":[[-73.974073,40.783917],[-73.971237,40.782716]]},"properties":{"kind":"minor","name":"West 82nd Street","bridge":false}},{"type":"Feature","geometry":{"type":"LineString","coordinates":[[-73.970776,40.783353],[-73.973613,40.784545]]},"properties":{"kind":"minor","name":"West 83rd Street","bridge":false}},{"type":"Feature","geometry":{"type":"LineString","coordinates":[[-73.97315,40.785182],[-73.970313,40.783987]]},"properties":{"kind":"minor","name":"West 84th Street","bridge":false}},{"type":"Feature","geometry":{"type":"LineString","coordinates":[[-73.969849,40.784623],[-73.972687,40.785812]]},"properties":{"kind":"minor","name":"West 85th Street","bridge":false}},{"type":"Feature","geometry":{"type":"LineString","coordinates":[[-73.990728,40.755949],[-73.990276,40.756567]]},"properties":{"kind":"major","name":"8th Avenue","bridge":false}},{"type":"Feature","geometry":{"type":"LineString","coordinates":[[-73.990728,40.755949],[-73.987888,40.754755]]},"properties":{"kind":"minor","name":"West 40th Street","bridge":false}},{"type":"Feature","geometry":{"type":"LineString","coordinates":[[-73.986898,40.754335],[-73.98504,40.753558]]},"properties":{"kind":"minor","name":"West 40th Street","bridge":false}},{"type":"Feature","geometry":{"type":"LineString","coordinates":[[-73.980883,40.759274],[-73.983239,40.760267]]},"properties":{"kind":"major","name":"West 49th Street","bridge":false}},{"type":"Feature","geometry":{"type":"LineString","coordinates":[[-73.990615,40.757576],[-73.992048,40.758185]]},"properties":{"kind":"major","name":"West 42nd Street","bridge":false}},{"type":"Feature","geometry":{"type":"LineString","coordinates":[[-73.982236,40.769793],[-73.982013,40.769697]]},"properties":{"kind":"minor","name":"West 61st Street","bridge":false}},{"type":"Feature","geometry":{"type":"LineString","coordinates":[[-73.938665,40.822345],[-73.938504,40.822278]]},"properties":{"kind":"minor","name":"West 146th Street","bridge":false}},{"type":"Feature","geometry":{"type":"LineString","coordinates":[[-73.948403,40.809006],[-73.951178,40.810176]]},"properties":{"kind":"major","name":"West 125th Street","bridge":false}},{"type":"Feature","geometry":{"type":"LineString","coordinates":[[-73.942007,40.832881],[-73.944787,40.834026]]},"properties":{"kind":"minor","name":"West 157th Street","bridge":false}},{"type":"Feature","geometry":{"type":"LineString","coordinates":[[-73.940879,40.832375],[-73.940653,40.833098],[-73.940048,40.834492]]},"properties":{"kind":"major","name":"Saint Nicholas Avenue","bridge":false}},{"type":"Feature","geometry":{"type":"LineString","coordinates":[[-73.93563,40.831526],[-73.93552,40.831491]]},"properties":{"kind":"major","name":"","bridge":false}},{"type":"Feature","geometry":{"type":"LineString","coordinates":[[-73.935819,40.831244],[-73.93571,40.8312]]},"properties":{"kind":"major","name":"","bridge":false}},{"type":"Feature","geometry":{"type":"LineString","coordinates":[[-73.935457,40.831786],[-73.93563,40.831526]]},"properties":{"kind":"major","name":"Frederick Douglass Boulevard","bridge":false}},{"type":"Feature","geometry":{"type":"LineString","coordinates":[[-73.936208,40.830532],[-73.93571,40.8312]]},"properties":{"kind":"major","name":"Frederick Douglass Boulevard","bridge":false}},{"type":"Feature","geometry":{"type":"LineString","coordinates":[[-73.945513,40.835029],[-73.945393,40.83516]]},"properties":{"kind":"minor","name":"Riverside Drive","bridge":false}},{"type":"Feature","geometry":{"type":"LineString","coordinates":[[-73.938354,40.837883],[-73.938376,40.837954],[-73.938402,40.837988],[-73.938443,40.838018],[-73.939552,40.838689],[-73.939584,40.838701]]},"properties":{"kind":"major","name":"West 165th Street","bridge":false}},{"type":"Feature","geometry":{"type":"LineString","coordinates":[[-73.956925,40.815546],[-73.957826,40.815161]]},"properties":{"kind":"minor","name":"Old Broadway","bridge":false}},{"type":"Feature","geometry":{"type":"LineString","coordinates":[[-73.929427,40.829602],[-73.929458,40.829738],[-73.929438,40.829837],[-73.929387,40.829912],[-73.929267,40.830047]]},"properties":{"kind":"major","name":"","bridge":false}},{"type":"Feature","geometry":{"type":"LineString","coordinates":[[-73.968542,40.839025],[-73.968523,40.83899],[-73.968482,40.838967],[-73.968432,40.838963],[-73.968386,40.838978],[-73.968356,40.839008],[-73.96835,40.839046],[-73.968369,40.839081],[-73.96841,40.839104],[-73.96846,40.839109],[-73.968506,40.839094],[-73.968536,40.839063],[-73.968542,40.839025]]},"properties":{"kind":"minor","name":"Moorings Lane","bridge":false}},{"type":"Feature","geometry":{"type":"LineString","coordinates":[[-73.969916,40.83929],[-73.970059,40.839312],[-73.970133,40.839361],[-73.970211,40.839441]]},"properties":{"kind":"minor","name":"Moorings Lane","bridge":false}},{"type":"Feature","geometry":{"type":"LineString","coordinates":[[-73.97328,40.831765],[-73.973397,40.831609],[-73.974095,40.830557]]},"properties":{"kind":"minor","name":"Undercliff Avenue","bridge":false}},{"type":"Feature","geometry":{"type":"LineString","coordinates":[[-73.969724,40.842946],[-73.970712,40.841399]]},"properties":{"kind":"minor","name":"Undercliff Avenue","bridge":false}},{"type":"Feature","geometry":{"type":"LineString","coordinates":[[-73.969724,40.842946],[-73.969917,40.843069]]},"properties":{"kind":"minor","name":"Palisade Terrace","bridge":false}},{"type":"Feature","geometry":{"type":"LineString","coordinates":[[-73.980743,40.827039],[-73.980959,40.827086],[-73.98104,40.827135],[-73.981062,40.827179],[-73.981059,40.827227],[-73.981027,40.827368],[-73.981017,40.827494]]},"properties":{"kind":"major","name":"","bridge":false}},{"type":"Feature","geometry":{"type":"LineString","coordinates":[[-73.981308,40.827117],[-73.981217,40.82705],[-73.981038,40.826993],[-73.980853,40.826955],[-73.980641,40.826958],[-73.98018,40.826991]]},"properties":{"kind":"minor","name":"Norman Drive","bridge":false}},{"type":"Feature","geometry":{"type":"LineString","coordinates":[[-73.980505,40.828363],[-73.980599,40.82847]]},"properties":{"kind":"minor","name":"Wayne Avenue","bridge":false}},{"type":"Feature","geometry":{"type":"LineString","coordinates":[[-73.980262,40.829081],[-73.981276,40.829658]]},"properties":{"kind":"minor","name":"Marion Avenue","bridge":false}},{"type":"Feature","geometry":{"type":"LineString","coordinates":[[-73.980505,40.828363],[-73.980174,40.828958]]},"properties":{"kind":"major","name":"Palisade Avenue","bridge":false}},{"type":"Feature","geometry":{"type":"LineString","coordinates":[[-73.979503,40.830378],[-73.979413,40.830565]]},"properties":{"kind":"major","name":"Palisade Avenue","bridge":false}},{"type":"Feature","geometry":{"type":"LineString","coordinates":[[-73.977774,40.828424],[-73.977002,40.828]]},"properties":{"kind":"minor","name":"Tower Drive","bridge":false}},{"type":"Feature","geometry":{"type":"LineString","coordinates":[[-73.984195,40.824427],[-73.981351,40.822811]]},"properties":{"kind":"minor","name":"Crescent Avenue","bridge":false}},{"type":"Feature","geometry":{"type":"LineString","coordinates":[[-73.975822,40.827044],[-73.977563,40.824217],[-73.977714,40.823997]]},"properties":{"kind":"minor","name":"Undercliff Avenue","bridge":false}},{"type":"Feature","geometry":{"type":"LineString","coordinates":[[-73.975822,40.827044],[-73.975037,40.828291],[-73.974975,40.828414],[-73.974931,40.82854],[-73.974902,40.828691],[-73.974889,40.829],[-73.974861,40.829128],[-73.974816,40.829254],[-73.974575,40.829703],[-73.974294,40.830262],[-73.97422,40.830386],[-73.974095,40.830557]]},"properties":{"kind":"minor","name":"Undercliff Avenue","bridge":false}},{"type":"Feature","geometry":{"type":"LineString","coordinates":[[-73.98345,40.820289],[-73.982713,40.821054]]},"properties":{"kind":"minor","name":"Winterburn Grove","bridge":false}},{"type":"Feature","geometry":{"type":"LineString","coordinates":[[-73.989737,40.817841],[-73.989449,40.818457]]},"properties":{"kind":"major","name":"Palisade Avenue","bridge":false}},{"type":"Feature","geometry":{"type":"LineString","coordinates":[[-73.990721,40.815901],[-73.99116,40.816112]]},"properties":{"kind":"minor","name":"Cliff Street","bridge":false}},{"type":"Feature","geometry":{"type":"LineString","coordinates":[[-73.990721,40.815901],[-73.98952,40.815303]]},"properties":{"kind":"minor","name":"Cliff Street","bridge":false}},{"type":"Feature","geometry":{"type":"LineString","coordinates":[[-73.993344,40.808112],[-73.993191,40.808337]]},"properties":{"kind":"minor","name":"Pine Street","bridge":false}},{"type":"Feature","geometry":{"type":"LineString","coordinates":[[-73.992558,40.809303],[-73.992317,40.809666]]},"properties":{"kind":"minor","name":"Pine Street","bridge":false}},{"type":"Feature","geometry":{"type":"LineString","coordinates":[[-73.991667,40.811212],[-73.992433,40.811656]]},"properties":{"kind":"minor","name":"Bender Place","bridge":false}},{"type":"Feature","geometry":{"type":"LineString","coordinates":[[-73.99138,40.806607],[-73.991165,40.806552]]},"properties":{"kind":"major","name":"Gorge Road","bridge":false}},{"type":"Feature","geometry":{"type":"LineString","coordinates":[[-73.992099,40.807663],[-73.992218,40.807559],[-73.992277,40.807378],[-73.992272,40.807294]]},"properties":{"kind":"major","name":"Gorge Road","bridge":false}},{"type":"Feature","geometry":{"type":"LineString","coordinates":[[-73.991583,40.806736],[-73.991774,40.806812],[-73.991892,40.806891],[-73.991987,40.806984],[-73.992079,40.807122],[-73.992115,40.807202],[-73.992123,40.807301],[-73.992125,40.807394],[-73.992088,40.807535],[-73.992099,40.807663]]},"properties":{"kind":"major","name":"Gorge Road","bridge":false}},{"type":"Feature","geometry":{"type":"LineString","coordinates":[[-73.990713,40.806489],[-73.990825,40.806578],[-73.990874,40.806647],[-73.990886,40.806729],[-73.990811,40.806954]]},"properties":{"kind":"major","name":"","bridge":false}},{"type":"Feature","geometry":{"type":"LineString","coordinates":[[-73.99054,40.806451],[-73.990713,40.806489]]},"properties":{"kind":"minor","name":"City Place","bridge":false}},{"type":"Feature","geometry":{"type":"LineString","coordinates":[[-73.993356,40.804784],[-73.993191,40.805617],[-73.993163,40.805825]]},"properties":{"kind":"minor","name":"River Road","bridge":false}},{"type":"Feature","geometry":{"type":"LineString","coordinates":[[-73.993356,40.804784],[-73.993337,40.804693],[-73.993315,40.80465],[-73.993049,40.804473]]},"properties":{"kind":"minor","name":"River Road","bridge":false}},{"type":"Feature","geometry":{"type":"LineString","coordinates":[[-74.014157,40.784538],[-74.014188,40.784553]]},"properties":{"kind":"minor","name":"56th Street","bridge":false}},{"type":"Feature","geometry":{"type":"LineString","coordinates":[[-74.011195,40.781565],[-74.012509,40.782176]]},"properties":{"kind":"minor","name":"54th Street","bridge":false}},{"type":"Feature","geometry":{"type":"LineString","coordinates":[[-74.014898,40.781676],[-74.01594,40.782152]]},"properties":{"kind":"minor","name":"52nd Street","bridge":false}},{"type":"Feature","geometry":{"type":"LineString","coordinates":[[-74.008504,40.786353],[-74.007704,40.785963]]},"properties":{"kind":"minor","name":"Westover Place","bridge":false}},{"type":"Feature","geometry":{"type":"LineString","coordinates":[[-74.006346,40.787384],[-74.007704,40.785963]]},"properties":{"kind":"minor","name":"Monitor Place","bridge":false}},{"type":"Feature","geometry":{"type":"LineString","coordinates":[[-73.971969,40.826504],[-73.972482,40.826678],[-73.972673,40.826761],[-73.972776,40.826826],[-73.972988,40.827007],[-73.973066,40.827045],[-73.973243,40.827104],[-73.973387,40.827098]]},"properties":{"kind":"minor","name":"Tower Drive","bridge":false}},{"type":"Feature","geometry":{"type":"LineString","coordinates":[[-73.973387,40.827098],[-73.973294,40.827015],[-73.973049,40.826931],[-73.972896,40.826817],[-73.972696,40.826685],[-73.972469,40.826595],[-73.972011,40.826434]]},"properties":{"kind":"minor","name":"Tower Drive","bridge":false}},{"type":"Feature","geometry":{"type":"LineString","coordinates":[[-73.974558,40.824493],[-73.974016,40.8243],[-73.973838,40.824282],[-73.973731,40.824306]]},"properties":{"kind":"minor","name":"Grand Cove Way","bridge":false}},{"type":"Feature","geometry":{"type":"LineString","coordinates":[[-73.977567,40.823344],[-73.977619,40.823336],[-73.977665,40.82331],[-73.977885,40.822968],[-73.977963,40.822881],[-73.978002,40.822864],[-73.978045,40.82287]]},"properties":{"kind":"minor","name":"Crown Court","bridge":false}},{"type":"Feature","geometry":{"type":"LineString","coordinates":[[-73.976864,40.821944],[-73.976843,40.82189],[-73.976752,40.821743],[-73.976722,40.821645]]},"properties":{"kind":"minor","name":"Crown Court","bridge":false}},{"type":"Feature","geometry":{"type":"LineString","coordinates":[[-73.976864,40.821944],[-73.977045,40.822003],[-73.977103,40.822032],[-73.977172,40.822091],[-73.976697,40.822783],[-73.976686,40.822823],[-73.976702,40.822842],[-73.977494,40.82333],[-73.977567,40.823344]]},"properties":{"kind":"minor","name":"Crown Court","bridge":false}},{"type":"Feature","geometry":{"type":"LineString","coordinates":[[-73.935767,40.815339],[-73.935882,40.815247],[-73.93619,40.814798]]},"properties":{"kind":"major","name":"5th Avenue","bridge":false}},{"type":"Feature","geometry":{"type":"LineString","coordinates":[[-73.936692,40.814042],[-73.937641,40.812756]]},"properties":{"kind":"major","name":"5th Avenue","bridge":false}},{"type":"Feature","geometry":{"type":"LineString","coordinates":[[-73.953045,40.810074],[-73.946057,40.807131]]},"properties":{"kind":"minor","name":"West 124th Street","bridge":false}},{"type":"Feature","geometry":{"type":"LineString","coordinates":[[-73.939254,40.842447],[-73.939177,40.843223],[-73.938928,40.844364]]},"properties":{"kind":"major","name":"Broadway","bridge":false}},{"type":"Feature","geometry":{"type":"LineString","coordinates":[[-73.938823,40.842299],[-73.938628,40.84257]]},"properties":{"kind":"major","name":"Saint Nicholas Avenue","bridge":false}},{"type":"Feature","geometry":{"type":"LineString","coordinates":[[-73.956232,40.785578],[-73.957172,40.785979]]},"properties":{"kind":"minor","name":"East 93rd Street","bridge":false}},{"type":"Feature","geometry":{"type":"LineString","coordinates":[[-73.975808,40.758774],[-73.976155,40.758921]]},"properties":{"kind":"minor","name":"East 51st Street","bridge":false}},{"type":"Feature","geometry":{"type":"LineString","coordinates":[[-73.976155,40.758921],[-73.976741,40.759176]]},"properties":{"kind":"minor","name":"East 51st Street","bridge":false}},{"type":"Feature","geometry":{"type":"LineString","coordinates":[[-73.979475,40.760327],[-73.979972,40.760525]]},"properties":{"kind":"minor","name":"West 51st Street","bridge":false}},{"type":"Feature","geometry":{"type":"LineString","coordinates":[[-73.979972,40.760525],[-73.978141,40.763042]]},"properties":{"kind":"major","name":"6th Avenue","bridge":false}},{"type":"Feature","geometry":{"type":"LineString","coordinates":[[-73.979972,40.760525],[-73.982313,40.761516]]},"properties":{"kind":"minor","name":"West 51st Street","bridge":false}},{"type":"Feature","geometry":{"type":"LineString","coordinates":[[-73.982313,40.761516],[-73.982807,40.761719]]},"properties":{"kind":"minor","name":"West 51st Street","bridge":false}},{"type":"Feature","geometry":{"type":"LineString","coordinates":[[-73.98325,40.761095],[-73.983706,40.760463],[-73.984174,40.759841]]},"properties":{"kind":"major","name":"7th Avenue","bridge":false}},{"type":"Feature","geometry":{"type":"LineString","coordinates":[[-73.983192,40.761881],[-73.983678,40.762086]]},"properties":{"kind":"minor","name":"West 51st Street","bridge":false}},{"type":"Feature","geometry":{"type":"LineString","coordinates":[[-73.985244,40.758367],[-73.985534,40.757963]]},"properties":{"kind":"major","name":"7th Avenue","bridge":false}},{"type":"Feature","geometry":{"type":"LineString","coordinates":[[-73.986458,40.75671],[-73.988382,40.757524]]},"properties":{"kind":"minor","name":"West 43rd Street","bridge":false}},{"type":"Feature","geometry":{"type":"LineString","coordinates":[[-73.986458,40.75671],[-73.986949,40.756036]]},"properties":{"kind":"major","name":"7th Avenue","bridge":false}},{"type":"Feature","geometry":{"type":"LineString","coordinates":[[-73.987692,40.75503],[-73.987888,40.754755]]},"properties":{"kind":"major","name":"7th Avenue","bridge":false}},{"type":"Feature","geometry":{"type":"LineString","coordinates":[[-73.987888,40.754755],[-73.986898,40.754335]]},"properties":{"kind":"minor","name":"West 40th Street","bridge":false}},{"type":"Feature","geometry":{"type":"LineString","coordinates":[[-73.940976,40.832076],[-73.940879,40.832375]]},"properties":{"kind":"major","name":"Saint Nicholas Avenue","bridge":false}},{"type":"Feature","geometry":{"type":"LineString","coordinates":[[-73.941214,40.831351],[-73.941078,40.831761]]},"properties":{"kind":"major","name":"Saint Nicholas Avenue","bridge":false}},{"type":"Feature","geometry":{"type":"LineString","coordinates":[[-73.9415,40.830568],[-73.941368,40.830891]]},"properties":{"kind":"major","name":"Saint Nicholas Avenue","bridge":false}},{"type":"Feature","geometry":{"type":"LineString","coordinates":[[-73.95258,40.808235],[-73.952411,40.808482],[-73.951178,40.810176]]},"properties":{"kind":"major","name":"Frederick Douglass Boulevard","bridge":false}},{"type":"Feature","geometry":{"type":"LineString","coordinates":[[-73.95258,40.808235],[-73.949549,40.806965],[-73.945262,40.805151]]},"properties":{"kind":"minor","name":"West 122nd Street","bridge":false}},{"type":"Feature","geometry":{"type":"LineString","coordinates":[[-73.95304,40.807608],[-73.955886,40.808803]]},"properties":{"kind":"minor","name":"West 121st Street","bridge":false}},{"type":"Feature","geometry":{"type":"LineString","coordinates":[[-73.95304,40.807608],[-73.952918,40.807775]]},"properties":{"kind":"major","name":"Frederick Douglass Boulevard","bridge":false}},{"type":"Feature","geometry":{"type":"LineString","coordinates":[[-73.953224,40.807358],[-73.95304,40.807608]]},"properties":{"kind":"major","name":"Frederick Douglass Boulevard","bridge":false}},{"type":"Feature","geometry":{"type":"LineString","coordinates":[[-73.993661,40.801714],[-73.993376,40.801817]]},"properties":{"kind":"minor","name":"Somerset Lane","bridge":false}},{"type":"Feature","geometry":{"type":"LineString","coordinates":[[-73.993376,40.801817],[-73.993518,40.801846],[-73.993567,40.801866],[-73.993672,40.801936]]},"properties":{"kind":"minor","name":"Somerset Lane","bridge":false}},{"type":"Feature","geometry":{"type":"LineString","coordinates":[[-73.994398,40.797168],[-73.995743,40.797699]]},"properties":{"kind":"minor","name":"Cove Lane","bridge":false}},{"type":"Feature","geometry":{"type":"LineString","coordinates":[[-73.999154,40.790731],[-73.999038,40.790604],[-73.998978,40.790468],[-73.998896,40.790403]]},"properties":{"kind":"minor","name":"Lydia Drive","bridge":false}},{"type":"Feature","geometry":{"type":"LineString","coordinates":[[-73.998896,40.790403],[-73.998882,40.79049],[-73.998928,40.790641],[-73.999,40.790699],[-73.999154,40.790731]]},"properties":{"kind":"minor","name":"Lydia Drive","bridge":false}},{"type":"Feature","geometry":{"type":"LineString","coordinates":[[-73.994281,40.795275],[-73.994345,40.795158]]},"properties":{"kind":"minor","name":"Marine Road","bridge":false}},{"type":"Feature","geometry":{"type":"LineString","coordinates":[[-73.995206,40.79565],[-73.994281,40.795275]]},"properties":{"kind":"minor","name":"Marine Road","bridge":false}},{"type":"Feature","geometry":{"type":"LineString","coordinates":[[-73.995418,40.795361],[-73.994452,40.794983],[-73.994345,40.795158]]},"properties":{"kind":"minor","name":"Marine Road","bridge":false}},{"type":"Feature","geometry":{"type":"LineString","coordinates":[[-73.995418,40.795361],[-73.995206,40.79565]]},"properties":{"kind":"minor","name":"Marine Road","bridge":false}},{"type":"Feature","geometry":{"type":"LineString","coordinates":[[-73.997149,40.794612],[-73.996887,40.794573]]},"properties":{"kind":"minor","name":"River Road","bridge":false}},{"type":"Feature","geometry":{"type":"LineString","coordinates":[[-73.995807,40.793664],[-73.99591,40.793305],[-73.995974,40.793194],[-73.99605,40.793122],[-73.99616,40.793066],[-73.996325,40.793052]]},"properties":{"kind":"minor","name":"River Road","bridge":false}},{"type":"Feature","geometry":{"type":"LineString","coordinates":[[-73.996325,40.793052],[-73.996463,40.793096],[-73.996746,40.79314],[-73.997227,40.793329],[-73.997555,40.793405]]},"properties":{"kind":"minor","name":"River Road","bridge":false}},{"type":"Feature","geometry":{"type":"LineString","coordinates":[[-73.997555,40.793405],[-73.997311,40.793289],[-73.996753,40.793076],[-73.996431,40.793022],[-73.996325,40.793052]]},"properties":{"kind":"minor","name":"River Road","bridge":false}},{"type":"Feature","geometry":{"type":"LineString","coordinates":[[-74.00212,40.785285],[-74.002214,40.785379],[-74.002796,40.785645],[-74.002964,40.785658]]},"properties":{"kind":"minor","name":"Oswego Court","bridge":false}},{"type":"Feature","geometry":{"type":"LineString","coordinates":[[-73.991979,40.806812],[-73.991879,40.806645],[-73.991732,40.806433],[-73.991728,40.806307],[-73.991742,40.806174]]},"properties":{"kind":"major","name":"","bridge":false}},{"type":"Feature","geometry":{"type":"LineString","coordinates":[[-73.989593,40.80617],[-73.98976,40.806231]]},"properties":{"kind":"minor","name":"City Place","bridge":false}},{"type":"Feature","geometry":{"type":"LineString","coordinates":[[-73.987514,40.810127],[-73.987555,40.810184],[-73.987724,40.810254]]},"properties":{"kind":"minor","name":"Independence Way","bridge":false}},{"type":"Feature","geometry":{"type":"LineString","coordinates":[[-73.988462,40.81055],[-73.988404,40.81046],[-73.988034,40.810256]]},"properties":{"kind":"minor","name":"Independence Way","bridge":false}},{"type":"Feature","geometry":{"type":"LineString","coordinates":[[-73.987514,40.810127],[-73.987193,40.810589],[-73.987137,40.810616],[-73.987065,40.810628],[-73.986978,40.810608],[-73.984314,40.809607]]},"properties":{"kind":"minor","name":"Independence Way","bridge":false}},{"type":"Feature","geometry":{"type":"LineString","coordinates":[[-74.021919,40.770623],[-74.022746,40.77099]]},"properties":{"kind":"minor","name":"Jefferson Street","bridge":false}},{"type":"Feature","geometry":{"type":"LineString","coordinates":[[-74.023629,40.769393],[-74.023601,40.769507],[-74.023521,40.769994]]},"properties":{"kind":"major","name":"","bridge":false}},{"type":"Feature","geometry":{"type":"LineString","coordinates":[[-74.023037,40.770618],[-74.022784,40.770944]]},"properties":{"kind":"major","name":"Park Avenue","bridge":false}},{"type":"Feature","geometry":{"type":"LineString","coordinates":[[-74.022716,40.76936],[-74.02277,40.76903],[-74.022814,40.768878],[-74.022842,40.768816]]},"properties":{"kind":"minor","name":"Hauxhurst Avenue","bridge":false}},{"type":"Feature","geometry":{"type":"LineString","coordinates":[[-73.950162,40.819261],[-73.950038,40.81943]]},"properties":{"kind":"major","name":"Convent Avenue","bridge":false}},{"type":"Feature","geometry":{"type":"LineString","coordinates":[[-73.950038,40.81943],[-73.949225,40.820547]]},"properties":{"kind":"major","name":"Convent Avenue","bridge":false}},{"type":"Feature","geometry":{"type":"LineString","coordinates":[[-74.012634,40.775096],[-74.012528,40.775227]]},"properties":{"kind":"major","name":"Port Imperial Boulevard","bridge":false}},{"type":"Feature","geometry":{"type":"LineString","coordinates":[[-73.993678,40.801492],[-73.993663,40.801667]]},"properties":{"kind":"major","name":"River Road","bridge":false}},{"type":"Feature","geometry":{"type":"LineString","coordinates":[[-73.957776,40.803733],[-73.95632,40.803116]]},"properties":{"kind":"minor","name":"West 114th Street","bridge":false}},{"type":"Feature","geometry":{"type":"LineString","coordinates":[[-73.957776,40.803733],[-73.956827,40.805031]]},"properties":{"kind":"minor","name":"Manhattan Avenue","bridge":false}},{"type":"Feature","geometry":{"type":"LineString","coordinates":[[-73.96705,40.807628],[-73.967474,40.806979],[-73.967847,40.806335],[-73.968144,40.805749]]},"properties":{"kind":"major","name":"Riverside Drive","bridge":false}},{"type":"Feature","geometry":{"type":"LineString","coordinates":[[-73.966962,40.807599],[-73.966742,40.807907],[-73.966476,40.808222],[-73.965884,40.808726],[-73.96579,40.808818]]},"properties":{"kind":"major","name":"Riverside Drive","bridge":false}},{"type":"Feature","geometry":{"type":"LineString","coordinates":[[-73.926031,40.827661],[-73.925932,40.827831]]},"properties":{"kind":"major","name":"River Avenue","bridge":false}},{"type":"Feature","geometry":{"type":"LineString","coordinates":[[-73.925932,40.827831],[-73.926388,40.827973]]},"properties":{"kind":"major","name":"East 161st Street","bridge":false}},{"type":"Feature","geometry":{"type":"LineString","coordinates":[[-73.925847,40.827978],[-73.924967,40.829467],[-73.92451,40.830275],[-73.924261,40.830681]]},"properties":{"kind":"major","name":"River Avenue","bridge":false}},{"type":"Feature","geometry":{"type":"LineString","coordinates":[[-73.92618,40.828083],[-73.926563,40.828204]]},"properties":{"kind":"major","name":"East 161st Street","bridge":false}},{"type":"Feature","geometry":{"type":"LineString","coordinates":[[-73.939684,40.841045],[-73.939865,40.841122]]},"properties":{"kind":"major","name":"West 168th Street","bridge":false}},{"type":"Feature","geometry":{"type":"LineString","coordinates":[[-73.939535,40.816058],[-73.939668,40.815875]]},"properties":{"kind":"major","name":"Malcolm X Boulevard","bridge":false}},{"type":"Feature","geometry":{"type":"LineString","coordinates":[[-73.99857,40.796031],[-74.000256,40.796814]]},"properties":{"kind":"minor","name":"77th Street","bridge":false}},{"type":"Feature","geometry":{"type":"LineString","coordinates":[[-74.001525,40.794993],[-74.001287,40.795325],[-74.001105,40.795602]]},"properties":{"kind":"major","name":"Park Avenue","bridge":false}},{"type":"Feature","geometry":{"type":"LineString","coordinates":[[-73.998384,40.804812],[-73.999149,40.805163]]},"properties":{"kind":"major","name":"Boulevard East","bridge":false}},{"type":"Feature","geometry":{"type":"LineString","coordinates":[[-73.99778,40.805748],[-73.998322,40.805408]]},"properties":{"kind":"major","name":"Park Drive","bridge":false}},{"type":"Feature","geometry":{"type":"LineString","coordinates":[[-73.991742,40.806174],[-73.99199,40.805882]]},"properties":{"kind":"major","name":"River Road","bridge":false}},{"type":"Feature","geometry":{"type":"LineString","coordinates":[[-73.991979,40.806812],[-73.991845,40.806722]]},"properties":{"kind":"major","name":"Gorge Road","bridge":false}},{"type":"Feature","geometry":{"type":"LineString","coordinates":[[-73.980856,40.827761],[-73.980764,40.827906],[-73.980505,40.828363]]},"properties":{"kind":"major","name":"Palisade Avenue","bridge":false}},{"type":"Feature","geometry":{"type":"LineString","coordinates":[[-73.963526,40.853853],[-73.963608,40.853871]]},"properties":{"kind":"highway","name":"George Washington Bridge Upper Level","tunnel":"no","bridge":true}},{"type":"Feature","geometry":{"type":"LineString","coordinates":[[-73.983353,40.814465],[-73.983729,40.814156]]},"properties":{"kind":"major","name":"River Road","bridge":false}},{"type":"Feature","geometry":{"type":"LineString","coordinates":[[-73.972196,40.828956],[-73.97231,40.828987],[-73.972376,40.829019],[-73.972429,40.829081],[-73.972473,40.829238]]},"properties":{"kind":"major","name":"State Route 5","bridge":false}},{"type":"Feature","geometry":{"type":"LineString","coordinates":[[-73.972409,40.828648],[-73.972313,40.828794]]},"properties":{"kind":"major","name":"River Road","bridge":false}},{"type":"Feature","geometry":{"type":"LineString","coordinates":[[-73.978256,40.831541],[-73.978125,40.831505],[-73.978016,40.83146],[-73.977916,40.831405],[-73.977827,40.831339],[-73.977467,40.83097],[-73.977374,40.8309],[-73.977275,40.830849],[-73.97693,40.830728],[-73.976791,40.830648],[-73.976721,40.830584],[-73.976666,40.830512],[-73.976629,40.830434],[-73.97661,40.830344],[-73.976624,40.830175]]},"properties":{"kind":"major","name":"State Route 5","bridge":false}},{"type":"Feature","geometry":{"type":"LineString","coordinates":[[-73.979012,40.832761],[-73.978509,40.832657]]},"properties":{"kind":"minor","name":"Bluff Road","bridge":false}},{"type":"Feature","geometry":{"type":"LineString","coordinates":[[-73.978662,40.832332],[-73.978509,40.832657]]},"properties":{"kind":"major","name":"Palisade Avenue","bridge":false}},{"type":"Feature","geometry":{"type":"LineString","coordinates":[[-73.991018,40.807044],[-73.99138,40.806607]]},"properties":{"kind":"major","name":"River Road","bridge":false}},{"type":"Feature","geometry":{"type":"LineString","coordinates":[[-73.99138,40.806607],[-73.991394,40.806655],[-73.991418,40.806687],[-73.991583,40.806736]]},"properties":{"kind":"major","name":"Gorge Road","bridge":false}},{"type":"Feature","geometry":{"type":"LineString","coordinates":[[-73.988084,40.819968],[-73.988268,40.820076]]},"properties":{"kind":"major","name":"Edgewater Road","bridge":false}},{"type":"Feature","geometry":{"type":"LineString","coordinates":[[-73.941089,40.83916],[-73.941277,40.839242]]},"properties":{"kind":"major","name":"West 165th Street","bridge":false}},{"type":"Feature","geometry":{"type":"LineString","coordinates":[[-73.958494,40.800581],[-73.958482,40.800506],[-73.958453,40.800458],[-73.958406,40.800411],[-73.958331,40.800368]]},"properties":{"kind":"major","name":"Frederick Douglass Circle","bridge":false}},{"type":"Feature","geometry":{"type":"LineString","coordinates":[[-73.957867,40.800521],[-73.957855,40.800607],[-73.957873,40.800667],[-73.957926,40.80074],[-73.958012,40.800793]]},"properties":{"kind":"major","name":"Frederick Douglass Circle","bridge":false}},{"type":"Feature","geometry":{"type":"LineString","coordinates":[[-73.935751,40.82112],[-73.935298,40.821749]]},"properties":{"kind":"minor","name":"Malcolm X Boulevard","bridge":false}},{"type":"Feature","geometry":{"type":"LineString","coordinates":[[-73.931457,40.828289],[-73.933088,40.828163]]},"properties":{"kind":"major","name":"Macombs Dam Bridge","bridge":true}},{"type":"Feature","geometry":{"type":"LineString","coordinates":[[-73.94726,40.837996],[-73.946976,40.838211]]},"properties":{"kind":"major","name":"Riverside Drive West","bridge":false}},{"type":"Feature","geometry":{"type":"LineString","coordinates":[[-73.949163,40.834394],[-73.949133,40.834454]]},"properties":{"kind":"major","name":"Riverside Drive","bridge":true}},{"type":"Feature","geometry":{"type":"LineString","coordinates":[[-73.950159,40.793893],[-73.951111,40.794285]]},"properties":{"kind":"major","name":"East 106th Street","bridge":false}},{"type":"Feature","geometry":{"type":"LineString","coordinates":[[-73.955357,40.787736],[-73.954935,40.78756]]},"properties":{"kind":"major","name":"East 96th Street","bridge":false}},{"type":"Feature","geometry":{"type":"LineString","coordinates":[[-73.978328,40.783153],[-73.979881,40.783808]]},"properties":{"kind":"major","name":"West 79th Street","bridge":false}},{"type":"Feature","geometry":{"type":"LineString","coordinates":[[-73.987107,40.779187],[-73.987902,40.779517]]},"properties":{"kind":"minor","name":"West 70th Street","bridge":false}},{"type":"Feature","geometry":{"type":"LineString","coordinates":[[-73.966103,40.772062],[-73.966619,40.772279]]},"properties":{"kind":"major","name":"East 72nd Street","bridge":false}},{"type":"Feature","geometry":{"type":"LineString","coordinates":[[-73.988561,40.769118],[-73.989098,40.769345]]},"properties":{"kind":"major","name":"West 57th Street","bridge":false}},{"type":"Feature","geometry":{"type":"LineString","coordinates":[[-73.989962,40.767183],[-73.987125,40.765994]]},"properties":{"kind":"major","name":"West 54th Street","bridge":false}},{"type":"Feature","geometry":{"type":"LineString","coordinates":[[-73.93571,40.8312],[-73.93559,40.831371],[-73.93552,40.831491]]},"properties":{"kind":"major","name":"Frederick Douglass Boulevard","bridge":false}},{"type":"Feature","geometry":{"type":"LineString","coordinates":[[-73.980372,40.770196],[-73.980117,40.770536]]},"properties":{"kind":"major","name":"Central Park West","bridge":false}},{"type":"Feature","geometry":{"type":"LineString","coordinates":[[-73.925969,40.838901],[-73.926191,40.838512]]},"properties":{"kind":"major","name":"Ogden Avenue","bridge":false}},{"type":"Feature","geometry":{"type":"LineString","coordinates":[[-73.945508,40.800261],[-73.946462,40.800665]]},"properties":{"kind":"major","name":"East 116th Street","bridge":false}},{"type":"Feature","geometry":{"type":"LineString","coordinates":[[-73.944622,40.80323],[-73.94523,40.802352]]},"properties":{"kind":"major","name":"5th Avenue","bridge":false}},{"type":"Feature","geometry":{"type":"LineString","coordinates":[[-73.978799,40.777416],[-73.98161,40.778601]]},"properties":{"kind":"major","name":"West 72nd Street","bridge":false}},{"type":"Feature","geometry":{"type":"LineString","coordinates":[[-73.96372,40.776991],[-73.967033,40.772455]]},"properties":{"kind":"major","name":"5th Avenue","bridge":false}},{"type":"Feature","geometry":{"type":"LineString","coordinates":[[-73.955265,40.788585],[-73.955767,40.787901]]},"properties":{"kind":"major","name":"5th Avenue","bridge":false}},{"type":"Feature","geometry":{"type":"LineString","coordinates":[[-73.93619,40.814798],[-73.936239,40.814652]]},"properties":{"kind":"major","name":"5th Avenue","bridge":false}},{"type":"Feature","geometry":{"type":"LineString","coordinates":[[-73.982807,40.761719],[-73.98325,40.761095]]},"properties":{"kind":"major","name":"7th Avenue","bridge":false}},{"type":"Feature","geometry":{"type":"LineString","coordinates":[[-73.98746,40.780191],[-73.987546,40.780231]]},"properties":{"kind":"minor","name":"West 71st Street","bridge":true}},{"type":"Feature","geometry":{"type":"LineString","coordinates":[[-73.987902,40.779517],[-73.988,40.779554]]},"properties":{"kind":"minor","name":"West 70th Street","bridge":true}},{"type":"Feature","geometry":{"type":"LineString","coordinates":[[-73.925374,40.827829],[-73.925847,40.827978]]},"properties":{"kind":"major","name":"East 161st Street","bridge":false}},{"type":"Feature","geometry":{"type":"LineString","coordinates":[[-73.927071,40.828275],[-73.927336,40.828304]]},"properties":{"kind":"major","name":"","bridge":false}},{"type":"Feature","geometry":{"type":"LineString","coordinates":[[-73.926873,40.828126],[-73.927071,40.828275],[-73.927333,40.828432],[-73.927489,40.828545]]},"properties":{"kind":"major","name":"","bridge":false}},{"type":"Feature","geometry":{"type":"LineString","coordinates":[[-74.023629,40.769393],[-74.023636,40.769607],[-74.023693,40.76979]]},"properties":{"kind":"major","name":"Park Avenue","bridge":false}},{"type":"Feature","geometry":{"type":"LineString","coordinates":[[-73.990855,40.765945],[-73.990531,40.766398]]},"properties":{"kind":"major","name":"10th Avenue","bridge":false}},{"type":"Feature","geometry":{"type":"LineString","coordinates":[[-73.970908,40.835937],[-73.970648,40.83586]]},"properties":{"kind":"minor","name":"","bridge":false}},{"type":"Feature","geometry":{"type":"LineString","coordinates":[[-73.970122,40.835704],[-73.969363,40.835482],[-73.969651,40.834917]]},"properties":{"kind":"minor","name":"","bridge":false}},{"type":"Feature","geometry":{"type":"LineString","coordinates":[[-73.969806,40.8357],[-73.969836,40.835621]]},"properties":{"kind":"minor","name":"","bridge":false}},{"type":"Feature","geometry":{"type":"LineString","coordinates":[[-73.95379,40.822072],[-73.955593,40.822827]]},"properties":{"kind":"minor","name":"West 138th Street","bridge":false}},{"type":"Feature","geometry":{"type":"LineString","coordinates":[[-73.952908,40.821701],[-73.953599,40.821988]]},"properties":{"kind":"minor","name":"West 138th Street","bridge":false}},{"type":"Feature","geometry":{"type":"LineString","coordinates":[[-74.009826,40.778621],[-74.009126,40.778298]]},"properties":{"kind":"minor","name":"","bridge":false}},{"type":"Feature","geometry":{"type":"LineString","coordinates":[[-74.009826,40.778621],[-74.009676,40.778855]]},"properties":{"kind":"minor","name":"Avenue at Port Imperial","bridge":false}},{"type":"Feature","geometry":{"type":"LineString","coordinates":[[-73.997339,40.760423],[-73.9972,40.760363]]},"properties":{"kind":"major","name":"West 42nd Street","bridge":false}},{"type":"Feature","geometry":{"type":"LineString","coordinates":[[-74.024052,40.770013],[-74.023639,40.769854]]},"properties":{"kind":"minor","name":"Peter Street","bridge":false}},{"type":"Feature","geometry":{"type":"LineString","coordinates":[[-73.991884,40.769634],[-73.986207,40.767247],[-73.98482,40.766637],[-73.982038,40.765468]]},"properties":{"kind":"minor","name":"West 56th Street","bridge":false}},{"type":"Feature","geometry":{"type":"LineString","coordinates":[[-73.94017,40.830245],[-73.939795,40.829911],[-73.939709,40.829783],[-73.939674,40.829671],[-73.939662,40.82958],[-73.939668,40.829481],[-73.939689,40.829392],[-73.939729,40.829302],[-73.941489,40.826884]]},"properties":{"kind":"major","name":"Edgecombe Avenue","bridge":false}},{"type":"Feature","geometry":{"type":"LineString","coordinates":[[-73.940206,40.830277],[-73.940137,40.830372]]},"properties":{"kind":"major","name":"Saint Nicholas Place","bridge":false}},{"type":"Feature","geometry":{"type":"LineString","coordinates":[[-73.940178,40.830389],[-73.940347,40.830457]]},"properties":{"kind":"major","name":"West 155th Street","bridge":false}},{"type":"Feature","geometry":{"type":"LineString","coordinates":[[-73.958372,40.800775],[-73.958429,40.800766],[-73.958523,40.800768],[-73.958678,40.800823]]},"properties":{"kind":"major","name":"West 110th Street","bridge":false}},{"type":"Feature","geometry":{"type":"LineString","coordinates":[[-73.943967,40.8437],[-73.943757,40.845267]]},"properties":{"kind":"major","name":"Riverside Drive","bridge":false}},{"type":"Feature","geometry":{"type":"LineString","coordinates":[[-73.943622,40.845946],[-73.943567,40.846208]]},"properties":{"kind":"major","name":"Riverside Drive","bridge":false}},{"type":"Feature","geometry":{"type":"LineString","coordinates":[[-73.943757,40.845267],[-73.943695,40.845625],[-73.943622,40.845946]]},"properties":{"kind":"major","name":"Riverside Drive","bridge":false}},{"type":"Feature","geometry":{"type":"LineString","coordinates":[[-73.973705,40.794589],[-73.972399,40.794031]]},"properties":{"kind":"major","name":"West 95th Street","bridge":false}},{"type":"Feature","geometry":{"type":"LineString","coordinates":[[-74.023521,40.769994],[-74.023226,40.770374]]},"properties":{"kind":"major","name":"Park Avenue","bridge":false}},{"type":"Feature","geometry":{"type":"LineString","coordinates":[[-74.023693,40.76979],[-74.023855,40.769599]]},"properties":{"kind":"major","name":"Park Avenue","bridge":false}},{"type":"Feature","geometry":{"type":"LineString","coordinates":[[-74.00212,40.785285],[-74.001841,40.785603],[-74.001695,40.785752],[-74.001453,40.786079],[-74.001237,40.786322],[-74.001059,40.786566],[-74.000809,40.786862],[-74.000688,40.787059],[-74.000385,40.787409],[-74.000297,40.787523],[-74.000133,40.787895],[-74.000028,40.788089],[-73.999638,40.788558],[-73.999246,40.789071]]},"properties":{"kind":"minor","name":"Avenue at Port Imperial","bridge":false}},{"type":"Feature","geometry":{"type":"LineString","coordinates":[[-74.001284,40.78849],[-74.001167,40.788549]]},"properties":{"kind":"major","name":"Hillside Road","bridge":false}},{"type":"Feature","geometry":{"type":"LineString","coordinates":[[-73.998067,40.792538],[-73.997799,40.793007]]},"properties":{"kind":"major","name":"River Road","bridge":false}},{"type":"Feature","geometry":{"type":"LineString","coordinates":[[-73.998098,40.792486],[-73.998067,40.792538]]},"properties":{"kind":"major","name":"River Road","bridge":false}},{"type":"Feature","geometry":{"type":"LineString","coordinates":[[-73.989423,40.809475],[-73.989186,40.809413],[-73.988945,40.809316],[-73.988393,40.809066]]},"properties":{"kind":"minor","name":"Thompson Lane","bridge":false}},{"type":"Feature","geometry":{"type":"LineString","coordinates":[[-73.987338,40.811856],[-73.987156,40.812115],[-73.987018,40.812267]]},"properties":{"kind":"major","name":"River Road","bridge":false}},{"type":"Feature","geometry":{"type":"LineString","coordinates":[[-73.985999,40.813057],[-73.986259,40.812921],[-73.986506,40.812758]]},"properties":{"kind":"major","name":"River Road","bridge":false}},{"type":"Feature","geometry":{"type":"LineString","coordinates":[[-73.985262,40.813355],[-73.985999,40.813057]]},"properties":{"kind":"major","name":"River Road","bridge":false}},{"type":"Feature","geometry":{"type":"LineString","coordinates":[[-73.984173,40.813822],[-73.984435,40.813681]]},"properties":{"kind":"major","name":"River Road","bridge":false}},{"type":"Feature","geometry":{"type":"LineString","coordinates":[[-73.976291,40.822189],[-73.976112,40.822476],[-73.975926,40.822805]]},"properties":{"kind":"major","name":"River Road","bridge":false}},{"type":"Feature","geometry":{"type":"LineString","coordinates":[[-73.975983,40.822249],[-73.976062,40.82231],[-73.97609,40.82235],[-73.976108,40.822396],[-73.976112,40.822476]]},"properties":{"kind":"minor","name":"Portside Drive","bridge":false}},{"type":"Feature","geometry":{"type":"LineString","coordinates":[[-73.99117,40.770627],[-73.990912,40.770987]]},"properties":{"kind":"major","name":"11th Avenue","bridge":false}},{"type":"Feature","geometry":{"type":"LineString","coordinates":[[-73.98482,40.760113],[-73.984908,40.760057],[-73.985137,40.759438]]},"properties":{"kind":"minor","name":"Broadway","bridge":false}},{"type":"Feature","geometry":{"type":"LineString","coordinates":[[-73.935739,40.826012],[-73.935482,40.826348]]},"properties":{"kind":"major","name":"Adam Clayton Powell Jr. Boulevard","bridge":false}},{"type":"Feature","geometry":{"type":"LineString","coordinates":[[-73.990429,40.756631],[-73.991575,40.757122]]},"properties":{"kind":"minor","name":"West 41st Street","bridge":false}},{"type":"Feature","geometry":{"type":"LineString","coordinates":[[-73.991575,40.757122],[-73.99273,40.757613]]},"properties":{"kind":"minor","name":"West 41st Street","bridge":false}},{"type":"Feature","geometry":{"type":"LineString","coordinates":[[-73.984975,40.779126],[-73.984755,40.779431]]},"properties":{"kind":"major","name":"West End Avenue","bridge":false}},{"type":"Feature","geometry":{"type":"LineString","coordinates":[[-73.985948,40.777792],[-73.985445,40.778477]]},"properties":{"kind":"major","name":"West End Avenue","bridge":false}},{"type":"Feature","geometry":{"type":"LineString","coordinates":[[-73.986044,40.777659],[-73.985948,40.777792]]},"properties":{"kind":"major","name":"West End Avenue","bridge":false}},{"type":"Feature","geometry":{"type":"LineString","coordinates":[[-73.986298,40.777309],[-73.986044,40.777659]]},"properties":{"kind":"major","name":"West End Avenue","bridge":false}},{"type":"Feature","geometry":{"type":"LineString","coordinates":[[-73.986507,40.777026],[-73.986298,40.777309]]},"properties":{"kind":"major","name":"West End Avenue","bridge":false}},{"type":"Feature","geometry":{"type":"LineString","coordinates":[[-73.986651,40.776826],[-73.986507,40.777026]]},"properties":{"kind":"major","name":"West End Avenue","bridge":false}},{"type":"Feature","geometry":{"type":"LineString","coordinates":[[-73.932159,40.832215],[-73.932254,40.832016],[-73.932311,40.831919],[-73.932868,40.831162],[-73.932989,40.830977],[-73.933077,40.830792],[-73.933139,40.830602],[-73.933165,40.830489],[-73.933193,40.830192],[-73.933177,40.829997],[-73.933106,40.829443]]},"properties":{"kind":"highway","name":"","tunnel":"no","bridge":true}},{"type":"Feature","geometry":{"type":"LineString","coordinates":[[-73.99558,40.795364],[-73.995418,40.795361]]},"properties":{"kind":"minor","name":"Marine Road","bridge":false}},{"type":"Feature","geometry":{"type":"LineString","coordinates":[[-73.958234,40.803103],[-73.957776,40.803733]]},"properties":{"kind":"minor","name":"Manhattan Avenue","bridge":false}},{"type":"Feature","geometry":{"type":"LineString","coordinates":[[-73.954969,40.810061],[-73.954504,40.810693]]},"properties":{"kind":"minor","name":"Morningside Avenue","bridge":false}},{"type":"Feature","geometry":{"type":"LineString","coordinates":[[-73.94385,40.823655],[-73.943912,40.82356],[-73.945157,40.820874]]},"properties":{"kind":"major","name":"Edgecombe Avenue","bridge":false}},{"type":"Feature","geometry":{"type":"LineString","coordinates":[[-73.94292,40.823263],[-73.94385,40.823655]]},"properties":{"kind":"major","name":"West 145th Street","bridge":false}},{"type":"Feature","geometry":{"type":"LineString","coordinates":[[-73.939154,40.821676],[-73.94292,40.823263]]},"properties":{"kind":"major","name":"West 145th Street","bridge":false}},{"type":"Feature","geometry":{"type":"LineString","coordinates":[[-73.945157,40.820874],[-73.946079,40.821264]]},"properties":{"kind":"major","name":"West 141st Street","bridge":false}},{"type":"Feature","geometry":{"type":"LineString","coordinates":[[-73.953579,40.809482],[-73.953845,40.80911],[-73.953947,40.80901],[-73.954016,40.808922],[-73.954051,40.808855]]},"properties":{"kind":"minor","name":"Manhattan Avenue","bridge":false}},{"type":"Feature","geometry":{"type":"LineString","coordinates":[[-73.953579,40.809482],[-73.954969,40.810061]]},"properties":{"kind":"minor","name":"West 123rd Street","bridge":false}},{"type":"Feature","geometry":{"type":"LineString","coordinates":[[-73.954969,40.810061],[-73.955103,40.810117]]},"properties":{"kind":"minor","name":"West 123rd Street","bridge":false}},{"type":"Feature","geometry":{"type":"LineString","coordinates":[[-73.948204,40.833835],[-73.94701,40.833315],[-73.946917,40.833235]]},"properties":{"kind":"minor","name":"West 155th Street","bridge":false}},{"type":"Feature","geometry":{"type":"LineString","coordinates":[[-73.93475,40.835995],[-73.934576,40.836216],[-73.934511,40.836316],[-73.934115,40.837016]]},"properties":{"kind":"highway","name":"","tunnel":"no","bridge":true}},{"type":"Feature","geometry":{"type":"LineString","coordinates":[[-73.982546,40.772279],[-73.982951,40.77173]]},"properties":{"kind":"major","name":"Columbus Avenue","bridge":false}},{"type":"Feature","geometry":{"type":"LineString","coordinates":[[-73.981996,40.768896],[-73.982013,40.769697]]},"properties":{"kind":"major","name":"Broadway","bridge":false}},{"type":"Feature","geometry":{"type":"LineString","coordinates":[[-73.973126,40.767811],[-73.973134,40.768101]]},"properties":{"kind":"minor","name":"East Drive","bridge":true}},{"type":"Feature","geometry":{"type":"LineString","coordinates":[[-73.973134,40.768101],[-73.973091,40.768336],[-73.973035,40.768548],[-73.972897,40.768939]]},"properties":{"kind":"minor","name":"East Drive","bridge":false}},{"type":"Feature","geometry":{"type":"LineString","coordinates":[[-73.973227,40.768102],[-73.973219,40.767811]]},"properties":{"kind":"minor","name":"","bridge":true}},{"type":"Feature","geometry":{"type":"LineString","coordinates":[[-73.973219,40.767811],[-73.973191,40.767531],[-73.973165,40.767392],[-73.973097,40.767153],[-73.972998,40.766908],[-73.972912,40.766747],[-73.972744,40.766519],[-73.972675,40.76637],[-73.972645,40.766278],[-73.972634,40.766171],[-73.972647,40.766091],[-73.972709,40.765934],[-73.973172,40.765267],[-73.97319,40.765216],[-73.973203,40.765128],[-73.973232,40.765062]]},"properties":{"kind":"minor","name":"","bridge":false}},{"type":"Feature","geometry":{"type":"LineString","coordinates":[[-73.965427,40.850675],[-73.96568,40.850162]]},"properties":{"kind":"minor","name":"Kaufers Lane","bridge":false}},{"type":"Feature","geometry":{"type":"LineString","coordinates":[[-73.959652,40.820329],[-73.960131,40.819727]]},"properties":{"kind":"major","name":"Marginal Street","bridge":false}},{"type":"Feature","geometry":{"type":"LineString","coordinates":[[-73.92614,40.833636],[-73.928537,40.834418],[-73.92938,40.83467],[-73.930355,40.834505]]},"properties":{"kind":"minor","name":"West 165th Street","bridge":false}},{"type":"Feature","geometry":{"type":"LineString","coordinates":[[-73.92614,40.833636],[-73.927285,40.832145],[-73.928108,40.830997]]},"properties":{"kind":"minor","name":"Anderson Avenue","bridge":false}},{"type":"Feature","geometry":{"type":"LineString","coordinates":[[-73.925265,40.834774],[-73.92614,40.833636]]},"properties":{"kind":"minor","name":"Anderson Avenue","bridge":false}},{"type":"Feature","geometry":{"type":"LineString","coordinates":[[-73.925265,40.834774],[-73.926994,40.835332],[-73.92926,40.836094]]},"properties":{"kind":"minor","name":"West 166th Street","bridge":false}},{"type":"Feature","geometry":{"type":"LineString","coordinates":[[-73.96247,40.804893],[-73.965403,40.806118]]},"properties":{"kind":"minor","name":"West 113th Street","bridge":false}},{"type":"Feature","geometry":{"type":"LineString","coordinates":[[-73.958063,40.78307],[-73.958996,40.783463]]},"properties":{"kind":"minor","name":"East 89th Street","bridge":false}},{"type":"Feature","geometry":{"type":"LineString","coordinates":[[-73.952857,40.806709],[-73.950468,40.805697],[-73.947737,40.804555]]},"properties":{"kind":"minor","name":"West 120th Street","bridge":false}},{"type":"Feature","geometry":{"type":"LineString","coordinates":[[-73.978289,40.773039],[-73.977374,40.774293]]},"properties":{"kind":"major","name":"Central Park West","bridge":false}},{"type":"Feature","geometry":{"type":"LineString","coordinates":[[-73.982964,40.766592],[-73.982873,40.766716]]},"properties":{"kind":"major","name":"8th Avenue","bridge":false}},{"type":"Feature","geometry":{"type":"LineString","coordinates":[[-73.985756,40.762961],[-73.98849,40.764112]]},"properties":{"kind":"minor","name":"West 51st Street","bridge":false}},{"type":"Feature","geometry":{"type":"LineString","coordinates":[[-73.947462,40.810304],[-73.950216,40.811478]]},"properties":{"kind":"minor","name":"West 127th Street","bridge":false}},{"type":"Feature","geometry":{"type":"LineString","coordinates":[[-73.947006,40.810925],[-73.947924,40.809686],[-73.948124,40.809395]]},"properties":{"kind":"major","name":"Adam Clayton Powell Jr. Boulevard","bridge":false}},{"type":"Feature","geometry":{"type":"LineString","coordinates":[[-73.950216,40.811478],[-73.94192,40.822841],[-73.940054,40.825379],[-73.937043,40.829515],[-73.936367,40.830414]]},"properties":{"kind":"major","name":"Frederick Douglass Boulevard","bridge":false}},{"type":"Feature","geometry":{"type":"LineString","coordinates":[[-73.951501,40.812015],[-73.954956,40.81346],[-73.95505,40.813409]]},"properties":{"kind":"minor","name":"West 127th Street","bridge":false}},{"type":"Feature","geometry":{"type":"LineString","coordinates":[[-73.96258,40.81001],[-73.962395,40.809932]]},"properties":{"kind":"major","name":"","bridge":false}},{"type":"Feature","geometry":{"type":"LineString","coordinates":[[-73.963037,40.809363],[-73.96286,40.809289]]},"properties":{"kind":"major","name":"","bridge":false}},{"type":"Feature","geometry":{"type":"LineString","coordinates":[[-73.954066,40.821358],[-73.954249,40.821436]]},"properties":{"kind":"minor","name":"West 137th Street","bridge":false}},{"type":"Feature","geometry":{"type":"LineString","coordinates":[[-73.982013,40.769697],[-73.982039,40.770525]]},"properties":{"kind":"major","name":"Broadway","bridge":false}},{"type":"Feature","geometry":{"type":"LineString","coordinates":[[-73.949275,40.802737],[-73.951246,40.803559],[-73.951949,40.803865]]},"properties":{"kind":"minor","name":"West 117th Street","bridge":false}},{"type":"Feature","geometry":{"type":"LineString","coordinates":[[-73.949123,40.802673],[-73.949275,40.802737]]},"properties":{"kind":"minor","name":"West 117th Street","bridge":false}},{"type":"Feature","geometry":{"type":"LineString","coordinates":[[-73.952797,40.805878],[-73.952857,40.806709]]},"properties":{"kind":"major","name":"Saint Nicholas Avenue","bridge":false}},{"type":"Feature","geometry":{"type":"LineString","coordinates":[[-74.021919,40.770623],[-74.021874,40.770668],[-74.02115,40.771602],[-74.021014,40.771883]]},"properties":{"kind":"minor","name":"Hauxhurst Avenue","bridge":false}},{"type":"Feature","geometry":{"type":"LineString","coordinates":[[-74.02185,40.769307],[-74.021767,40.769194],[-74.021766,40.769105],[-74.021942,40.768603],[-74.022019,40.768469]]},"properties":{"kind":"minor","name":"Sterling Avenue","bridge":false}},{"type":"Feature","geometry":{"type":"LineString","coordinates":[[-73.93956,40.836276],[-73.939337,40.836575]]},"properties":{"kind":"major","name":"Amsterdam Avenue","bridge":false}},{"type":"Feature","geometry":{"type":"LineString","coordinates":[[-73.997139,40.766122],[-73.997345,40.766206]]},"properties":{"kind":"major","name":"West 49th Street","bridge":false}},{"type":"Feature","geometry":{"type":"LineString","coordinates":[[-73.997139,40.766122],[-73.996681,40.766747]]},"properties":{"kind":"highway","name":"12th Avenue","tunnel":"no","bridge":false}},{"type":"Feature","geometry":{"type":"LineString","coordinates":[[-73.944112,40.814601],[-73.941425,40.813471]]},"properties":{"kind":"minor","name":"West 134th Street","bridge":false}},{"type":"Feature","geometry":{"type":"LineString","coordinates":[[-73.944267,40.814669],[-73.944112,40.814601]]},"properties":{"kind":"minor","name":"West 134th Street","bridge":false}},{"type":"Feature","geometry":{"type":"LineString","coordinates":[[-73.996431,40.76746],[-73.99661,40.767214]]},"properties":{"kind":"highway","name":"12th Avenue","tunnel":"no","bridge":false}},{"type":"Feature","geometry":{"type":"LineString","coordinates":[[-73.996224,40.767373],[-73.996431,40.76746]]},"properties":{"kind":"minor","name":"West 51st Street","bridge":false}},{"type":"Feature","geometry":{"type":"LineString","coordinates":[[-73.996681,40.766747],[-73.996355,40.767192]]},"properties":{"kind":"highway","name":"12th Avenue","tunnel":"no","bridge":false}},{"type":"Feature","geometry":{"type":"LineString","coordinates":[[-73.985534,40.757963],[-73.986012,40.757342]]},"properties":{"kind":"major","name":"7th Avenue","bridge":false}},{"type":"Feature","geometry":{"type":"LineString","coordinates":[[-73.980062,40.831321],[-73.979823,40.831249],[-73.979704,40.8312]]},"properties":{"kind":"major","name":"Columbia Avenue","bridge":false}},{"type":"Feature","geometry":{"type":"LineString","coordinates":[[-73.99135,40.813027],[-73.992014,40.813219]]},"properties":{"kind":"minor","name":"Main Street","bridge":false}},{"type":"Feature","geometry":{"type":"LineString","coordinates":[[-73.942952,40.843206],[-73.942018,40.842822]]},"properties":{"kind":"minor","name":"West 169th Street","bridge":false}},{"type":"Feature","geometry":{"type":"LineString","coordinates":[[-73.982106,40.772998],[-73.982047,40.772973]]},"properties":{"kind":"major","name":"West 65th Street","bridge":false}},{"type":"Feature","geometry":{"type":"LineString","coordinates":[[-73.999574,40.759702],[-73.999285,40.759575]]},"properties":{"kind":"major","name":"West 40th Street","bridge":false}},{"type":"Feature","geometry":{"type":"LineString","coordinates":[[-73.972744,40.828164],[-73.972552,40.828446]]},"properties":{"kind":"major","name":"River Road","bridge":false}},{"type":"Feature","geometry":{"type":"LineString","coordinates":[[-73.982188,40.777953],[-73.982183,40.777803]]},"properties":{"kind":"major","name":"Broadway","bridge":false}},{"type":"Feature","geometry":{"type":"LineString","coordinates":[[-73.982188,40.777953],[-73.982396,40.778038]]},"properties":{"kind":"minor","name":"West 71st Street","bridge":false}},{"type":"Feature","geometry":{"type":"LineString","coordinates":[[-73.982393,40.777525],[-73.982276,40.777705],[-73.982183,40.777803]]},"properties":{"kind":"major","name":"Amsterdam Avenue","bridge":false}},{"type":"Feature","geometry":{"type":"LineString","coordinates":[[-73.994629,40.796554],[-73.994604,40.796631],[-73.994347,40.797046]]},"properties":{"kind":"minor","name":"Riverview Circle","bridge":false}},{"type":"Feature","geometry":{"type":"LineString","coordinates":[[-73.994289,40.797121],[-73.994091,40.797299],[-73.993947,40.79734],[-73.99333,40.797164]]},"properties":{"kind":"minor","name":"Cove Lane North","bridge":false}},{"type":"Feature","geometry":{"type":"LineString","coordinates":[[-73.981391,40.768817],[-73.981323,40.768939],[-73.980584,40.769918]]},"properties":{"kind":"major","name":"Central Park West","bridge":false}},{"type":"Feature","geometry":{"type":"LineString","coordinates":[[-73.992322,40.769017],[-73.993148,40.769364]]},"properties":{"kind":"minor","name":"West 55th Street","bridge":false}},{"type":"Feature","geometry":{"type":"LineString","coordinates":[[-73.982347,40.762348],[-73.978182,40.760597]]},"properties":{"kind":"minor","name":"West 52nd Street","bridge":false}},{"type":"Feature","geometry":{"type":"LineString","coordinates":[[-73.983261,40.762738],[-73.983063,40.762643],[-73.982347,40.762348]]},"properties":{"kind":"minor","name":"West 52nd Street","bridge":false}},{"type":"Feature","geometry":{"type":"LineString","coordinates":[[-73.993148,40.769364],[-73.993698,40.769598]]},"properties":{"kind":"minor","name":"West 55th Street","bridge":false}},{"type":"Feature","geometry":{"type":"LineString","coordinates":[[-73.994536,40.769941],[-73.994785,40.770033]]},"properties":{"kind":"minor","name":"West 55th Street","bridge":false}},{"type":"Feature","geometry":{"type":"LineString","coordinates":[[-73.994421,40.770703],[-73.994229,40.770626]]},"properties":{"kind":"minor","name":"West 56th Street","bridge":false}},{"type":"Feature","geometry":{"type":"LineString","coordinates":[[-73.95375,40.825399],[-73.953865,40.82535],[-73.954077,40.825239],[-73.954306,40.825087],[-73.954509,40.824923],[-73.954695,40.824725],[-73.955078,40.824209],[-73.955217,40.82399],[-73.955445,40.82357]]},"properties":{"kind":"major","name":"Riverside Drive","bridge":false}},{"type":"Feature","geometry":{"type":"LineString","coordinates":[[-74.000748,40.791024],[-74.000599,40.79126],[-74.000534,40.791387],[-74.000501,40.791473],[-74.000515,40.791626],[-74.000534,40.791692],[-74.000595,40.791808],[-74.000732,40.791939],[-74.000923,40.792099],[-74.000991,40.792207]]},"properties":{"kind":"major","name":"Boulevard East","bridge":false}},{"type":"Feature","geometry":{"type":"LineString","coordinates":[[-73.970631,40.83684],[-73.970381,40.837508],[-73.970322,40.837731],[-73.970291,40.8379],[-73.97024,40.838333],[-73.970221,40.838654],[-73.970211,40.839441]]},"properties":{"kind":"major","name":"River Road","bridge":false}},{"type":"Feature","geometry":{"type":"LineString","coordinates":[[-73.944828,40.82902],[-73.943415,40.830954],[-73.942972,40.831574]]},"properties":{"kind":"major","name":"Amsterdam Avenue","bridge":false}},{"type":"Feature","geometry":{"type":"LineString","coordinates":[[-73.964511,40.850539],[-73.964502,40.850604]]},"properties":{"kind":"major","name":"Hudson Terrace","bridge":false}},{"type":"Feature","geometry":{"type":"LineString","coordinates":[[-73.964502,40.850604],[-73.964459,40.850946]]},"properties":{"kind":"major","name":"Hudson Terrace","bridge":false}},{"type":"Feature","geometry":{"type":"LineString","coordinates":[[-73.964171,40.852714],[-73.964097,40.852928]]},"properties":{"kind":"major","name":"Hudson Terrace","bridge":false}},{"type":"Feature","geometry":{"type":"LineString","coordinates":[[-73.96339,40.803632],[-73.963142,40.803972]]},"properties":{"kind":"major","name":"Amsterdam Avenue","bridge":false}},{"type":"Feature","geometry":{"type":"LineString","coordinates":[[-73.960416,40.817951],[-73.960545,40.818085]]},"properties":{"kind":"major","name":"West 125th Street","bridge":false}},{"type":"Feature","geometry":{"type":"LineString","coordinates":[[-73.964862,40.808466],[-73.965382,40.808685]]},"properties":{"kind":"minor","name":"West 116th Street","bridge":false}},{"type":"Feature","geometry":{"type":"LineString","coordinates":[[-73.965382,40.808685],[-73.965676,40.80881],[-73.96579,40.808818]]},"properties":{"kind":"minor","name":"West 116th Street","bridge":false}},{"type":"Feature","geometry":{"type":"LineString","coordinates":[[-73.96579,40.808818],[-73.965723,40.808914]]},"properties":{"kind":"major","name":"Riverside Drive","bridge":false}},{"type":"Feature","geometry":{"type":"LineString","coordinates":[[-73.993401,40.803979],[-73.993345,40.804066]]},"properties":{"kind":"major","name":"River Road","bridge":false}},{"type":"Feature","geometry":{"type":"LineString","coordinates":[[-73.993298,40.80414],[-73.993217,40.804269]]},"properties":{"kind":"major","name":"River Road","bridge":false}},{"type":"Feature","geometry":{"type":"LineString","coordinates":[[-73.943298,40.839611],[-73.944298,40.837077],[-73.944644,40.836225],[-73.944663,40.836137],[-73.944669,40.83603],[-73.944654,40.83592],[-73.944623,40.83582],[-73.944569,40.835715],[-73.944508,40.835632],[-73.944422,40.835542],[-73.944337,40.835475],[-73.944238,40.835423],[-73.944084,40.835363]]},"properties":{"kind":"major","name":"Fort Washington Avenue","bridge":false}},{"type":"Feature","geometry":{"type":"LineString","coordinates":[[-73.975529,40.792083],[-73.975083,40.7927]]},"properties":{"kind":"major","name":"West End Avenue","bridge":false}},{"type":"Feature","geometry":{"type":"LineString","coordinates":[[-73.955337,40.82354],[-73.955291,40.823648]]},"properties":{"kind":"major","name":"Riverside Drive","bridge":false}},{"type":"Feature","geometry":{"type":"LineString","coordinates":[[-73.952065,40.827103],[-73.952619,40.826409]]},"properties":{"kind":"major","name":"Riverside Drive","bridge":false}},{"type":"Feature","geometry":{"type":"LineString","coordinates":[[-73.955291,40.823648],[-73.95513,40.823961],[-73.954993,40.824177],[-73.954734,40.824534],[-73.954488,40.824828],[-73.95427,40.825017],[-73.954038,40.82517],[-73.953882,40.82525],[-73.953679,40.825333]]},"properties":{"kind":"major","name":"Riverside Drive","bridge":false}},{"type":"Feature","geometry":{"type":"LineString","coordinates":[[-73.946057,40.807131],[-73.946526,40.806507],[-73.946844,40.806063]]},"properties":{"kind":"major","name":"Malcolm X Boulevard","bridge":false}},{"type":"Feature","geometry":{"type":"LineString","coordinates":[[-73.945905,40.807068],[-73.94566,40.807405]]},"properties":{"kind":"major","name":"Malcolm X Boulevard","bridge":false}},{"type":"Feature","geometry":{"type":"LineString","coordinates":[[-74.010228,40.789195],[-74.010656,40.789393]]},"properties":{"kind":"minor","name":"62nd Street","bridge":false}},{"type":"Feature","geometry":{"type":"LineString","coordinates":[[-74.009735,40.789767],[-74.008721,40.789289],[-74.006671,40.788365],[-74.003889,40.787061]]},"properties":{"kind":"minor","name":"63rd Street","bridge":false}},{"type":"Feature","geometry":{"type":"LineString","coordinates":[[-74.009794,40.789795],[-74.009735,40.789767]]},"properties":{"kind":"minor","name":"63rd Street","bridge":false}},{"type":"Feature","geometry":{"type":"LineString","coordinates":[[-73.975677,40.823316],[-73.975639,40.823388]]},"properties":{"kind":"major","name":"River Road","bridge":false}},{"type":"Feature","geometry":{"type":"LineString","coordinates":[[-73.975639,40.823388],[-73.975533,40.82359]]},"properties":{"kind":"major","name":"River Road","bridge":false}},{"type":"Feature","geometry":{"type":"LineString","coordinates":[[-73.997803,40.7615],[-73.99785,40.761436]]},"properties":{"kind":"major","name":"11th Avenue","bridge":false}},{"type":"Feature","geometry":{"type":"LineString","coordinates":[[-73.995429,40.761306],[-73.994526,40.760925]]},"properties":{"kind":"minor","name":"West 44th Street","bridge":false}},{"type":"Feature","geometry":{"type":"LineString","coordinates":[[-73.996695,40.76103],[-73.997803,40.7615]]},"properties":{"kind":"minor","name":"West 43rd Street","bridge":false}},{"type":"Feature","geometry":{"type":"LineString","coordinates":[[-73.997803,40.7615],[-74.000289,40.762552]]},"properties":{"kind":"minor","name":"West 43rd Street","bridge":false}},{"type":"Feature","geometry":{"type":"LineString","coordinates":[[-73.976435,40.785732],[-73.980984,40.787652],[-73.98106,40.787674],[-73.981152,40.787684]]},"properties":{"kind":"minor","name":"West 83rd Street","bridge":false}},{"type":"Feature","geometry":{"type":"LineString","coordinates":[[-73.976435,40.785732],[-73.975509,40.787001]]},"properties":{"kind":"major","name":"Amsterdam Avenue","bridge":false}},{"type":"Feature","geometry":{"type":"LineString","coordinates":[[-73.971484,40.780279],[-73.971555,40.780355],[-73.971606,40.780433],[-73.971636,40.780523],[-73.971658,40.78069]]},"properties":{"kind":"major","name":"79th Street Transverse","bridge":false}},{"type":"Feature","geometry":{"type":"LineString","coordinates":[[-73.964615,40.777571],[-73.964843,40.777742]]},"properties":{"kind":"major","name":"79th Street Transverse","bridge":false}},{"type":"Feature","geometry":{"type":"LineString","coordinates":[[-73.964252,40.777287],[-73.964615,40.777571]]},"properties":{"kind":"major","name":"79th Street Transverse","bridge":false}},{"type":"Feature","geometry":{"type":"LineString","coordinates":[[-73.993663,40.801667],[-73.993661,40.801714]]},"properties":{"kind":"major","name":"River Road","bridge":false}},{"type":"Feature","geometry":{"type":"LineString","coordinates":[[-73.993661,40.801714],[-73.993668,40.80183]]},"properties":{"kind":"major","name":"River Road","bridge":false}},{"type":"Feature","geometry":{"type":"LineString","coordinates":[[-73.978182,40.760597],[-73.976718,40.759983]]},"properties":{"kind":"minor","name":"West 52nd Street","bridge":false}},{"type":"Feature","geometry":{"type":"LineString","coordinates":[[-73.980954,40.827831],[-73.982121,40.828499]]},"properties":{"kind":"minor","name":"Franklin Avenue","bridge":false}},{"type":"Feature","geometry":{"type":"LineString","coordinates":[[-73.980599,40.82847],[-73.980755,40.828189]]},"properties":{"kind":"major","name":"Palisade Avenue","bridge":false}},{"type":"Feature","geometry":{"type":"LineString","coordinates":[[-73.981308,40.827117],[-73.981221,40.827193],[-73.981017,40.827494],[-73.980856,40.827761]]},"properties":{"kind":"major","name":"Palisade Avenue","bridge":false}},{"type":"Feature","geometry":{"type":"LineString","coordinates":[[-73.95375,40.825399],[-73.953679,40.825333]]},"properties":{"kind":"minor","name":"West 142nd Street","bridge":false}},{"type":"Feature","geometry":{"type":"LineString","coordinates":[[-73.953066,40.825846],[-73.953301,40.825634],[-73.953373,40.825586],[-73.953494,40.825514],[-73.95375,40.825399]]},"properties":{"kind":"major","name":"Riverside Drive","bridge":false}},{"type":"Feature","geometry":{"type":"LineString","coordinates":[[-73.953679,40.825333],[-73.953457,40.825436],[-73.953234,40.825575],[-73.953149,40.825641],[-73.95298,40.825809]]},"properties":{"kind":"major","name":"Riverside Drive","bridge":false}},{"type":"Feature","geometry":{"type":"LineString","coordinates":[[-73.975789,40.798755],[-73.975821,40.798627],[-73.975828,40.798554],[-73.975839,40.798015],[-73.97586,40.797785],[-73.97593,40.797468],[-73.97602,40.797162],[-73.976063,40.796924]]},"properties":{"kind":"highway","name":"","tunnel":"no","bridge":false}},{"type":"Feature","geometry":{"type":"LineString","coordinates":[[-73.974102,40.796983],[-73.974121,40.796868],[-73.974139,40.79682],[-73.974202,40.796714],[-73.974291,40.796602]]},"properties":{"kind":"major","name":"Riverside Drive","bridge":false}},{"type":"Feature","geometry":{"type":"LineString","coordinates":[[-73.974291,40.796602],[-73.974424,40.796465],[-73.974622,40.796294],[-73.974891,40.796119]]},"properties":{"kind":"major","name":"Riverside Drive","bridge":false}},{"type":"Feature","geometry":{"type":"LineString","coordinates":[[-73.963041,40.791807],[-73.963429,40.791926]]},"properties":{"kind":"major","name":"97th Street Transverse","bridge":false}},{"type":"Feature","geometry":{"type":"LineString","coordinates":[[-73.963429,40.791926],[-73.963491,40.791958],[-73.963832,40.79218],[-73.964177,40.792377]]},"properties":{"kind":"major","name":"97th Street Transverse","bridge":false}},{"type":"Feature","geometry":{"type":"LineString","coordinates":[[-73.98048,40.827996],[-73.980452,40.827863]]},"properties":{"kind":"minor","name":"Winston Drive","bridge":false}},{"type":"Feature","geometry":{"type":"LineString","coordinates":[[-73.971899,40.82985],[-73.971923,40.829922]]},"properties":{"kind":"major","name":"River Road","bridge":false}},{"type":"Feature","geometry":{"type":"LineString","coordinates":[[-73.971883,40.829803],[-73.971899,40.82985]]},"properties":{"kind":"major","name":"River Road","bridge":false}},{"type":"Feature","geometry":{"type":"LineString","coordinates":[[-73.941078,40.831761],[-73.940976,40.832076]]},"properties":{"kind":"major","name":"Saint Nicholas Avenue","bridge":false}},{"type":"Feature","geometry":{"type":"LineString","coordinates":[[-73.936271,40.822154],[-73.938051,40.822899]]},"properties":{"kind":"minor","name":"West 147th Street","bridge":false}},{"type":"Feature","geometry":{"type":"LineString","coordinates":[[-73.972668,40.795032],[-73.97228,40.794872]]},"properties":{"kind":"major","name":"West 96th Street","bridge":false}},{"type":"Feature","geometry":{"type":"LineString","coordinates":[[-73.972803,40.828073],[-73.972744,40.828164]]},"properties":{"kind":"major","name":"River Road","bridge":false}},{"type":"Feature","geometry":{"type":"LineString","coordinates":[[-74.019008,40.776647],[-74.018907,40.776782]]},"properties":{"kind":"major","name":"Park Avenue","bridge":false}},{"type":"Feature","geometry":{"type":"LineString","coordinates":[[-73.968895,40.779079],[-73.969338,40.779267]]},"properties":{"kind":"major","name":"79th Street Transverse","bridge":false}},{"type":"Feature","geometry":{"type":"LineString","coordinates":[[-73.970851,40.779832],[-73.971281,40.780118]]},"properties":{"kind":"major","name":"79th Street Transverse","bridge":false}},{"type":"Feature","geometry":{"type":"LineString","coordinates":[[-73.965086,40.7779],[-73.96532,40.778006],[-73.965479,40.778058],[-73.965647,40.778096],[-73.965825,40.778123],[-73.966258,40.77815]]},"properties":{"kind":"major","name":"79th Street Transverse","bridge":false}},{"type":"Feature","geometry":{"type":"LineString","coordinates":[[-73.966258,40.77815],[-73.966747,40.778258]]},"properties":{"kind":"major","name":"79th Street Transverse","bridge":false}},{"type":"Feature","geometry":{"type":"LineString","coordinates":[[-73.969338,40.779267],[-73.969666,40.779398],[-73.970165,40.779545],[-73.970467,40.779648],[-73.970645,40.779725],[-73.970851,40.779832]]},"properties":{"kind":"major","name":"79th Street Transverse","bridge":false}},{"type":"Feature","geometry":{"type":"LineString","coordinates":[[-73.971281,40.780118],[-73.971484,40.780279]]},"properties":{"kind":"major","name":"79th Street Transverse","bridge":false}},{"type":"Feature","geometry":{"type":"LineString","coordinates":[[-73.964843,40.777742],[-73.965086,40.7779]]},"properties":{"kind":"major","name":"79th Street Transverse","bridge":false}},{"type":"Feature","geometry":{"type":"LineString","coordinates":[[-73.964555,40.791625],[-73.96437,40.791582],[-73.964191,40.791567],[-73.964008,40.79159],[-73.963228,40.791739],[-73.963041,40.791749],[-73.962752,40.791709]]},"properties":{"kind":"major","name":"97th Street Transverse","bridge":false}},{"type":"Feature","geometry":{"type":"LineString","coordinates":[[-73.962372,40.791578],[-73.962694,40.791689]]},"properties":{"kind":"major","name":"97th Street Transverse","bridge":false}},{"type":"Feature","geometry":{"type":"LineString","coordinates":[[-73.95614,40.788962],[-73.956552,40.789156],[-73.956824,40.789269],[-73.957089,40.789353]]},"properties":{"kind":"major","name":"97th Street Transverse","bridge":false}},{"type":"Feature","geometry":{"type":"LineString","coordinates":[[-73.956237,40.788224],[-73.956182,40.788139],[-73.956049,40.788029],[-73.955984,40.787989],[-73.955767,40.787901]]},"properties":{"kind":"major","name":"97th Street Transverse","bridge":false}},{"type":"Feature","geometry":{"type":"LineString","coordinates":[[-73.957089,40.789353],[-73.957177,40.789389]]},"properties":{"kind":"major","name":"97th Street Transverse","bridge":false}},{"type":"Feature","geometry":{"type":"LineString","coordinates":[[-73.957177,40.789389],[-73.957639,40.789586]]},"properties":{"kind":"major","name":"97th Street Transverse","bridge":false}},{"type":"Feature","geometry":{"type":"LineString","coordinates":[[-73.957639,40.789586],[-73.95843,40.789923],[-73.958669,40.790009],[-73.95901,40.790103],[-73.959711,40.790244],[-73.959914,40.790303],[-73.960115,40.790377],[-73.960301,40.790462],[-73.960478,40.790557],[-73.961125,40.790988],[-73.961425,40.791156],[-73.962004,40.791434],[-73.962372,40.791578]]},"properties":{"kind":"major","name":"97th Street Transverse","bridge":false}},{"type":"Feature","geometry":{"type":"LineString","coordinates":[[-73.956409,40.788841],[-73.95632,40.788666],[-73.956285,40.788513],[-73.956251,40.788277],[-73.956237,40.788224]]},"properties":{"kind":"major","name":"97th Street Transverse","bridge":false}},{"type":"Feature","geometry":{"type":"LineString","coordinates":[[-73.967027,40.784369],[-73.967349,40.784559]]},"properties":{"kind":"major","name":"86th Street Transverse","bridge":false}},{"type":"Feature","geometry":{"type":"LineString","coordinates":[[-73.967349,40.784559],[-73.967528,40.784666],[-73.967778,40.784793],[-73.967925,40.78485],[-73.968108,40.784904]]},"properties":{"kind":"major","name":"86th Street Transverse","bridge":false}},{"type":"Feature","geometry":{"type":"LineString","coordinates":[[-73.974643,40.824972],[-73.974493,40.825175],[-73.974295,40.825508]]},"properties":{"kind":"major","name":"River Road","bridge":false}},{"type":"Feature","geometry":{"type":"LineString","coordinates":[[-73.97476,40.824822],[-73.974643,40.824972]]},"properties":{"kind":"major","name":"River Road","bridge":false}},{"type":"Feature","geometry":{"type":"LineString","coordinates":[[-73.974932,40.824599],[-73.97476,40.824822]]},"properties":{"kind":"major","name":"River Road","bridge":false}},{"type":"Feature","geometry":{"type":"LineString","coordinates":[[-74.001344,40.761713],[-74.001188,40.76187],[-74.00106,40.761976]]},"properties":{"kind":"highway","name":"12th Avenue","tunnel":"no","bridge":false}},{"type":"Feature","geometry":{"type":"LineString","coordinates":[[-73.982561,40.785061],[-73.982652,40.784976]]},"properties":{"kind":"major","name":"Riverside Drive","bridge":false}},{"type":"Feature","geometry":{"type":"LineString","coordinates":[[-73.974587,40.794946],[-73.973705,40.794589]]},"properties":{"kind":"major","name":"West 95th Street","bridge":false}},{"type":"Feature","geometry":{"type":"LineString","coordinates":[[-73.976563,40.794869],[-73.976428,40.795074],[-73.976255,40.795287],[-73.976075,40.795452],[-73.976009,40.795494]]},"properties":{"kind":"major","name":"Riverside Drive","bridge":false}},{"type":"Feature","geometry":{"type":"LineString","coordinates":[[-73.941425,40.813471],[-73.94128,40.813409]]},"properties":{"kind":"minor","name":"West 134th Street","bridge":false}},{"type":"Feature","geometry":{"type":"LineString","coordinates":[[-73.941199,40.81378],[-73.941372,40.813533],[-73.941425,40.813471]]},"properties":{"kind":"major","name":"Malcolm X Boulevard","bridge":false}},{"type":"Feature","geometry":{"type":"LineString","coordinates":[[-73.941425,40.813471],[-73.941667,40.813147]]},"properties":{"kind":"major","name":"Malcolm X Boulevard","bridge":false}},{"type":"Feature","geometry":{"type":"LineString","coordinates":[[-73.941614,40.81295],[-73.94128,40.813409]]},"properties":{"kind":"major","name":"Malcolm X Boulevard","bridge":false}},{"type":"Feature","geometry":{"type":"LineString","coordinates":[[-73.94128,40.813409],[-73.941007,40.81377]]},"properties":{"kind":"major","name":"Malcolm X Boulevard","bridge":false}},{"type":"Feature","geometry":{"type":"LineString","coordinates":[[-73.93959,40.841494],[-73.939865,40.841122]]},"properties":{"kind":"major","name":"Broadway","bridge":false}},{"type":"Feature","geometry":{"type":"LineString","coordinates":[[-73.9393,40.841679],[-73.939417,40.84173]]},"properties":{"kind":"minor","name":"West 169th Street","bridge":false}},{"type":"Feature","geometry":{"type":"LineString","coordinates":[[-73.939417,40.84173],[-73.942013,40.842819]]},"properties":{"kind":"minor","name":"West 169th Street","bridge":false}},{"type":"Feature","geometry":{"type":"LineString","coordinates":[[-73.939446,40.841425],[-73.939303,40.841673]]},"properties":{"kind":"major","name":"Broadway","bridge":false}},{"type":"Feature","geometry":{"type":"LineString","coordinates":[[-73.958751,40.809149],[-73.959211,40.809344]]},"properties":{"kind":"minor","name":"West 120th Street","bridge":false}},{"type":"Feature","geometry":{"type":"LineString","coordinates":[[-73.943266,40.846193],[-73.943301,40.845938],[-73.943363,40.845737],[-73.943418,40.845632],[-73.943486,40.845546],[-73.943619,40.845431]]},"properties":{"kind":"highway","name":"","tunnel":"no","bridge":true}},{"type":"Feature","geometry":{"type":"LineString","coordinates":[[-73.981469,40.767849],[-73.981424,40.767916],[-73.981399,40.767982],[-73.981391,40.768035],[-73.981395,40.768104]]},"properties":{"kind":"major","name":"Columbus Circle","bridge":false}},{"type":"Feature","geometry":{"type":"LineString","coordinates":[[-74.013762,40.777519],[-74.013734,40.777597]]},"properties":{"kind":"major","name":"Boulevard East","bridge":false}},{"type":"Feature","geometry":{"type":"LineString","coordinates":[[-73.987777,40.810173],[-73.987611,40.810108],[-73.987514,40.810127]]},"properties":{"kind":"minor","name":"Independence Way","bridge":false}},{"type":"Feature","geometry":{"type":"LineString","coordinates":[[-73.988014,40.810319],[-73.98803,40.810289],[-73.988034,40.810256],[-73.988026,40.810224],[-73.987977,40.810171],[-73.987939,40.810154],[-73.987898,40.810145],[-73.987813,40.810156],[-73.987777,40.810173],[-73.987732,40.810224],[-73.987724,40.810254],[-73.98773,40.810294],[-73.987753,40.81033],[-73.987791,40.810359],[-73.98784,40.810375],[-73.987893,40.810379],[-73.987944,40.810369],[-73.987988,40.810345],[-73.988014,40.810319]]},"properties":{"kind":"minor","name":"Independence Way","bridge":false}},{"type":"Feature","geometry":{"type":"LineString","coordinates":[[-73.987988,40.810345],[-73.988323,40.810542],[-73.988462,40.81055]]},"properties":{"kind":"minor","name":"Independence Way","bridge":false}},{"type":"Feature","geometry":{"type":"LineString","coordinates":[[-73.99309,40.801879],[-73.992882,40.801927],[-73.992697,40.802071],[-73.992279,40.802554],[-73.992005,40.802976],[-73.991724,40.80334],[-73.991518,40.803623]]},"properties":{"kind":"minor","name":"Somerset Lane","bridge":false}},{"type":"Feature","geometry":{"type":"LineString","coordinates":[[-73.957848,40.81633],[-73.958791,40.816717]]},"properties":{"kind":"minor","name":"West 129th Street","bridge":false}},{"type":"Feature","geometry":{"type":"LineString","coordinates":[[-73.952945,40.817916],[-73.952443,40.818614]]},"properties":{"kind":"major","name":"Amsterdam Avenue","bridge":false}},{"type":"Feature","geometry":{"type":"LineString","coordinates":[[-73.998038,40.761249],[-73.998277,40.760955],[-73.998347,40.760856]]},"properties":{"kind":"major","name":"11th Avenue","bridge":false}},{"type":"Feature","geometry":{"type":"LineString","coordinates":[[-73.97501,40.787686],[-73.976431,40.788289]]},"properties":{"kind":"major","name":"West 86th Street","bridge":false}},{"type":"Feature","geometry":{"type":"LineString","coordinates":[[-73.971321,40.792763],[-73.970868,40.793385]]},"properties":{"kind":"major","name":"Amsterdam Avenue","bridge":false}},{"type":"Feature","geometry":{"type":"LineString","coordinates":[[-74.015042,40.770642],[-74.0152,40.770688]]},"properties":{"kind":"minor","name":"","bridge":false}},{"type":"Feature","geometry":{"type":"LineString","coordinates":[[-74.015349,40.770643],[-74.015079,40.770558]]},"properties":{"kind":"minor","name":"","bridge":false}},{"type":"Feature","geometry":{"type":"LineString","coordinates":[[-74.023581,40.769127],[-74.023616,40.769272],[-74.023629,40.769393]]},"properties":{"kind":"major","name":"Park Avenue","bridge":false}},{"type":"Feature","geometry":{"type":"LineString","coordinates":[[-74.021418,40.773126],[-74.021372,40.773215]]},"properties":{"kind":"major","name":"Park Avenue","bridge":false}},{"type":"Feature","geometry":{"type":"LineString","coordinates":[[-74.021257,40.773448],[-74.020945,40.774029]]},"properties":{"kind":"major","name":"Park Avenue","bridge":false}},{"type":"Feature","geometry":{"type":"LineString","coordinates":[[-74.01641,40.768669],[-74.01587,40.768457]]},"properties":{"kind":"minor","name":"Oxford Landing","bridge":false}},{"type":"Feature","geometry":{"type":"LineString","coordinates":[[-73.987124,40.771047],[-73.987293,40.771098],[-73.989996,40.77224]]},"properties":{"kind":"major","name":"West 60th Street","bridge":false}},{"type":"Feature","geometry":{"type":"LineString","coordinates":[[-73.933088,40.828163],[-73.934579,40.828048]]},"properties":{"kind":"major","name":"Macombs Dam Bridge","bridge":true}},{"type":"Feature","geometry":{"type":"LineString","coordinates":[[-73.93255,40.819522],[-73.933674,40.819494]]},"properties":{"kind":"major","name":"145th Street Bridge","bridge":true}},{"type":"Feature","geometry":{"type":"LineString","coordinates":[[-73.931677,40.819447],[-73.93255,40.819522]]},"properties":{"kind":"major","name":"145th Street Bridge","bridge":true}},{"type":"Feature","geometry":{"type":"LineString","coordinates":[[-73.955445,40.82357],[-73.955337,40.82354]]},"properties":{"kind":"major","name":"","bridge":false}},{"type":"Feature","geometry":{"type":"LineString","coordinates":[[-73.955502,40.823454],[-73.955744,40.822969]]},"properties":{"kind":"major","name":"Riverside Drive","bridge":true}},{"type":"Feature","geometry":{"type":"LineString","coordinates":[[-73.955744,40.822969],[-73.955811,40.822831]]},"properties":{"kind":"major","name":"Riverside Drive","bridge":true}},{"type":"Feature","geometry":{"type":"LineString","coordinates":[[-73.95621,40.822274],[-73.956111,40.822235]]},"properties":{"kind":"major","name":"","bridge":false}},{"type":"Feature","geometry":{"type":"LineString","coordinates":[[-73.955956,40.822575],[-73.956034,40.822469],[-73.95621,40.822274],[-73.956834,40.821744],[-73.957418,40.821235],[-73.957492,40.82116]]},"properties":{"kind":"major","name":"Riverside Drive","bridge":false}},{"type":"Feature","geometry":{"type":"LineString","coordinates":[[-73.956834,40.821744],[-73.956747,40.821694]]},"properties":{"kind":"major","name":"","bridge":false}},{"type":"Feature","geometry":{"type":"LineString","coordinates":[[-73.978821,40.830919],[-73.979137,40.831085]]},"properties":{"kind":"minor","name":"Kensington Drive","bridge":false}},{"type":"Feature","geometry":{"type":"LineString","coordinates":[[-73.979209,40.830952],[-73.978933,40.830798]]},"properties":{"kind":"minor","name":"Kensington Drive","bridge":false}},{"type":"Feature","geometry":{"type":"LineString","coordinates":[[-73.979832,40.772039],[-73.979322,40.771825],[-73.979202,40.771785]]},"properties":{"kind":"major","name":"West 65th Street","bridge":false}},{"type":"Feature","geometry":{"type":"LineString","coordinates":[[-73.979521,40.771349],[-73.979202,40.771785]]},"properties":{"kind":"major","name":"Central Park West","bridge":false}},{"type":"Feature","geometry":{"type":"LineString","coordinates":[[-73.986671,40.755054],[-73.987447,40.755373]]},"properties":{"kind":"minor","name":"West 41st Street","bridge":false}},{"type":"Feature","geometry":{"type":"LineString","coordinates":[[-73.986671,40.755054],[-73.986898,40.754335]]},"properties":{"kind":"minor","name":"Broadway","bridge":false}},{"type":"Feature","geometry":{"type":"LineString","coordinates":[[-73.953558,40.801954],[-73.950565,40.800693]]},"properties":{"kind":"minor","name":"West 114th Street","bridge":false}},{"type":"Feature","geometry":{"type":"LineString","coordinates":[[-73.95632,40.803116],[-73.953498,40.806982]]},"properties":{"kind":"major","name":"Frederick Douglass Boulevard","bridge":false}},{"type":"Feature","geometry":{"type":"LineString","coordinates":[[-73.984651,40.77444],[-73.984389,40.774801]]},"properties":{"kind":"major","name":"Amsterdam Avenue","bridge":false}},{"type":"Feature","geometry":{"type":"LineString","coordinates":[[-73.984389,40.774801],[-73.98299,40.776724],[-73.982569,40.777289]]},"properties":{"kind":"major","name":"Amsterdam Avenue","bridge":false}},{"type":"Feature","geometry":{"type":"LineString","coordinates":[[-73.988856,40.76871],[-73.988716,40.768904]]},"properties":{"kind":"major","name":"10th Avenue","bridge":false}},{"type":"Feature","geometry":{"type":"LineString","coordinates":[[-73.989627,40.767646],[-73.989495,40.767826]]},"properties":{"kind":"major","name":"10th Avenue","bridge":false}},{"type":"Feature","geometry":{"type":"LineString","coordinates":[[-73.987819,40.770099],[-73.987595,40.770404]]},"properties":{"kind":"major","name":"10th Avenue","bridge":false}},{"type":"Feature","geometry":{"type":"LineString","coordinates":[[-73.990531,40.766398],[-73.990414,40.766564]]},"properties":{"kind":"major","name":"10th Avenue","bridge":false}},{"type":"Feature","geometry":{"type":"LineString","coordinates":[[-73.989495,40.767826],[-73.988856,40.76871]]},"properties":{"kind":"major","name":"10th Avenue","bridge":false}},{"type":"Feature","geometry":{"type":"LineString","coordinates":[[-73.991329,40.765309],[-73.990855,40.765945]]},"properties":{"kind":"major","name":"10th Avenue","bridge":false}},{"type":"Feature","geometry":{"type":"LineString","coordinates":[[-73.990414,40.766564],[-73.989962,40.767183]]},"properties":{"kind":"major","name":"10th Avenue","bridge":false}},{"type":"Feature","geometry":{"type":"LineString","coordinates":[[-73.929043,40.831297],[-73.928567,40.8319],[-73.923856,40.838009]]},"properties":{"kind":"minor","name":"Woodycrest Avenue","bridge":false}},{"type":"Feature","geometry":{"type":"LineString","coordinates":[[-73.928108,40.830997],[-73.928483,40.830363],[-73.928499,40.830327],[-73.928503,40.830288],[-73.92848,40.830223]]},"properties":{"kind":"minor","name":"Anderson Avenue","bridge":false}},{"type":"Feature","geometry":{"type":"LineString","coordinates":[[-73.985756,40.772922],[-73.985318,40.773531]]},"properties":{"kind":"major","name":"Amsterdam Avenue","bridge":false}},{"type":"Feature","geometry":{"type":"LineString","coordinates":[[-73.985318,40.773531],[-73.984852,40.774164]]},"properties":{"kind":"major","name":"Amsterdam Avenue","bridge":false}},{"type":"Feature","geometry":{"type":"LineString","coordinates":[[-73.985979,40.771367],[-73.986677,40.771661]]},"properties":{"kind":"minor","name":"West 61st Street","bridge":false}},{"type":"Feature","geometry":{"type":"LineString","coordinates":[[-73.968328,40.79663],[-73.967609,40.796349],[-73.96702,40.796081],[-73.966938,40.796033],[-73.965626,40.795486]]},"properties":{"kind":"minor","name":"West 100th Street","bridge":false}},{"type":"Feature","geometry":{"type":"LineString","coordinates":[[-73.965499,40.795419],[-73.964396,40.794836],[-73.964291,40.794789]]},"properties":{"kind":"minor","name":"West 100th Street","bridge":false}},{"type":"Feature","geometry":{"type":"LineString","coordinates":[[-73.969818,40.79718],[-73.969017,40.796838],[-73.968622,40.79668],[-73.968458,40.796641]]},"properties":{"kind":"minor","name":"West 100th Street","bridge":false}},{"type":"Feature","geometry":{"type":"LineString","coordinates":[[-73.966554,40.793366],[-73.967032,40.793555]]},"properties":{"kind":"minor","name":"West 97th Street","bridge":false}},{"type":"Feature","geometry":{"type":"LineString","coordinates":[[-73.966287,40.793288],[-73.966554,40.793366]]},"properties":{"kind":"minor","name":"West 97th Street","bridge":false}},{"type":"Feature","geometry":{"type":"LineString","coordinates":[[-73.964291,40.794789],[-73.963305,40.794372]]},"properties":{"kind":"minor","name":"West 100th Street","bridge":false}},{"type":"Feature","geometry":{"type":"LineString","coordinates":[[-73.982903,40.763382],[-73.990414,40.766564]]},"properties":{"kind":"major","name":"West 53rd Street","bridge":false}},{"type":"Feature","geometry":{"type":"LineString","coordinates":[[-73.983261,40.762738],[-73.983678,40.762086]]},"properties":{"kind":"major","name":"Broadway","bridge":false}},{"type":"Feature","geometry":{"type":"LineString","coordinates":[[-73.936239,40.814652],[-73.935923,40.814537],[-73.935281,40.814264]]},"properties":{"kind":"minor","name":"East 138th Street","bridge":false}},{"type":"Feature","geometry":{"type":"LineString","coordinates":[[-73.955103,40.810117],[-73.957683,40.811222],[-73.960544,40.812413]]},"properties":{"kind":"minor","name":"West 123rd Street","bridge":false}},{"type":"Feature","geometry":{"type":"LineString","coordinates":[[-73.991329,40.765309],[-73.994156,40.766498]]},"properties":{"kind":"minor","name":"West 51st Street","bridge":false}},{"type":"Feature","geometry":{"type":"LineString","coordinates":[[-73.989859,40.762233],[-73.990316,40.761605]]},"properties":{"kind":"major","name":"9th Avenue","bridge":false}},{"type":"Feature","geometry":{"type":"LineString","coordinates":[[-73.98849,40.764112],[-73.991329,40.765309]]},"properties":{"kind":"minor","name":"West 51st Street","bridge":false}},{"type":"Feature","geometry":{"type":"LineString","coordinates":[[-73.942218,40.817191],[-73.939535,40.816058]]},"properties":{"kind":"minor","name":"West 138th Street","bridge":false}},{"type":"Feature","geometry":{"type":"LineString","coordinates":[[-73.955591,40.817439],[-73.955292,40.818484]]},"properties":{"kind":"minor","name":"Old Broadway","bridge":false}},{"type":"Feature","geometry":{"type":"LineString","coordinates":[[-73.960721,40.817536],[-73.960758,40.817454],[-73.960809,40.817295],[-73.960825,40.817141],[-73.960811,40.81706],[-73.960787,40.816994],[-73.96057,40.816609],[-73.96054,40.816541],[-73.960502,40.816398],[-73.960486,40.816255],[-73.960493,40.816148],[-73.960561,40.815902]]},"properties":{"kind":"minor","name":"Riverside Drive","bridge":false}},{"type":"Feature","geometry":{"type":"LineString","coordinates":[[-73.956925,40.815546],[-73.956828,40.815598],[-73.956613,40.815792]]},"properties":{"kind":"minor","name":"Old Broadway","bridge":false}},{"type":"Feature","geometry":{"type":"LineString","coordinates":[[-73.957484,40.816185],[-73.957731,40.816283]]},"properties":{"kind":"minor","name":"West 126th Street","bridge":false}},{"type":"Feature","geometry":{"type":"LineString","coordinates":[[-73.952715,40.803496],[-73.95274,40.803446],[-73.952815,40.803343]]},"properties":{"kind":"major","name":"Saint Nicholas Avenue","bridge":false}},{"type":"Feature","geometry":{"type":"LineString","coordinates":[[-73.95537,40.804418],[-73.952815,40.803343]]},"properties":{"kind":"major","name":"West 116th Street","bridge":false}},{"type":"Feature","geometry":{"type":"LineString","coordinates":[[-73.954104,40.812298],[-73.95505,40.813409],[-73.955697,40.814141]]},"properties":{"kind":"minor","name":"West 126th Street","bridge":false}},{"type":"Feature","geometry":{"type":"LineString","coordinates":[[-73.957921,40.821333],[-73.958522,40.821607],[-73.958628,40.821743]]},"properties":{"kind":"minor","name":"West 135th Street","bridge":false}},{"type":"Feature","geometry":{"type":"LineString","coordinates":[[-73.993773,40.808586],[-73.993958,40.808319]]},"properties":{"kind":"minor","name":"Cedar Street","bridge":false}},{"type":"Feature","geometry":{"type":"LineString","coordinates":[[-74.012857,40.783913],[-74.013038,40.783991]]},"properties":{"kind":"minor","name":"56th Street","bridge":false}},{"type":"Feature","geometry":{"type":"LineString","coordinates":[[-74.012807,40.783891],[-74.012857,40.783913]]},"properties":{"kind":"minor","name":"56th Street","bridge":false}},{"type":"Feature","geometry":{"type":"LineString","coordinates":[[-73.966104,40.789745],[-73.965648,40.79037]]},"properties":{"kind":"major","name":"Central Park West","bridge":false}},{"type":"Feature","geometry":{"type":"LineString","coordinates":[[-73.993253,40.771094],[-73.993566,40.771227]]},"properties":{"kind":"major","name":"West 57th Street","bridge":false}},{"type":"Feature","geometry":{"type":"LineString","coordinates":[[-73.936239,40.814652],[-73.936711,40.814861],[-73.936847,40.814934],[-73.93939,40.815997]]},"properties":{"kind":"minor","name":"West 138th Street","bridge":false}},{"type":"Feature","geometry":{"type":"LineString","coordinates":[[-73.936239,40.814652],[-73.936105,40.814772]]},"properties":{"kind":"major","name":"5th Avenue","bridge":false}},{"type":"Feature","geometry":{"type":"LineString","coordinates":[[-73.934552,40.819737],[-73.935463,40.820116]]},"properties":{"kind":"major","name":"145th Street Bridge","bridge":false}},{"type":"Feature","geometry":{"type":"LineString","coordinates":[[-73.962436,40.813428],[-73.962319,40.813598],[-73.962269,40.813721],[-73.962194,40.813975],[-73.962139,40.814101],[-73.962045,40.814247],[-73.961582,40.814881],[-73.961452,40.815092],[-73.961418,40.815166],[-73.961328,40.815431],[-73.96125,40.815728]]},"properties":{"kind":"major","name":"Riverside Drive","bridge":false}},{"type":"Feature","geometry":{"type":"LineString","coordinates":[[-73.959985,40.817534],[-73.960416,40.817951]]},"properties":{"kind":"major","name":"West 125th Street","bridge":false}},{"type":"Feature","geometry":{"type":"LineString","coordinates":[[-73.960261,40.818157],[-73.957479,40.816983]]},"properties":{"kind":"minor","name":"West 130th Street","bridge":false}},{"type":"Feature","geometry":{"type":"LineString","coordinates":[[-73.959534,40.817051],[-73.959985,40.817534]]},"properties":{"kind":"major","name":"West 125th Street","bridge":false}},{"type":"Feature","geometry":{"type":"LineString","coordinates":[[-73.959812,40.818784],[-73.958903,40.820023]]},"properties":{"kind":"minor","name":"12th Avenue","bridge":false}},{"type":"Feature","geometry":{"type":"LineString","coordinates":[[-73.958837,40.81516],[-73.9598,40.813822],[-73.961228,40.811884]]},"properties":{"kind":"major","name":"Broadway","bridge":false}},{"type":"Feature","geometry":{"type":"LineString","coordinates":[[-73.955459,40.819391],[-73.952721,40.818234]]},"properties":{"kind":"minor","name":"West 134th Street","bridge":false}},{"type":"Feature","geometry":{"type":"LineString","coordinates":[[-73.955459,40.819391],[-73.95497,40.820072]]},"properties":{"kind":"major","name":"Broadway","bridge":false}},{"type":"Feature","geometry":{"type":"LineString","coordinates":[[-73.953005,40.809238],[-73.953045,40.810074]]},"properties":{"kind":"major","name":"Saint Nicholas Avenue","bridge":false}},{"type":"Feature","geometry":{"type":"LineString","coordinates":[[-74.017528,40.766824],[-74.018405,40.767194]]},"properties":{"kind":"minor","name":"Henley Place","bridge":false}},{"type":"Feature","geometry":{"type":"LineString","coordinates":[[-74.017292,40.7668],[-74.017528,40.766824]]},"properties":{"kind":"minor","name":"Henley Place","bridge":false}},{"type":"Feature","geometry":{"type":"LineString","coordinates":[[-73.948855,40.796734],[-73.948837,40.796794],[-73.948841,40.796831],[-73.948853,40.796892],[-73.948879,40.796942],[-73.948992,40.797059],[-73.949078,40.797101]]},"properties":{"kind":"minor","name":"Duke Ellington Circle","bridge":false}},{"type":"Feature","geometry":{"type":"LineString","coordinates":[[-73.958372,40.800775],[-73.958457,40.800704],[-73.958484,40.800651],[-73.958494,40.800581]]},"properties":{"kind":"major","name":"Frederick Douglass Circle","bridge":false}},{"type":"Feature","geometry":{"type":"LineString","coordinates":[[-73.952035,40.791324],[-73.952979,40.79172]]},"properties":{"kind":"minor","name":"East 102nd Street","bridge":false}},{"type":"Feature","geometry":{"type":"LineString","coordinates":[[-73.995018,40.769848],[-73.995088,40.76969]]},"properties":{"kind":"highway","name":"","tunnel":"no","bridge":false}},{"type":"Feature","geometry":{"type":"LineString","coordinates":[[-73.985718,40.767916],[-73.988561,40.769118]]},"properties":{"kind":"major","name":"West 57th Street","bridge":false}},{"type":"Feature","geometry":{"type":"LineString","coordinates":[[-73.9822,40.76895],[-73.982193,40.76852]]},"properties":{"kind":"major","name":"Broadway","bridge":false}},{"type":"Feature","geometry":{"type":"LineString","coordinates":[[-73.982236,40.769793],[-73.9822,40.76895]]},"properties":{"kind":"major","name":"Broadway","bridge":false}},{"type":"Feature","geometry":{"type":"LineString","coordinates":[[-73.982013,40.769697],[-73.981059,40.769296]]},"properties":{"kind":"minor","name":"West 61st Street","bridge":false}},{"type":"Feature","geometry":{"type":"LineString","coordinates":[[-73.982248,40.770612],[-73.983411,40.771096]]},"properties":{"kind":"major","name":"West 62nd Street","bridge":false}},{"type":"Feature","geometry":{"type":"LineString","coordinates":[[-73.982248,40.770612],[-73.982236,40.769793]]},"properties":{"kind":"major","name":"Broadway","bridge":false}},{"type":"Feature","geometry":{"type":"LineString","coordinates":[[-73.98205,40.771351],[-73.98226,40.771435]]},"properties":{"kind":"minor","name":"West 63rd Street","bridge":false}},{"type":"Feature","geometry":{"type":"LineString","coordinates":[[-73.982063,40.771746],[-73.982076,40.772168]]},"properties":{"kind":"major","name":"Broadway","bridge":false}},{"type":"Feature","geometry":{"type":"LineString","coordinates":[[-73.967032,40.793555],[-73.970004,40.79479],[-73.971208,40.795301]]},"properties":{"kind":"minor","name":"West 97th Street","bridge":false}},{"type":"Feature","geometry":{"type":"LineString","coordinates":[[-73.984201,40.780195],[-73.983984,40.780495]]},"properties":{"kind":"major","name":"West End Avenue","bridge":false}},{"type":"Feature","geometry":{"type":"LineString","coordinates":[[-73.983984,40.780495],[-73.983523,40.781129]]},"properties":{"kind":"major","name":"West End Avenue","bridge":false}},{"type":"Feature","geometry":{"type":"LineString","coordinates":[[-73.983523,40.781129],[-73.983285,40.781453]]},"properties":{"kind":"major","name":"West End Avenue","bridge":false}},{"type":"Feature","geometry":{"type":"LineString","coordinates":[[-73.983285,40.781453],[-73.983056,40.781765]]},"properties":{"kind":"major","name":"West End Avenue","bridge":false}},{"type":"Feature","geometry":{"type":"LineString","coordinates":[[-73.983056,40.781765],[-73.982596,40.782401]]},"properties":{"kind":"major","name":"West End Avenue","bridge":false}},{"type":"Feature","geometry":{"type":"LineString","coordinates":[[-73.982596,40.782401],[-73.98235,40.782734]]},"properties":{"kind":"major","name":"West End Avenue","bridge":false}},{"type":"Feature","geometry":{"type":"LineString","coordinates":[[-73.982124,40.783046],[-73.981671,40.783666]]},"properties":{"kind":"major","name":"West End Avenue","bridge":false}},{"type":"Feature","geometry":{"type":"LineString","coordinates":[[-73.98235,40.782734],[-73.982124,40.783046]]},"properties":{"kind":"major","name":"West End Avenue","bridge":false}},{"type":"Feature","geometry":{"type":"LineString","coordinates":[[-73.981671,40.783666],[-73.98141,40.784022]]},"properties":{"kind":"major","name":"West End Avenue","bridge":false}},{"type":"Feature","geometry":{"type":"LineString","coordinates":[[-73.98117,40.784354],[-73.980952,40.784654]]},"properties":{"kind":"major","name":"West End Avenue","bridge":false}},{"type":"Feature","geometry":{"type":"LineString","coordinates":[[-73.98141,40.784022],[-73.981237,40.784262]]},"properties":{"kind":"major","name":"West End Avenue","bridge":false}},{"type":"Feature","geometry":{"type":"LineString","coordinates":[[-73.980673,40.785035],[-73.980431,40.785362]]},"properties":{"kind":"major","name":"West End Avenue","bridge":false}},{"type":"Feature","geometry":{"type":"LineString","coordinates":[[-73.980952,40.784654],[-73.980673,40.785035]]},"properties":{"kind":"major","name":"West End Avenue","bridge":false}},{"type":"Feature","geometry":{"type":"LineString","coordinates":[[-73.980431,40.785362],[-73.980209,40.785672]]},"properties":{"kind":"major","name":"West End Avenue","bridge":false}},{"type":"Feature","geometry":{"type":"LineString","coordinates":[[-73.980209,40.785672],[-73.979746,40.786304]]},"properties":{"kind":"major","name":"West End Avenue","bridge":false}},{"type":"Feature","geometry":{"type":"LineString","coordinates":[[-73.979746,40.786304],[-73.979513,40.786621]]},"properties":{"kind":"major","name":"West End Avenue","bridge":false}},{"type":"Feature","geometry":{"type":"LineString","coordinates":[[-73.979288,40.786937],[-73.978823,40.787571]]},"properties":{"kind":"major","name":"West End Avenue","bridge":false}},{"type":"Feature","geometry":{"type":"LineString","coordinates":[[-73.979513,40.786621],[-73.979288,40.786937]]},"properties":{"kind":"major","name":"West End Avenue","bridge":false}},{"type":"Feature","geometry":{"type":"LineString","coordinates":[[-73.978823,40.787571],[-73.978583,40.787898]]},"properties":{"kind":"major","name":"West End Avenue","bridge":false}},{"type":"Feature","geometry":{"type":"LineString","coordinates":[[-73.978583,40.787898],[-73.978363,40.788204]]},"properties":{"kind":"major","name":"West End Avenue","bridge":false}},{"type":"Feature","geometry":{"type":"LineString","coordinates":[[-73.978315,40.788266],[-73.978079,40.788589]]},"properties":{"kind":"major","name":"West End Avenue","bridge":false}},{"type":"Feature","geometry":{"type":"LineString","coordinates":[[-73.978079,40.788589],[-73.97786,40.788892]]},"properties":{"kind":"major","name":"West End Avenue","bridge":false}},{"type":"Feature","geometry":{"type":"LineString","coordinates":[[-73.977593,40.789254],[-73.977368,40.789563]]},"properties":{"kind":"major","name":"West End Avenue","bridge":false}},{"type":"Feature","geometry":{"type":"LineString","coordinates":[[-73.97691,40.790195],[-73.97668,40.790507]]},"properties":{"kind":"major","name":"West End Avenue","bridge":false}},{"type":"Feature","geometry":{"type":"LineString","coordinates":[[-73.97668,40.790507],[-73.976449,40.790822]]},"properties":{"kind":"major","name":"West End Avenue","bridge":false}},{"type":"Feature","geometry":{"type":"LineString","coordinates":[[-73.976449,40.790822],[-73.975997,40.791443]]},"properties":{"kind":"major","name":"West End Avenue","bridge":false}},{"type":"Feature","geometry":{"type":"LineString","coordinates":[[-73.975997,40.791443],[-73.975756,40.791772]]},"properties":{"kind":"major","name":"West End Avenue","bridge":false}},{"type":"Feature","geometry":{"type":"LineString","coordinates":[[-73.975756,40.791772],[-73.975529,40.792083]]},"properties":{"kind":"major","name":"West End Avenue","bridge":false}},{"type":"Feature","geometry":{"type":"LineString","coordinates":[[-73.975083,40.7927],[-73.974844,40.793023]]},"properties":{"kind":"major","name":"West End Avenue","bridge":false}},{"type":"Feature","geometry":{"type":"LineString","coordinates":[[-73.974844,40.793023],[-73.974622,40.793329]]},"properties":{"kind":"major","name":"West End Avenue","bridge":false}},{"type":"Feature","geometry":{"type":"LineString","coordinates":[[-73.974622,40.793329],[-73.974166,40.793956]]},"properties":{"kind":"major","name":"West End Avenue","bridge":false}},{"type":"Feature","geometry":{"type":"LineString","coordinates":[[-73.974166,40.793956],[-73.973975,40.794216]]},"properties":{"kind":"major","name":"West End Avenue","bridge":false}},{"type":"Feature","geometry":{"type":"LineString","coordinates":[[-73.973975,40.794216],[-73.973705,40.794589]]},"properties":{"kind":"major","name":"West End Avenue","bridge":false}},{"type":"Feature","geometry":{"type":"LineString","coordinates":[[-73.944927,40.808419],[-73.953546,40.812052],[-73.954064,40.812273],[-73.954104,40.812298]]},"properties":{"kind":"minor","name":"West 126th Street","bridge":false}},{"type":"Feature","geometry":{"type":"LineString","coordinates":[[-73.949078,40.797101],[-73.949408,40.796636]]},"properties":{"kind":"major","name":"5th Avenue","bridge":false}},{"type":"Feature","geometry":{"type":"LineString","coordinates":[[-73.947737,40.804555],[-73.946182,40.80389]]},"properties":{"kind":"minor","name":"West 120th Street","bridge":false}},{"type":"Feature","geometry":{"type":"LineString","coordinates":[[-73.990767,40.760987],[-73.989049,40.760262]]},"properties":{"kind":"major","name":"West 46th Street","bridge":false}},{"type":"Feature","geometry":{"type":"LineString","coordinates":[[-73.987928,40.759787],[-73.985079,40.758597]]},"properties":{"kind":"major","name":"West 46th Street","bridge":false}},{"type":"Feature","geometry":{"type":"LineString","coordinates":[[-73.994556,40.757559],[-73.993578,40.757154]]},"properties":{"kind":"minor","name":"West 40th Street","bridge":false}},{"type":"Feature","geometry":{"type":"LineString","coordinates":[[-74.010665,40.777539],[-74.01149,40.777913]]},"properties":{"kind":"minor","name":"Ferry Way","bridge":false}},{"type":"Feature","geometry":{"type":"LineString","coordinates":[[-74.012204,40.776907],[-74.012172,40.776578]]},"properties":{"kind":"major","name":"Port Imperial Boulevard","bridge":false}},{"type":"Feature","geometry":{"type":"LineString","coordinates":[[-74.013168,40.774339],[-74.013469,40.773901]]},"properties":{"kind":"major","name":"Port Imperial Boulevard","bridge":false}},{"type":"Feature","geometry":{"type":"LineString","coordinates":[[-74.012039,40.77585],[-74.011945,40.775945]]},"properties":{"kind":"minor","name":"Avenue at Port Imperial","bridge":false}},{"type":"Feature","geometry":{"type":"LineString","coordinates":[[-74.015282,40.77077],[-74.015349,40.770643]]},"properties":{"kind":"major","name":"Port Imperial Boulevard","bridge":false}},{"type":"Feature","geometry":{"type":"LineString","coordinates":[[-74.015042,40.770642],[-74.015079,40.770558]]},"properties":{"kind":"minor","name":"Regency Place","bridge":false}},{"type":"Feature","geometry":{"type":"LineString","coordinates":[[-74.015079,40.770558],[-74.015095,40.770535],[-74.015188,40.770449],[-74.016007,40.769346]]},"properties":{"kind":"minor","name":"Regency Place","bridge":false}},{"type":"Feature","geometry":{"type":"LineString","coordinates":[[-74.015349,40.770643],[-74.015644,40.770155],[-74.015951,40.769731],[-74.016066,40.769591]]},"properties":{"kind":"major","name":"Port Imperial Boulevard","bridge":false}},{"type":"Feature","geometry":{"type":"LineString","coordinates":[[-74.013891,40.773246],[-74.014427,40.772433],[-74.014664,40.771985]]},"properties":{"kind":"major","name":"Port Imperial Boulevard","bridge":false}},{"type":"Feature","geometry":{"type":"LineString","coordinates":[[-74.012528,40.775227],[-74.012385,40.775396]]},"properties":{"kind":"major","name":"Port Imperial Boulevard","bridge":false}},{"type":"Feature","geometry":{"type":"LineString","coordinates":[[-73.957237,40.801857],[-73.95632,40.803116]]},"properties":{"kind":"major","name":"Frederick Douglass Boulevard","bridge":false}},{"type":"Feature","geometry":{"type":"LineString","coordinates":[[-73.953498,40.806982],[-73.953224,40.807358]]},"properties":{"kind":"major","name":"Frederick Douglass Boulevard","bridge":false}},{"type":"Feature","geometry":{"type":"LineString","coordinates":[[-73.966915,40.798789],[-73.966521,40.799315]]},"properties":{"kind":"major","name":"Amsterdam Avenue","bridge":false}},{"type":"Feature","geometry":{"type":"LineString","coordinates":[[-73.963877,40.853503],[-73.96343,40.853421],[-73.963151,40.853382],[-73.962936,40.853365],[-73.962666,40.85336]]},"properties":{"kind":"highway","name":"George Washington Bridge Lower Level","tunnel":"no","bridge":false}},{"type":"Feature","geometry":{"type":"LineString","coordinates":[[-73.963037,40.809363],[-73.963988,40.808065]]},"properties":{"kind":"major","name":"Broadway","bridge":false}},{"type":"Feature","geometry":{"type":"LineString","coordinates":[[-73.96286,40.809289],[-73.962395,40.809932]]},"properties":{"kind":"major","name":"Broadway","bridge":false}},{"type":"Feature","geometry":{"type":"LineString","coordinates":[[-73.949729,40.832439],[-73.94977,40.832608]]},"properties":{"kind":"major","name":"Riverside Drive","bridge":true}},{"type":"Feature","geometry":{"type":"LineString","coordinates":[[-73.96389,40.81274],[-73.963902,40.812402],[-73.963893,40.811876],[-73.963903,40.811745],[-73.963948,40.811573],[-73.96404,40.811375]]},"properties":{"kind":"major","name":"Riverside Drive","bridge":false}},{"type":"Feature","geometry":{"type":"LineString","coordinates":[[-73.962167,40.816087],[-73.962265,40.815994],[-73.962342,40.815905],[-73.962476,40.815705],[-73.962884,40.814876],[-73.963697,40.813357],[-73.963757,40.813238],[-73.963821,40.813075],[-73.963867,40.81289],[-73.96389,40.81274]]},"properties":{"kind":"major","name":"Riverside Drive","bridge":false}},{"type":"Feature","geometry":{"type":"LineString","coordinates":[[-73.961018,40.817659],[-73.960721,40.817536]]},"properties":{"kind":"major","name":"Saint Clair Place","bridge":false}},{"type":"Feature","geometry":{"type":"LineString","coordinates":[[-73.960721,40.817536],[-73.959534,40.817051]]},"properties":{"kind":"major","name":"Saint Clair Place","bridge":false}},{"type":"Feature","geometry":{"type":"LineString","coordinates":[[-74.021119,40.768399],[-74.021231,40.768622]]},"properties":{"kind":"highway","name":"","tunnel":"no","bridge":false}},{"type":"Feature","geometry":{"type":"LineString","coordinates":[[-74.021299,40.768303],[-74.021329,40.768178]]},"properties":{"kind":"major","name":"Boulevard East","bridge":false}},{"type":"Feature","geometry":{"type":"LineString","coordinates":[[-73.939247,40.841831],[-73.939245,40.842045]]},"properties":{"kind":"major","name":"Broadway","bridge":false}},{"type":"Feature","geometry":{"type":"LineString","coordinates":[[-73.9391,40.841919],[-73.938862,40.842244]]},"properties":{"kind":"major","name":"Saint Nicholas Avenue","bridge":false}},{"type":"Feature","geometry":{"type":"LineString","coordinates":[[-73.939618,40.838708],[-73.939575,40.838799],[-73.939271,40.839226],[-73.939239,40.839296]]},"properties":{"kind":"major","name":"Audubon Avenue","bridge":false}},{"type":"Feature","geometry":{"type":"LineString","coordinates":[[-74.013551,40.772255],[-74.013231,40.772112]]},"properties":{"kind":"major","name":"Pershing Road","bridge":false}},{"type":"Feature","geometry":{"type":"LineString","coordinates":[[-74.013736,40.772337],[-74.013551,40.772255]]},"properties":{"kind":"major","name":"Pershing Road","bridge":false}},{"type":"Feature","geometry":{"type":"LineString","coordinates":[[-74.014337,40.771836],[-74.014664,40.771985]]},"properties":{"kind":"major","name":"Carlyle Court","bridge":false}},{"type":"Feature","geometry":{"type":"LineString","coordinates":[[-73.924866,40.838435],[-73.927783,40.83417],[-73.928748,40.832716]]},"properties":{"kind":"minor","name":"Nelson Avenue","bridge":false}},{"type":"Feature","geometry":{"type":"LineString","coordinates":[[-73.966549,40.848481],[-73.966593,40.848409]]},"properties":{"kind":"minor","name":"Old Palisade Road","bridge":false}},{"type":"Feature","geometry":{"type":"LineString","coordinates":[[-74.021744,40.772469],[-74.021909,40.772152]]},"properties":{"kind":"major","name":"Park Avenue","bridge":false}},{"type":"Feature","geometry":{"type":"LineString","coordinates":[[-73.996405,40.758346],[-73.994811,40.757665]]},"properties":{"kind":"minor","name":"West 40th Street","bridge":false}},{"type":"Feature","geometry":{"type":"LineString","coordinates":[[-73.997799,40.758948],[-73.997578,40.758846]]},"properties":{"kind":"major","name":"West 40th Street","bridge":false}},{"type":"Feature","geometry":{"type":"LineString","coordinates":[[-73.981296,40.779039],[-73.981116,40.779284]]},"properties":{"kind":"major","name":"Amsterdam Avenue","bridge":false}},{"type":"Feature","geometry":{"type":"LineString","coordinates":[[-73.98032,40.780405],[-73.98021,40.780561]]},"properties":{"kind":"major","name":"Amsterdam Avenue","bridge":false}},{"type":"Feature","geometry":{"type":"LineString","coordinates":[[-73.98021,40.780561],[-73.979388,40.781687]]},"properties":{"kind":"major","name":"Amsterdam Avenue","bridge":false}},{"type":"Feature","geometry":{"type":"LineString","coordinates":[[-73.979388,40.781687],[-73.979274,40.781843]]},"properties":{"kind":"major","name":"Amsterdam Avenue","bridge":false}},{"type":"Feature","geometry":{"type":"LineString","coordinates":[[-73.979274,40.781843],[-73.978821,40.782464]]},"properties":{"kind":"major","name":"Amsterdam Avenue","bridge":false}},{"type":"Feature","geometry":{"type":"LineString","coordinates":[[-73.978626,40.782737],[-73.978328,40.783153]]},"properties":{"kind":"major","name":"Amsterdam Avenue","bridge":false}},{"type":"Feature","geometry":{"type":"LineString","coordinates":[[-73.965188,40.790999],[-73.964694,40.791676]]},"properties":{"kind":"major","name":"Central Park West","bridge":false}},{"type":"Feature","geometry":{"type":"LineString","coordinates":[[-73.970368,40.794064],[-73.971225,40.794428]]},"properties":{"kind":"major","name":"West 96th Street","bridge":false}},{"type":"Feature","geometry":{"type":"LineString","coordinates":[[-73.976009,40.795494],[-73.975799,40.795448]]},"properties":{"kind":"major","name":"West 95th Street","bridge":false}},{"type":"Feature","geometry":{"type":"LineString","coordinates":[[-73.940122,40.840494],[-73.940279,40.840579]]},"properties":{"kind":"major","name":"","bridge":false}},{"type":"Feature","geometry":{"type":"LineString","coordinates":[[-73.939883,40.835822],[-73.939805,40.835931]]},"properties":{"kind":"major","name":"Amsterdam Avenue","bridge":false}},{"type":"Feature","geometry":{"type":"LineString","coordinates":[[-73.960804,40.807175],[-73.960533,40.807542]]},"properties":{"kind":"major","name":"Amsterdam Avenue","bridge":false}},{"type":"Feature","geometry":{"type":"LineString","coordinates":[[-73.938888,40.842378],[-73.938967,40.842349],[-73.939031,40.842354],[-73.939254,40.842447]]},"properties":{"kind":"major","name":"Saint Nicholas Avenue","bridge":false}},{"type":"Feature","geometry":{"type":"LineString","coordinates":[[-73.941146,40.844051],[-73.941634,40.843451]]},"properties":{"kind":"major","name":"Fort Washington Avenue","bridge":false}},{"type":"Feature","geometry":{"type":"LineString","coordinates":[[-73.955363,40.799467],[-73.95522,40.799407]]},"properties":{"kind":"major","name":"Central Park North","bridge":false}},{"type":"Feature","geometry":{"type":"LineString","coordinates":[[-73.980548,40.775017],[-73.980672,40.774854]]},"properties":{"kind":"major","name":"Columbus Avenue","bridge":false}},{"type":"Feature","geometry":{"type":"LineString","coordinates":[[-73.980672,40.774854],[-73.981133,40.774231]]},"properties":{"kind":"major","name":"Columbus Avenue","bridge":false}},{"type":"Feature","geometry":{"type":"LineString","coordinates":[[-73.93055,40.829854],[-73.930341,40.829908],[-73.929934,40.829965]]},"properties":{"kind":"major","name":"Jerome Avenue","bridge":false}},{"type":"Feature","geometry":{"type":"LineString","coordinates":[[-73.936681,40.812347],[-73.937641,40.812756]]},"properties":{"kind":"major","name":"East 135th Street","bridge":false}},{"type":"Feature","geometry":{"type":"LineString","coordinates":[[-73.952815,40.803343],[-73.952608,40.803254]]},"properties":{"kind":"major","name":"West 116th Street","bridge":false}},{"type":"Feature","geometry":{"type":"LineString","coordinates":[[-74.021105,40.768354],[-74.021119,40.768399]]},"properties":{"kind":"highway","name":"","tunnel":"no","bridge":false}},{"type":"Feature","geometry":{"type":"LineString","coordinates":[[-73.98481,40.775001],[-73.98724,40.776024]]},"properties":{"kind":"major","name":"West 66th Street","bridge":false}},{"type":"Feature","geometry":{"type":"LineString","coordinates":[[-73.98176,40.778663],[-73.98161,40.778601]]},"properties":{"kind":"major","name":"West 72nd Street","bridge":false}},{"type":"Feature","geometry":{"type":"LineString","coordinates":[[-73.98386,40.77048],[-73.984317,40.769855]]},"properties":{"kind":"major","name":"Columbus Avenue","bridge":false}},{"type":"Feature","geometry":{"type":"LineString","coordinates":[[-73.983698,40.770701],[-73.98386,40.77048]]},"properties":{"kind":"major","name":"Columbus Avenue","bridge":false}},{"type":"Feature","geometry":{"type":"LineString","coordinates":[[-73.960416,40.817951],[-73.960152,40.818307]]},"properties":{"kind":"minor","name":"12th Avenue","bridge":false}},{"type":"Feature","geometry":{"type":"LineString","coordinates":[[-73.957479,40.816983],[-73.957902,40.81642],[-73.958391,40.81581]]},"properties":{"kind":"major","name":"Broadway","bridge":false}},{"type":"Feature","geometry":{"type":"LineString","coordinates":[[-73.957479,40.816983],[-73.957276,40.816897]]},"properties":{"kind":"minor","name":"West 130th Street","bridge":false}},{"type":"Feature","geometry":{"type":"LineString","coordinates":[[-73.934483,40.820156],[-73.934456,40.819535],[-73.934438,40.819312],[-73.934405,40.819088]]},"properties":{"kind":"highway","name":"Harlem River Drive","tunnel":"no","bridge":false}},{"type":"Feature","geometry":{"type":"LineString","coordinates":[[-73.952444,40.803184],[-73.952608,40.803254]]},"properties":{"kind":"major","name":"West 116th Street","bridge":false}},{"type":"Feature","geometry":{"type":"LineString","coordinates":[[-73.936151,40.830782],[-73.935708,40.830593],[-73.935584,40.830522]]},"properties":{"kind":"major","name":"Harlem River Drive","bridge":false}},{"type":"Feature","geometry":{"type":"LineString","coordinates":[[-73.936367,40.830414],[-73.936208,40.830532]]},"properties":{"kind":"major","name":"Frederick Douglass Boulevard","bridge":false}},{"type":"Feature","geometry":{"type":"LineString","coordinates":[[-73.93598,40.831024],[-73.936301,40.830572],[-73.936367,40.830414]]},"properties":{"kind":"major","name":"Frederick Douglass Boulevard","bridge":false}},{"type":"Feature","geometry":{"type":"LineString","coordinates":[[-73.952267,40.817226],[-73.952992,40.817533],[-73.953176,40.817589]]},"properties":{"kind":"minor","name":"West 133rd Street","bridge":false}},{"type":"Feature","geometry":{"type":"LineString","coordinates":[[-73.953176,40.817589],[-73.955148,40.818409],[-73.955292,40.818484]]},"properties":{"kind":"minor","name":"West 133rd Street","bridge":false}},{"type":"Feature","geometry":{"type":"LineString","coordinates":[[-73.956844,40.817508],[-73.955906,40.81876]]},"properties":{"kind":"major","name":"Broadway","bridge":false}},{"type":"Feature","geometry":{"type":"LineString","coordinates":[[-73.967906,40.802251],[-73.967946,40.802003],[-73.967996,40.801398]]},"properties":{"kind":"major","name":"Broadway","bridge":false}},{"type":"Feature","geometry":{"type":"LineString","coordinates":[[-73.977368,40.789563],[-73.979866,40.790618]]},"properties":{"kind":"minor","name":"West 87th Street","bridge":false}},{"type":"Feature","geometry":{"type":"LineString","coordinates":[[-73.97588,40.788935],[-73.977368,40.789563]]},"properties":{"kind":"minor","name":"West 87th Street","bridge":false}},{"type":"Feature","geometry":{"type":"LineString","coordinates":[[-73.995829,40.759135],[-73.995473,40.759626]]},"properties":{"kind":"major","name":"10th Avenue","bridge":false}},{"type":"Feature","geometry":{"type":"LineString","coordinates":[[-73.95401,40.811367],[-73.954693,40.811656]]},"properties":{"kind":"major","name":"West 125th Street","bridge":false}},{"type":"Feature","geometry":{"type":"LineString","coordinates":[[-73.969053,40.800967],[-73.970545,40.80159]]},"properties":{"kind":"minor","name":"West 105th Street","bridge":false}},{"type":"Feature","geometry":{"type":"LineString","coordinates":[[-73.968574,40.801645],[-73.96889,40.801192]]},"properties":{"kind":"major","name":"West End Avenue","bridge":false}},{"type":"Feature","geometry":{"type":"LineString","coordinates":[[-73.97005,40.802268],[-73.969268,40.803337],[-73.969116,40.80358]]},"properties":{"kind":"minor","name":"Riverside Drive","bridge":false}},{"type":"Feature","geometry":{"type":"LineString","coordinates":[[-73.970545,40.80159],[-73.97005,40.802268]]},"properties":{"kind":"minor","name":"Riverside Drive","bridge":false}},{"type":"Feature","geometry":{"type":"LineString","coordinates":[[-73.931245,40.82583],[-73.93124,40.825463],[-73.931212,40.825028],[-73.930911,40.821412],[-73.930836,40.820351]]},"properties":{"kind":"highway","name":"Major Deegan Expressway","tunnel":"no","bridge":true}},{"type":"Feature","geometry":{"type":"LineString","coordinates":[[-73.922357,40.837378],[-73.922372,40.837016]]},"properties":{"kind":"major","name":"Edward L. Grant Highway","bridge":false}},{"type":"Feature","geometry":{"type":"LineString","coordinates":[[-73.93552,40.831491],[-73.935387,40.831758]]},"properties":{"kind":"major","name":"Frederick Douglass Boulevard","bridge":false}},{"type":"Feature","geometry":{"type":"LineString","coordinates":[[-73.943083,40.846093],[-73.943082,40.846115]]},"properties":{"kind":"highway","name":"","tunnel":"no","bridge":false}},{"type":"Feature","geometry":{"type":"LineString","coordinates":[[-73.975509,40.787001],[-73.980854,40.789255]]},"properties":{"kind":"minor","name":"West 85th Street","bridge":false}},{"type":"Feature","geometry":{"type":"LineString","coordinates":[[-73.975302,40.78728],[-73.97501,40.787686]]},"properties":{"kind":"major","name":"Amsterdam Avenue","bridge":false}},{"type":"Feature","geometry":{"type":"LineString","coordinates":[[-73.996259,40.758545],[-73.995941,40.758984]]},"properties":{"kind":"major","name":"10th Avenue","bridge":false}},{"type":"Feature","geometry":{"type":"LineString","coordinates":[[-73.989976,40.80832],[-73.990123,40.808107]]},"properties":{"kind":"major","name":"River Road","bridge":false}},{"type":"Feature","geometry":{"type":"LineString","coordinates":[[-73.990123,40.808107],[-73.990535,40.807593]]},"properties":{"kind":"major","name":"River Road","bridge":false}},{"type":"Feature","geometry":{"type":"LineString","coordinates":[[-73.990914,40.807175],[-73.991018,40.807044]]},"properties":{"kind":"major","name":"River Road","bridge":false}},{"type":"Feature","geometry":{"type":"LineString","coordinates":[[-73.990713,40.806489],[-73.991003,40.806555],[-73.991165,40.806552]]},"properties":{"kind":"minor","name":"City Place","bridge":false}},{"type":"Feature","geometry":{"type":"LineString","coordinates":[[-73.991371,40.806287],[-73.991165,40.806552]]},"properties":{"kind":"major","name":"River Road","bridge":false}},{"type":"Feature","geometry":{"type":"LineString","coordinates":[[-73.97656,40.785563],[-73.976435,40.785732]]},"properties":{"kind":"major","name":"Amsterdam Avenue","bridge":false}},{"type":"Feature","geometry":{"type":"LineString","coordinates":[[-73.950003,40.829927],[-73.949976,40.830222],[-73.949929,40.830448],[-73.949883,40.830571],[-73.949733,40.830881],[-73.949675,40.83103],[-73.949589,40.83132],[-73.949567,40.831454],[-73.949547,40.831707],[-73.94957,40.831836],[-73.949687,40.832273]]},"properties":{"kind":"major","name":"Riverside Drive","bridge":false}},{"type":"Feature","geometry":{"type":"LineString","coordinates":[[-73.997574,40.761807],[-73.997803,40.7615]]},"properties":{"kind":"major","name":"11th Avenue","bridge":false}},{"type":"Feature","geometry":{"type":"LineString","coordinates":[[-73.96439,40.802217],[-73.964276,40.80237]]},"properties":{"kind":"major","name":"Amsterdam Avenue","bridge":false}},{"type":"Feature","geometry":{"type":"LineString","coordinates":[[-73.96398,40.802762],[-73.963849,40.802962]]},"properties":{"kind":"major","name":"Amsterdam Avenue","bridge":false}},{"type":"Feature","geometry":{"type":"LineString","coordinates":[[-73.964276,40.80237],[-73.967244,40.80361]]},"properties":{"kind":"minor","name":"West 109th Street","bridge":false}},{"type":"Feature","geometry":{"type":"LineString","coordinates":[[-73.964276,40.80237],[-73.964078,40.802631]]},"properties":{"kind":"major","name":"Amsterdam Avenue","bridge":false}},{"type":"Feature","geometry":{"type":"LineString","coordinates":[[-73.965312,40.800953],[-73.965195,40.801108]]},"properties":{"kind":"major","name":"Amsterdam Avenue","bridge":false}},{"type":"Feature","geometry":{"type":"LineString","coordinates":[[-73.961463,40.80118],[-73.964276,40.80237]]},"properties":{"kind":"minor","name":"West 109th Street","bridge":false}},{"type":"Feature","geometry":{"type":"LineString","coordinates":[[-73.983177,40.787344],[-73.983415,40.786724],[-73.983638,40.786253],[-73.98381,40.785956],[-73.984006,40.785655]]},"properties":{"kind":"highway","name":"Henry Hudson Parkway","tunnel":"no","bridge":false}},{"type":"Feature","geometry":{"type":"LineString","coordinates":[[-73.93413,40.81584],[-73.933995,40.817112],[-73.933981,40.817529],[-73.933993,40.817749],[-73.934049,40.818157],[-73.934253,40.819025],[-73.934287,40.81922],[-73.934308,40.819433],[-73.934344,40.820158]]},"properties":{"kind":"highway","name":"Harlem River Drive","tunnel":"no","bridge":false}},{"type":"Feature","geometry":{"type":"LineString","coordinates":[[-73.934916,40.829931],[-73.935159,40.831902],[-73.935251,40.833098],[-73.93526,40.833541],[-73.935246,40.833984],[-73.935186,40.834637],[-73.935153,40.83485],[-73.935058,40.835295],[-73.935026,40.835405],[-73.934914,40.835722],[-73.934775,40.836037],[-73.934386,40.836748],[-73.933465,40.838315]]},"properties":{"kind":"highway","name":"Harlem River Drive","tunnel":"no","bridge":false}},{"type":"Feature","geometry":{"type":"LineString","coordinates":[[-73.934847,40.829337],[-73.934916,40.829931]]},"properties":{"kind":"highway","name":"Harlem River Drive","tunnel":"no","bridge":false}},{"type":"Feature","geometry":{"type":"LineString","coordinates":[[-73.944325,40.846197],[-73.944215,40.8461]]},"properties":{"kind":"highway","name":"","tunnel":"no","bridge":false}},{"type":"Feature","geometry":{"type":"LineString","coordinates":[[-73.985332,40.783531],[-73.984201,40.785123],[-73.983996,40.785439]]},"properties":{"kind":"highway","name":"Henry Hudson Parkway","tunnel":"no","bridge":false}},{"type":"Feature","geometry":{"type":"LineString","coordinates":[[-73.931005,40.824433],[-73.931079,40.825292],[-73.931086,40.82573],[-73.93105,40.826164],[-73.930939,40.826928],[-73.930931,40.827031],[-73.930934,40.827335]]},"properties":{"kind":"highway","name":"Major Deegan Expressway","tunnel":"no","bridge":true}},{"type":"Feature","geometry":{"type":"LineString","coordinates":[[-73.930925,40.823475],[-73.931005,40.824433]]},"properties":{"kind":"highway","name":"Major Deegan Expressway","tunnel":"no","bridge":true}},{"type":"Feature","geometry":{"type":"LineString","coordinates":[[-73.950585,40.831958],[-73.950815,40.831307],[-73.950898,40.831095],[-73.951082,40.830677]]},"properties":{"kind":"highway","name":"Henry Hudson Parkway","tunnel":"no","bridge":false}},{"type":"Feature","geometry":{"type":"LineString","coordinates":[[-73.996838,40.799679],[-73.99684,40.79979]]},"properties":{"kind":"major","name":"Boulevard East","bridge":false}},{"type":"Feature","geometry":{"type":"LineString","coordinates":[[-73.996843,40.800056],[-73.996652,40.800706],[-73.996427,40.8014],[-73.996247,40.802125],[-73.996139,40.802754],[-73.996092,40.803209]]},"properties":{"kind":"major","name":"Boulevard East","bridge":false}},{"type":"Feature","geometry":{"type":"LineString","coordinates":[[-73.93221,40.830376],[-73.932119,40.829987],[-73.93203,40.829729],[-73.931941,40.82952],[-73.931824,40.829294],[-73.931422,40.828586],[-73.931291,40.828286],[-73.931216,40.828064],[-73.931144,40.827737],[-73.931094,40.827319]]},"properties":{"kind":"highway","name":"Major Deegan Expressway","tunnel":"no","bridge":false}},{"type":"Feature","geometry":{"type":"LineString","coordinates":[[-73.930692,40.820548],[-73.930731,40.821143],[-73.930925,40.823475]]},"properties":{"kind":"highway","name":"Major Deegan Expressway","tunnel":"no","bridge":true}},{"type":"Feature","geometry":{"type":"LineString","coordinates":[[-73.931927,40.829182],[-73.931732,40.828849]]},"properties":{"kind":"highway","name":"","tunnel":"no","bridge":false}},{"type":"Feature","geometry":{"type":"LineString","coordinates":[[-73.931308,40.827738],[-73.931297,40.827603]]},"properties":{"kind":"highway","name":"","tunnel":"no","bridge":true}},{"type":"Feature","geometry":{"type":"LineString","coordinates":[[-73.957693,40.822636],[-73.959021,40.820919],[-73.95949,40.820358],[-73.960779,40.818903],[-73.961297,40.818366],[-73.961801,40.81788]]},"properties":{"kind":"highway","name":"Henry Hudson Parkway","tunnel":"no","bridge":true}},{"type":"Feature","geometry":{"type":"LineString","coordinates":[[-73.957487,40.822903],[-73.957693,40.822636]]},"properties":{"kind":"highway","name":"Henry Hudson Parkway","tunnel":"no","bridge":true}},{"type":"Feature","geometry":{"type":"LineString","coordinates":[[-73.972007,40.830143],[-73.972207,40.830606],[-73.972466,40.831727],[-73.972519,40.831998],[-73.972537,40.832196],[-73.97251,40.832445],[-73.972427,40.832985],[-73.972354,40.833176],[-73.971989,40.833963]]},"properties":{"kind":"major","name":"River Road","bridge":false}},{"type":"Feature","geometry":{"type":"LineString","coordinates":[[-73.964459,40.850946],[-73.964434,40.851118]]},"properties":{"kind":"major","name":"Hudson Terrace","bridge":false}},{"type":"Feature","geometry":{"type":"LineString","coordinates":[[-73.946745,40.811279],[-73.947006,40.810925]]},"properties":{"kind":"major","name":"Adam Clayton Powell Jr. Boulevard","bridge":false}},{"type":"Feature","geometry":{"type":"LineString","coordinates":[[-73.972777,40.764615],[-73.973029,40.764275]]},"properties":{"kind":"major","name":"5th Avenue","bridge":false}},{"type":"Feature","geometry":{"type":"LineString","coordinates":[[-73.971547,40.768627],[-73.971358,40.768549]]},"properties":{"kind":"major","name":"65th Street Transverse","bridge":false}},{"type":"Feature","geometry":{"type":"LineString","coordinates":[[-73.971358,40.768549],[-73.971228,40.76849]]},"properties":{"kind":"major","name":"65th Street Transverse","bridge":false}},{"type":"Feature","geometry":{"type":"LineString","coordinates":[[-73.992208,40.805608],[-73.992382,40.805389]]},"properties":{"kind":"major","name":"River Road","bridge":false}},{"type":"Feature","geometry":{"type":"LineString","coordinates":[[-73.960131,40.819727],[-73.961003,40.818739]]},"properties":{"kind":"major","name":"Marginal Street","bridge":false}},{"type":"Feature","geometry":{"type":"LineString","coordinates":[[-73.925542,40.827704],[-73.925932,40.827831]]},"properties":{"kind":"major","name":"East 161st Street","bridge":false}},{"type":"Feature","geometry":{"type":"LineString","coordinates":[[-73.935688,40.814601],[-73.936105,40.814772]]},"properties":{"kind":"major","name":"East 138th Street","bridge":false}},{"type":"Feature","geometry":{"type":"LineString","coordinates":[[-73.976885,40.795882],[-73.977009,40.795749],[-73.977188,40.795582],[-73.978316,40.7946]]},"properties":{"kind":"highway","name":"Henry Hudson Parkway","tunnel":"no","bridge":false}},{"type":"Feature","geometry":{"type":"LineString","coordinates":[[-73.976144,40.79677],[-73.976329,40.796484],[-73.976552,40.796206]]},"properties":{"kind":"highway","name":"Henry Hudson Parkway","tunnel":"no","bridge":false}},{"type":"Feature","geometry":{"type":"LineString","coordinates":[[-73.93563,40.831526],[-73.935661,40.831471],[-73.93598,40.831024]]},"properties":{"kind":"major","name":"Frederick Douglass Boulevard","bridge":false}},{"type":"Feature","geometry":{"type":"LineString","coordinates":[[-73.978089,40.794332],[-73.977951,40.794358],[-73.97782,40.794418],[-73.977711,40.794503],[-73.977541,40.794677]]},"properties":{"kind":"highway","name":"","tunnel":"no","bridge":false}},{"type":"Feature","geometry":{"type":"LineString","coordinates":[[-73.977378,40.795608],[-73.978319,40.79509],[-73.978477,40.794982],[-73.978517,40.794942],[-73.978572,40.794865],[-73.978603,40.794783],[-73.978609,40.794733],[-73.978598,40.794634],[-73.978526,40.794505]]},"properties":{"kind":"highway","name":"","tunnel":"no","bridge":false}},{"type":"Feature","geometry":{"type":"LineString","coordinates":[[-73.977541,40.794677],[-73.977222,40.795038],[-73.976963,40.79535]]},"properties":{"kind":"highway","name":"","tunnel":"no","bridge":false}},{"type":"Feature","geometry":{"type":"LineString","coordinates":[[-73.943978,40.84538],[-73.944155,40.845347],[-73.94428,40.845351],[-73.944399,40.845383],[-73.944514,40.845453],[-73.944591,40.845532],[-73.944635,40.845609],[-73.944648,40.845653],[-73.944655,40.845751],[-73.944639,40.845903]]},"properties":{"kind":"highway","name":"","tunnel":"no","bridge":true}},{"type":"Feature","geometry":{"type":"LineString","coordinates":[[-73.976732,40.795685],[-73.976397,40.796004],[-73.976219,40.796191],[-73.976083,40.796362],[-73.97589,40.796653],[-73.975609,40.797218]]},"properties":{"kind":"highway","name":"Henry Hudson Parkway","tunnel":"no","bridge":false}},{"type":"Feature","geometry":{"type":"LineString","coordinates":[[-73.975529,40.797391],[-73.975042,40.798857]]},"properties":{"kind":"highway","name":"Henry Hudson Parkway","tunnel":"no","bridge":false}},{"type":"Feature","geometry":{"type":"LineString","coordinates":[[-73.990855,40.765945],[-73.987896,40.764702],[-73.983261,40.762738]]},"properties":{"kind":"minor","name":"West 52nd Street","bridge":false}},{"type":"Feature","geometry":{"type":"LineString","coordinates":[[-73.995763,40.768005],[-73.995016,40.769028]]},"properties":{"kind":"highway","name":"12th Avenue","tunnel":"no","bridge":false}},{"type":"Feature","geometry":{"type":"LineString","coordinates":[[-73.997912,40.765428],[-73.99818,40.765066]]},"properties":{"kind":"highway","name":"12th Avenue","tunnel":"no","bridge":false}},{"type":"Feature","geometry":{"type":"LineString","coordinates":[[-73.967223,40.810562],[-73.966887,40.811053],[-73.966423,40.81169],[-73.965929,40.812328],[-73.965289,40.813132],[-73.965059,40.813441],[-73.964849,40.813757],[-73.964638,40.814102],[-73.964001,40.815267],[-73.963875,40.815456],[-73.96366,40.81575],[-73.963263,40.816238],[-73.962846,40.816703],[-73.962555,40.816993],[-73.961678,40.817829]]},"properties":{"kind":"highway","name":"Henry Hudson Parkway","tunnel":"no","bridge":false}},{"type":"Feature","geometry":{"type":"LineString","coordinates":[[-73.950261,40.83258],[-73.950024,40.833385]]},"properties":{"kind":"highway","name":"Henry Hudson Parkway","tunnel":"no","bridge":false}},{"type":"Feature","geometry":{"type":"LineString","coordinates":[[-74.002428,40.760655],[-74.002673,40.760316]]},"properties":{"kind":"highway","name":"12th Avenue","tunnel":"no","bridge":false}},{"type":"Feature","geometry":{"type":"LineString","coordinates":[[-73.991568,40.759881],[-73.991684,40.759728]]},"properties":{"kind":"major","name":"9th Avenue","bridge":false}},{"type":"Feature","geometry":{"type":"LineString","coordinates":[[-73.991684,40.759728],[-73.992138,40.759104]]},"properties":{"kind":"major","name":"9th Avenue","bridge":false}},{"type":"Feature","geometry":{"type":"LineString","coordinates":[[-73.991227,40.760355],[-73.994069,40.761552]]},"properties":{"kind":"major","name":"West 45th Street","bridge":false}},{"type":"Feature","geometry":{"type":"LineString","coordinates":[[-73.991227,40.760355],[-73.991568,40.759881]]},"properties":{"kind":"major","name":"9th Avenue","bridge":false}},{"type":"Feature","geometry":{"type":"LineString","coordinates":[[-73.938649,40.811393],[-73.939029,40.810854]]},"properties":{"kind":"major","name":"5th Avenue","bridge":false}},{"type":"Feature","geometry":{"type":"LineString","coordinates":[[-73.947766,40.809615],[-73.947665,40.809746]]},"properties":{"kind":"major","name":"Adam Clayton Powell Jr. Boulevard","bridge":false}},{"type":"Feature","geometry":{"type":"LineString","coordinates":[[-73.978762,40.830763],[-73.978729,40.830859]]},"properties":{"kind":"minor","name":"Kensington Drive","bridge":false}},{"type":"Feature","geometry":{"type":"LineString","coordinates":[[-73.984601,40.760472],[-73.984745,40.760168],[-73.98482,40.760113]]},"properties":{"kind":"minor","name":"Broadway","bridge":false}},{"type":"Feature","geometry":{"type":"LineString","coordinates":[[-73.987349,40.780501],[-73.987259,40.780591],[-73.987213,40.780621],[-73.9871,40.780673],[-73.986996,40.780708]]},"properties":{"kind":"minor","name":"Riverside Boulevard","bridge":true}},{"type":"Feature","geometry":{"type":"LineString","coordinates":[[-73.99785,40.761436],[-73.997962,40.761205],[-73.998242,40.760808]]},"properties":{"kind":"major","name":"11th Avenue","bridge":false}},{"type":"Feature","geometry":{"type":"LineString","coordinates":[[-73.998723,40.760128],[-73.999183,40.759516]]},"properties":{"kind":"major","name":"11th Avenue","bridge":false}},{"type":"Feature","geometry":{"type":"LineString","coordinates":[[-73.998723,40.760128],[-73.99884,40.760174]]},"properties":{"kind":"minor","name":"West 41st Street","bridge":false}},{"type":"Feature","geometry":{"type":"LineString","coordinates":[[-73.998242,40.760808],[-73.998723,40.760128]]},"properties":{"kind":"major","name":"11th Avenue","bridge":false}},{"type":"Feature","geometry":{"type":"LineString","coordinates":[[-73.998242,40.760808],[-73.997339,40.760423]]},"properties":{"kind":"major","name":"West 42nd Street","bridge":false}},{"type":"Feature","geometry":{"type":"LineString","coordinates":[[-73.94378,40.81534],[-73.944014,40.81502]]},"properties":{"kind":"major","name":"Adam Clayton Powell Jr. Boulevard","bridge":false}},{"type":"Feature","geometry":{"type":"LineString","coordinates":[[-73.981882,40.767675],[-73.981834,40.767656],[-73.981767,40.767609],[-73.981705,40.767514]]},"properties":{"kind":"major","name":"Broadway","bridge":false}},{"type":"Feature","geometry":{"type":"LineString","coordinates":[[-73.950472,40.832346],[-73.950585,40.831958]]},"properties":{"kind":"highway","name":"Henry Hudson Parkway","tunnel":"no","bridge":false}},{"type":"Feature","geometry":{"type":"LineString","coordinates":[[-73.947178,40.805605],[-73.947722,40.804861]]},"properties":{"kind":"major","name":"Malcolm X Boulevard","bridge":false}},{"type":"Feature","geometry":{"type":"LineString","coordinates":[[-73.945809,40.807478],[-73.946057,40.807131]]},"properties":{"kind":"major","name":"Malcolm X Boulevard","bridge":false}},{"type":"Feature","geometry":{"type":"LineString","coordinates":[[-73.948353,40.803996],[-73.951305,40.805236],[-73.952797,40.805878]]},"properties":{"kind":"minor","name":"West 119th Street","bridge":false}},{"type":"Feature","geometry":{"type":"LineString","coordinates":[[-73.948353,40.803996],[-73.94861,40.803654]]},"properties":{"kind":"major","name":"Malcolm X Boulevard","bridge":false}},{"type":"Feature","geometry":{"type":"LineString","coordinates":[[-73.94159,40.838472],[-73.9411,40.839145]]},"properties":{"kind":"major","name":"Broadway","bridge":false}},{"type":"Feature","geometry":{"type":"LineString","coordinates":[[-73.950272,40.806448],[-73.95304,40.807608]]},"properties":{"kind":"minor","name":"West 121st Street","bridge":false}},{"type":"Feature","geometry":{"type":"LineString","coordinates":[[-73.951949,40.803865],[-73.951389,40.804627]]},"properties":{"kind":"major","name":"Adam Clayton Powell Jr. Boulevard","bridge":false}},{"type":"Feature","geometry":{"type":"LineString","coordinates":[[-73.948803,40.797484],[-73.949078,40.797101]]},"properties":{"kind":"major","name":"5th Avenue","bridge":false}},{"type":"Feature","geometry":{"type":"LineString","coordinates":[[-73.948321,40.798126],[-73.948803,40.797484]]},"properties":{"kind":"major","name":"5th Avenue","bridge":false}},{"type":"Feature","geometry":{"type":"LineString","coordinates":[[-73.948042,40.798511],[-73.948321,40.798126]]},"properties":{"kind":"major","name":"5th Avenue","bridge":false}},{"type":"Feature","geometry":{"type":"LineString","coordinates":[[-73.939266,40.821521],[-73.939393,40.821346]]},"properties":{"kind":"major","name":"Adam Clayton Powell Jr. Boulevard","bridge":false}},{"type":"Feature","geometry":{"type":"LineString","coordinates":[[-73.939393,40.821346],[-73.939647,40.821]]},"properties":{"kind":"major","name":"Adam Clayton Powell Jr. Boulevard","bridge":false}},{"type":"Feature","geometry":{"type":"LineString","coordinates":[[-73.939647,40.821],[-73.936646,40.819742]]},"properties":{"kind":"minor","name":"West 144th Street","bridge":false}},{"type":"Feature","geometry":{"type":"LineString","coordinates":[[-73.939647,40.821],[-73.940317,40.820089]]},"properties":{"kind":"major","name":"Adam Clayton Powell Jr. Boulevard","bridge":false}},{"type":"Feature","geometry":{"type":"LineString","coordinates":[[-73.940317,40.820089],[-73.940558,40.819759]]},"properties":{"kind":"major","name":"Adam Clayton Powell Jr. Boulevard","bridge":false}},{"type":"Feature","geometry":{"type":"LineString","coordinates":[[-73.940558,40.819759],[-73.937722,40.818548]]},"properties":{"kind":"minor","name":"West 142nd Street","bridge":false}},{"type":"Feature","geometry":{"type":"LineString","coordinates":[[-73.940558,40.819759],[-73.941216,40.818855]]},"properties":{"kind":"major","name":"Adam Clayton Powell Jr. Boulevard","bridge":false}},{"type":"Feature","geometry":{"type":"LineString","coordinates":[[-73.941216,40.818855],[-73.94147,40.818504]]},"properties":{"kind":"major","name":"Adam Clayton Powell Jr. Boulevard","bridge":false}},{"type":"Feature","geometry":{"type":"LineString","coordinates":[[-73.94147,40.818504],[-73.94131,40.818438]]},"properties":{"kind":"minor","name":"West 140th Street","bridge":false}},{"type":"Feature","geometry":{"type":"LineString","coordinates":[[-73.94147,40.818504],[-73.942113,40.817631]]},"properties":{"kind":"major","name":"Adam Clayton Powell Jr. Boulevard","bridge":false}},{"type":"Feature","geometry":{"type":"LineString","coordinates":[[-73.942113,40.817631],[-73.942383,40.817261]]},"properties":{"kind":"major","name":"Adam Clayton Powell Jr. Boulevard","bridge":false}},{"type":"Feature","geometry":{"type":"LineString","coordinates":[[-73.942383,40.817261],[-73.942218,40.817191]]},"properties":{"kind":"minor","name":"West 138th Street","bridge":false}},{"type":"Feature","geometry":{"type":"LineString","coordinates":[[-73.942383,40.817261],[-73.943029,40.816366]]},"properties":{"kind":"major","name":"Adam Clayton Powell Jr. Boulevard","bridge":false}},{"type":"Feature","geometry":{"type":"LineString","coordinates":[[-73.965403,40.806118],[-73.966696,40.806661],[-73.967077,40.806835],[-73.967373,40.806944]]},"properties":{"kind":"minor","name":"West 113th Street","bridge":false}},{"type":"Feature","geometry":{"type":"LineString","coordinates":[[-73.965403,40.806118],[-73.96586,40.80549]]},"properties":{"kind":"major","name":"Broadway","bridge":false}},{"type":"Feature","geometry":{"type":"LineString","coordinates":[[-73.96586,40.80549],[-73.962931,40.80426]]},"properties":{"kind":"minor","name":"West 112th Street","bridge":false}},{"type":"Feature","geometry":{"type":"LineString","coordinates":[[-73.96586,40.80549],[-73.966314,40.804863]]},"properties":{"kind":"major","name":"Broadway","bridge":false}},{"type":"Feature","geometry":{"type":"LineString","coordinates":[[-73.940919,40.839392],[-73.940594,40.839837]]},"properties":{"kind":"major","name":"Broadway","bridge":false}},{"type":"Feature","geometry":{"type":"LineString","coordinates":[[-73.940586,40.839847],[-73.939883,40.83957]]},"properties":{"kind":"minor","name":"West 166th Street","bridge":false}},{"type":"Feature","geometry":{"type":"LineString","coordinates":[[-73.940579,40.839858],[-73.940061,40.840581],[-73.939913,40.840769]]},"properties":{"kind":"major","name":"Broadway","bridge":false}},{"type":"Feature","geometry":{"type":"LineString","coordinates":[[-73.938869,40.822066],[-73.939154,40.821676]]},"properties":{"kind":"major","name":"Adam Clayton Powell Jr. Boulevard","bridge":false}},{"type":"Feature","geometry":{"type":"LineString","coordinates":[[-73.96971,40.7678],[-73.969332,40.76764]]},"properties":{"kind":"major","name":"East 65th Street","bridge":false}},{"type":"Feature","geometry":{"type":"LineString","coordinates":[[-73.938407,40.822695],[-73.938665,40.822345]]},"properties":{"kind":"major","name":"Adam Clayton Powell Jr. Boulevard","bridge":false}},{"type":"Feature","geometry":{"type":"LineString","coordinates":[[-73.937486,40.823965],[-73.937756,40.823599]]},"properties":{"kind":"major","name":"Adam Clayton Powell Jr. Boulevard","bridge":false}},{"type":"Feature","geometry":{"type":"LineString","coordinates":[[-73.937756,40.823599],[-73.93759,40.823532]]},"properties":{"kind":"minor","name":"West 148th Street","bridge":false}},{"type":"Feature","geometry":{"type":"LineString","coordinates":[[-73.937756,40.823599],[-73.938211,40.822967]]},"properties":{"kind":"major","name":"Adam Clayton Powell Jr. Boulevard","bridge":false}},{"type":"Feature","geometry":{"type":"LineString","coordinates":[[-73.958678,40.800823],[-73.959091,40.800988]]},"properties":{"kind":"major","name":"West 110th Street","bridge":false}},{"type":"Feature","geometry":{"type":"LineString","coordinates":[[-73.959615,40.801204],[-73.960069,40.8014]]},"properties":{"kind":"major","name":"West 110th Street","bridge":false}},{"type":"Feature","geometry":{"type":"LineString","coordinates":[[-73.934405,40.819088],[-73.934364,40.818883]]},"properties":{"kind":"highway","name":"Harlem River Drive","tunnel":"no","bridge":false}},{"type":"Feature","geometry":{"type":"LineString","coordinates":[[-73.994944,40.770092],[-73.994985,40.769922],[-73.995018,40.769848]]},"properties":{"kind":"highway","name":"","tunnel":"no","bridge":false}},{"type":"Feature","geometry":{"type":"LineString","coordinates":[[-73.974969,40.76162],[-73.975381,40.761047]]},"properties":{"kind":"major","name":"5th Avenue","bridge":false}},{"type":"Feature","geometry":{"type":"LineString","coordinates":[[-73.999564,40.759005],[-73.999536,40.759027],[-73.999278,40.759388],[-73.999233,40.759418],[-73.999207,40.759422]]},"properties":{"kind":"major","name":"11th Avenue","bridge":false}},{"type":"Feature","geometry":{"type":"LineString","coordinates":[[-73.999285,40.759575],[-73.999183,40.759516]]},"properties":{"kind":"major","name":"West 40th Street","bridge":false}},{"type":"Feature","geometry":{"type":"LineString","coordinates":[[-73.99884,40.760174],[-74.001503,40.761292],[-74.001648,40.761331]]},"properties":{"kind":"minor","name":"West 41st Street","bridge":false}},{"type":"Feature","geometry":{"type":"LineString","coordinates":[[-73.99731,40.758726],[-73.997199,40.758679]]},"properties":{"kind":"minor","name":"West 40th Street","bridge":false}},{"type":"Feature","geometry":{"type":"LineString","coordinates":[[-73.994623,40.769688],[-73.994439,40.769736],[-73.994394,40.769787],[-73.994351,40.769872]]},"properties":{"kind":"highway","name":"","tunnel":"no","bridge":false}},{"type":"Feature","geometry":{"type":"LineString","coordinates":[[-73.994351,40.769872],[-73.994536,40.769941]]},"properties":{"kind":"minor","name":"West 55th Street","bridge":false}},{"type":"Feature","geometry":{"type":"LineString","coordinates":[[-73.998903,40.761086],[-73.998347,40.760856]]},"properties":{"kind":"major","name":"West 42nd Street","bridge":false}},{"type":"Feature","geometry":{"type":"LineString","coordinates":[[-73.997594,40.765497],[-73.996193,40.764907]]},"properties":{"kind":"minor","name":"West 48th Street","bridge":false}},{"type":"Feature","geometry":{"type":"LineString","coordinates":[[-73.996193,40.764907],[-73.995522,40.764618]]},"properties":{"kind":"minor","name":"West 48th Street","bridge":false}},{"type":"Feature","geometry":{"type":"LineString","coordinates":[[-73.995522,40.764618],[-73.995981,40.763992]]},"properties":{"kind":"major","name":"11th Avenue","bridge":false}},{"type":"Feature","geometry":{"type":"LineString","coordinates":[[-73.994606,40.765878],[-73.995066,40.76525]]},"properties":{"kind":"major","name":"11th Avenue","bridge":false}},{"type":"Feature","geometry":{"type":"LineString","coordinates":[[-73.996555,40.766694],[-73.994606,40.765878]]},"properties":{"kind":"major","name":"West 50th Street","bridge":false}},{"type":"Feature","geometry":{"type":"LineString","coordinates":[[-73.958628,40.799984],[-73.958519,40.800117]]},"properties":{"kind":"major","name":"Central Park West","bridge":false}},{"type":"Feature","geometry":{"type":"LineString","coordinates":[[-73.935468,40.826718],[-73.935331,40.826658]]},"properties":{"kind":"minor","name":"West 153rd Street","bridge":true}},{"type":"Feature","geometry":{"type":"LineString","coordinates":[[-73.935331,40.826658],[-73.935272,40.826635]]},"properties":{"kind":"minor","name":"West 153rd Street","bridge":false}},{"type":"Feature","geometry":{"type":"LineString","coordinates":[[-73.935521,40.82674],[-73.935468,40.826718]]},"properties":{"kind":"minor","name":"West 153rd Street","bridge":false}},{"type":"Feature","geometry":{"type":"LineString","coordinates":[[-73.992446,40.774401],[-73.993159,40.77339]]},"properties":{"kind":"highway","name":"West Side Highway","tunnel":"no","bridge":true}},{"type":"Feature","geometry":{"type":"LineString","coordinates":[[-73.993159,40.77339],[-73.994038,40.772201]]},"properties":{"kind":"highway","name":"West Side Highway","tunnel":"no","bridge":true}},{"type":"Feature","geometry":{"type":"LineString","coordinates":[[-73.955075,40.799869],[-73.955363,40.799467]]},"properties":{"kind":"major","name":"Adam Clayton Powell Jr. Boulevard","bridge":false}},{"type":"Feature","geometry":{"type":"LineString","coordinates":[[-73.95522,40.799407],[-73.955031,40.799648]]},"properties":{"kind":"major","name":"Adam Clayton Powell Jr. Boulevard","bridge":false}},{"type":"Feature","geometry":{"type":"LineString","coordinates":[[-73.954768,40.800005],[-73.957692,40.801237]]},"properties":{"kind":"minor","name":"West 111th Street","bridge":false}},{"type":"Feature","geometry":{"type":"LineString","coordinates":[[-73.955031,40.799648],[-73.954768,40.800005]]},"properties":{"kind":"major","name":"Adam Clayton Powell Jr. Boulevard","bridge":false}},{"type":"Feature","geometry":{"type":"LineString","coordinates":[[-73.954481,40.800695],[-73.955075,40.799869]]},"properties":{"kind":"major","name":"Adam Clayton Powell Jr. Boulevard","bridge":false}},{"type":"Feature","geometry":{"type":"LineString","coordinates":[[-73.954218,40.801055],[-73.954481,40.800695]]},"properties":{"kind":"major","name":"Adam Clayton Powell Jr. Boulevard","bridge":false}},{"type":"Feature","geometry":{"type":"LineString","coordinates":[[-73.953191,40.802162],[-73.952937,40.802513]]},"properties":{"kind":"major","name":"Adam Clayton Powell Jr. Boulevard","bridge":false}},{"type":"Feature","geometry":{"type":"LineString","coordinates":[[-73.952937,40.802513],[-73.958079,40.804682],[-73.95825,40.804738]]},"properties":{"kind":"minor","name":"West 115th Street","bridge":false}},{"type":"Feature","geometry":{"type":"LineString","coordinates":[[-73.952838,40.80265],[-73.952703,40.802834]]},"properties":{"kind":"major","name":"Adam Clayton Powell Jr. Boulevard","bridge":false}},{"type":"Feature","geometry":{"type":"LineString","coordinates":[[-73.952608,40.803254],[-73.953313,40.802288]]},"properties":{"kind":"major","name":"Adam Clayton Powell Jr. Boulevard","bridge":false}},{"type":"Feature","geometry":{"type":"LineString","coordinates":[[-73.953313,40.802288],[-73.953558,40.801954]]},"properties":{"kind":"major","name":"Adam Clayton Powell Jr. Boulevard","bridge":false}},{"type":"Feature","geometry":{"type":"LineString","coordinates":[[-73.95632,40.803116],[-73.953558,40.801954]]},"properties":{"kind":"minor","name":"West 114th Street","bridge":false}},{"type":"Feature","geometry":{"type":"LineString","coordinates":[[-73.940846,40.819061],[-73.940167,40.819999]]},"properties":{"kind":"major","name":"Adam Clayton Powell Jr. Boulevard","bridge":false}},{"type":"Feature","geometry":{"type":"LineString","coordinates":[[-73.937263,40.819178],[-73.939943,40.820309]]},"properties":{"kind":"minor","name":"West 143rd Street","bridge":false}},{"type":"Feature","geometry":{"type":"LineString","coordinates":[[-73.940167,40.819999],[-73.939943,40.820309]]},"properties":{"kind":"major","name":"Adam Clayton Powell Jr. Boulevard","bridge":false}},{"type":"Feature","geometry":{"type":"LineString","coordinates":[[-73.936687,40.824773],[-73.936585,40.824915]]},"properties":{"kind":"major","name":"Adam Clayton Powell Jr. Boulevard","bridge":false}},{"type":"Feature","geometry":{"type":"LineString","coordinates":[[-73.935669,40.82631],[-73.935856,40.826063]]},"properties":{"kind":"major","name":"Adam Clayton Powell Jr. Boulevard","bridge":false}},{"type":"Feature","geometry":{"type":"LineString","coordinates":[[-73.92848,40.830223],[-73.928446,40.830156]]},"properties":{"kind":"minor","name":"Anderson Avenue","bridge":false}},{"type":"Feature","geometry":{"type":"LineString","coordinates":[[-73.930754,40.8268],[-73.930724,40.826974],[-73.930725,40.827164],[-73.930742,40.827342],[-73.930795,40.827663],[-73.930812,40.827846]]},"properties":{"kind":"major","name":"","bridge":false}},{"type":"Feature","geometry":{"type":"LineString","coordinates":[[-73.998503,40.764243],[-73.996437,40.763367]]},"properties":{"kind":"major","name":"West 46th Street","bridge":false}},{"type":"Feature","geometry":{"type":"LineString","coordinates":[[-73.998503,40.764243],[-73.998048,40.764874]]},"properties":{"kind":"highway","name":"12th Avenue","tunnel":"no","bridge":false}},{"type":"Feature","geometry":{"type":"LineString","coordinates":[[-74.013015,40.774563],[-74.012833,40.77483],[-74.012634,40.775096]]},"properties":{"kind":"major","name":"Port Imperial Boulevard","bridge":false}},{"type":"Feature","geometry":{"type":"LineString","coordinates":[[-73.977665,40.771708],[-73.977174,40.771385]]},"properties":{"kind":"major","name":"65th Street Transverse","bridge":false}},{"type":"Feature","geometry":{"type":"LineString","coordinates":[[-73.973831,40.769353],[-73.973443,40.769189],[-73.973149,40.769091]]},"properties":{"kind":"major","name":"65th Street Transverse","bridge":false}},{"type":"Feature","geometry":{"type":"LineString","coordinates":[[-73.974741,40.769902],[-73.974366,40.769654]]},"properties":{"kind":"major","name":"65th Street Transverse","bridge":false}},{"type":"Feature","geometry":{"type":"LineString","coordinates":[[-73.974366,40.769654],[-73.974001,40.769438]]},"properties":{"kind":"major","name":"65th Street Transverse","bridge":false}},{"type":"Feature","geometry":{"type":"LineString","coordinates":[[-73.974001,40.769438],[-73.973831,40.769353]]},"properties":{"kind":"major","name":"65th Street Transverse","bridge":false}},{"type":"Feature","geometry":{"type":"LineString","coordinates":[[-73.972711,40.768972],[-73.97236,40.768876]]},"properties":{"kind":"major","name":"65th Street Transverse","bridge":false}},{"type":"Feature","geometry":{"type":"LineString","coordinates":[[-73.973149,40.769091],[-73.972711,40.768972]]},"properties":{"kind":"major","name":"65th Street Transverse","bridge":false}},{"type":"Feature","geometry":{"type":"LineString","coordinates":[[-73.962682,40.781495],[-73.962996,40.781699]]},"properties":{"kind":"major","name":"86th Street Transverse","bridge":false}},{"type":"Feature","geometry":{"type":"LineString","coordinates":[[-73.982096,40.777912],[-73.982072,40.777947]]},"properties":{"kind":"major","name":"Amsterdam Avenue","bridge":false}},{"type":"Feature","geometry":{"type":"LineString","coordinates":[[-73.982096,40.777912],[-73.982188,40.777953]]},"properties":{"kind":"minor","name":"West 71st Street","bridge":false}},{"type":"Feature","geometry":{"type":"LineString","coordinates":[[-73.982183,40.777803],[-73.982096,40.777912]]},"properties":{"kind":"major","name":"Amsterdam Avenue","bridge":false}},{"type":"Feature","geometry":{"type":"LineString","coordinates":[[-73.982183,40.777803],[-73.982217,40.777143]]},"properties":{"kind":"major","name":"Broadway","bridge":false}},{"type":"Feature","geometry":{"type":"LineString","coordinates":[[-73.976574,40.793324],[-73.973564,40.792065]]},"properties":{"kind":"minor","name":"West 92nd Street","bridge":false}},{"type":"Feature","geometry":{"type":"LineString","coordinates":[[-73.973564,40.792065],[-73.973319,40.792397]]},"properties":{"kind":"major","name":"Broadway","bridge":false}},{"type":"Feature","geometry":{"type":"LineString","coordinates":[[-73.9731,40.792689],[-73.976196,40.793987],[-73.976303,40.794005]]},"properties":{"kind":"minor","name":"West 93rd Street","bridge":false}},{"type":"Feature","geometry":{"type":"LineString","coordinates":[[-73.973319,40.792397],[-73.9731,40.792689]]},"properties":{"kind":"major","name":"Broadway","bridge":false}},{"type":"Feature","geometry":{"type":"LineString","coordinates":[[-73.971208,40.795301],[-73.97033,40.796501],[-73.969818,40.79718]]},"properties":{"kind":"major","name":"Broadway","bridge":false}},{"type":"Feature","geometry":{"type":"LineString","coordinates":[[-73.970016,40.797264],[-73.970983,40.795951],[-73.971611,40.795115]]},"properties":{"kind":"major","name":"Broadway","bridge":false}},{"type":"Feature","geometry":{"type":"LineString","coordinates":[[-73.970016,40.797264],[-73.969818,40.79718]]},"properties":{"kind":"minor","name":"West 100th Street","bridge":false}},{"type":"Feature","geometry":{"type":"LineString","coordinates":[[-73.969787,40.797582],[-73.970016,40.797264]]},"properties":{"kind":"major","name":"Broadway","bridge":false}},{"type":"Feature","geometry":{"type":"LineString","coordinates":[[-73.950158,40.795585],[-73.949212,40.795189]]},"properties":{"kind":"minor","name":"East 108th Street","bridge":false}},{"type":"Feature","geometry":{"type":"LineString","coordinates":[[-73.94875,40.795822],[-73.949693,40.796222]]},"properties":{"kind":"minor","name":"East 109th Street","bridge":false}},{"type":"Feature","geometry":{"type":"LineString","coordinates":[[-73.951111,40.794285],[-73.951602,40.793608]]},"properties":{"kind":"major","name":"5th Avenue","bridge":false}},{"type":"Feature","geometry":{"type":"LineString","coordinates":[[-73.930754,40.820802],[-73.930857,40.822106],[-73.930902,40.822225]]},"properties":{"kind":"major","name":"Exterior Street","bridge":false}},{"type":"Feature","geometry":{"type":"LineString","coordinates":[[-73.944963,40.843931],[-73.944922,40.844581]]},"properties":{"kind":"highway","name":"Henry Hudson Parkway","tunnel":"no","bridge":false}},{"type":"Feature","geometry":{"type":"LineString","coordinates":[[-73.944399,40.843509],[-73.944277,40.843404],[-73.943987,40.843184]]},"properties":{"kind":"highway","name":"","tunnel":"no","bridge":false}},{"type":"Feature","geometry":{"type":"LineString","coordinates":[[-73.982679,40.815066],[-73.982618,40.815122]]},"properties":{"kind":"major","name":"River Road","bridge":false}},{"type":"Feature","geometry":{"type":"LineString","coordinates":[[-73.982618,40.815122],[-73.982414,40.81531]]},"properties":{"kind":"major","name":"River Road","bridge":false}},{"type":"Feature","geometry":{"type":"LineString","coordinates":[[-73.982883,40.814879],[-73.982679,40.815066]]},"properties":{"kind":"major","name":"River Road","bridge":false}},{"type":"Feature","geometry":{"type":"LineString","coordinates":[[-73.934332,40.837294],[-73.934836,40.836588]]},"properties":{"kind":"highway","name":"","tunnel":"no","bridge":false}},{"type":"Feature","geometry":{"type":"LineString","coordinates":[[-73.994289,40.797121],[-73.994398,40.797168]]},"properties":{"kind":"minor","name":"Cove Lane","bridge":false}},{"type":"Feature","geometry":{"type":"LineString","coordinates":[[-73.945324,40.833648],[-73.945434,40.833485]]},"properties":{"kind":"major","name":"Broadway","bridge":false}},{"type":"Feature","geometry":{"type":"LineString","coordinates":[[-73.943465,40.839174],[-73.941826,40.838488]]},"properties":{"kind":"minor","name":"West 164th Street","bridge":false}},{"type":"Feature","geometry":{"type":"LineString","coordinates":[[-73.941277,40.839242],[-73.941826,40.838488]]},"properties":{"kind":"major","name":"Broadway","bridge":false}},{"type":"Feature","geometry":{"type":"LineString","coordinates":[[-73.941826,40.838488],[-73.942035,40.838201]]},"properties":{"kind":"major","name":"Broadway","bridge":false}},{"type":"Feature","geometry":{"type":"LineString","coordinates":[[-73.942715,40.83724],[-73.940588,40.836347]]},"properties":{"kind":"minor","name":"West 162nd Street","bridge":false}},{"type":"Feature","geometry":{"type":"LineString","coordinates":[[-73.942035,40.838201],[-73.942259,40.837855],[-73.942715,40.83724]]},"properties":{"kind":"major","name":"Broadway","bridge":false}},{"type":"Feature","geometry":{"type":"LineString","coordinates":[[-73.942715,40.83724],[-73.942891,40.836987]]},"properties":{"kind":"major","name":"Broadway","bridge":false}},{"type":"Feature","geometry":{"type":"LineString","coordinates":[[-73.943626,40.835986],[-73.940651,40.834725]]},"properties":{"kind":"minor","name":"West 160th Street","bridge":false}},{"type":"Feature","geometry":{"type":"LineString","coordinates":[[-73.943814,40.835735],[-73.944084,40.835363]]},"properties":{"kind":"major","name":"Broadway","bridge":false}},{"type":"Feature","geometry":{"type":"LineString","coordinates":[[-73.943626,40.835986],[-73.943814,40.835735]]},"properties":{"kind":"major","name":"Broadway","bridge":false}},{"type":"Feature","geometry":{"type":"LineString","coordinates":[[-73.945939,40.832815],[-73.946156,40.832507]]},"properties":{"kind":"major","name":"Broadway","bridge":false}},{"type":"Feature","geometry":{"type":"LineString","coordinates":[[-73.936729,40.837112],[-73.936694,40.837184]]},"properties":{"kind":"major","name":"Edgecombe Avenue","bridge":false}},{"type":"Feature","geometry":{"type":"LineString","coordinates":[[-73.993698,40.769598],[-73.994351,40.769872]]},"properties":{"kind":"minor","name":"West 55th Street","bridge":false}},{"type":"Feature","geometry":{"type":"LineString","coordinates":[[-73.93173,40.833164],[-73.932152,40.831663],[-73.932222,40.831328],[-73.93225,40.831048]]},"properties":{"kind":"highway","name":"Major Deegan Expressway","tunnel":"no","bridge":false}},{"type":"Feature","geometry":{"type":"LineString","coordinates":[[-73.948539,40.821491],[-73.948493,40.82154],[-73.94808,40.822106],[-73.94759,40.822802],[-73.945685,40.825382],[-73.94391,40.82782],[-73.943841,40.827882],[-73.943131,40.828308]]},"properties":{"kind":"major","name":"Convent Avenue","bridge":false}},{"type":"Feature","geometry":{"type":"LineString","coordinates":[[-73.950772,40.81835],[-73.94974,40.817923]]},"properties":{"kind":"major","name":"West 135th Street","bridge":false}},{"type":"Feature","geometry":{"type":"LineString","coordinates":[[-74.000677,40.787697],[-74.000297,40.787523]]},"properties":{"kind":"minor","name":"Half Moon Court","bridge":false}},{"type":"Feature","geometry":{"type":"LineString","coordinates":[[-73.944419,40.840893],[-73.944712,40.841039]]},"properties":{"kind":"major","name":"West 165th Street","bridge":false}},{"type":"Feature","geometry":{"type":"LineString","coordinates":[[-73.944755,40.840686],[-73.944613,40.840842],[-73.944551,40.840885],[-73.944419,40.840893]]},"properties":{"kind":"minor","name":"Riverside Drive","bridge":false}},{"type":"Feature","geometry":{"type":"LineString","coordinates":[[-73.986035,40.780451],[-73.986248,40.780545]]},"properties":{"kind":"major","name":"West 72nd Street","bridge":false}},{"type":"Feature","geometry":{"type":"LineString","coordinates":[[-73.945019,40.813357],[-73.944909,40.813507]]},"properties":{"kind":"major","name":"Adam Clayton Powell Jr. Boulevard","bridge":false}},{"type":"Feature","geometry":{"type":"LineString","coordinates":[[-73.96504,40.848433],[-73.964891,40.848778],[-73.964729,40.849256],[-73.964685,40.84948],[-73.964652,40.849714]]},"properties":{"kind":"major","name":"Main Street","bridge":false}},{"type":"Feature","geometry":{"type":"LineString","coordinates":[[-73.998803,40.764201],[-73.999063,40.763847]]},"properties":{"kind":"highway","name":"12th Avenue","tunnel":"no","bridge":false}},{"type":"Feature","geometry":{"type":"LineString","coordinates":[[-73.992138,40.759104],[-73.992347,40.758827]]},"properties":{"kind":"major","name":"9th Avenue","bridge":false}},{"type":"Feature","geometry":{"type":"LineString","coordinates":[[-73.984596,40.754177],[-73.984432,40.754407]]},"properties":{"kind":"major","name":"6th Avenue","bridge":false}},{"type":"Feature","geometry":{"type":"LineString","coordinates":[[-73.98504,40.753558],[-73.984945,40.753691]]},"properties":{"kind":"major","name":"6th Avenue","bridge":false}},{"type":"Feature","geometry":{"type":"LineString","coordinates":[[-73.980987,40.827545],[-73.981008,40.827629],[-73.98092,40.827778],[-73.980954,40.827831]]},"properties":{"kind":"major","name":"","bridge":false}},{"type":"Feature","geometry":{"type":"LineString","coordinates":[[-73.973026,40.765108],[-73.973127,40.765101],[-73.973196,40.765079],[-73.973288,40.765024],[-73.973339,40.764969]]},"properties":{"kind":"major","name":"Grand Army Plaza","bridge":false}},{"type":"Feature","geometry":{"type":"LineString","coordinates":[[-73.981749,40.767135],[-73.979532,40.766213]]},"properties":{"kind":"minor","name":"West 58th Street","bridge":false}},{"type":"Feature","geometry":{"type":"LineString","coordinates":[[-73.979076,40.766876],[-73.979532,40.766213]]},"properties":{"kind":"major","name":"7th Avenue","bridge":false}},{"type":"Feature","geometry":{"type":"LineString","coordinates":[[-73.982347,40.762348],[-73.982807,40.761719]]},"properties":{"kind":"major","name":"7th Avenue","bridge":false}},{"type":"Feature","geometry":{"type":"LineString","coordinates":[[-73.984852,40.774164],[-73.984651,40.77444]]},"properties":{"kind":"major","name":"Amsterdam Avenue","bridge":false}},{"type":"Feature","geometry":{"type":"LineString","coordinates":[[-73.982193,40.76852],[-73.982212,40.768409],[-73.982263,40.768305]]},"properties":{"kind":"major","name":"Broadway","bridge":false}},{"type":"Feature","geometry":{"type":"LineString","coordinates":[[-73.981679,40.768399],[-73.981891,40.768504],[-73.981953,40.768544]]},"properties":{"kind":"major","name":"Broadway","bridge":false}},{"type":"Feature","geometry":{"type":"LineString","coordinates":[[-73.981518,40.768552],[-73.981391,40.768817]]},"properties":{"kind":"major","name":"Central Park West","bridge":false}},{"type":"Feature","geometry":{"type":"LineString","coordinates":[[-73.982263,40.768305],[-73.982339,40.76822],[-73.982364,40.768174],[-73.982386,40.768102]]},"properties":{"kind":"major","name":"Columbus Circle","bridge":false}},{"type":"Feature","geometry":{"type":"LineString","coordinates":[[-73.978799,40.777416],[-73.979071,40.777046]]},"properties":{"kind":"major","name":"Columbus Avenue","bridge":false}},{"type":"Feature","geometry":{"type":"LineString","coordinates":[[-73.979302,40.776731],[-73.981971,40.777859]]},"properties":{"kind":"minor","name":"West 71st Street","bridge":false}},{"type":"Feature","geometry":{"type":"LineString","coordinates":[[-73.979071,40.777046],[-73.979302,40.776731]]},"properties":{"kind":"major","name":"Columbus Avenue","bridge":false}},{"type":"Feature","geometry":{"type":"LineString","coordinates":[[-73.979753,40.776109],[-73.97692,40.77492]]},"properties":{"kind":"minor","name":"West 70th Street","bridge":false}},{"type":"Feature","geometry":{"type":"LineString","coordinates":[[-73.979302,40.776731],[-73.979753,40.776109]]},"properties":{"kind":"major","name":"Columbus Avenue","bridge":false}},{"type":"Feature","geometry":{"type":"LineString","coordinates":[[-73.980212,40.77548],[-73.982363,40.776391],[-73.982916,40.776617],[-73.98304,40.776653]]},"properties":{"kind":"minor","name":"West 69th Street","bridge":false}},{"type":"Feature","geometry":{"type":"LineString","coordinates":[[-73.980212,40.77548],[-73.980548,40.775017]]},"properties":{"kind":"major","name":"Columbus Avenue","bridge":false}},{"type":"Feature","geometry":{"type":"LineString","coordinates":[[-73.952204,40.803807],[-73.952297,40.80368]]},"properties":{"kind":"major","name":"Adam Clayton Powell Jr. Boulevard","bridge":false}},{"type":"Feature","geometry":{"type":"LineString","coordinates":[[-73.939989,40.815437],[-73.940258,40.815069]]},"properties":{"kind":"major","name":"Malcolm X Boulevard","bridge":false}},{"type":"Feature","geometry":{"type":"LineString","coordinates":[[-73.963988,40.808065],[-73.96417,40.807827]]},"properties":{"kind":"major","name":"Broadway","bridge":false}},{"type":"Feature","geometry":{"type":"LineString","coordinates":[[-73.977474,40.78431],[-73.977354,40.784469]]},"properties":{"kind":"major","name":"Amsterdam Avenue","bridge":false}},{"type":"Feature","geometry":{"type":"LineString","coordinates":[[-73.975509,40.787001],[-73.975302,40.78728]]},"properties":{"kind":"major","name":"Amsterdam Avenue","bridge":false}},{"type":"Feature","geometry":{"type":"LineString","coordinates":[[-73.97501,40.787686],[-73.97463,40.788205]]},"properties":{"kind":"major","name":"Amsterdam Avenue","bridge":false}},{"type":"Feature","geometry":{"type":"LineString","coordinates":[[-73.97463,40.788205],[-73.974516,40.788361]]},"properties":{"kind":"major","name":"Amsterdam Avenue","bridge":false}},{"type":"Feature","geometry":{"type":"LineString","coordinates":[[-73.974516,40.788361],[-73.973709,40.789467]]},"properties":{"kind":"major","name":"Amsterdam Avenue","bridge":false}},{"type":"Feature","geometry":{"type":"LineString","coordinates":[[-73.973709,40.789467],[-73.973602,40.789613]]},"properties":{"kind":"major","name":"Amsterdam Avenue","bridge":false}},{"type":"Feature","geometry":{"type":"LineString","coordinates":[[-73.973602,40.789613],[-73.973143,40.790242]]},"properties":{"kind":"major","name":"Amsterdam Avenue","bridge":false}},{"type":"Feature","geometry":{"type":"LineString","coordinates":[[-73.972796,40.790718],[-73.972677,40.790882]]},"properties":{"kind":"major","name":"Amsterdam Avenue","bridge":false}},{"type":"Feature","geometry":{"type":"LineString","coordinates":[[-73.972677,40.790882],[-73.971998,40.791833]]},"properties":{"kind":"major","name":"Amsterdam Avenue","bridge":false}},{"type":"Feature","geometry":{"type":"LineString","coordinates":[[-73.971998,40.791833],[-73.971777,40.792131]]},"properties":{"kind":"major","name":"Amsterdam Avenue","bridge":false}},{"type":"Feature","geometry":{"type":"LineString","coordinates":[[-73.970659,40.793668],[-73.970368,40.794064]]},"properties":{"kind":"major","name":"Amsterdam Avenue","bridge":false}},{"type":"Feature","geometry":{"type":"LineString","coordinates":[[-73.969988,40.794586],[-73.969872,40.794735]]},"properties":{"kind":"major","name":"Amsterdam Avenue","bridge":false}},{"type":"Feature","geometry":{"type":"LineString","coordinates":[[-73.969872,40.794735],[-73.96983,40.794804],[-73.969416,40.795367]]},"properties":{"kind":"major","name":"Amsterdam Avenue","bridge":false}},{"type":"Feature","geometry":{"type":"LineString","coordinates":[[-73.969041,40.795842],[-73.968939,40.795983]]},"properties":{"kind":"major","name":"Amsterdam Avenue","bridge":false}},{"type":"Feature","geometry":{"type":"LineString","coordinates":[[-73.968939,40.795983],[-73.968458,40.796641]]},"properties":{"kind":"major","name":"Amsterdam Avenue","bridge":false}},{"type":"Feature","geometry":{"type":"LineString","coordinates":[[-73.968128,40.797092],[-73.968019,40.797241]]},"properties":{"kind":"major","name":"Amsterdam Avenue","bridge":false}},{"type":"Feature","geometry":{"type":"LineString","coordinates":[[-73.968019,40.797241],[-73.967881,40.797432]]},"properties":{"kind":"major","name":"Amsterdam Avenue","bridge":false}},{"type":"Feature","geometry":{"type":"LineString","coordinates":[[-73.967226,40.79836],[-73.967127,40.798508]]},"properties":{"kind":"major","name":"Amsterdam Avenue","bridge":false}},{"type":"Feature","geometry":{"type":"LineString","coordinates":[[-73.966024,40.799996],[-73.965691,40.800429]]},"properties":{"kind":"major","name":"Amsterdam Avenue","bridge":false}},{"type":"Feature","geometry":{"type":"LineString","coordinates":[[-73.96631,40.799611],[-73.966202,40.799766]]},"properties":{"kind":"major","name":"Amsterdam Avenue","bridge":false}},{"type":"Feature","geometry":{"type":"LineString","coordinates":[[-73.966202,40.799766],[-73.966024,40.799996]]},"properties":{"kind":"major","name":"Amsterdam Avenue","bridge":false}},{"type":"Feature","geometry":{"type":"LineString","coordinates":[[-73.984769,40.769231],[-73.984994,40.768914]]},"properties":{"kind":"major","name":"9th Avenue","bridge":false}},{"type":"Feature","geometry":{"type":"LineString","coordinates":[[-73.98849,40.764112],[-73.988758,40.763745]]},"properties":{"kind":"major","name":"9th Avenue","bridge":false}},{"type":"Feature","geometry":{"type":"LineString","coordinates":[[-73.988758,40.763745],[-73.988943,40.76349]]},"properties":{"kind":"major","name":"9th Avenue","bridge":false}},{"type":"Feature","geometry":{"type":"LineString","coordinates":[[-73.989402,40.762862],[-73.989664,40.7625]]},"properties":{"kind":"major","name":"9th Avenue","bridge":false}},{"type":"Feature","geometry":{"type":"LineString","coordinates":[[-73.989815,40.762293],[-73.989859,40.762233]]},"properties":{"kind":"major","name":"9th Avenue","bridge":false}},{"type":"Feature","geometry":{"type":"LineString","coordinates":[[-73.993073,40.75784],[-73.993457,40.757317]]},"properties":{"kind":"major","name":"9th Avenue","bridge":false}},{"type":"Feature","geometry":{"type":"LineString","coordinates":[[-73.993457,40.757317],[-73.993578,40.757154]]},"properties":{"kind":"major","name":"9th Avenue","bridge":false}},{"type":"Feature","geometry":{"type":"LineString","coordinates":[[-73.961747,40.853317],[-73.961284,40.853257],[-73.960727,40.85317]]},"properties":{"kind":"highway","name":"George Washington Bridge Lower Level","tunnel":"yes","bridge":false}},{"type":"Feature","geometry":{"type":"LineString","coordinates":[[-73.961664,40.853559],[-73.96201,40.853658],[-73.962358,40.853772],[-73.96277,40.853921]]},"properties":{"kind":"highway","name":"George Washington Bridge Lower Level","tunnel":"yes","bridge":false}},{"type":"Feature","geometry":{"type":"LineString","coordinates":[[-73.980174,40.828958],[-73.980093,40.829113]]},"properties":{"kind":"major","name":"Palisade Avenue","bridge":false}},{"type":"Feature","geometry":{"type":"LineString","coordinates":[[-73.980093,40.829113],[-73.979851,40.829555]]},"properties":{"kind":"major","name":"Palisade Avenue","bridge":false}},{"type":"Feature","geometry":{"type":"LineString","coordinates":[[-73.980262,40.829081],[-73.980519,40.828616]]},"properties":{"kind":"major","name":"Palisade Avenue","bridge":false}},{"type":"Feature","geometry":{"type":"LineString","coordinates":[[-73.980452,40.827863],[-73.980439,40.827793]]},"properties":{"kind":"minor","name":"Winston Drive","bridge":false}},{"type":"Feature","geometry":{"type":"LineString","coordinates":[[-73.939668,40.815875],[-73.939788,40.815712]]},"properties":{"kind":"major","name":"Malcolm X Boulevard","bridge":false}},{"type":"Feature","geometry":{"type":"LineString","coordinates":[[-73.989435,40.757721],[-73.989296,40.757912]]},"properties":{"kind":"major","name":"8th Avenue","bridge":false}},{"type":"Feature","geometry":{"type":"LineString","coordinates":[[-73.987475,40.760409],[-73.987018,40.761037]]},"properties":{"kind":"major","name":"8th Avenue","bridge":false}},{"type":"Feature","geometry":{"type":"LineString","coordinates":[[-73.987691,40.760109],[-73.987475,40.760409]]},"properties":{"kind":"major","name":"8th Avenue","bridge":false}},{"type":"Feature","geometry":{"type":"LineString","coordinates":[[-73.985466,40.763173],[-73.985194,40.763557],[-73.984852,40.764008]]},"properties":{"kind":"major","name":"8th Avenue","bridge":false}},{"type":"Feature","geometry":{"type":"LineString","coordinates":[[-73.985648,40.762916],[-73.985527,40.763086]]},"properties":{"kind":"major","name":"8th Avenue","bridge":false}},{"type":"Feature","geometry":{"type":"LineString","coordinates":[[-73.951957,40.824568],[-73.951759,40.824486]]},"properties":{"kind":"minor","name":"West 142nd Street","bridge":false}},{"type":"Feature","geometry":{"type":"LineString","coordinates":[[-73.953062,40.823059],[-73.953558,40.822384]]},"properties":{"kind":"major","name":"Broadway","bridge":false}},{"type":"Feature","geometry":{"type":"LineString","coordinates":[[-73.951759,40.824486],[-73.950862,40.82572]]},"properties":{"kind":"major","name":"Broadway","bridge":false}},{"type":"Feature","geometry":{"type":"LineString","coordinates":[[-73.951759,40.824486],[-73.947638,40.822736]]},"properties":{"kind":"minor","name":"West 142nd Street","bridge":false}},{"type":"Feature","geometry":{"type":"LineString","coordinates":[[-73.96889,40.801192],[-73.96926,40.800679]]},"properties":{"kind":"major","name":"West End Avenue","bridge":false}},{"type":"Feature","geometry":{"type":"LineString","coordinates":[[-73.96926,40.800679],[-73.96951,40.800335]]},"properties":{"kind":"major","name":"West End Avenue","bridge":false}},{"type":"Feature","geometry":{"type":"LineString","coordinates":[[-73.969972,40.799705],[-73.96951,40.800335]]},"properties":{"kind":"major","name":"West End Avenue","bridge":false}},{"type":"Feature","geometry":{"type":"LineString","coordinates":[[-73.972717,40.795938],[-73.972267,40.796561]]},"properties":{"kind":"major","name":"West End Avenue","bridge":false}},{"type":"Feature","geometry":{"type":"LineString","coordinates":[[-73.972267,40.796561],[-73.972012,40.796905]]},"properties":{"kind":"major","name":"West End Avenue","bridge":false}},{"type":"Feature","geometry":{"type":"LineString","coordinates":[[-73.972012,40.796905],[-73.971803,40.797193]]},"properties":{"kind":"major","name":"West End Avenue","bridge":false}},{"type":"Feature","geometry":{"type":"LineString","coordinates":[[-73.971803,40.797193],[-73.971343,40.797826]]},"properties":{"kind":"major","name":"West End Avenue","bridge":false}},{"type":"Feature","geometry":{"type":"LineString","coordinates":[[-73.971343,40.797826],[-73.971107,40.798145]]},"properties":{"kind":"major","name":"West End Avenue","bridge":false}},{"type":"Feature","geometry":{"type":"LineString","coordinates":[[-73.971107,40.798145],[-73.970885,40.79845]]},"properties":{"kind":"major","name":"West End Avenue","bridge":false}},{"type":"Feature","geometry":{"type":"LineString","coordinates":[[-73.970192,40.7994],[-73.969972,40.799705]]},"properties":{"kind":"major","name":"West End Avenue","bridge":false}},{"type":"Feature","geometry":{"type":"LineString","coordinates":[[-73.970192,40.7994],[-73.970427,40.799079]]},"properties":{"kind":"major","name":"West End Avenue","bridge":false}},{"type":"Feature","geometry":{"type":"LineString","coordinates":[[-73.970845,40.798505],[-73.970885,40.79845]]},"properties":{"kind":"major","name":"West End Avenue","bridge":false}},{"type":"Feature","geometry":{"type":"LineString","coordinates":[[-73.993466,40.757106],[-73.992219,40.756582]]},"properties":{"kind":"minor","name":"West 40th Street","bridge":false}},{"type":"Feature","geometry":{"type":"LineString","coordinates":[[-73.961886,40.816336],[-73.96205,40.816199],[-73.962167,40.816087]]},"properties":{"kind":"major","name":"Riverside Drive","bridge":false}},{"type":"Feature","geometry":{"type":"LineString","coordinates":[[-73.994346,40.760045],[-73.994972,40.760312]]},"properties":{"kind":"minor","name":"West 43rd Street","bridge":false}},{"type":"Feature","geometry":{"type":"LineString","coordinates":[[-73.958206,40.815614],[-73.957931,40.816007]]},"properties":{"kind":"major","name":"Broadway","bridge":false}},{"type":"Feature","geometry":{"type":"LineString","coordinates":[[-73.957731,40.816283],[-73.957848,40.81633]]},"properties":{"kind":"minor","name":"West 126th Street","bridge":false}},{"type":"Feature","geometry":{"type":"LineString","coordinates":[[-73.957931,40.816007],[-73.957731,40.816283]]},"properties":{"kind":"major","name":"Broadway","bridge":false}},{"type":"Feature","geometry":{"type":"LineString","coordinates":[[-73.948321,40.798126],[-73.947362,40.797722]]},"properties":{"kind":"minor","name":"East 112th Street","bridge":false}},{"type":"Feature","geometry":{"type":"LineString","coordinates":[[-73.943545,40.810285],[-73.943715,40.810356]]},"properties":{"kind":"minor","name":"West 129th Street","bridge":false}},{"type":"Feature","geometry":{"type":"LineString","coordinates":[[-73.943715,40.810356],[-73.943971,40.809997]]},"properties":{"kind":"major","name":"Malcolm X Boulevard","bridge":false}},{"type":"Feature","geometry":{"type":"LineString","coordinates":[[-73.965812,40.80895],[-73.96589,40.80886]]},"properties":{"kind":"major","name":"Riverside Drive","bridge":false}},{"type":"Feature","geometry":{"type":"LineString","coordinates":[[-73.969282,40.803648],[-73.969039,40.804009]]},"properties":{"kind":"major","name":"Riverside Drive","bridge":false}},{"type":"Feature","geometry":{"type":"LineString","coordinates":[[-73.971572,40.800693],[-73.971793,40.800475]]},"properties":{"kind":"major","name":"Riverside Drive","bridge":false}},{"type":"Feature","geometry":{"type":"LineString","coordinates":[[-73.958536,40.815168],[-73.958562,40.815269],[-73.95852,40.815424],[-73.958464,40.815579],[-73.958382,40.815717],[-73.958391,40.81581]]},"properties":{"kind":"major","name":"","bridge":false}},{"type":"Feature","geometry":{"type":"LineString","coordinates":[[-73.942044,40.812629],[-73.942131,40.812509]]},"properties":{"kind":"major","name":"Malcolm X Boulevard","bridge":false}},{"type":"Feature","geometry":{"type":"LineString","coordinates":[[-73.94756,40.804799],[-73.947435,40.804972]]},"properties":{"kind":"major","name":"Malcolm X Boulevard","bridge":false}},{"type":"Feature","geometry":{"type":"LineString","coordinates":[[-73.982286,40.772656],[-73.982276,40.772204]]},"properties":{"kind":"major","name":"Broadway","bridge":false}},{"type":"Feature","geometry":{"type":"LineString","coordinates":[[-73.951337,40.831192],[-73.951286,40.831232],[-73.951244,40.831251],[-73.951145,40.831263],[-73.951074,40.831254]]},"properties":{"kind":"highway","name":"","tunnel":"no","bridge":false}},{"type":"Feature","geometry":{"type":"LineString","coordinates":[[-73.952578,40.826461],[-73.950862,40.82572]]},"properties":{"kind":"minor","name":"West 144th Street","bridge":false}},{"type":"Feature","geometry":{"type":"LineString","coordinates":[[-73.950862,40.82572],[-73.95036,40.826403]]},"properties":{"kind":"major","name":"Broadway","bridge":false}},{"type":"Feature","geometry":{"type":"LineString","coordinates":[[-73.990448,40.806315],[-73.990274,40.806312],[-73.989943,40.806272],[-73.98976,40.806231]]},"properties":{"kind":"minor","name":"City Place","bridge":false}},{"type":"Feature","geometry":{"type":"LineString","coordinates":[[-73.992272,40.807294],[-73.992265,40.807191],[-73.992195,40.807043]]},"properties":{"kind":"major","name":"Gorge Road","bridge":false}},{"type":"Feature","geometry":{"type":"LineString","coordinates":[[-73.980317,40.82707],[-73.980743,40.827039]]},"properties":{"kind":"minor","name":"Norman Drive","bridge":false}},{"type":"Feature","geometry":{"type":"LineString","coordinates":[[-73.939154,40.821676],[-73.939266,40.821521]]},"properties":{"kind":"major","name":"Adam Clayton Powell Jr. Boulevard","bridge":false}},{"type":"Feature","geometry":{"type":"LineString","coordinates":[[-73.996782,40.757833],[-73.996686,40.757962]]},"properties":{"kind":"major","name":"10th Avenue","bridge":false}},{"type":"Feature","geometry":{"type":"LineString","coordinates":[[-73.982569,40.777289],[-73.982393,40.777525]]},"properties":{"kind":"major","name":"Amsterdam Avenue","bridge":false}},{"type":"Feature","geometry":{"type":"LineString","coordinates":[[-74.001867,40.792722],[-74.001674,40.792653],[-74.001578,40.792655],[-74.001494,40.792679]]},"properties":{"kind":"minor","name":"71st Street","bridge":false}},{"type":"Feature","geometry":{"type":"LineString","coordinates":[[-73.950469,40.805892],[-73.950362,40.806042]]},"properties":{"kind":"major","name":"Adam Clayton Powell Jr. Boulevard","bridge":false}},{"type":"Feature","geometry":{"type":"LineString","coordinates":[[-73.949354,40.807701],[-73.953005,40.809238]]},"properties":{"kind":"minor","name":"West 123rd Street","bridge":false}},{"type":"Feature","geometry":{"type":"LineString","coordinates":[[-73.949354,40.807701],[-73.949552,40.80743]]},"properties":{"kind":"major","name":"Adam Clayton Powell Jr. Boulevard","bridge":false}},{"type":"Feature","geometry":{"type":"LineString","coordinates":[[-73.970211,40.839441],[-73.970205,40.839644],[-73.970195,40.839696]]},"properties":{"kind":"major","name":"River Road","bridge":false}},{"type":"Feature","geometry":{"type":"LineString","coordinates":[[-73.969178,40.842043],[-73.968509,40.842705],[-73.968223,40.843022],[-73.96754,40.843672],[-73.967384,40.843852],[-73.967334,40.843941],[-73.967247,40.8442],[-73.967219,40.84448],[-73.967169,40.844738],[-73.9671,40.844917],[-73.966633,40.845958],[-73.966467,40.846287],[-73.966433,40.846373],[-73.966378,40.846576],[-73.966375,40.846784],[-73.966352,40.846952],[-73.966314,40.84705]]},"properties":{"kind":"major","name":"River Road","bridge":false}},{"type":"Feature","geometry":{"type":"LineString","coordinates":[[-73.99273,40.757613],[-73.993073,40.75784]]},"properties":{"kind":"minor","name":"West 41st Street","bridge":false}},{"type":"Feature","geometry":{"type":"LineString","coordinates":[[-73.981582,40.773612],[-73.982319,40.773923]]},"properties":{"kind":"major","name":"West 66th Street","bridge":false}},{"type":"Feature","geometry":{"type":"LineString","coordinates":[[-73.980944,40.77334],[-73.981442,40.773551]]},"properties":{"kind":"major","name":"West 66th Street","bridge":false}},{"type":"Feature","geometry":{"type":"LineString","coordinates":[[-73.958628,40.815035],[-73.958837,40.81516]]},"properties":{"kind":"minor","name":"Tiemann Place","bridge":false}},{"type":"Feature","geometry":{"type":"LineString","coordinates":[[-73.958391,40.81581],[-73.95861,40.815501],[-73.958837,40.81516]]},"properties":{"kind":"major","name":"Broadway","bridge":false}},{"type":"Feature","geometry":{"type":"LineString","coordinates":[[-73.961228,40.811884],[-73.962159,40.81058]]},"properties":{"kind":"major","name":"Broadway","bridge":false}},{"type":"Feature","geometry":{"type":"LineString","coordinates":[[-73.961228,40.811884],[-73.963002,40.812641]]},"properties":{"kind":"minor","name":"West 122nd Street","bridge":false}},{"type":"Feature","geometry":{"type":"LineString","coordinates":[[-74.003605,40.795966],[-74.003132,40.79655]]},"properties":{"kind":"major","name":"Broadway","bridge":false}},{"type":"Feature","geometry":{"type":"LineString","coordinates":[[-74.003386,40.795867],[-74.003605,40.795966]]},"properties":{"kind":"major","name":"74th Street","bridge":false}},{"type":"Feature","geometry":{"type":"LineString","coordinates":[[-74.003773,40.795757],[-74.003605,40.795966]]},"properties":{"kind":"major","name":"Broadway","bridge":false}},{"type":"Feature","geometry":{"type":"LineString","coordinates":[[-73.979704,40.8312],[-73.979468,40.83109],[-73.979209,40.830952]]},"properties":{"kind":"major","name":"Columbia Avenue","bridge":false}},{"type":"Feature","geometry":{"type":"LineString","coordinates":[[-73.982107,40.77289],[-73.982286,40.772656]]},"properties":{"kind":"major","name":"Columbus Avenue","bridge":false}},{"type":"Feature","geometry":{"type":"LineString","coordinates":[[-73.982107,40.77289],[-73.982106,40.772998]]},"properties":{"kind":"major","name":"Broadway","bridge":false}},{"type":"Feature","geometry":{"type":"LineString","coordinates":[[-73.982047,40.772973],[-73.982107,40.77289]]},"properties":{"kind":"major","name":"Columbus Avenue","bridge":false}},{"type":"Feature","geometry":{"type":"LineString","coordinates":[[-73.982047,40.772973],[-73.979832,40.772039]]},"properties":{"kind":"major","name":"West 65th Street","bridge":false}},{"type":"Feature","geometry":{"type":"LineString","coordinates":[[-73.944475,40.808228],[-73.944927,40.808419]]},"properties":{"kind":"minor","name":"West 126th Street","bridge":false}},{"type":"Feature","geometry":{"type":"LineString","coordinates":[[-73.940588,40.836347],[-73.940036,40.836115]]},"properties":{"kind":"minor","name":"West 162nd Street","bridge":false}},{"type":"Feature","geometry":{"type":"LineString","coordinates":[[-73.963955,40.811337],[-73.96404,40.811375]]},"properties":{"kind":"minor","name":"West 120th Street","bridge":false}},{"type":"Feature","geometry":{"type":"LineString","coordinates":[[-73.963955,40.811337],[-73.963881,40.811431]]},"properties":{"kind":"major","name":"Riverside Drive","bridge":false}},{"type":"Feature","geometry":{"type":"LineString","coordinates":[[-73.985996,40.756516],[-73.986356,40.756667]]},"properties":{"kind":"minor","name":"West 43rd Street","bridge":false}},{"type":"Feature","geometry":{"type":"LineString","coordinates":[[-73.988382,40.757524],[-73.989296,40.757912]]},"properties":{"kind":"minor","name":"West 43rd Street","bridge":false}},{"type":"Feature","geometry":{"type":"LineString","coordinates":[[-73.987018,40.761037],[-73.986834,40.761301]]},"properties":{"kind":"major","name":"8th Avenue","bridge":false}},{"type":"Feature","geometry":{"type":"LineString","coordinates":[[-73.987888,40.754755],[-73.988257,40.75424]]},"properties":{"kind":"major","name":"7th Avenue","bridge":false}},{"type":"Feature","geometry":{"type":"LineString","coordinates":[[-73.950115,40.80638],[-73.949911,40.806661]]},"properties":{"kind":"major","name":"Adam Clayton Powell Jr. Boulevard","bridge":false}},{"type":"Feature","geometry":{"type":"LineString","coordinates":[[-73.962612,40.799606],[-73.962727,40.799442]]},"properties":{"kind":"major","name":"Columbus Avenue","bridge":false}},{"type":"Feature","geometry":{"type":"LineString","coordinates":[[-73.951389,40.804627],[-73.951268,40.804793]]},"properties":{"kind":"major","name":"Adam Clayton Powell Jr. Boulevard","bridge":false}},{"type":"Feature","geometry":{"type":"LineString","coordinates":[[-73.951957,40.824568],[-73.952149,40.824309]]},"properties":{"kind":"major","name":"Broadway","bridge":false}},{"type":"Feature","geometry":{"type":"LineString","coordinates":[[-73.952149,40.824309],[-73.952869,40.823312]]},"properties":{"kind":"major","name":"Broadway","bridge":false}},{"type":"Feature","geometry":{"type":"LineString","coordinates":[[-73.95483,40.824126],[-73.952869,40.823312]]},"properties":{"kind":"minor","name":"West 140th Street","bridge":false}},{"type":"Feature","geometry":{"type":"LineString","coordinates":[[-73.952869,40.823312],[-73.953062,40.823059]]},"properties":{"kind":"major","name":"Broadway","bridge":false}},{"type":"Feature","geometry":{"type":"LineString","coordinates":[[-73.953599,40.821988],[-73.95379,40.822072]]},"properties":{"kind":"minor","name":"West 138th Street","bridge":false}},{"type":"Feature","geometry":{"type":"LineString","coordinates":[[-73.953956,40.821841],[-73.954249,40.821436]]},"properties":{"kind":"major","name":"Broadway","bridge":false}},{"type":"Feature","geometry":{"type":"LineString","coordinates":[[-73.953558,40.822384],[-73.95379,40.822072]]},"properties":{"kind":"major","name":"Broadway","bridge":false}},{"type":"Feature","geometry":{"type":"LineString","coordinates":[[-73.95379,40.822072],[-73.953956,40.821841]]},"properties":{"kind":"major","name":"Broadway","bridge":false}},{"type":"Feature","geometry":{"type":"LineString","coordinates":[[-73.990535,40.807593],[-73.990665,40.807484],[-73.990914,40.807175]]},"properties":{"kind":"major","name":"River Road","bridge":false}},{"type":"Feature","geometry":{"type":"LineString","coordinates":[[-73.947338,40.830895],[-73.947493,40.830662]]},"properties":{"kind":"major","name":"Broadway","bridge":false}},{"type":"Feature","geometry":{"type":"LineString","coordinates":[[-73.947493,40.830662],[-73.949615,40.827778]]},"properties":{"kind":"major","name":"Broadway","bridge":false}},{"type":"Feature","geometry":{"type":"LineString","coordinates":[[-73.949615,40.827778],[-73.950909,40.828317]]},"properties":{"kind":"minor","name":"West 147th Street","bridge":false}},{"type":"Feature","geometry":{"type":"LineString","coordinates":[[-73.949615,40.827778],[-73.949815,40.827498]]},"properties":{"kind":"major","name":"Broadway","bridge":false}},{"type":"Feature","geometry":{"type":"LineString","coordinates":[[-73.949815,40.827498],[-73.950074,40.827153]]},"properties":{"kind":"major","name":"Broadway","bridge":false}},{"type":"Feature","geometry":{"type":"LineString","coordinates":[[-73.951364,40.827698],[-73.950074,40.827153]]},"properties":{"kind":"minor","name":"West 146th Street","bridge":false}},{"type":"Feature","geometry":{"type":"LineString","coordinates":[[-73.950074,40.827153],[-73.950564,40.826489]]},"properties":{"kind":"major","name":"Broadway","bridge":false}},{"type":"Feature","geometry":{"type":"LineString","coordinates":[[-73.982703,40.757579],[-73.982254,40.75739]]},"properties":{"kind":"major","name":"West 46th Street","bridge":false}},{"type":"Feature","geometry":{"type":"LineString","coordinates":[[-73.990891,40.760216],[-73.991227,40.760355]]},"properties":{"kind":"major","name":"West 45th Street","bridge":false}},{"type":"Feature","geometry":{"type":"LineString","coordinates":[[-73.983239,40.760267],[-73.983706,40.760463]]},"properties":{"kind":"major","name":"West 49th Street","bridge":false}},{"type":"Feature","geometry":{"type":"LineString","coordinates":[[-73.938567,40.842658],[-73.93843,40.842906]]},"properties":{"kind":"major","name":"Saint Nicholas Avenue","bridge":false}},{"type":"Feature","geometry":{"type":"LineString","coordinates":[[-73.938628,40.84257],[-73.938567,40.842658]]},"properties":{"kind":"major","name":"Saint Nicholas Avenue","bridge":false}},{"type":"Feature","geometry":{"type":"LineString","coordinates":[[-73.980458,40.755001],[-73.979943,40.754783]]},"properties":{"kind":"minor","name":"West 44th Street","bridge":false}},{"type":"Feature","geometry":{"type":"LineString","coordinates":[[-73.980439,40.827793],[-73.980314,40.827051],[-73.980283,40.827015],[-73.979988,40.826935]]},"properties":{"kind":"minor","name":"Winston Drive","bridge":false}},{"type":"Feature","geometry":{"type":"LineString","coordinates":[[-73.980519,40.828616],[-73.980599,40.82847]]},"properties":{"kind":"major","name":"Palisade Avenue","bridge":false}},{"type":"Feature","geometry":{"type":"LineString","coordinates":[[-73.980755,40.828189],[-73.981289,40.827242],[-73.981308,40.827117]]},"properties":{"kind":"major","name":"Palisade Avenue","bridge":false}},{"type":"Feature","geometry":{"type":"LineString","coordinates":[[-73.98048,40.827996],[-73.980438,40.828045],[-73.980456,40.828204],[-73.980505,40.828363]]},"properties":{"kind":"minor","name":"Winston Drive","bridge":false}},{"type":"Feature","geometry":{"type":"LineString","coordinates":[[-73.972067,40.764703],[-73.972556,40.764919]]},"properties":{"kind":"major","name":"East 60th Street","bridge":false}},{"type":"Feature","geometry":{"type":"LineString","coordinates":[[-73.987595,40.770404],[-73.987233,40.7709]]},"properties":{"kind":"major","name":"Amsterdam Avenue","bridge":false}},{"type":"Feature","geometry":{"type":"LineString","coordinates":[[-73.987233,40.7709],[-73.987124,40.771047]]},"properties":{"kind":"major","name":"Amsterdam Avenue","bridge":false}},{"type":"Feature","geometry":{"type":"LineString","coordinates":[[-73.986627,40.770857],[-73.987009,40.771013],[-73.987124,40.771047]]},"properties":{"kind":"major","name":"West 60th Street","bridge":false}},{"type":"Feature","geometry":{"type":"LineString","coordinates":[[-73.986224,40.772281],[-73.985756,40.772922]]},"properties":{"kind":"major","name":"Amsterdam Avenue","bridge":false}},{"type":"Feature","geometry":{"type":"LineString","coordinates":[[-73.975998,40.78128],[-73.976106,40.781132]]},"properties":{"kind":"major","name":"Columbus Avenue","bridge":false}},{"type":"Feature","geometry":{"type":"LineString","coordinates":[[-73.945434,40.833485],[-73.945249,40.833403]]},"properties":{"kind":"minor","name":"West 156th Street","bridge":false}},{"type":"Feature","geometry":{"type":"LineString","coordinates":[[-73.945249,40.833403],[-73.944787,40.834026]]},"properties":{"kind":"major","name":"Broadway","bridge":false}},{"type":"Feature","geometry":{"type":"LineString","coordinates":[[-73.967226,40.793296],[-73.96732,40.793173]]},"properties":{"kind":"major","name":"Columbus Avenue","bridge":false}},{"type":"Feature","geometry":{"type":"LineString","coordinates":[[-73.954523,40.820748],[-73.954066,40.821358]]},"properties":{"kind":"major","name":"Broadway","bridge":false}},{"type":"Feature","geometry":{"type":"LineString","coordinates":[[-73.99519,40.757162],[-73.995157,40.757205]]},"properties":{"kind":"highway","name":"","tunnel":"no","bridge":false}},{"type":"Feature","geometry":{"type":"LineString","coordinates":[[-74.005728,40.783722],[-74.006479,40.783403]]},"properties":{"kind":"major","name":"Port Imperial Boulevard","bridge":false}},{"type":"Feature","geometry":{"type":"LineString","coordinates":[[-73.947665,40.809746],[-73.947561,40.809875]]},"properties":{"kind":"major","name":"Adam Clayton Powell Jr. Boulevard","bridge":false}},{"type":"Feature","geometry":{"type":"LineString","coordinates":[[-73.97455,40.783259],[-73.975007,40.782638]]},"properties":{"kind":"major","name":"Columbus Avenue","bridge":false}},{"type":"Feature","geometry":{"type":"LineString","coordinates":[[-73.948651,40.808386],[-73.948528,40.808556]]},"properties":{"kind":"major","name":"Adam Clayton Powell Jr. Boulevard","bridge":false}},{"type":"Feature","geometry":{"type":"LineString","coordinates":[[-73.946872,40.831521],[-73.948178,40.832054],[-73.949617,40.832656]]},"properties":{"kind":"minor","name":"West 153rd Street","bridge":false}},{"type":"Feature","geometry":{"type":"LineString","coordinates":[[-73.947131,40.830803],[-73.946674,40.831437]]},"properties":{"kind":"major","name":"Broadway","bridge":false}},{"type":"Feature","geometry":{"type":"LineString","coordinates":[[-73.946674,40.831437],[-73.94658,40.831565]]},"properties":{"kind":"major","name":"Broadway","bridge":false}},{"type":"Feature","geometry":{"type":"LineString","coordinates":[[-73.952937,40.802513],[-73.952838,40.80265]]},"properties":{"kind":"major","name":"Adam Clayton Powell Jr. Boulevard","bridge":false}},{"type":"Feature","geometry":{"type":"LineString","coordinates":[[-73.953312,40.801995],[-73.953191,40.802162]]},"properties":{"kind":"major","name":"Adam Clayton Powell Jr. Boulevard","bridge":false}},{"type":"Feature","geometry":{"type":"LineString","coordinates":[[-73.962395,40.809932],[-73.961964,40.810499]]},"properties":{"kind":"major","name":"Broadway","bridge":false}},{"type":"Feature","geometry":{"type":"LineString","coordinates":[[-73.978933,40.830798],[-73.978872,40.830766],[-73.978762,40.830763]]},"properties":{"kind":"minor","name":"Kensington Drive","bridge":false}},{"type":"Feature","geometry":{"type":"LineString","coordinates":[[-73.978729,40.830859],[-73.978821,40.830919]]},"properties":{"kind":"minor","name":"Kensington Drive","bridge":false}},{"type":"Feature","geometry":{"type":"LineString","coordinates":[[-73.978907,40.829044],[-73.978868,40.829085]]},"properties":{"kind":"minor","name":"Lenox Court","bridge":false}},{"type":"Feature","geometry":{"type":"LineString","coordinates":[[-73.923983,40.835048],[-73.922327,40.836135]]},"properties":{"kind":"major","name":"Jerome Avenue","bridge":false}},{"type":"Feature","geometry":{"type":"LineString","coordinates":[[-73.954504,40.810693],[-73.954197,40.810563]]},"properties":{"kind":"minor","name":"West 124th Street","bridge":false}},{"type":"Feature","geometry":{"type":"LineString","coordinates":[[-73.982807,40.761719],[-73.983192,40.761881]]},"properties":{"kind":"minor","name":"West 51st Street","bridge":false}},{"type":"Feature","geometry":{"type":"LineString","coordinates":[[-73.975609,40.797218],[-73.975529,40.797391]]},"properties":{"kind":"highway","name":"Henry Hudson Parkway","tunnel":"no","bridge":false}},{"type":"Feature","geometry":{"type":"LineString","coordinates":[[-73.979489,40.755413],[-73.980019,40.755639]]},"properties":{"kind":"major","name":"West 45th Street","bridge":false}},{"type":"Feature","geometry":{"type":"LineString","coordinates":[[-73.982313,40.756605],[-73.982712,40.756771]]},"properties":{"kind":"major","name":"West 45th Street","bridge":false}},{"type":"Feature","geometry":{"type":"LineString","coordinates":[[-73.990364,40.816562],[-73.989613,40.816212],[-73.989183,40.816067]]},"properties":{"kind":"minor","name":"Jersey Avenue","bridge":false}},{"type":"Feature","geometry":{"type":"LineString","coordinates":[[-73.990364,40.816562],[-73.990008,40.817223],[-73.989737,40.817841]]},"properties":{"kind":"major","name":"Palisade Avenue","bridge":false}},{"type":"Feature","geometry":{"type":"LineString","coordinates":[[-73.992786,40.76837],[-73.993238,40.767752]]},"properties":{"kind":"major","name":"11th Avenue","bridge":false}},{"type":"Feature","geometry":{"type":"LineString","coordinates":[[-73.993238,40.767752],[-73.993687,40.767131]]},"properties":{"kind":"major","name":"11th Avenue","bridge":false}},{"type":"Feature","geometry":{"type":"LineString","coordinates":[[-73.995665,40.767965],[-73.993687,40.767131]]},"properties":{"kind":"minor","name":"West 52nd Street","bridge":false}},{"type":"Feature","geometry":{"type":"LineString","coordinates":[[-73.994156,40.766498],[-73.994606,40.765878]]},"properties":{"kind":"major","name":"11th Avenue","bridge":false}},{"type":"Feature","geometry":{"type":"LineString","coordinates":[[-73.994156,40.766498],[-73.996129,40.767333]]},"properties":{"kind":"minor","name":"West 51st Street","bridge":false}},{"type":"Feature","geometry":{"type":"LineString","coordinates":[[-73.95036,40.806327],[-73.950485,40.806159]]},"properties":{"kind":"major","name":"Adam Clayton Powell Jr. Boulevard","bridge":false}},{"type":"Feature","geometry":{"type":"LineString","coordinates":[[-73.969931,40.841103],[-73.969661,40.841001],[-73.9696,40.840995]]},"properties":{"kind":"minor","name":"Orchard Street","bridge":false}},{"type":"Feature","geometry":{"type":"LineString","coordinates":[[-73.948213,40.83412],[-73.948296,40.833875],[-73.948204,40.833835]]},"properties":{"kind":"minor","name":"West 155th Street","bridge":false}},{"type":"Feature","geometry":{"type":"LineString","coordinates":[[-73.946917,40.833235],[-73.946513,40.833061]]},"properties":{"kind":"minor","name":"West 155th Street","bridge":false}},{"type":"Feature","geometry":{"type":"LineString","coordinates":[[-74.009423,40.780643],[-74.009766,40.78079]]},"properties":{"kind":"minor","name":"Riverbend Drive","bridge":false}},{"type":"Feature","geometry":{"type":"LineString","coordinates":[[-73.944731,40.814046],[-73.944928,40.813771]]},"properties":{"kind":"major","name":"Adam Clayton Powell Jr. Boulevard","bridge":false}},{"type":"Feature","geometry":{"type":"LineString","coordinates":[[-73.923589,40.835616],[-73.923533,40.835773],[-73.923431,40.835997],[-73.923387,40.836114],[-73.923357,40.836233],[-73.923344,40.836346],[-73.923272,40.837763]]},"properties":{"kind":"minor","name":"Shakespeare Avenue","bridge":false}},{"type":"Feature","geometry":{"type":"LineString","coordinates":[[-73.974269,40.825553],[-73.974012,40.826]]},"properties":{"kind":"major","name":"River Road","bridge":false}},{"type":"Feature","geometry":{"type":"LineString","coordinates":[[-73.978735,40.832141],[-73.978764,40.832068]]},"properties":{"kind":"major","name":"Palisade Avenue","bridge":false}},{"type":"Feature","geometry":{"type":"LineString","coordinates":[[-73.980041,40.829458],[-73.980262,40.829081]]},"properties":{"kind":"major","name":"Palisade Avenue","bridge":false}},{"type":"Feature","geometry":{"type":"LineString","coordinates":[[-73.9799,40.829706],[-73.979951,40.829612]]},"properties":{"kind":"major","name":"Palisade Avenue","bridge":false}},{"type":"Feature","geometry":{"type":"LineString","coordinates":[[-73.979851,40.829555],[-73.978268,40.828688],[-73.978062,40.828557]]},"properties":{"kind":"minor","name":"Tower Drive","bridge":false}},{"type":"Feature","geometry":{"type":"LineString","coordinates":[[-73.979851,40.829555],[-73.979414,40.830333],[-73.979503,40.830378]]},"properties":{"kind":"major","name":"Palisade Avenue","bridge":false}},{"type":"Feature","geometry":{"type":"LineString","coordinates":[[-74.002183,40.797724],[-74.003132,40.79655]]},"properties":{"kind":"major","name":"Broadway","bridge":false}},{"type":"Feature","geometry":{"type":"LineString","coordinates":[[-74.002183,40.797724],[-74.003966,40.798562]]},"properties":{"kind":"minor","name":"77th Street","bridge":false}},{"type":"Feature","geometry":{"type":"LineString","coordinates":[[-73.938211,40.822967],[-73.938407,40.822695]]},"properties":{"kind":"major","name":"Adam Clayton Powell Jr. Boulevard","bridge":false}},{"type":"Feature","geometry":{"type":"LineString","coordinates":[[-73.966249,40.849812],[-73.966122,40.850085],[-73.966037,40.850232]]},"properties":{"kind":"minor","name":"Federspiel Street","bridge":false}},{"type":"Feature","geometry":{"type":"LineString","coordinates":[[-73.981581,40.82727],[-73.981308,40.827117]]},"properties":{"kind":"minor","name":"Lafayette Avenue","bridge":false}},{"type":"Feature","geometry":{"type":"LineString","coordinates":[[-73.991588,40.770035],[-73.991884,40.769634]]},"properties":{"kind":"major","name":"11th Avenue","bridge":false}},{"type":"Feature","geometry":{"type":"LineString","coordinates":[[-73.991884,40.769634],[-73.992044,40.769406]]},"properties":{"kind":"major","name":"11th Avenue","bridge":false}},{"type":"Feature","geometry":{"type":"LineString","coordinates":[[-73.992044,40.769406],[-73.992322,40.769017]]},"properties":{"kind":"major","name":"11th Avenue","bridge":false}},{"type":"Feature","geometry":{"type":"LineString","coordinates":[[-73.991393,40.770317],[-73.991588,40.770035]]},"properties":{"kind":"major","name":"11th Avenue","bridge":false}},{"type":"Feature","geometry":{"type":"LineString","coordinates":[[-73.939878,40.830996],[-73.939966,40.830847],[-73.940089,40.830468]]},"properties":{"kind":"major","name":"Harlem River Driveway","bridge":false}},{"type":"Feature","geometry":{"type":"LineString","coordinates":[[-73.937361,40.833923],[-73.93749,40.833825]]},"properties":{"kind":"major","name":"Harlem River Driveway","bridge":false}},{"type":"Feature","geometry":{"type":"LineString","coordinates":[[-73.935731,40.835074],[-73.935676,40.835117],[-73.935632,40.835136],[-73.935548,40.835127],[-73.935508,40.8351],[-73.935489,40.835072],[-73.935467,40.834924]]},"properties":{"kind":"major","name":"","bridge":false}},{"type":"Feature","geometry":{"type":"LineString","coordinates":[[-73.940935,40.814145],[-73.942778,40.814918]]},"properties":{"kind":"major","name":"West 135th Street","bridge":false}},{"type":"Feature","geometry":{"type":"LineString","coordinates":[[-73.942778,40.814918],[-73.94378,40.81534]]},"properties":{"kind":"major","name":"West 135th Street","bridge":false}},{"type":"Feature","geometry":{"type":"LineString","coordinates":[[-73.935463,40.820116],[-73.93625,40.820448]]},"properties":{"kind":"major","name":"145th Street Bridge","bridge":false}},{"type":"Feature","geometry":{"type":"LineString","coordinates":[[-73.931677,40.819447],[-73.931507,40.819431]]},"properties":{"kind":"major","name":"145th Street Bridge","bridge":false}},{"type":"Feature","geometry":{"type":"LineString","coordinates":[[-73.96372,40.776991],[-73.963142,40.776751]]},"properties":{"kind":"major","name":"East 79th Street","bridge":false}},{"type":"Feature","geometry":{"type":"LineString","coordinates":[[-73.963142,40.776751],[-73.962786,40.776603]]},"properties":{"kind":"major","name":"East 79th Street","bridge":false}},{"type":"Feature","geometry":{"type":"LineString","coordinates":[[-73.95988,40.781313],[-73.960415,40.781534]]},"properties":{"kind":"major","name":"East 86th Street","bridge":false}},{"type":"Feature","geometry":{"type":"LineString","coordinates":[[-73.959607,40.781198],[-73.95988,40.781313]]},"properties":{"kind":"major","name":"East 86th Street","bridge":false}},{"type":"Feature","geometry":{"type":"LineString","coordinates":[[-73.968277,40.784946],[-73.968356,40.785006],[-73.968809,40.785133]]},"properties":{"kind":"major","name":"86th Street Transverse","bridge":false}},{"type":"Feature","geometry":{"type":"LineString","coordinates":[[-73.962253,40.781092],[-73.962089,40.780895]]},"properties":{"kind":"major","name":"86th Street Transverse","bridge":false}},{"type":"Feature","geometry":{"type":"LineString","coordinates":[[-73.962104,40.781257],[-73.962376,40.781357],[-73.962448,40.781357]]},"properties":{"kind":"major","name":"86th Street Transverse","bridge":false}},{"type":"Feature","geometry":{"type":"LineString","coordinates":[[-73.961731,40.781149],[-73.962104,40.781257]]},"properties":{"kind":"major","name":"86th Street Transverse","bridge":false}},{"type":"Feature","geometry":{"type":"LineString","coordinates":[[-73.972663,40.782438],[-73.972258,40.782266]]},"properties":{"kind":"major","name":"West 81st Street","bridge":false}},{"type":"Feature","geometry":{"type":"LineString","coordinates":[[-73.973091,40.782619],[-73.972663,40.782438]]},"properties":{"kind":"major","name":"West 81st Street","bridge":false}},{"type":"Feature","geometry":{"type":"LineString","coordinates":[[-73.975499,40.781961],[-73.976169,40.782241]]},"properties":{"kind":"major","name":"West 79th Street","bridge":false}},{"type":"Feature","geometry":{"type":"LineString","coordinates":[[-73.982196,40.784783],[-73.982652,40.784976]]},"properties":{"kind":"major","name":"West 79th Street","bridge":false}},{"type":"Feature","geometry":{"type":"LineString","coordinates":[[-73.983386,40.78529],[-73.982845,40.78506]]},"properties":{"kind":"major","name":"West 79th Street","bridge":false}},{"type":"Feature","geometry":{"type":"LineString","coordinates":[[-73.984732,40.785844],[-73.984756,40.785768],[-73.984745,40.785694],[-73.984701,40.785622],[-73.984622,40.785571],[-73.984538,40.785546],[-73.984483,40.785541],[-73.984429,40.785546],[-73.984222,40.785601],[-73.984094,40.785602]]},"properties":{"kind":"major","name":"","bridge":false}},{"type":"Feature","geometry":{"type":"LineString","coordinates":[[-73.969858,40.785521],[-73.970479,40.785783]]},"properties":{"kind":"major","name":"West 86th Street","bridge":false}},{"type":"Feature","geometry":{"type":"LineString","coordinates":[[-73.954935,40.78756],[-73.95482,40.787511]]},"properties":{"kind":"major","name":"East 96th Street","bridge":false}},{"type":"Feature","geometry":{"type":"LineString","coordinates":[[-73.955767,40.787901],[-73.955357,40.787736]]},"properties":{"kind":"major","name":"East 96th Street","bridge":false}},{"type":"Feature","geometry":{"type":"LineString","coordinates":[[-73.977665,40.771708],[-73.977767,40.771792],[-73.978095,40.771996]]},"properties":{"kind":"major","name":"65th Street Transverse","bridge":false}},{"type":"Feature","geometry":{"type":"LineString","coordinates":[[-73.935471,40.840811],[-73.935481,40.84088]]},"properties":{"kind":"minor","name":"Edgecombe Avenue","bridge":false}},{"type":"Feature","geometry":{"type":"LineString","coordinates":[[-73.938862,40.842244],[-73.938823,40.842299]]},"properties":{"kind":"major","name":"Saint Nicholas Avenue","bridge":false}},{"type":"Feature","geometry":{"type":"LineString","coordinates":[[-73.928749,40.830114],[-73.928446,40.830156]]},"properties":{"kind":"major","name":"Jerome Avenue","bridge":false}},{"type":"Feature","geometry":{"type":"LineString","coordinates":[[-73.929934,40.829965],[-73.929374,40.830034]]},"properties":{"kind":"major","name":"Jerome Avenue","bridge":false}},{"type":"Feature","geometry":{"type":"LineString","coordinates":[[-73.930812,40.827846],[-73.930906,40.828175]]},"properties":{"kind":"major","name":"Major Deegan Expressway","bridge":false}},{"type":"Feature","geometry":{"type":"LineString","coordinates":[[-73.930994,40.828358],[-73.931161,40.828327]]},"properties":{"kind":"major","name":"Macombs Dam Bridge","bridge":true}},{"type":"Feature","geometry":{"type":"LineString","coordinates":[[-73.931161,40.828327],[-73.931457,40.828289]]},"properties":{"kind":"major","name":"Macombs Dam Bridge","bridge":true}},{"type":"Feature","geometry":{"type":"LineString","coordinates":[[-73.93055,40.829854],[-73.930823,40.829799],[-73.931069,40.829675]]},"properties":{"kind":"major","name":"Jerome Avenue","bridge":false}},{"type":"Feature","geometry":{"type":"LineString","coordinates":[[-73.931006,40.829602],[-73.930756,40.829726],[-73.93055,40.829854]]},"properties":{"kind":"major","name":"Jerome Avenue","bridge":false}},{"type":"Feature","geometry":{"type":"LineString","coordinates":[[-73.930579,40.826668],[-73.930529,40.826798]]},"properties":{"kind":"highway","name":"","tunnel":"no","bridge":true}},{"type":"Feature","geometry":{"type":"LineString","coordinates":[[-73.930579,40.826668],[-73.930592,40.826797]]},"properties":{"kind":"highway","name":"","tunnel":"no","bridge":true}},{"type":"Feature","geometry":{"type":"LineString","coordinates":[[-73.929148,40.824714],[-73.928862,40.824641]]},"properties":{"kind":"highway","name":"","tunnel":"no","bridge":true}},{"type":"Feature","geometry":{"type":"LineString","coordinates":[[-73.928912,40.824707],[-73.929148,40.824714]]},"properties":{"kind":"highway","name":"","tunnel":"no","bridge":true}},{"type":"Feature","geometry":{"type":"LineString","coordinates":[[-73.932517,40.825426],[-73.932607,40.826194]]},"properties":{"kind":"highway","name":"","tunnel":"no","bridge":true}},{"type":"Feature","geometry":{"type":"LineString","coordinates":[[-73.932607,40.826194],[-73.932607,40.82639]]},"properties":{"kind":"highway","name":"","tunnel":"no","bridge":true}},{"type":"Feature","geometry":{"type":"LineString","coordinates":[[-73.932589,40.825418],[-73.932573,40.825328],[-73.932542,40.825233],[-73.932516,40.825179],[-73.932452,40.825091],[-73.932343,40.824983],[-73.932279,40.824936],[-73.932156,40.824866],[-73.932078,40.824836],[-73.931874,40.824779],[-73.931649,40.824756],[-73.931346,40.824767],[-73.930883,40.824816]]},"properties":{"kind":"highway","name":"","tunnel":"no","bridge":true}},{"type":"Feature","geometry":{"type":"LineString","coordinates":[[-73.932689,40.826199],[-73.932589,40.825418]]},"properties":{"kind":"highway","name":"","tunnel":"no","bridge":true}},{"type":"Feature","geometry":{"type":"LineString","coordinates":[[-73.932544,40.826207],[-73.932607,40.82639]]},"properties":{"kind":"highway","name":"","tunnel":"no","bridge":true}},{"type":"Feature","geometry":{"type":"LineString","coordinates":[[-73.931417,40.825266],[-73.931504,40.825257]]},"properties":{"kind":"major","name":"","bridge":false}},{"type":"Feature","geometry":{"type":"LineString","coordinates":[[-73.931504,40.825257],[-73.931478,40.82508]]},"properties":{"kind":"major","name":"Exterior Street","bridge":false}},{"type":"Feature","geometry":{"type":"LineString","coordinates":[[-73.931478,40.82508],[-73.931464,40.82504],[-73.931406,40.824951],[-73.931104,40.824629]]},"properties":{"kind":"major","name":"Exterior Street","bridge":false}},{"type":"Feature","geometry":{"type":"LineString","coordinates":[[-73.933106,40.829443],[-73.933077,40.829249]]},"properties":{"kind":"highway","name":"","tunnel":"no","bridge":true}},{"type":"Feature","geometry":{"type":"LineString","coordinates":[[-73.932739,40.826584],[-73.932689,40.826199]]},"properties":{"kind":"highway","name":"","tunnel":"no","bridge":true}},{"type":"Feature","geometry":{"type":"LineString","coordinates":[[-73.932515,40.827892],[-73.932374,40.82798],[-73.932283,40.828023],[-73.932126,40.828072],[-73.932032,40.828092],[-73.931855,40.828101],[-73.93177,40.828093],[-73.931683,40.828071]]},"properties":{"kind":"highway","name":"","tunnel":"no","bridge":true}},{"type":"Feature","geometry":{"type":"LineString","coordinates":[[-73.932734,40.827371],[-73.93274,40.827495],[-73.932717,40.827625],[-73.932647,40.827753],[-73.932515,40.827892]]},"properties":{"kind":"highway","name":"","tunnel":"no","bridge":true}},{"type":"Feature","geometry":{"type":"LineString","coordinates":[[-73.981442,40.773551],[-73.981582,40.773612]]},"properties":{"kind":"major","name":"West 66th Street","bridge":false}},{"type":"Feature","geometry":{"type":"LineString","coordinates":[[-73.979202,40.771785],[-73.979054,40.77174]]},"properties":{"kind":"major","name":"65th Street Transverse","bridge":false}},{"type":"Feature","geometry":{"type":"LineString","coordinates":[[-73.985008,40.774236],[-73.984852,40.774164]]},"properties":{"kind":"major","name":"West 65th Street","bridge":false}},{"type":"Feature","geometry":{"type":"LineString","coordinates":[[-73.987714,40.775373],[-73.987579,40.775318]]},"properties":{"kind":"major","name":"West 65th Street","bridge":false}},{"type":"Feature","geometry":{"type":"LineString","coordinates":[[-73.979851,40.770896],[-73.979521,40.771349]]},"properties":{"kind":"major","name":"Central Park West","bridge":false}},{"type":"Feature","geometry":{"type":"LineString","coordinates":[[-73.981525,40.768454],[-73.98153,40.768496],[-73.981518,40.768552]]},"properties":{"kind":"major","name":"Central Park West","bridge":false}},{"type":"Feature","geometry":{"type":"LineString","coordinates":[[-73.972037,40.781618],[-73.971722,40.782039]]},"properties":{"kind":"major","name":"Central Park West","bridge":false}},{"type":"Feature","geometry":{"type":"LineString","coordinates":[[-73.969685,40.78484],[-73.969344,40.785297]]},"properties":{"kind":"major","name":"Central Park West","bridge":false}},{"type":"Feature","geometry":{"type":"LineString","coordinates":[[-73.969849,40.784623],[-73.969685,40.78484]]},"properties":{"kind":"major","name":"Central Park West","bridge":false}},{"type":"Feature","geometry":{"type":"LineString","coordinates":[[-73.969344,40.785297],[-73.968854,40.785974]]},"properties":{"kind":"major","name":"Central Park West","bridge":false}},{"type":"Feature","geometry":{"type":"LineString","coordinates":[[-73.963305,40.794372],[-73.962981,40.794237],[-73.962854,40.794209]]},"properties":{"kind":"minor","name":"West 100th Street","bridge":false}},{"type":"Feature","geometry":{"type":"LineString","coordinates":[[-73.965626,40.795486],[-73.965499,40.795419]]},"properties":{"kind":"minor","name":"West 100th Street","bridge":false}},{"type":"Feature","geometry":{"type":"LineString","coordinates":[[-73.974304,40.791566],[-73.976945,40.792678],[-73.977087,40.792722]]},"properties":{"kind":"minor","name":"West 91st Street","bridge":false}},{"type":"Feature","geometry":{"type":"LineString","coordinates":[[-73.972559,40.790832],[-73.974304,40.791566]]},"properties":{"kind":"minor","name":"West 91st Street","bridge":false}},{"type":"Feature","geometry":{"type":"LineString","coordinates":[[-73.974494,40.790808],[-73.973143,40.790242]]},"properties":{"kind":"minor","name":"West 90th Street","bridge":false}},{"type":"Feature","geometry":{"type":"LineString","coordinates":[[-73.968854,40.785974],[-73.968393,40.786605]]},"properties":{"kind":"major","name":"Central Park West","bridge":false}},{"type":"Feature","geometry":{"type":"LineString","coordinates":[[-73.965766,40.79042],[-73.965648,40.79037]]},"properties":{"kind":"minor","name":"West 94th Street","bridge":false}},{"type":"Feature","geometry":{"type":"LineString","coordinates":[[-73.96584,40.790451],[-73.965766,40.79042]]},"properties":{"kind":"minor","name":"West 94th Street","bridge":false}},{"type":"Feature","geometry":{"type":"LineString","coordinates":[[-73.967989,40.791359],[-73.96584,40.790451]]},"properties":{"kind":"minor","name":"West 94th Street","bridge":false}},{"type":"Feature","geometry":{"type":"LineString","coordinates":[[-73.968352,40.791513],[-73.967989,40.791359]]},"properties":{"kind":"minor","name":"West 94th Street","bridge":false}},{"type":"Feature","geometry":{"type":"LineString","coordinates":[[-73.968596,40.791616],[-73.968352,40.791513]]},"properties":{"kind":"minor","name":"West 94th Street","bridge":false}},{"type":"Feature","geometry":{"type":"LineString","coordinates":[[-73.96873,40.791672],[-73.968596,40.791616]]},"properties":{"kind":"minor","name":"West 94th Street","bridge":false}},{"type":"Feature","geometry":{"type":"LineString","coordinates":[[-73.969444,40.791973],[-73.96873,40.791672]]},"properties":{"kind":"minor","name":"West 94th Street","bridge":false}},{"type":"Feature","geometry":{"type":"LineString","coordinates":[[-73.969637,40.792054],[-73.969444,40.791973]]},"properties":{"kind":"minor","name":"West 94th Street","bridge":false}},{"type":"Feature","geometry":{"type":"LineString","coordinates":[[-73.970523,40.792428],[-73.969637,40.792054]]},"properties":{"kind":"minor","name":"West 94th Street","bridge":false}},{"type":"Feature","geometry":{"type":"LineString","coordinates":[[-73.970655,40.792483],[-73.970523,40.792428]]},"properties":{"kind":"minor","name":"West 94th Street","bridge":false}},{"type":"Feature","geometry":{"type":"LineString","coordinates":[[-73.971121,40.792679],[-73.970655,40.792483]]},"properties":{"kind":"minor","name":"West 94th Street","bridge":false}},{"type":"Feature","geometry":{"type":"LineString","coordinates":[[-73.971197,40.792711],[-73.971121,40.792679]]},"properties":{"kind":"minor","name":"West 94th Street","bridge":false}},{"type":"Feature","geometry":{"type":"LineString","coordinates":[[-73.986935,40.806351],[-73.987114,40.806095],[-73.987188,40.80607],[-73.987265,40.806066],[-73.98757,40.806183]]},"properties":{"kind":"minor","name":"The Promenade","bridge":false}},{"type":"Feature","geometry":{"type":"LineString","coordinates":[[-73.978363,40.788204],[-73.978315,40.788266]]},"properties":{"kind":"major","name":"West End Avenue","bridge":false}},{"type":"Feature","geometry":{"type":"LineString","coordinates":[[-73.981237,40.784262],[-73.98117,40.784354]]},"properties":{"kind":"major","name":"West End Avenue","bridge":false}},{"type":"Feature","geometry":{"type":"LineString","coordinates":[[-73.982713,40.821054],[-73.982943,40.82119]]},"properties":{"kind":"minor","name":"Oakdene Avenue","bridge":false}},{"type":"Feature","geometry":{"type":"LineString","coordinates":[[-73.926873,40.828126],[-73.927036,40.828183]]},"properties":{"kind":"major","name":"East 161st Street","bridge":false}},{"type":"Feature","geometry":{"type":"LineString","coordinates":[[-73.931006,40.829602],[-73.931069,40.829675]]},"properties":{"kind":"major","name":"Ogden Avenue","bridge":false}},{"type":"Feature","geometry":{"type":"LineString","coordinates":[[-73.96277,40.853921],[-73.963293,40.854069]]},"properties":{"kind":"highway","name":"George Washington Bridge Lower Level","tunnel":"no","bridge":false}},{"type":"Feature","geometry":{"type":"LineString","coordinates":[[-73.973139,40.762621],[-73.973031,40.762575]]},"properties":{"kind":"major","name":"East 57th Street","bridge":false}},{"type":"Feature","geometry":{"type":"LineString","coordinates":[[-73.960122,40.852942],[-73.960003,40.85325]]},"properties":{"kind":"minor","name":"Henry Hudson Drive","bridge":false}},{"type":"Feature","geometry":{"type":"LineString","coordinates":[[-73.963788,40.853625],[-73.96377,40.853586]]},"properties":{"kind":"major","name":"Hudson Terrace","bridge":false}},{"type":"Feature","geometry":{"type":"LineString","coordinates":[[-73.944014,40.825055],[-73.943813,40.825332]]},"properties":{"kind":"major","name":"Saint Nicholas Avenue","bridge":false}},{"type":"Feature","geometry":{"type":"LineString","coordinates":[[-73.990406,40.806422],[-73.99054,40.806451]]},"properties":{"kind":"minor","name":"City Place","bridge":false}},{"type":"Feature","geometry":{"type":"LineString","coordinates":[[-73.970428,40.835878],[-73.970886,40.836009]]},"properties":{"kind":"minor","name":"Hudson Cove","bridge":false}},{"type":"Feature","geometry":{"type":"LineString","coordinates":[[-73.970122,40.835704],[-73.970082,40.835779]]},"properties":{"kind":"minor","name":"","bridge":false}},{"type":"Feature","geometry":{"type":"LineString","coordinates":[[-73.944112,40.814601],[-73.943915,40.814873]]},"properties":{"kind":"major","name":"Adam Clayton Powell Jr. Boulevard","bridge":false}},{"type":"Feature","geometry":{"type":"LineString","coordinates":[[-73.922291,40.836311],[-73.922247,40.837331]]},"properties":{"kind":"major","name":"Edward L. Grant Highway","bridge":false}},{"type":"Feature","geometry":{"type":"LineString","coordinates":[[-73.961003,40.818739],[-73.961058,40.81868]]},"properties":{"kind":"major","name":"Marginal Street","bridge":false}},{"type":"Feature","geometry":{"type":"LineString","coordinates":[[-73.955811,40.822831],[-73.955956,40.822575]]},"properties":{"kind":"major","name":"Riverside Drive","bridge":true}},{"type":"Feature","geometry":{"type":"LineString","coordinates":[[-73.95589,40.822499],[-73.955725,40.822798]]},"properties":{"kind":"major","name":"Riverside Drive","bridge":true}},{"type":"Feature","geometry":{"type":"LineString","coordinates":[[-73.955445,40.82357],[-73.955502,40.823454]]},"properties":{"kind":"major","name":"Riverside Drive","bridge":false}},{"type":"Feature","geometry":{"type":"LineString","coordinates":[[-73.955393,40.823435],[-73.955337,40.82354]]},"properties":{"kind":"major","name":"Riverside Drive","bridge":false}},{"type":"Feature","geometry":{"type":"LineString","coordinates":[[-73.968425,40.768882],[-73.969362,40.769276]]},"properties":{"kind":"minor","name":"East 67th Street","bridge":false}},{"type":"Feature","geometry":{"type":"LineString","coordinates":[[-73.973483,40.763654],[-73.972536,40.763253]]},"properties":{"kind":"minor","name":"East 58th Street","bridge":false}},{"type":"Feature","geometry":{"type":"LineString","coordinates":[[-73.977636,40.75627],[-73.978557,40.756659]]},"properties":{"kind":"minor","name":"East 47th Street","bridge":false}},{"type":"Feature","geometry":{"type":"LineString","coordinates":[[-73.958472,40.82063],[-73.957906,40.820384]]},"properties":{"kind":"minor","name":"West 134th Street","bridge":false}},{"type":"Feature","geometry":{"type":"LineString","coordinates":[[-73.986848,40.781506],[-73.986731,40.781628]]},"properties":{"kind":"highway","name":"West Side Highway","tunnel":"no","bridge":false}},{"type":"Feature","geometry":{"type":"LineString","coordinates":[[-73.986805,40.781487],[-73.986731,40.781628]]},"properties":{"kind":"highway","name":"","tunnel":"no","bridge":false}},{"type":"Feature","geometry":{"type":"LineString","coordinates":[[-73.984423,40.785946],[-73.984528,40.785946],[-73.984615,40.785925],[-73.9847,40.785879],[-73.984732,40.785844]]},"properties":{"kind":"major","name":"","bridge":false}},{"type":"Feature","geometry":{"type":"LineString","coordinates":[[-73.984025,40.814587],[-73.983752,40.814498],[-73.983683,40.814398],[-73.983689,40.81419]]},"properties":{"kind":"major","name":"","bridge":false}},{"type":"Feature","geometry":{"type":"LineString","coordinates":[[-73.983209,40.814579],[-73.983545,40.814606],[-73.983802,40.814611],[-73.984025,40.814587]]},"properties":{"kind":"minor","name":"Old River Road","bridge":false}},{"type":"Feature","geometry":{"type":"LineString","coordinates":[[-73.985781,40.756425],[-73.985996,40.756516]]},"properties":{"kind":"minor","name":"West 43rd Street","bridge":false}},{"type":"Feature","geometry":{"type":"LineString","coordinates":[[-73.986356,40.756667],[-73.986458,40.75671]]},"properties":{"kind":"minor","name":"West 43rd Street","bridge":false}},{"type":"Feature","geometry":{"type":"LineString","coordinates":[[-73.986088,40.757374],[-73.986012,40.757342]]},"properties":{"kind":"minor","name":"West 44th Street","bridge":false}},{"type":"Feature","geometry":{"type":"LineString","coordinates":[[-73.98617,40.757408],[-73.986088,40.757374]]},"properties":{"kind":"minor","name":"West 44th Street","bridge":false}},{"type":"Feature","geometry":{"type":"LineString","coordinates":[[-73.986012,40.757342],[-73.985899,40.757296]]},"properties":{"kind":"minor","name":"West 44th Street","bridge":false}},{"type":"Feature","geometry":{"type":"LineString","coordinates":[[-73.985899,40.757296],[-73.98569,40.757208]]},"properties":{"kind":"minor","name":"West 44th Street","bridge":false}},{"type":"Feature","geometry":{"type":"LineString","coordinates":[[-73.982712,40.756771],[-73.985373,40.757895]]},"properties":{"kind":"major","name":"West 45th Street","bridge":false}},{"type":"Feature","geometry":{"type":"LineString","coordinates":[[-73.985649,40.758011],[-73.985732,40.758046]]},"properties":{"kind":"major","name":"West 45th Street","bridge":false}},{"type":"Feature","geometry":{"type":"LineString","coordinates":[[-73.98544,40.757924],[-73.985649,40.758011]]},"properties":{"kind":"major","name":"West 45th Street","bridge":false}},{"type":"Feature","geometry":{"type":"LineString","coordinates":[[-73.985373,40.757895],[-73.98544,40.757924]]},"properties":{"kind":"major","name":"West 45th Street","bridge":false}},{"type":"Feature","geometry":{"type":"LineString","coordinates":[[-73.940268,40.830193],[-73.940206,40.830277]]},"properties":{"kind":"major","name":"Saint Nicholas Place","bridge":false}},{"type":"Feature","geometry":{"type":"LineString","coordinates":[[-73.980084,40.783893],[-73.980581,40.783207],[-73.980945,40.782462],[-73.981198,40.781742],[-73.98144,40.781013],[-73.981616,40.780402],[-73.981832,40.779584]]},"properties":{"kind":"major","name":"Broadway","bridge":false}},{"type":"Feature","geometry":{"type":"LineString","coordinates":[[-73.979881,40.783808],[-73.980084,40.783893]]},"properties":{"kind":"major","name":"West 79th Street","bridge":false}},{"type":"Feature","geometry":{"type":"LineString","coordinates":[[-73.979881,40.783808],[-73.97824,40.786012],[-73.977552,40.786964],[-73.976998,40.787629],[-73.976431,40.788289]]},"properties":{"kind":"major","name":"Broadway","bridge":false}},{"type":"Feature","geometry":{"type":"LineString","coordinates":[[-73.975926,40.822805],[-73.975882,40.822882]]},"properties":{"kind":"major","name":"River Road","bridge":false}},{"type":"Feature","geometry":{"type":"LineString","coordinates":[[-73.975882,40.822882],[-73.975677,40.823316]]},"properties":{"kind":"major","name":"River Road","bridge":false}},{"type":"Feature","geometry":{"type":"LineString","coordinates":[[-73.983545,40.824935],[-73.984378,40.825407]]},"properties":{"kind":"minor","name":"Columbia Avenue","bridge":false}},{"type":"Feature","geometry":{"type":"LineString","coordinates":[[-73.983545,40.824935],[-73.982463,40.825463],[-73.982341,40.825536],[-73.982255,40.825613],[-73.981697,40.826479],[-73.981308,40.827117]]},"properties":{"kind":"major","name":"Palisade Avenue","bridge":false}},{"type":"Feature","geometry":{"type":"LineString","coordinates":[[-73.936105,40.814772],[-73.93619,40.814798]]},"properties":{"kind":"major","name":"East 138th Street","bridge":false}},{"type":"Feature","geometry":{"type":"LineString","coordinates":[[-73.938619,40.817316],[-73.938479,40.817257]]},"properties":{"kind":"minor","name":"West 140th Street","bridge":false}},{"type":"Feature","geometry":{"type":"LineString","coordinates":[[-73.938619,40.817316],[-73.938864,40.816981]]},"properties":{"kind":"major","name":"Malcolm X Boulevard","bridge":false}},{"type":"Feature","geometry":{"type":"LineString","coordinates":[[-73.938479,40.817257],[-73.938255,40.817562]]},"properties":{"kind":"major","name":"Malcolm X Boulevard","bridge":false}},{"type":"Feature","geometry":{"type":"LineString","coordinates":[[-73.99383,40.756799],[-73.993944,40.756637]]},"properties":{"kind":"major","name":"9th Avenue","bridge":false}},{"type":"Feature","geometry":{"type":"LineString","coordinates":[[-73.982396,40.778038],[-73.984975,40.779126]]},"properties":{"kind":"minor","name":"West 71st Street","bridge":false}},{"type":"Feature","geometry":{"type":"LineString","coordinates":[[-73.990316,40.761605],[-73.993156,40.762803],[-73.993755,40.763065]]},"properties":{"kind":"minor","name":"West 47th Street","bridge":false}},{"type":"Feature","geometry":{"type":"LineString","coordinates":[[-73.990316,40.761605],[-73.990633,40.761172]]},"properties":{"kind":"major","name":"9th Avenue","bridge":false}},{"type":"Feature","geometry":{"type":"LineString","coordinates":[[-73.984098,40.76145],[-73.983687,40.761278]]},"properties":{"kind":"major","name":"West 50th Street","bridge":false}},{"type":"Feature","geometry":{"type":"LineString","coordinates":[[-73.984098,40.76145],[-73.984414,40.760967]]},"properties":{"kind":"major","name":"Broadway","bridge":false}},{"type":"Feature","geometry":{"type":"LineString","coordinates":[[-73.983881,40.761778],[-73.984098,40.76145]]},"properties":{"kind":"major","name":"Broadway","bridge":false}},{"type":"Feature","geometry":{"type":"LineString","coordinates":[[-73.983678,40.762086],[-73.983881,40.761778]]},"properties":{"kind":"major","name":"Broadway","bridge":false}},{"type":"Feature","geometry":{"type":"LineString","coordinates":[[-73.982903,40.763382],[-73.983042,40.763128]]},"properties":{"kind":"major","name":"Broadway","bridge":false}},{"type":"Feature","geometry":{"type":"LineString","coordinates":[[-73.983042,40.763128],[-73.983261,40.762738]]},"properties":{"kind":"major","name":"Broadway","bridge":false}},{"type":"Feature","geometry":{"type":"LineString","coordinates":[[-73.985919,40.755605],[-73.986425,40.755819]]},"properties":{"kind":"major","name":"West 42nd Street","bridge":false}},{"type":"Feature","geometry":{"type":"LineString","coordinates":[[-73.981628,40.779499],[-73.981832,40.779584]]},"properties":{"kind":"minor","name":"West 73rd Street","bridge":false}},{"type":"Feature","geometry":{"type":"LineString","coordinates":[[-73.981832,40.779584],[-73.982052,40.778787]]},"properties":{"kind":"major","name":"Broadway","bridge":false}},{"type":"Feature","geometry":{"type":"LineString","coordinates":[[-73.93886,40.837235],[-73.938621,40.837547]]},"properties":{"kind":"major","name":"Amsterdam Avenue","bridge":false}},{"type":"Feature","geometry":{"type":"LineString","coordinates":[[-73.938621,40.837547],[-73.938354,40.837883]]},"properties":{"kind":"major","name":"Amsterdam Avenue","bridge":false}},{"type":"Feature","geometry":{"type":"LineString","coordinates":[[-73.938354,40.837883],[-73.938052,40.838295]]},"properties":{"kind":"major","name":"Amsterdam Avenue","bridge":false}},{"type":"Feature","geometry":{"type":"LineString","coordinates":[[-73.938052,40.838295],[-73.937912,40.838487]]},"properties":{"kind":"major","name":"Amsterdam Avenue","bridge":false}},{"type":"Feature","geometry":{"type":"LineString","coordinates":[[-73.937912,40.838487],[-73.937769,40.838682]]},"properties":{"kind":"major","name":"Amsterdam Avenue","bridge":false}},{"type":"Feature","geometry":{"type":"LineString","coordinates":[[-73.93775,40.838711],[-73.937556,40.838986]]},"properties":{"kind":"major","name":"Amsterdam Avenue","bridge":false}},{"type":"Feature","geometry":{"type":"LineString","coordinates":[[-73.937556,40.838986],[-73.937349,40.83928]]},"properties":{"kind":"major","name":"Amsterdam Avenue","bridge":false}},{"type":"Feature","geometry":{"type":"LineString","coordinates":[[-73.937338,40.839295],[-73.937206,40.839463]]},"properties":{"kind":"major","name":"Amsterdam Avenue","bridge":false}},{"type":"Feature","geometry":{"type":"LineString","coordinates":[[-73.937206,40.839463],[-73.936906,40.839864]]},"properties":{"kind":"major","name":"Amsterdam Avenue","bridge":false}},{"type":"Feature","geometry":{"type":"LineString","coordinates":[[-73.936906,40.839864],[-73.936667,40.840188]]},"properties":{"kind":"major","name":"Amsterdam Avenue","bridge":false}},{"type":"Feature","geometry":{"type":"LineString","coordinates":[[-73.936667,40.840188],[-73.936457,40.840479]]},"properties":{"kind":"major","name":"Amsterdam Avenue","bridge":false}},{"type":"Feature","geometry":{"type":"LineString","coordinates":[[-73.936457,40.840479],[-73.936308,40.840682]]},"properties":{"kind":"major","name":"Amsterdam Avenue","bridge":false}},{"type":"Feature","geometry":{"type":"LineString","coordinates":[[-73.936308,40.840682],[-73.936037,40.841055]]},"properties":{"kind":"major","name":"Amsterdam Avenue","bridge":false}},{"type":"Feature","geometry":{"type":"LineString","coordinates":[[-73.936037,40.841055],[-73.935542,40.840852],[-73.93547,40.840805]]},"properties":{"kind":"minor","name":"West 170th Street","bridge":false}},{"type":"Feature","geometry":{"type":"LineString","coordinates":[[-73.936037,40.841055],[-73.935803,40.841375]]},"properties":{"kind":"major","name":"Amsterdam Avenue","bridge":false}},{"type":"Feature","geometry":{"type":"LineString","coordinates":[[-73.935803,40.841375],[-73.935653,40.841583]]},"properties":{"kind":"major","name":"Amsterdam Avenue","bridge":false}},{"type":"Feature","geometry":{"type":"LineString","coordinates":[[-73.935653,40.841583],[-73.935567,40.841701]]},"properties":{"kind":"major","name":"Amsterdam Avenue","bridge":false}},{"type":"Feature","geometry":{"type":"LineString","coordinates":[[-73.935567,40.841701],[-73.935384,40.84195]]},"properties":{"kind":"major","name":"Amsterdam Avenue","bridge":false}},{"type":"Feature","geometry":{"type":"LineString","coordinates":[[-73.935384,40.84195],[-73.935124,40.842304]]},"properties":{"kind":"major","name":"Amsterdam Avenue","bridge":false}},{"type":"Feature","geometry":{"type":"LineString","coordinates":[[-73.934877,40.842654],[-73.934876,40.842656]]},"properties":{"kind":"major","name":"Amsterdam Avenue","bridge":false}},{"type":"Feature","geometry":{"type":"LineString","coordinates":[[-73.935124,40.842304],[-73.935028,40.842435]]},"properties":{"kind":"major","name":"Amsterdam Avenue","bridge":false}},{"type":"Feature","geometry":{"type":"LineString","coordinates":[[-73.99785,40.761436],[-73.998038,40.761249]]},"properties":{"kind":"major","name":"11th Avenue","bridge":false}},{"type":"Feature","geometry":{"type":"LineString","coordinates":[[-74.016294,40.767872],[-74.016802,40.768099]]},"properties":{"kind":"minor","name":"Cambridge Way","bridge":false}},{"type":"Feature","geometry":{"type":"LineString","coordinates":[[-74.016586,40.768755],[-74.01641,40.768669]]},"properties":{"kind":"minor","name":"Oxford Landing","bridge":false}},{"type":"Feature","geometry":{"type":"LineString","coordinates":[[-73.973029,40.764275],[-73.973483,40.763654]]},"properties":{"kind":"major","name":"5th Avenue","bridge":false}},{"type":"Feature","geometry":{"type":"LineString","coordinates":[[-73.989376,40.814545],[-73.989692,40.814435],[-73.98984,40.8144],[-73.989959,40.814394]]},"properties":{"kind":"minor","name":"Adolphus Avenue","bridge":false}},{"type":"Feature","geometry":{"type":"LineString","coordinates":[[-73.994926,40.761919],[-73.99689,40.76274]]},"properties":{"kind":"major","name":"West 45th Street","bridge":false}},{"type":"Feature","geometry":{"type":"LineString","coordinates":[[-73.99689,40.76274],[-73.997344,40.762115]]},"properties":{"kind":"major","name":"11th Avenue","bridge":false}},{"type":"Feature","geometry":{"type":"LineString","coordinates":[[-73.996437,40.763367],[-73.99689,40.76274]]},"properties":{"kind":"major","name":"11th Avenue","bridge":false}},{"type":"Feature","geometry":{"type":"LineString","coordinates":[[-73.996437,40.763367],[-73.995741,40.763084],[-73.994429,40.762532]]},"properties":{"kind":"major","name":"West 46th Street","bridge":false}},{"type":"Feature","geometry":{"type":"LineString","coordinates":[[-73.993981,40.763159],[-73.995981,40.763992]]},"properties":{"kind":"minor","name":"West 47th Street","bridge":false}},{"type":"Feature","geometry":{"type":"LineString","coordinates":[[-73.995981,40.763992],[-73.996437,40.763367]]},"properties":{"kind":"major","name":"11th Avenue","bridge":false}},{"type":"Feature","geometry":{"type":"LineString","coordinates":[[-73.922372,40.837016],[-73.922383,40.836825]]},"properties":{"kind":"major","name":"Edward L. Grant Highway","bridge":false}},{"type":"Feature","geometry":{"type":"LineString","coordinates":[[-73.982136,40.75898],[-73.981341,40.758645]]},"properties":{"kind":"minor","name":"West 48th Street","bridge":false}},{"type":"Feature","geometry":{"type":"LineString","coordinates":[[-73.982076,40.772168],[-73.982099,40.772737]]},"properties":{"kind":"major","name":"Broadway","bridge":false}},{"type":"Feature","geometry":{"type":"LineString","coordinates":[[-73.98205,40.771351],[-73.982063,40.771746]]},"properties":{"kind":"major","name":"Broadway","bridge":false}},{"type":"Feature","geometry":{"type":"LineString","coordinates":[[-73.969806,40.8357],[-73.969418,40.835604]]},"properties":{"kind":"minor","name":"Hudson Cove","bridge":false}},{"type":"Feature","geometry":{"type":"LineString","coordinates":[[-73.970648,40.83586],[-73.970122,40.835704]]},"properties":{"kind":"minor","name":"","bridge":false}},{"type":"Feature","geometry":{"type":"LineString","coordinates":[[-73.972376,40.837731],[-73.972609,40.836763],[-73.972733,40.83629],[-73.972755,40.836128],[-73.972768,40.835858]]},"properties":{"kind":"minor","name":"Undercliff Avenue","bridge":false}},{"type":"Feature","geometry":{"type":"LineString","coordinates":[[-73.976718,40.759983],[-73.976289,40.759799]]},"properties":{"kind":"minor","name":"West 52nd Street","bridge":false}},{"type":"Feature","geometry":{"type":"LineString","coordinates":[[-73.981824,40.76669],[-73.981893,40.7663]]},"properties":{"kind":"major","name":"Broadway","bridge":false}},{"type":"Feature","geometry":{"type":"LineString","coordinates":[[-73.944922,40.844581],[-73.944869,40.845404],[-73.944811,40.845909],[-73.944735,40.846284],[-73.944592,40.846752]]},"properties":{"kind":"highway","name":"Henry Hudson Parkway","tunnel":"no","bridge":false}},{"type":"Feature","geometry":{"type":"LineString","coordinates":[[-73.984118,40.785489],[-73.984287,40.785227],[-73.984687,40.784647],[-73.985451,40.783585]]},"properties":{"kind":"highway","name":"Henry Hudson Parkway","tunnel":"no","bridge":false}},{"type":"Feature","geometry":{"type":"LineString","coordinates":[[-73.966394,40.799486],[-73.96631,40.799611]]},"properties":{"kind":"major","name":"Amsterdam Avenue","bridge":false}},{"type":"Feature","geometry":{"type":"LineString","coordinates":[[-73.967562,40.797871],[-73.967378,40.798139]]},"properties":{"kind":"major","name":"Amsterdam Avenue","bridge":false}},{"type":"Feature","geometry":{"type":"LineString","coordinates":[[-73.958962,40.8008],[-73.958578,40.800642],[-73.958494,40.800581]]},"properties":{"kind":"major","name":"West 110th Street","bridge":false}},{"type":"Feature","geometry":{"type":"LineString","coordinates":[[-73.972117,40.765526],[-73.972556,40.764919]]},"properties":{"kind":"major","name":"5th Avenue","bridge":false}},{"type":"Feature","geometry":{"type":"LineString","coordinates":[[-73.929267,40.830047],[-73.928749,40.830114]]},"properties":{"kind":"major","name":"Jerome Avenue","bridge":false}},{"type":"Feature","geometry":{"type":"LineString","coordinates":[[-73.995849,40.768263],[-73.995972,40.768092]]},"properties":{"kind":"highway","name":"12th Avenue","tunnel":"no","bridge":false}},{"type":"Feature","geometry":{"type":"LineString","coordinates":[[-73.996769,40.766996],[-73.996888,40.766833]]},"properties":{"kind":"highway","name":"12th Avenue","tunnel":"no","bridge":false}},{"type":"Feature","geometry":{"type":"LineString","coordinates":[[-73.99199,40.805882],[-73.992208,40.805608]]},"properties":{"kind":"major","name":"River Road","bridge":false}},{"type":"Feature","geometry":{"type":"LineString","coordinates":[[-73.992403,40.807398],[-73.992515,40.807256],[-73.992542,40.807125]]},"properties":{"kind":"minor","name":"","bridge":false}},{"type":"Feature","geometry":{"type":"LineString","coordinates":[[-73.942503,40.828045],[-73.943131,40.828308]]},"properties":{"kind":"minor","name":"West 151st Street","bridge":false}},{"type":"Feature","geometry":{"type":"LineString","coordinates":[[-73.943131,40.828308],[-73.944828,40.82902]]},"properties":{"kind":"minor","name":"West 151st Street","bridge":false}},{"type":"Feature","geometry":{"type":"LineString","coordinates":[[-73.945004,40.828778],[-73.944828,40.82902]]},"properties":{"kind":"major","name":"Amsterdam Avenue","bridge":false}},{"type":"Feature","geometry":{"type":"LineString","coordinates":[[-73.939883,40.83957],[-73.939905,40.839441],[-73.939892,40.839221]]},"properties":{"kind":"major","name":"Saint Nicholas Avenue","bridge":false}},{"type":"Feature","geometry":{"type":"LineString","coordinates":[[-73.939892,40.839221],[-73.939876,40.839043]]},"properties":{"kind":"major","name":"Saint Nicholas Avenue","bridge":false}},{"type":"Feature","geometry":{"type":"LineString","coordinates":[[-73.939842,40.838662],[-73.939846,40.838513]]},"properties":{"kind":"major","name":"Saint Nicholas Avenue","bridge":false}},{"type":"Feature","geometry":{"type":"LineString","coordinates":[[-73.982861,40.770057],[-73.982236,40.769793]]},"properties":{"kind":"minor","name":"West 61st Street","bridge":false}},{"type":"Feature","geometry":{"type":"LineString","coordinates":[[-73.989296,40.757912],[-73.988843,40.758532]]},"properties":{"kind":"major","name":"8th Avenue","bridge":false}},{"type":"Feature","geometry":{"type":"LineString","coordinates":[[-73.988843,40.758532],[-73.98617,40.757408]]},"properties":{"kind":"minor","name":"West 44th Street","bridge":false}},{"type":"Feature","geometry":{"type":"LineString","coordinates":[[-73.988386,40.75916],[-73.990891,40.760216]]},"properties":{"kind":"major","name":"West 45th Street","bridge":false}},{"type":"Feature","geometry":{"type":"LineString","coordinates":[[-73.988633,40.75882],[-73.988386,40.75916]]},"properties":{"kind":"major","name":"8th Avenue","bridge":false}},{"type":"Feature","geometry":{"type":"LineString","coordinates":[[-73.987928,40.759787],[-73.987691,40.760109]]},"properties":{"kind":"major","name":"8th Avenue","bridge":false}},{"type":"Feature","geometry":{"type":"LineString","coordinates":[[-73.977098,40.766041],[-73.977643,40.766271]]},"properties":{"kind":"major","name":"Central Park South","bridge":false}},{"type":"Feature","geometry":{"type":"LineString","coordinates":[[-73.957944,40.816368],[-73.957998,40.816234],[-73.958063,40.81598],[-73.958216,40.815761],[-73.958206,40.815614]]},"properties":{"kind":"major","name":"","bridge":false}},{"type":"Feature","geometry":{"type":"LineString","coordinates":[[-73.986101,40.762294],[-73.985755,40.762769]]},"properties":{"kind":"major","name":"8th Avenue","bridge":false}},{"type":"Feature","geometry":{"type":"LineString","coordinates":[[-73.988843,40.758532],[-73.988633,40.75882]]},"properties":{"kind":"major","name":"8th Avenue","bridge":false}},{"type":"Feature","geometry":{"type":"LineString","coordinates":[[-73.980283,40.760098],[-73.979972,40.760525]]},"properties":{"kind":"major","name":"6th Avenue","bridge":false}},{"type":"Feature","geometry":{"type":"LineString","coordinates":[[-73.980418,40.759911],[-73.980283,40.760098]]},"properties":{"kind":"major","name":"6th Avenue","bridge":false}},{"type":"Feature","geometry":{"type":"LineString","coordinates":[[-73.976496,40.765292],[-73.976289,40.765575],[-73.976244,40.76568]]},"properties":{"kind":"major","name":"6th Avenue","bridge":false}},{"type":"Feature","geometry":{"type":"LineString","coordinates":[[-73.996405,40.758346],[-73.996259,40.758545]]},"properties":{"kind":"major","name":"10th Avenue","bridge":false}},{"type":"Feature","geometry":{"type":"LineString","coordinates":[[-73.981756,40.767684],[-73.981679,40.767696]]},"properties":{"kind":"major","name":"Central Park South","bridge":false}},{"type":"Feature","geometry":{"type":"LineString","coordinates":[[-73.981679,40.767696],[-73.981396,40.76776]]},"properties":{"kind":"major","name":"Central Park South","bridge":false}},{"type":"Feature","geometry":{"type":"LineString","coordinates":[[-73.981293,40.767928],[-73.981395,40.768104]]},"properties":{"kind":"major","name":"Central Park South","bridge":false}},{"type":"Feature","geometry":{"type":"LineString","coordinates":[[-73.998347,40.760856],[-73.998587,40.760526]]},"properties":{"kind":"major","name":"11th Avenue","bridge":false}},{"type":"Feature","geometry":{"type":"LineString","coordinates":[[-73.99742,40.762014],[-73.997574,40.761807]]},"properties":{"kind":"major","name":"11th Avenue","bridge":false}},{"type":"Feature","geometry":{"type":"LineString","coordinates":[[-73.968454,40.79907],[-73.968655,40.799154]]},"properties":{"kind":"minor","name":"West 103rd Street","bridge":false}},{"type":"Feature","geometry":{"type":"LineString","coordinates":[[-73.968178,40.798955],[-73.968359,40.799031]]},"properties":{"kind":"minor","name":"West 103rd Street","bridge":false}},{"type":"Feature","geometry":{"type":"LineString","coordinates":[[-73.968359,40.799031],[-73.968454,40.79907]]},"properties":{"kind":"minor","name":"West 103rd Street","bridge":false}},{"type":"Feature","geometry":{"type":"LineString","coordinates":[[-73.968757,40.799196],[-73.969052,40.799323]]},"properties":{"kind":"minor","name":"West 103rd Street","bridge":false}},{"type":"Feature","geometry":{"type":"LineString","coordinates":[[-73.968655,40.799154],[-73.968757,40.799196]]},"properties":{"kind":"minor","name":"West 103rd Street","bridge":false}},{"type":"Feature","geometry":{"type":"LineString","coordinates":[[-73.959919,40.782211],[-73.960415,40.781534]]},"properties":{"kind":"major","name":"5th Avenue","bridge":false}},{"type":"Feature","geometry":{"type":"LineString","coordinates":[[-73.940348,40.830483],[-73.94035,40.830581]]},"properties":{"kind":"major","name":"Edgecombe Avenue","bridge":false}},{"type":"Feature","geometry":{"type":"LineString","coordinates":[[-73.940089,40.830468],[-73.940137,40.830372]]},"properties":{"kind":"major","name":"Harlem River Driveway","bridge":false}},{"type":"Feature","geometry":{"type":"LineString","coordinates":[[-73.974927,40.761676],[-73.977602,40.762813]]},"properties":{"kind":"minor","name":"West 55th Street","bridge":false}},{"type":"Feature","geometry":{"type":"LineString","coordinates":[[-73.977602,40.762813],[-73.978141,40.763042]]},"properties":{"kind":"minor","name":"West 55th Street","bridge":false}},{"type":"Feature","geometry":{"type":"LineString","coordinates":[[-73.955816,40.817073],[-73.956743,40.817458],[-73.957044,40.817602]]},"properties":{"kind":"minor","name":"West 131st Street","bridge":false}},{"type":"Feature","geometry":{"type":"LineString","coordinates":[[-73.957044,40.817602],[-73.957479,40.816983]]},"properties":{"kind":"major","name":"Broadway","bridge":false}},{"type":"Feature","geometry":{"type":"LineString","coordinates":[[-73.987514,40.810127],[-73.987258,40.810024]]},"properties":{"kind":"minor","name":"Independence Way","bridge":false}},{"type":"Feature","geometry":{"type":"LineString","coordinates":[[-73.987258,40.810024],[-73.986861,40.809868]]},"properties":{"kind":"minor","name":"Independence Way","bridge":false}},{"type":"Feature","geometry":{"type":"LineString","coordinates":[[-73.986861,40.809868],[-73.985314,40.809279]]},"properties":{"kind":"minor","name":"Independence Way","bridge":false}},{"type":"Feature","geometry":{"type":"LineString","coordinates":[[-73.985358,40.809213],[-73.985033,40.809085],[-73.984811,40.808978]]},"properties":{"kind":"minor","name":"Independence Way","bridge":false}},{"type":"Feature","geometry":{"type":"LineString","coordinates":[[-73.984715,40.809127],[-73.985275,40.809337]]},"properties":{"kind":"minor","name":"Independence Way","bridge":false}},{"type":"Feature","geometry":{"type":"LineString","coordinates":[[-73.981133,40.774231],[-73.981294,40.774008]]},"properties":{"kind":"major","name":"Columbus Avenue","bridge":false}},{"type":"Feature","geometry":{"type":"LineString","coordinates":[[-73.930902,40.822225],[-73.930918,40.822103],[-73.930809,40.8208]]},"properties":{"kind":"major","name":"Exterior Street","bridge":false}},{"type":"Feature","geometry":{"type":"LineString","coordinates":[[-73.967127,40.798508],[-73.96741,40.798629]]},"properties":{"kind":"minor","name":"West 103rd Street","bridge":false}},{"type":"Feature","geometry":{"type":"LineString","coordinates":[[-73.969673,40.79958],[-73.969972,40.799705]]},"properties":{"kind":"minor","name":"West 103rd Street","bridge":false}},{"type":"Feature","geometry":{"type":"LineString","coordinates":[[-73.955849,40.822935],[-73.95631,40.823128]]},"properties":{"kind":"minor","name":"West 138th Street","bridge":false}},{"type":"Feature","geometry":{"type":"LineString","coordinates":[[-73.955593,40.822827],[-73.955849,40.822935]]},"properties":{"kind":"minor","name":"West 138th Street","bridge":false}},{"type":"Feature","geometry":{"type":"LineString","coordinates":[[-73.982518,40.764058],[-73.982903,40.763382]]},"properties":{"kind":"major","name":"Broadway","bridge":false}},{"type":"Feature","geometry":{"type":"LineString","coordinates":[[-73.982364,40.764479],[-73.982518,40.764058]]},"properties":{"kind":"major","name":"Broadway","bridge":false}},{"type":"Feature","geometry":{"type":"LineString","coordinates":[[-73.946155,40.801086],[-73.946462,40.800665]]},"properties":{"kind":"major","name":"5th Avenue","bridge":false}},{"type":"Feature","geometry":{"type":"LineString","coordinates":[[-73.945508,40.801971],[-73.946155,40.801086]]},"properties":{"kind":"major","name":"5th Avenue","bridge":false}},{"type":"Feature","geometry":{"type":"LineString","coordinates":[[-73.94523,40.802352],[-73.945508,40.801971]]},"properties":{"kind":"major","name":"5th Avenue","bridge":false}},{"type":"Feature","geometry":{"type":"LineString","coordinates":[[-73.978739,40.772421],[-73.978519,40.772725]]},"properties":{"kind":"major","name":"Central Park West","bridge":false}},{"type":"Feature","geometry":{"type":"LineString","coordinates":[[-73.978519,40.772725],[-73.978289,40.773039]]},"properties":{"kind":"major","name":"Central Park West","bridge":false}},{"type":"Feature","geometry":{"type":"LineString","coordinates":[[-73.977108,40.774662],[-73.975963,40.776227]]},"properties":{"kind":"major","name":"Central Park West","bridge":false}},{"type":"Feature","geometry":{"type":"LineString","coordinates":[[-73.977374,40.774293],[-73.977108,40.774662]]},"properties":{"kind":"major","name":"Central Park West","bridge":false}},{"type":"Feature","geometry":{"type":"LineString","coordinates":[[-73.975963,40.776227],[-73.97575,40.776518]]},"properties":{"kind":"major","name":"Central Park West","bridge":false}},{"type":"Feature","geometry":{"type":"LineString","coordinates":[[-73.97427,40.778551],[-73.973593,40.779486]]},"properties":{"kind":"major","name":"Central Park West","bridge":false}},{"type":"Feature","geometry":{"type":"LineString","coordinates":[[-73.974542,40.778174],[-73.97427,40.778551]]},"properties":{"kind":"major","name":"Central Park West","bridge":false}},{"type":"Feature","geometry":{"type":"LineString","coordinates":[[-73.973593,40.779486],[-73.973354,40.779815]]},"properties":{"kind":"major","name":"Central Park West","bridge":false}},{"type":"Feature","geometry":{"type":"LineString","coordinates":[[-73.972501,40.780983],[-73.972252,40.781322]]},"properties":{"kind":"major","name":"Central Park West","bridge":false}},{"type":"Feature","geometry":{"type":"LineString","coordinates":[[-73.972252,40.781322],[-73.972037,40.781618]]},"properties":{"kind":"major","name":"Central Park West","bridge":false}},{"type":"Feature","geometry":{"type":"LineString","coordinates":[[-73.971446,40.782423],[-73.971237,40.782716]]},"properties":{"kind":"major","name":"Central Park West","bridge":false}},{"type":"Feature","geometry":{"type":"LineString","coordinates":[[-73.970094,40.784286],[-73.969849,40.784623]]},"properties":{"kind":"major","name":"Central Park West","bridge":false}},{"type":"Feature","geometry":{"type":"LineString","coordinates":[[-73.970313,40.783987],[-73.970094,40.784286]]},"properties":{"kind":"major","name":"Central Park West","bridge":false}},{"type":"Feature","geometry":{"type":"LineString","coordinates":[[-73.968164,40.786923],[-73.967514,40.787808]]},"properties":{"kind":"major","name":"Central Park West","bridge":false}},{"type":"Feature","geometry":{"type":"LineString","coordinates":[[-73.968393,40.786605],[-73.968164,40.786923]]},"properties":{"kind":"major","name":"Central Park West","bridge":false}},{"type":"Feature","geometry":{"type":"LineString","coordinates":[[-73.967514,40.787808],[-73.967468,40.787872]]},"properties":{"kind":"major","name":"Central Park West","bridge":false}},{"type":"Feature","geometry":{"type":"LineString","coordinates":[[-73.967468,40.787872],[-73.967251,40.788176]]},"properties":{"kind":"major","name":"Central Park West","bridge":false}},{"type":"Feature","geometry":{"type":"LineString","coordinates":[[-73.966347,40.789416],[-73.966104,40.789745]]},"properties":{"kind":"major","name":"Central Park West","bridge":false}},{"type":"Feature","geometry":{"type":"LineString","coordinates":[[-73.966563,40.789122],[-73.966347,40.789416]]},"properties":{"kind":"major","name":"Central Park West","bridge":false}},{"type":"Feature","geometry":{"type":"LineString","coordinates":[[-73.96544,40.790654],[-73.965188,40.790999]]},"properties":{"kind":"major","name":"Central Park West","bridge":false}},{"type":"Feature","geometry":{"type":"LineString","coordinates":[[-73.965648,40.79037],[-73.96544,40.790654]]},"properties":{"kind":"major","name":"Central Park West","bridge":false}},{"type":"Feature","geometry":{"type":"LineString","coordinates":[[-73.964694,40.791676],[-73.96445,40.792013]]},"properties":{"kind":"major","name":"Central Park West","bridge":false}},{"type":"Feature","geometry":{"type":"LineString","coordinates":[[-73.964177,40.792377],[-73.962854,40.794209]]},"properties":{"kind":"major","name":"Central Park West","bridge":false}},{"type":"Feature","geometry":{"type":"LineString","coordinates":[[-73.962854,40.794209],[-73.962616,40.794533]]},"properties":{"kind":"major","name":"Central Park West","bridge":false}},{"type":"Feature","geometry":{"type":"LineString","coordinates":[[-73.962616,40.794533],[-73.961916,40.795489]]},"properties":{"kind":"major","name":"Central Park West","bridge":false}},{"type":"Feature","geometry":{"type":"LineString","coordinates":[[-73.961916,40.795489],[-73.961698,40.795786]]},"properties":{"kind":"major","name":"Central Park West","bridge":false}},{"type":"Feature","geometry":{"type":"LineString","coordinates":[[-73.961698,40.795786],[-73.960991,40.796749]]},"properties":{"kind":"major","name":"Central Park West","bridge":false}},{"type":"Feature","geometry":{"type":"LineString","coordinates":[[-73.960991,40.796749],[-73.960782,40.797019]]},"properties":{"kind":"major","name":"Central Park West","bridge":false}},{"type":"Feature","geometry":{"type":"LineString","coordinates":[[-73.959832,40.798325],[-73.959086,40.799357]]},"properties":{"kind":"major","name":"Central Park West","bridge":false}},{"type":"Feature","geometry":{"type":"LineString","coordinates":[[-73.960044,40.798048],[-73.959966,40.798153]]},"properties":{"kind":"major","name":"Central Park West","bridge":false}},{"type":"Feature","geometry":{"type":"LineString","coordinates":[[-73.958834,40.799702],[-73.958628,40.799984]]},"properties":{"kind":"major","name":"Central Park West","bridge":false}},{"type":"Feature","geometry":{"type":"LineString","coordinates":[[-73.980333,40.753257],[-73.980879,40.753481]]},"properties":{"kind":"major","name":"East 42nd Street","bridge":false}},{"type":"Feature","geometry":{"type":"LineString","coordinates":[[-73.990841,40.806404],[-73.990448,40.806315]]},"properties":{"kind":"minor","name":"City Place","bridge":false}},{"type":"Feature","geometry":{"type":"LineString","coordinates":[[-74.008201,40.782637],[-74.008498,40.782394],[-74.008702,40.782171],[-74.009505,40.781135]]},"properties":{"kind":"major","name":"Port Imperial Boulevard","bridge":false}},{"type":"Feature","geometry":{"type":"LineString","coordinates":[[-73.964295,40.807305],[-73.964489,40.807386]]},"properties":{"kind":"minor","name":"West 115th Street","bridge":false}},{"type":"Feature","geometry":{"type":"LineString","coordinates":[[-73.959493,40.817007],[-73.959534,40.817051]]},"properties":{"kind":"major","name":"West 125th Street","bridge":false}},{"type":"Feature","geometry":{"type":"LineString","coordinates":[[-74.023493,40.769154],[-74.023629,40.769393]]},"properties":{"kind":"highway","name":"","tunnel":"no","bridge":false}},{"type":"Feature","geometry":{"type":"LineString","coordinates":[[-73.947834,40.797076],[-73.948803,40.797484]]},"properties":{"kind":"minor","name":"East 111th Street","bridge":false}},{"type":"Feature","geometry":{"type":"LineString","coordinates":[[-73.925847,40.827978],[-73.92618,40.828083]]},"properties":{"kind":"major","name":"East 161st Street","bridge":false}},{"type":"Feature","geometry":{"type":"LineString","coordinates":[[-73.969806,40.8357],[-73.970082,40.835779]]},"properties":{"kind":"minor","name":"Hudson Cove","bridge":false}},{"type":"Feature","geometry":{"type":"LineString","coordinates":[[-73.961591,40.853473],[-73.962272,40.853715],[-73.962434,40.853788],[-73.962564,40.853875],[-73.962677,40.853986],[-73.962772,40.854129],[-73.96282,40.854258],[-73.962841,40.854362],[-73.962846,40.854448]]},"properties":{"kind":"highway","name":"Palisades Interstate Parkway","tunnel":"no","bridge":false}},{"type":"Feature","geometry":{"type":"LineString","coordinates":[[-73.93843,40.842906],[-73.937982,40.843501]]},"properties":{"kind":"major","name":"Saint Nicholas Avenue","bridge":false}},{"type":"Feature","geometry":{"type":"LineString","coordinates":[[-73.937742,40.84383],[-73.937723,40.843856]]},"properties":{"kind":"major","name":"Saint Nicholas Avenue","bridge":false}},{"type":"Feature","geometry":{"type":"LineString","coordinates":[[-73.937982,40.843501],[-73.937742,40.84383]]},"properties":{"kind":"major","name":"Saint Nicholas Avenue","bridge":false}},{"type":"Feature","geometry":{"type":"LineString","coordinates":[[-73.96579,40.808818],[-73.965726,40.808739],[-73.964913,40.808399],[-73.964123,40.808069],[-73.963988,40.808065]]},"properties":{"kind":"minor","name":"West 116th Street","bridge":false}},{"type":"Feature","geometry":{"type":"LineString","coordinates":[[-73.964862,40.808466],[-73.964913,40.808399]]},"properties":{"kind":"minor","name":"Claremont Avenue","bridge":false}},{"type":"Feature","geometry":{"type":"LineString","coordinates":[[-73.962492,40.853538],[-73.961904,40.853417]]},"properties":{"kind":"highway","name":"George Washington Bridge Upper Level","tunnel":"no","bridge":false}},{"type":"Feature","geometry":{"type":"LineString","coordinates":[[-73.962844,40.85354],[-73.962351,40.853447],[-73.961904,40.853417]]},"properties":{"kind":"highway","name":"Palisades Interstate Parkway","tunnel":"no","bridge":false}},{"type":"Feature","geometry":{"type":"LineString","coordinates":[[-73.982302,40.772864],[-73.982286,40.772656]]},"properties":{"kind":"major","name":"Broadway","bridge":false}},{"type":"Feature","geometry":{"type":"LineString","coordinates":[[-73.968108,40.784904],[-73.968277,40.784946]]},"properties":{"kind":"major","name":"86th Street Transverse","bridge":false}},{"type":"Feature","geometry":{"type":"LineString","coordinates":[[-73.969344,40.785297],[-73.969268,40.785213],[-73.968838,40.785053]]},"properties":{"kind":"major","name":"86th Street Transverse","bridge":false}},{"type":"Feature","geometry":{"type":"LineString","coordinates":[[-73.968838,40.785053],[-73.968387,40.784946],[-73.968277,40.784946]]},"properties":{"kind":"major","name":"86th Street Transverse","bridge":false}},{"type":"Feature","geometry":{"type":"LineString","coordinates":[[-73.962448,40.781357],[-73.962682,40.781495]]},"properties":{"kind":"major","name":"86th Street Transverse","bridge":false}},{"type":"Feature","geometry":{"type":"LineString","coordinates":[[-73.962324,40.781188],[-73.962253,40.781092]]},"properties":{"kind":"major","name":"86th Street Transverse","bridge":false}},{"type":"Feature","geometry":{"type":"LineString","coordinates":[[-73.991785,40.764686],[-73.991329,40.765309]]},"properties":{"kind":"major","name":"10th Avenue","bridge":false}},{"type":"Feature","geometry":{"type":"LineString","coordinates":[[-73.992242,40.764057],[-73.992082,40.764275]]},"properties":{"kind":"major","name":"10th Avenue","bridge":false}},{"type":"Feature","geometry":{"type":"LineString","coordinates":[[-73.998899,40.7594],[-73.998609,40.759191]]},"properties":{"kind":"highway","name":"","tunnel":"no","bridge":false}},{"type":"Feature","geometry":{"type":"LineString","coordinates":[[-73.999207,40.759422],[-73.999156,40.759414],[-73.998609,40.759191]]},"properties":{"kind":"major","name":"West 40th Street","bridge":false}},{"type":"Feature","geometry":{"type":"LineString","coordinates":[[-73.994805,40.771137],[-73.994944,40.770092]]},"properties":{"kind":"highway","name":"12th Avenue","tunnel":"no","bridge":false}},{"type":"Feature","geometry":{"type":"LineString","coordinates":[[-73.995763,40.768005],[-73.995665,40.767965]]},"properties":{"kind":"minor","name":"West 52nd Street","bridge":false}},{"type":"Feature","geometry":{"type":"LineString","coordinates":[[-73.996129,40.767333],[-73.996224,40.767373]]},"properties":{"kind":"minor","name":"West 51st Street","bridge":false}},{"type":"Feature","geometry":{"type":"LineString","coordinates":[[-73.996681,40.766747],[-73.996555,40.766694]]},"properties":{"kind":"major","name":"West 50th Street","bridge":false}},{"type":"Feature","geometry":{"type":"LineString","coordinates":[[-73.998048,40.764874],[-73.997777,40.765244]]},"properties":{"kind":"highway","name":"12th Avenue","tunnel":"no","bridge":false}},{"type":"Feature","geometry":{"type":"LineString","coordinates":[[-73.999472,40.763403],[-73.999772,40.76316]]},"properties":{"kind":"highway","name":"12th Avenue","tunnel":"no","bridge":false}},{"type":"Feature","geometry":{"type":"LineString","coordinates":[[-73.99871,40.76433],[-73.998803,40.764201]]},"properties":{"kind":"highway","name":"12th Avenue","tunnel":"no","bridge":false}},{"type":"Feature","geometry":{"type":"LineString","coordinates":[[-73.999772,40.76316],[-74.000139,40.76291]]},"properties":{"kind":"highway","name":"12th Avenue","tunnel":"no","bridge":false}},{"type":"Feature","geometry":{"type":"LineString","coordinates":[[-74.001336,40.762066],[-74.001435,40.761977]]},"properties":{"kind":"highway","name":"12th Avenue","tunnel":"no","bridge":false}},{"type":"Feature","geometry":{"type":"LineString","coordinates":[[-74.00229,40.760443],[-74.002203,40.760562]]},"properties":{"kind":"highway","name":"12th Avenue","tunnel":"no","bridge":false}},{"type":"Feature","geometry":{"type":"LineString","coordinates":[[-73.986996,40.780708],[-73.987098,40.781003]]},"properties":{"kind":"highway","name":"","tunnel":"no","bridge":true}},{"type":"Feature","geometry":{"type":"LineString","coordinates":[[-73.9872,40.781156],[-73.986848,40.781506]]},"properties":{"kind":"highway","name":"West Side Highway","tunnel":"no","bridge":true}},{"type":"Feature","geometry":{"type":"LineString","coordinates":[[-73.98138,40.752816],[-73.980447,40.752422]]},"properties":{"kind":"minor","name":"East 41st Street","bridge":false}},{"type":"Feature","geometry":{"type":"LineString","coordinates":[[-73.983634,40.754639],[-73.984118,40.754842]]},"properties":{"kind":"major","name":"West 42nd Street","bridge":false}},{"type":"Feature","geometry":{"type":"LineString","coordinates":[[-73.988943,40.76349],[-73.98921,40.763124]]},"properties":{"kind":"major","name":"9th Avenue","bridge":false}},{"type":"Feature","geometry":{"type":"LineString","coordinates":[[-73.98921,40.763124],[-73.989402,40.762862]]},"properties":{"kind":"major","name":"9th Avenue","bridge":false}},{"type":"Feature","geometry":{"type":"LineString","coordinates":[[-73.983706,40.760463],[-73.988876,40.76264]]},"properties":{"kind":"major","name":"West 49th Street","bridge":false}},{"type":"Feature","geometry":{"type":"LineString","coordinates":[[-73.988876,40.76264],[-73.989402,40.762862]]},"properties":{"kind":"major","name":"West 49th Street","bridge":false}},{"type":"Feature","geometry":{"type":"LineString","coordinates":[[-73.989664,40.7625],[-73.989815,40.762293]]},"properties":{"kind":"major","name":"9th Avenue","bridge":false}},{"type":"Feature","geometry":{"type":"LineString","coordinates":[[-73.992048,40.758185],[-73.992646,40.758433]]},"properties":{"kind":"major","name":"West 42nd Street","bridge":false}},{"type":"Feature","geometry":{"type":"LineString","coordinates":[[-73.993937,40.758978],[-73.99342,40.75876]]},"properties":{"kind":"major","name":"West 42nd Street","bridge":false}},{"type":"Feature","geometry":{"type":"LineString","coordinates":[[-73.95188,40.810469],[-73.95259,40.810767]]},"properties":{"kind":"major","name":"West 125th Street","bridge":false}},{"type":"Feature","geometry":{"type":"LineString","coordinates":[[-73.989791,40.757233],[-73.990615,40.757576]]},"properties":{"kind":"major","name":"West 42nd Street","bridge":false}},{"type":"Feature","geometry":{"type":"LineString","coordinates":[[-73.948009,40.80884],[-73.948248,40.80894]]},"properties":{"kind":"major","name":"West 125th Street","bridge":false}},{"type":"Feature","geometry":{"type":"LineString","coordinates":[[-73.947692,40.808706],[-73.948009,40.80884]]},"properties":{"kind":"major","name":"West 125th Street","bridge":false}},{"type":"Feature","geometry":{"type":"LineString","coordinates":[[-73.948248,40.80894],[-73.948403,40.809006]]},"properties":{"kind":"major","name":"West 125th Street","bridge":false}},{"type":"Feature","geometry":{"type":"LineString","coordinates":[[-73.940404,40.83048],[-73.940836,40.830663]]},"properties":{"kind":"major","name":"West 155th Street","bridge":false}},{"type":"Feature","geometry":{"type":"LineString","coordinates":[[-73.955085,40.812008],[-73.955275,40.812231]]},"properties":{"kind":"major","name":"West 125th Street","bridge":false}},{"type":"Feature","geometry":{"type":"LineString","coordinates":[[-73.945253,40.832524],[-73.945749,40.832732]]},"properties":{"kind":"major","name":"West 155th Street","bridge":false}},{"type":"Feature","geometry":{"type":"LineString","coordinates":[[-74.011002,40.779162],[-74.011411,40.778709]]},"properties":{"kind":"major","name":"Port Imperial Boulevard","bridge":false}},{"type":"Feature","geometry":{"type":"LineString","coordinates":[[-73.999154,40.790731],[-73.99907,40.790865]]},"properties":{"kind":"major","name":"River Road","bridge":false}},{"type":"Feature","geometry":{"type":"LineString","coordinates":[[-74.012206,40.777434],[-74.012204,40.776907]]},"properties":{"kind":"major","name":"Port Imperial Boulevard","bridge":false}},{"type":"Feature","geometry":{"type":"LineString","coordinates":[[-74.018544,40.767004],[-74.018405,40.767194]]},"properties":{"kind":"major","name":"Port Imperial Boulevard","bridge":false}},{"type":"Feature","geometry":{"type":"LineString","coordinates":[[-74.018248,40.767391],[-74.018077,40.767595]]},"properties":{"kind":"major","name":"Port Imperial Boulevard","bridge":false}},{"type":"Feature","geometry":{"type":"LineString","coordinates":[[-74.018405,40.767194],[-74.018248,40.767391]]},"properties":{"kind":"major","name":"Port Imperial Boulevard","bridge":false}},{"type":"Feature","geometry":{"type":"LineString","coordinates":[[-73.993668,40.80183],[-73.993693,40.802643]]},"properties":{"kind":"major","name":"River Road","bridge":false}},{"type":"Feature","geometry":{"type":"LineString","coordinates":[[-73.993693,40.802643],[-73.993698,40.802893]]},"properties":{"kind":"major","name":"River Road","bridge":false}},{"type":"Feature","geometry":{"type":"LineString","coordinates":[[-74.016066,40.769591],[-74.016207,40.769435]]},"properties":{"kind":"major","name":"Port Imperial Boulevard","bridge":false}},{"type":"Feature","geometry":{"type":"LineString","coordinates":[[-74.016412,40.769224],[-74.016207,40.769435]]},"properties":{"kind":"major","name":"Port Imperial Boulevard","bridge":false}},{"type":"Feature","geometry":{"type":"LineString","coordinates":[[-73.983729,40.814156],[-73.983978,40.813946]]},"properties":{"kind":"major","name":"River Road","bridge":false}},{"type":"Feature","geometry":{"type":"LineString","coordinates":[[-73.944093,40.802199],[-73.945049,40.802604]]},"properties":{"kind":"minor","name":"East 119th Street","bridge":false}},{"type":"Feature","geometry":{"type":"LineString","coordinates":[[-73.970687,40.836667],[-73.970631,40.83684]]},"properties":{"kind":"major","name":"River Road","bridge":false}},{"type":"Feature","geometry":{"type":"LineString","coordinates":[[-73.971256,40.835056],[-73.971033,40.835534],[-73.971002,40.835634]]},"properties":{"kind":"major","name":"River Road","bridge":false}},{"type":"Feature","geometry":{"type":"LineString","coordinates":[[-73.971459,40.834742],[-73.971288,40.834995],[-73.971256,40.835056]]},"properties":{"kind":"major","name":"River Road","bridge":false}},{"type":"Feature","geometry":{"type":"LineString","coordinates":[[-73.961293,40.853416],[-73.961591,40.853473]]},"properties":{"kind":"highway","name":"George Washington Bridge Upper Level","tunnel":"no","bridge":false}},{"type":"Feature","geometry":{"type":"LineString","coordinates":[[-73.995022,40.769418],[-73.995069,40.769349]]},"properties":{"kind":"highway","name":"12th Avenue","tunnel":"no","bridge":false}},{"type":"Feature","geometry":{"type":"LineString","coordinates":[[-73.995069,40.769349],[-73.995261,40.769083]]},"properties":{"kind":"highway","name":"12th Avenue","tunnel":"no","bridge":false}},{"type":"Feature","geometry":{"type":"LineString","coordinates":[[-73.997777,40.765244],[-73.997706,40.765342]]},"properties":{"kind":"highway","name":"12th Avenue","tunnel":"no","bridge":false}},{"type":"Feature","geometry":{"type":"LineString","coordinates":[[-73.997521,40.765962],[-73.99766,40.765773]]},"properties":{"kind":"highway","name":"12th Avenue","tunnel":"no","bridge":false}},{"type":"Feature","geometry":{"type":"LineString","coordinates":[[-73.988716,40.768904],[-73.988561,40.769118]]},"properties":{"kind":"major","name":"10th Avenue","bridge":false}},{"type":"Feature","geometry":{"type":"LineString","coordinates":[[-73.98818,40.769621],[-73.988056,40.769786]]},"properties":{"kind":"major","name":"10th Avenue","bridge":false}},{"type":"Feature","geometry":{"type":"LineString","coordinates":[[-73.988056,40.769786],[-73.987819,40.770099]]},"properties":{"kind":"major","name":"10th Avenue","bridge":false}},{"type":"Feature","geometry":{"type":"LineString","coordinates":[[-73.944363,40.841489],[-73.944225,40.841788],[-73.94415,40.841992]]},"properties":{"kind":"major","name":"Riverside Drive","bridge":false}},{"type":"Feature","geometry":{"type":"LineString","coordinates":[[-73.949687,40.832273],[-73.949729,40.832439]]},"properties":{"kind":"major","name":"Riverside Drive","bridge":false}},{"type":"Feature","geometry":{"type":"LineString","coordinates":[[-73.976741,40.759176],[-73.977206,40.758544]]},"properties":{"kind":"major","name":"5th Avenue","bridge":false}},{"type":"Feature","geometry":{"type":"LineString","coordinates":[[-73.958791,40.816717],[-73.959493,40.817007]]},"properties":{"kind":"minor","name":"West 129th Street","bridge":false}},{"type":"Feature","geometry":{"type":"LineString","coordinates":[[-73.960434,40.801505],[-73.960858,40.801687],[-73.961067,40.801789]]},"properties":{"kind":"major","name":"West 110th Street","bridge":false}},{"type":"Feature","geometry":{"type":"LineString","coordinates":[[-73.95965,40.801156],[-73.959615,40.801204]]},"properties":{"kind":"minor","name":"Manhattan Avenue","bridge":false}},{"type":"Feature","geometry":{"type":"LineString","coordinates":[[-73.959091,40.800988],[-73.959615,40.801204]]},"properties":{"kind":"major","name":"West 110th Street","bridge":false}},{"type":"Feature","geometry":{"type":"LineString","coordinates":[[-73.959682,40.801112],[-73.95965,40.801156]]},"properties":{"kind":"minor","name":"Manhattan Avenue","bridge":false}},{"type":"Feature","geometry":{"type":"LineString","coordinates":[[-73.959682,40.801112],[-73.958962,40.8008]]},"properties":{"kind":"major","name":"West 110th Street","bridge":false}},{"type":"Feature","geometry":{"type":"LineString","coordinates":[[-73.963849,40.802962],[-73.963496,40.802813]]},"properties":{"kind":"major","name":"West 110th Street","bridge":false}},{"type":"Feature","geometry":{"type":"LineString","coordinates":[[-73.936293,40.83464],[-73.935731,40.835074]]},"properties":{"kind":"major","name":"","bridge":false}},{"type":"Feature","geometry":{"type":"LineString","coordinates":[[-73.994991,40.758602],[-73.995265,40.758719]]},"properties":{"kind":"major","name":"West 41st Street","bridge":false}},{"type":"Feature","geometry":{"type":"LineString","coordinates":[[-73.994533,40.758173],[-73.994391,40.758371]]},"properties":{"kind":"major","name":"Dyer Avenue","bridge":false}},{"type":"Feature","geometry":{"type":"LineString","coordinates":[[-74.002067,40.760747],[-74.001705,40.761251]]},"properties":{"kind":"highway","name":"12th Avenue","tunnel":"no","bridge":false}},{"type":"Feature","geometry":{"type":"LineString","coordinates":[[-73.955906,40.81876],[-73.956124,40.818851]]},"properties":{"kind":"minor","name":"West 133rd Street","bridge":false}},{"type":"Feature","geometry":{"type":"LineString","coordinates":[[-73.955906,40.81876],[-73.955459,40.819391]]},"properties":{"kind":"major","name":"Broadway","bridge":false}},{"type":"Feature","geometry":{"type":"LineString","coordinates":[[-73.956124,40.818851],[-73.957044,40.817602]]},"properties":{"kind":"major","name":"Broadway","bridge":false}},{"type":"Feature","geometry":{"type":"LineString","coordinates":[[-73.956124,40.818851],[-73.958903,40.820023]]},"properties":{"kind":"minor","name":"West 133rd Street","bridge":false}},{"type":"Feature","geometry":{"type":"LineString","coordinates":[[-73.981658,40.816006],[-73.981485,40.816181]]},"properties":{"kind":"major","name":"River Road","bridge":false}},{"type":"Feature","geometry":{"type":"LineString","coordinates":[[-73.981329,40.816342],[-73.981162,40.816516]]},"properties":{"kind":"major","name":"River Road","bridge":false}},{"type":"Feature","geometry":{"type":"LineString","coordinates":[[-73.976722,40.821645],[-73.976443,40.821981]]},"properties":{"kind":"major","name":"River Road","bridge":false}},{"type":"Feature","geometry":{"type":"LineString","coordinates":[[-73.997706,40.765342],[-73.997594,40.765497]]},"properties":{"kind":"highway","name":"12th Avenue","tunnel":"no","bridge":false}},{"type":"Feature","geometry":{"type":"LineString","coordinates":[[-73.966314,40.84705],[-73.966245,40.847161],[-73.965511,40.847736],[-73.965318,40.847948],[-73.965264,40.848028]]},"properties":{"kind":"major","name":"River Road","bridge":false}},{"type":"Feature","geometry":{"type":"LineString","coordinates":[[-73.970195,40.839696],[-73.970171,40.839816],[-73.970117,40.839954],[-73.969968,40.840216],[-73.969815,40.840443],[-73.969716,40.840636],[-73.969652,40.840794],[-73.9696,40.840995],[-73.969464,40.841632],[-73.969435,40.841724],[-73.969367,40.841843]]},"properties":{"kind":"major","name":"River Road","bridge":false}},{"type":"Feature","geometry":{"type":"LineString","coordinates":[[-73.969367,40.841843],[-73.969328,40.841894],[-73.969178,40.842043]]},"properties":{"kind":"major","name":"River Road","bridge":false}},{"type":"Feature","geometry":{"type":"LineString","coordinates":[[-73.971967,40.833997],[-73.971459,40.834742]]},"properties":{"kind":"major","name":"River Road","bridge":false}},{"type":"Feature","geometry":{"type":"LineString","coordinates":[[-73.971989,40.833963],[-73.971967,40.833997]]},"properties":{"kind":"major","name":"River Road","bridge":false}},{"type":"Feature","geometry":{"type":"LineString","coordinates":[[-73.997149,40.794612],[-73.997107,40.794756]]},"properties":{"kind":"major","name":"River Road","bridge":false}},{"type":"Feature","geometry":{"type":"LineString","coordinates":[[-73.996887,40.794573],[-73.996451,40.794513]]},"properties":{"kind":"minor","name":"River Road","bridge":false}},{"type":"Feature","geometry":{"type":"LineString","coordinates":[[-73.997107,40.794756],[-73.99703,40.795021]]},"properties":{"kind":"major","name":"River Road","bridge":false}},{"type":"Feature","geometry":{"type":"LineString","coordinates":[[-73.994785,40.770033],[-73.994944,40.770092]]},"properties":{"kind":"minor","name":"West 55th Street","bridge":false}},{"type":"Feature","geometry":{"type":"LineString","coordinates":[[-73.946014,40.799569],[-73.946971,40.799966]]},"properties":{"kind":"minor","name":"East 115th Street","bridge":false}},{"type":"Feature","geometry":{"type":"LineString","coordinates":[[-73.998805,40.791294],[-73.9987,40.79147]]},"properties":{"kind":"major","name":"River Road","bridge":false}},{"type":"Feature","geometry":{"type":"LineString","coordinates":[[-73.998692,40.791482],[-73.998098,40.792486]]},"properties":{"kind":"major","name":"River Road","bridge":false}},{"type":"Feature","geometry":{"type":"LineString","coordinates":[[-73.9987,40.79147],[-73.998692,40.791482]]},"properties":{"kind":"major","name":"River Road","bridge":false}},{"type":"Feature","geometry":{"type":"LineString","coordinates":[[-73.935202,40.828293],[-73.935129,40.828263],[-73.935064,40.828213],[-73.935011,40.828147],[-73.935,40.828118]]},"properties":{"kind":"major","name":"Adam Clayton Powell Jr. Boulevard","bridge":false}},{"type":"Feature","geometry":{"type":"LineString","coordinates":[[-73.935079,40.827928],[-73.93519,40.82782],[-73.935232,40.827763],[-73.935321,40.827584]]},"properties":{"kind":"major","name":"Adam Clayton Powell Jr. Boulevard","bridge":false}},{"type":"Feature","geometry":{"type":"LineString","coordinates":[[-73.935,40.828118],[-73.934914,40.827476],[-73.93493,40.827381],[-73.935009,40.827205]]},"properties":{"kind":"major","name":"Adam Clayton Powell Jr. Boulevard","bridge":false}},{"type":"Feature","geometry":{"type":"LineString","coordinates":[[-73.985755,40.762769],[-73.985648,40.762916]]},"properties":{"kind":"major","name":"8th Avenue","bridge":false}},{"type":"Feature","geometry":{"type":"LineString","coordinates":[[-73.986101,40.762294],[-73.984098,40.76145]]},"properties":{"kind":"major","name":"West 50th Street","bridge":false}},{"type":"Feature","geometry":{"type":"LineString","coordinates":[[-73.986536,40.762477],[-73.986101,40.762294]]},"properties":{"kind":"major","name":"West 50th Street","bridge":false}},{"type":"Feature","geometry":{"type":"LineString","coordinates":[[-73.953045,40.810074],[-73.953028,40.810169],[-73.952852,40.810412]]},"properties":{"kind":"major","name":"Saint Nicholas Avenue","bridge":false}},{"type":"Feature","geometry":{"type":"LineString","coordinates":[[-73.952776,40.810513],[-73.95259,40.810767]]},"properties":{"kind":"major","name":"Saint Nicholas Avenue","bridge":false}},{"type":"Feature","geometry":{"type":"LineString","coordinates":[[-73.95259,40.810767],[-73.952314,40.811149]]},"properties":{"kind":"major","name":"Saint Nicholas Avenue","bridge":false}},{"type":"Feature","geometry":{"type":"LineString","coordinates":[[-73.952314,40.811149],[-73.952101,40.811442]]},"properties":{"kind":"major","name":"Saint Nicholas Avenue","bridge":false}},{"type":"Feature","geometry":{"type":"LineString","coordinates":[[-73.952852,40.810412],[-73.952776,40.810513]]},"properties":{"kind":"major","name":"Saint Nicholas Avenue","bridge":false}},{"type":"Feature","geometry":{"type":"LineString","coordinates":[[-73.956715,40.812771],[-73.956272,40.813381]]},"properties":{"kind":"major","name":"Amsterdam Avenue","bridge":false}},{"type":"Feature","geometry":{"type":"LineString","coordinates":[[-74.001538,40.761484],[-74.001344,40.761713]]},"properties":{"kind":"highway","name":"12th Avenue","tunnel":"no","bridge":false}},{"type":"Feature","geometry":{"type":"LineString","coordinates":[[-74.001648,40.761331],[-74.001538,40.761484]]},"properties":{"kind":"highway","name":"12th Avenue","tunnel":"no","bridge":false}},{"type":"Feature","geometry":{"type":"LineString","coordinates":[[-74.001648,40.761331],[-74.001778,40.761345],[-74.001952,40.761308]]},"properties":{"kind":"minor","name":"West 41st Street","bridge":false}},{"type":"Feature","geometry":{"type":"LineString","coordinates":[[-74.001952,40.761308],[-74.002095,40.761112]]},"properties":{"kind":"highway","name":"12th Avenue","tunnel":"no","bridge":false}},{"type":"Feature","geometry":{"type":"LineString","coordinates":[[-73.952956,40.808397],[-73.952972,40.80868]]},"properties":{"kind":"major","name":"Saint Nicholas Avenue","bridge":false}},{"type":"Feature","geometry":{"type":"LineString","coordinates":[[-73.963849,40.802962],[-73.9644,40.803201]]},"properties":{"kind":"major","name":"West 110th Street","bridge":false}},{"type":"Feature","geometry":{"type":"LineString","coordinates":[[-73.967244,40.80361],[-73.968647,40.804206]]},"properties":{"kind":"minor","name":"West 109th Street","bridge":false}},{"type":"Feature","geometry":{"type":"LineString","coordinates":[[-73.959211,40.809344],[-73.958982,40.809656]]},"properties":{"kind":"major","name":"Amsterdam Avenue","bridge":false}},{"type":"Feature","geometry":{"type":"LineString","coordinates":[[-73.954814,40.789204],[-73.955265,40.788585]]},"properties":{"kind":"major","name":"5th Avenue","bridge":false}},{"type":"Feature","geometry":{"type":"LineString","coordinates":[[-73.954525,40.7896],[-73.954814,40.789204]]},"properties":{"kind":"major","name":"5th Avenue","bridge":false}},{"type":"Feature","geometry":{"type":"LineString","coordinates":[[-73.953176,40.817589],[-73.952945,40.817916]]},"properties":{"kind":"major","name":"Amsterdam Avenue","bridge":false}},{"type":"Feature","geometry":{"type":"LineString","coordinates":[[-73.978441,40.819244],[-73.978384,40.819296]]},"properties":{"kind":"major","name":"River Road","bridge":false}},{"type":"Feature","geometry":{"type":"LineString","coordinates":[[-73.978509,40.819177],[-73.978441,40.819244]]},"properties":{"kind":"major","name":"River Road","bridge":false}},{"type":"Feature","geometry":{"type":"LineString","coordinates":[[-73.961228,40.815827],[-73.961204,40.815951],[-73.961201,40.816046],[-73.961268,40.816383],[-73.961275,40.816523],[-73.961263,40.816612],[-73.96123,40.816706],[-73.961162,40.816824],[-73.961169,40.816889]]},"properties":{"kind":"major","name":"Riverside Drive","bridge":false}},{"type":"Feature","geometry":{"type":"LineString","coordinates":[[-73.96125,40.815728],[-73.961228,40.815827]]},"properties":{"kind":"major","name":"Riverside Drive","bridge":false}},{"type":"Feature","geometry":{"type":"LineString","coordinates":[[-73.95524,40.814771],[-73.955,40.81511]]},"properties":{"kind":"major","name":"Amsterdam Avenue","bridge":false}},{"type":"Feature","geometry":{"type":"LineString","coordinates":[[-73.955444,40.814483],[-73.95524,40.814771]]},"properties":{"kind":"major","name":"Amsterdam Avenue","bridge":false}},{"type":"Feature","geometry":{"type":"LineString","coordinates":[[-73.945284,40.828395],[-73.945092,40.828657]]},"properties":{"kind":"major","name":"Amsterdam Avenue","bridge":false}},{"type":"Feature","geometry":{"type":"LineString","coordinates":[[-73.945092,40.828657],[-73.945004,40.828778]]},"properties":{"kind":"major","name":"Amsterdam Avenue","bridge":false}},{"type":"Feature","geometry":{"type":"LineString","coordinates":[[-73.952765,40.805031],[-73.952777,40.805332]]},"properties":{"kind":"major","name":"Saint Nicholas Avenue","bridge":false}},{"type":"Feature","geometry":{"type":"LineString","coordinates":[[-73.952777,40.805332],[-73.952785,40.805563]]},"properties":{"kind":"major","name":"Saint Nicholas Avenue","bridge":false}},{"type":"Feature","geometry":{"type":"LineString","coordinates":[[-73.945013,40.80094],[-73.945968,40.801342]]},"properties":{"kind":"minor","name":"East 117th Street","bridge":false}},{"type":"Feature","geometry":{"type":"LineString","coordinates":[[-74.01827,40.777404],[-74.018057,40.777548]]},"properties":{"kind":"major","name":"Park Avenue","bridge":false}},{"type":"Feature","geometry":{"type":"LineString","coordinates":[[-73.939846,40.838513],[-73.939903,40.83819]]},"properties":{"kind":"major","name":"Saint Nicholas Avenue","bridge":false}},{"type":"Feature","geometry":{"type":"LineString","coordinates":[[-73.939994,40.837714],[-73.93886,40.837235]]},"properties":{"kind":"minor","name":"West 164th Street","bridge":false}},{"type":"Feature","geometry":{"type":"LineString","coordinates":[[-73.93993,40.838049],[-73.939994,40.837714]]},"properties":{"kind":"major","name":"Saint Nicholas Avenue","bridge":false}},{"type":"Feature","geometry":{"type":"LineString","coordinates":[[-73.983886,40.824761],[-73.983545,40.824935]]},"properties":{"kind":"major","name":"Palisade Avenue","bridge":false}},{"type":"Feature","geometry":{"type":"LineString","coordinates":[[-73.95479,40.799229],[-73.95522,40.799407]]},"properties":{"kind":"major","name":"West 110th Street","bridge":false}},{"type":"Feature","geometry":{"type":"LineString","coordinates":[[-73.95479,40.799229],[-73.952396,40.798219]]},"properties":{"kind":"major","name":"West 110th Street","bridge":false}},{"type":"Feature","geometry":{"type":"LineString","coordinates":[[-73.957659,40.800436],[-73.957867,40.800521]]},"properties":{"kind":"major","name":"Central Park North","bridge":false}},{"type":"Feature","geometry":{"type":"LineString","coordinates":[[-73.946674,40.831437],[-73.946872,40.831521]]},"properties":{"kind":"minor","name":"West 153rd Street","bridge":false}},{"type":"Feature","geometry":{"type":"LineString","coordinates":[[-73.946872,40.831521],[-73.947338,40.830895]]},"properties":{"kind":"major","name":"Broadway","bridge":false}},{"type":"Feature","geometry":{"type":"LineString","coordinates":[[-73.987029,40.771179],[-73.986924,40.771322]]},"properties":{"kind":"major","name":"Amsterdam Avenue","bridge":false}},{"type":"Feature","geometry":{"type":"LineString","coordinates":[[-73.986871,40.771394],[-73.986771,40.771532]]},"properties":{"kind":"major","name":"Amsterdam Avenue","bridge":false}},{"type":"Feature","geometry":{"type":"LineString","coordinates":[[-73.986771,40.771532],[-73.986581,40.77179]]},"properties":{"kind":"major","name":"Amsterdam Avenue","bridge":false}},{"type":"Feature","geometry":{"type":"LineString","coordinates":[[-73.986581,40.77179],[-73.986468,40.771946]]},"properties":{"kind":"major","name":"Amsterdam Avenue","bridge":false}},{"type":"Feature","geometry":{"type":"LineString","coordinates":[[-73.986317,40.772153],[-73.986224,40.772281]]},"properties":{"kind":"major","name":"Amsterdam Avenue","bridge":false}},{"type":"Feature","geometry":{"type":"LineString","coordinates":[[-73.986468,40.771946],[-73.986416,40.772017]]},"properties":{"kind":"major","name":"Amsterdam Avenue","bridge":false}},{"type":"Feature","geometry":{"type":"LineString","coordinates":[[-73.986924,40.771322],[-73.986871,40.771394]]},"properties":{"kind":"major","name":"Amsterdam Avenue","bridge":false}},{"type":"Feature","geometry":{"type":"LineString","coordinates":[[-73.987124,40.771047],[-73.987029,40.771179]]},"properties":{"kind":"major","name":"Amsterdam Avenue","bridge":false}},{"type":"Feature","geometry":{"type":"LineString","coordinates":[[-73.949573,40.834516],[-73.949391,40.835087]]},"properties":{"kind":"major","name":"West 158th Street","bridge":false}},{"type":"Feature","geometry":{"type":"LineString","coordinates":[[-73.950099,40.833875],[-73.949684,40.834306]]},"properties":{"kind":"major","name":"West 158th Street","bridge":false}},{"type":"Feature","geometry":{"type":"LineString","coordinates":[[-73.949684,40.834306],[-73.949618,40.834378],[-73.949573,40.834516]]},"properties":{"kind":"major","name":"West 158th Street","bridge":false}},{"type":"Feature","geometry":{"type":"LineString","coordinates":[[-73.949639,40.834423],[-73.950065,40.833995]]},"properties":{"kind":"major","name":"West 158th Street","bridge":false}},{"type":"Feature","geometry":{"type":"LineString","coordinates":[[-73.949573,40.834516],[-73.949639,40.834423]]},"properties":{"kind":"major","name":"West 158th Street","bridge":false}},{"type":"Feature","geometry":{"type":"LineString","coordinates":[[-73.950065,40.833995],[-73.950151,40.833903],[-73.950215,40.833802],[-73.950243,40.83375],[-73.950265,40.833655]]},"properties":{"kind":"major","name":"West 158th Street","bridge":false}},{"type":"Feature","geometry":{"type":"LineString","coordinates":[[-73.950265,40.833655],[-73.950099,40.833875]]},"properties":{"kind":"major","name":"West 158th Street","bridge":false}},{"type":"Feature","geometry":{"type":"LineString","coordinates":[[-73.96181,40.818001],[-73.961537,40.817882]]},"properties":{"kind":"major","name":"Saint Clair Place","bridge":false}},{"type":"Feature","geometry":{"type":"LineString","coordinates":[[-73.984931,40.771737],[-73.986224,40.772281]]},"properties":{"kind":"major","name":"West 62nd Street","bridge":false}},{"type":"Feature","geometry":{"type":"LineString","coordinates":[[-73.984931,40.771737],[-73.984864,40.771708]]},"properties":{"kind":"major","name":"West 62nd Street","bridge":false}},{"type":"Feature","geometry":{"type":"LineString","coordinates":[[-73.984864,40.771708],[-73.984318,40.771479]]},"properties":{"kind":"major","name":"West 62nd Street","bridge":false}},{"type":"Feature","geometry":{"type":"LineString","coordinates":[[-73.984318,40.771479],[-73.984168,40.771416]]},"properties":{"kind":"major","name":"West 62nd Street","bridge":false}},{"type":"Feature","geometry":{"type":"LineString","coordinates":[[-73.953577,40.811183],[-73.95401,40.811367]]},"properties":{"kind":"major","name":"West 125th Street","bridge":false}},{"type":"Feature","geometry":{"type":"LineString","coordinates":[[-73.930701,40.820535],[-73.930725,40.820597],[-73.930754,40.820802]]},"properties":{"kind":"major","name":"Exterior Street","bridge":false}},{"type":"Feature","geometry":{"type":"LineString","coordinates":[[-73.978526,40.794505],[-73.978494,40.794469],[-73.97844,40.794431],[-73.978266,40.794353]]},"properties":{"kind":"highway","name":"","tunnel":"no","bridge":false}},{"type":"Feature","geometry":{"type":"LineString","coordinates":[[-73.978266,40.794353],[-73.978151,40.794331],[-73.978089,40.794332]]},"properties":{"kind":"highway","name":"","tunnel":"no","bridge":false}},{"type":"Feature","geometry":{"type":"LineString","coordinates":[[-73.975224,40.799113],[-73.975382,40.799093],[-73.975517,40.799045],[-73.975576,40.799013],[-73.975673,40.798941],[-73.975742,40.79885],[-73.975789,40.798755]]},"properties":{"kind":"highway","name":"","tunnel":"no","bridge":false}},{"type":"Feature","geometry":{"type":"LineString","coordinates":[[-73.974894,40.799036],[-73.975035,40.799089],[-73.975224,40.799113]]},"properties":{"kind":"highway","name":"","tunnel":"yes","bridge":false}},{"type":"Feature","geometry":{"type":"LineString","coordinates":[[-73.961056,40.806832],[-73.960864,40.807094]]},"properties":{"kind":"major","name":"Amsterdam Avenue","bridge":false}},{"type":"Feature","geometry":{"type":"LineString","coordinates":[[-73.960864,40.807094],[-73.960804,40.807175]]},"properties":{"kind":"major","name":"Amsterdam Avenue","bridge":false}},{"type":"Feature","geometry":{"type":"LineString","coordinates":[[-73.97532,40.824029],[-73.975236,40.824194],[-73.975094,40.824392]]},"properties":{"kind":"major","name":"River Road","bridge":false}},{"type":"Feature","geometry":{"type":"LineString","coordinates":[[-73.975478,40.823711],[-73.975417,40.823845]]},"properties":{"kind":"major","name":"River Road","bridge":false}},{"type":"Feature","geometry":{"type":"LineString","coordinates":[[-73.969634,40.840334],[-73.969662,40.840377],[-73.969698,40.840408],[-73.969809,40.840456]]},"properties":{"kind":"minor","name":"Vela Way","bridge":false}},{"type":"Feature","geometry":{"type":"LineString","coordinates":[[-73.969862,40.84037],[-73.96975,40.840335],[-73.969634,40.840334]]},"properties":{"kind":"minor","name":"Vela Way","bridge":false}},{"type":"Feature","geometry":{"type":"LineString","coordinates":[[-73.971169,40.765126],[-73.972117,40.765526]]},"properties":{"kind":"minor","name":"East 61st Street","bridge":false}},{"type":"Feature","geometry":{"type":"LineString","coordinates":[[-73.950003,40.829927],[-73.95006,40.829796],[-73.950108,40.829612]]},"properties":{"kind":"major","name":"Riverside Drive","bridge":false}},{"type":"Feature","geometry":{"type":"LineString","coordinates":[[-73.952619,40.826409],[-73.952697,40.8263],[-73.953066,40.825846]]},"properties":{"kind":"major","name":"Riverside Drive","bridge":false}},{"type":"Feature","geometry":{"type":"LineString","coordinates":[[-73.95298,40.825809],[-73.952532,40.826366]]},"properties":{"kind":"major","name":"Riverside Drive","bridge":false}},{"type":"Feature","geometry":{"type":"LineString","coordinates":[[-73.952532,40.826366],[-73.951967,40.827069]]},"properties":{"kind":"major","name":"Riverside Drive","bridge":false}},{"type":"Feature","geometry":{"type":"LineString","coordinates":[[-73.951967,40.827069],[-73.952065,40.827103]]},"properties":{"kind":"major","name":"West 145th Street","bridge":false}},{"type":"Feature","geometry":{"type":"LineString","coordinates":[[-73.951967,40.827069],[-73.951863,40.82717],[-73.951488,40.827462],[-73.951321,40.827607],[-73.951274,40.827659],[-73.950462,40.82877],[-73.950241,40.829091],[-73.950127,40.829306],[-73.950024,40.82958]]},"properties":{"kind":"major","name":"Riverside Drive","bridge":false}},{"type":"Feature","geometry":{"type":"LineString","coordinates":[[-73.950024,40.82958],[-73.950011,40.829644]]},"properties":{"kind":"major","name":"Riverside Drive","bridge":false}},{"type":"Feature","geometry":{"type":"LineString","coordinates":[[-73.984521,40.760804],[-73.98465,40.760559]]},"properties":{"kind":"minor","name":"Broadway","bridge":false}},{"type":"Feature","geometry":{"type":"LineString","coordinates":[[-73.98465,40.760559],[-73.984601,40.760472]]},"properties":{"kind":"minor","name":"Broadway","bridge":false}},{"type":"Feature","geometry":{"type":"LineString","coordinates":[[-73.984414,40.760967],[-73.984521,40.760804]]},"properties":{"kind":"major","name":"Broadway","bridge":false}},{"type":"Feature","geometry":{"type":"LineString","coordinates":[[-73.988381,40.759979],[-73.987928,40.759787]]},"properties":{"kind":"major","name":"West 46th Street","bridge":false}},{"type":"Feature","geometry":{"type":"LineString","coordinates":[[-73.989049,40.760262],[-73.988881,40.760191]]},"properties":{"kind":"major","name":"West 46th Street","bridge":false}},{"type":"Feature","geometry":{"type":"LineString","coordinates":[[-73.988881,40.760191],[-73.98861,40.760076]]},"properties":{"kind":"major","name":"West 46th Street","bridge":false}},{"type":"Feature","geometry":{"type":"LineString","coordinates":[[-73.98861,40.760076],[-73.988381,40.759979]]},"properties":{"kind":"major","name":"West 46th Street","bridge":false}},{"type":"Feature","geometry":{"type":"LineString","coordinates":[[-73.98482,40.760113],[-73.98478,40.760037],[-73.984789,40.760019]]},"properties":{"kind":"minor","name":"","bridge":false}},{"type":"Feature","geometry":{"type":"LineString","coordinates":[[-73.984985,40.759495],[-73.985023,40.759391]]},"properties":{"kind":"minor","name":"","bridge":false}},{"type":"Feature","geometry":{"type":"LineString","coordinates":[[-73.935581,40.827744],[-73.936322,40.827434],[-73.937639,40.826795]]},"properties":{"kind":"major","name":"Macombs Place","bridge":false}},{"type":"Feature","geometry":{"type":"LineString","coordinates":[[-73.945552,40.835144],[-73.945643,40.83538],[-73.945745,40.835577],[-73.945827,40.835676],[-73.945943,40.83575]]},"properties":{"kind":"major","name":"Riverside Drive","bridge":false}},{"type":"Feature","geometry":{"type":"LineString","coordinates":[[-73.945688,40.835211],[-73.945533,40.83474],[-73.945454,40.834633]]},"properties":{"kind":"major","name":"Edward M. Morgan Place","bridge":false}},{"type":"Feature","geometry":{"type":"LineString","coordinates":[[-73.945943,40.83575],[-73.945841,40.835582],[-73.945752,40.835399],[-73.945688,40.835211]]},"properties":{"kind":"major","name":"Riverside Drive","bridge":false}},{"type":"Feature","geometry":{"type":"LineString","coordinates":[[-73.952443,40.818614],[-73.952212,40.818932]]},"properties":{"kind":"major","name":"Amsterdam Avenue","bridge":false}},{"type":"Feature","geometry":{"type":"LineString","coordinates":[[-73.929968,40.830064],[-73.929946,40.830123],[-73.929043,40.831297]]},"properties":{"kind":"minor","name":"Woodycrest Avenue","bridge":false}},{"type":"Feature","geometry":{"type":"LineString","coordinates":[[-73.928108,40.830997],[-73.929043,40.831297]]},"properties":{"kind":"minor","name":"West 162nd Street","bridge":false}},{"type":"Feature","geometry":{"type":"LineString","coordinates":[[-73.946971,40.799966],[-73.947108,40.800019]]},"properties":{"kind":"minor","name":"West 115th Street","bridge":false}},{"type":"Feature","geometry":{"type":"LineString","coordinates":[[-73.921238,40.833841],[-73.920319,40.835401]]},"properties":{"kind":"minor","name":"Gerard Avenue","bridge":false}},{"type":"Feature","geometry":{"type":"LineString","coordinates":[[-73.982106,40.772998],[-73.982115,40.773767],[-73.982123,40.773842]]},"properties":{"kind":"major","name":"Broadway","bridge":false}},{"type":"Feature","geometry":{"type":"LineString","coordinates":[[-73.931069,40.829675],[-73.931109,40.829722],[-73.931139,40.829779],[-73.931133,40.829848],[-73.930715,40.830576]]},"properties":{"kind":"major","name":"Ogden Avenue","bridge":false}},{"type":"Feature","geometry":{"type":"LineString","coordinates":[[-73.941146,40.844051],[-73.942473,40.844611]]},"properties":{"kind":"minor","name":"West 171st Street","bridge":false}},{"type":"Feature","geometry":{"type":"LineString","coordinates":[[-73.935567,40.841701],[-73.937035,40.842323]]},"properties":{"kind":"minor","name":"West 171st Street","bridge":false}},{"type":"Feature","geometry":{"type":"LineString","coordinates":[[-73.922266,40.832085],[-73.921238,40.833841]]},"properties":{"kind":"minor","name":"Gerard Avenue","bridge":false}},{"type":"Feature","geometry":{"type":"LineString","coordinates":[[-73.921238,40.833841],[-73.921617,40.833969]]},"properties":{"kind":"minor","name":"McClellan Street","bridge":false}},{"type":"Feature","geometry":{"type":"LineString","coordinates":[[-73.981442,40.786193],[-73.981518,40.786078],[-73.981631,40.785955],[-73.982561,40.785061]]},"properties":{"kind":"major","name":"Riverside Drive","bridge":false}},{"type":"Feature","geometry":{"type":"LineString","coordinates":[[-73.938364,40.840487],[-73.937929,40.841087],[-73.93789,40.841153],[-73.936595,40.842925]]},"properties":{"kind":"major","name":"Audubon Avenue","bridge":false}},{"type":"Feature","geometry":{"type":"LineString","coordinates":[[-73.982099,40.772737],[-73.982107,40.77289]]},"properties":{"kind":"major","name":"Broadway","bridge":false}},{"type":"Feature","geometry":{"type":"LineString","coordinates":[[-73.921841,40.836458],[-73.921197,40.836889]]},"properties":{"kind":"major","name":"Jerome Avenue","bridge":false}},{"type":"Feature","geometry":{"type":"LineString","coordinates":[[-73.922206,40.834169],[-73.921285,40.835724],[-73.920727,40.836691]]},"properties":{"kind":"major","name":"River Avenue","bridge":false}},{"type":"Feature","geometry":{"type":"LineString","coordinates":[[-73.936239,40.814652],[-73.936692,40.814042]]},"properties":{"kind":"major","name":"5th Avenue","bridge":false}},{"type":"Feature","geometry":{"type":"LineString","coordinates":[[-73.929004,40.829336],[-73.927758,40.828563]]},"properties":{"kind":"major","name":"East 161st Street","bridge":false}},{"type":"Feature","geometry":{"type":"LineString","coordinates":[[-73.927667,40.830256],[-73.927561,40.830224]]},"properties":{"kind":"major","name":"Jerome Avenue","bridge":false}},{"type":"Feature","geometry":{"type":"LineString","coordinates":[[-73.927234,40.830594],[-73.927501,40.830526]]},"properties":{"kind":"major","name":"Jerome Avenue","bridge":false}},{"type":"Feature","geometry":{"type":"LineString","coordinates":[[-73.92848,40.830223],[-73.928749,40.830114]]},"properties":{"kind":"major","name":"Jerome Avenue","bridge":false}},{"type":"Feature","geometry":{"type":"LineString","coordinates":[[-73.927234,40.830594],[-73.927359,40.830453]]},"properties":{"kind":"major","name":"Macombs Dam Bridge","bridge":false}},{"type":"Feature","geometry":{"type":"LineString","coordinates":[[-73.927359,40.830453],[-73.927633,40.830142]]},"properties":{"kind":"major","name":"Macombs Dam Bridge","bridge":false}},{"type":"Feature","geometry":{"type":"LineString","coordinates":[[-73.926643,40.826613],[-73.926559,40.826586]]},"properties":{"kind":"minor","name":"East 158th Street","bridge":false}},{"type":"Feature","geometry":{"type":"LineString","coordinates":[[-73.928799,40.825062],[-73.929817,40.82667]]},"properties":{"kind":"minor","name":"East 153rd Street","bridge":false}},{"type":"Feature","geometry":{"type":"LineString","coordinates":[[-73.924261,40.830681],[-73.923488,40.831973],[-73.922206,40.834169]]},"properties":{"kind":"major","name":"River Avenue","bridge":false}},{"type":"Feature","geometry":{"type":"LineString","coordinates":[[-73.927168,40.825718],[-73.926031,40.827661]]},"properties":{"kind":"major","name":"River Avenue","bridge":false}},{"type":"Feature","geometry":{"type":"LineString","coordinates":[[-73.929858,40.826711],[-73.929817,40.82667]]},"properties":{"kind":"minor","name":"East 157th Street","bridge":false}},{"type":"Feature","geometry":{"type":"LineString","coordinates":[[-73.972447,40.828593],[-73.972409,40.828648]]},"properties":{"kind":"major","name":"River Road","bridge":false}},{"type":"Feature","geometry":{"type":"LineString","coordinates":[[-73.952972,40.80868],[-73.952988,40.808949]]},"properties":{"kind":"major","name":"Saint Nicholas Avenue","bridge":false}},{"type":"Feature","geometry":{"type":"LineString","coordinates":[[-73.952988,40.808949],[-73.953005,40.809238]]},"properties":{"kind":"major","name":"Saint Nicholas Avenue","bridge":false}},{"type":"Feature","geometry":{"type":"LineString","coordinates":[[-73.953005,40.809238],[-73.953579,40.809482]]},"properties":{"kind":"minor","name":"West 123rd Street","bridge":false}},{"type":"Feature","geometry":{"type":"LineString","coordinates":[[-73.995088,40.76969],[-73.995081,40.769599],[-73.995096,40.769533],[-73.995133,40.769451]]},"properties":{"kind":"highway","name":"","tunnel":"no","bridge":false}},{"type":"Feature","geometry":{"type":"LineString","coordinates":[[-73.99593,40.767778],[-73.995763,40.768005]]},"properties":{"kind":"highway","name":"12th Avenue","tunnel":"no","bridge":false}},{"type":"Feature","geometry":{"type":"LineString","coordinates":[[-73.995016,40.769028],[-73.99491,40.769173]]},"properties":{"kind":"highway","name":"12th Avenue","tunnel":"no","bridge":false}},{"type":"Feature","geometry":{"type":"LineString","coordinates":[[-73.994713,40.769492],[-73.994623,40.769688]]},"properties":{"kind":"highway","name":"12th Avenue","tunnel":"no","bridge":false}},{"type":"Feature","geometry":{"type":"LineString","coordinates":[[-73.996355,40.767192],[-73.996224,40.767373]]},"properties":{"kind":"highway","name":"12th Avenue","tunnel":"no","bridge":false}},{"type":"Feature","geometry":{"type":"LineString","coordinates":[[-73.996274,40.767677],[-73.996431,40.76746]]},"properties":{"kind":"highway","name":"12th Avenue","tunnel":"no","bridge":false}},{"type":"Feature","geometry":{"type":"LineString","coordinates":[[-73.994967,40.769524],[-73.995022,40.769418]]},"properties":{"kind":"highway","name":"12th Avenue","tunnel":"no","bridge":false}},{"type":"Feature","geometry":{"type":"LineString","coordinates":[[-73.994446,40.7705],[-73.994421,40.770703]]},"properties":{"kind":"highway","name":"12th Avenue","tunnel":"no","bridge":false}},{"type":"Feature","geometry":{"type":"LineString","coordinates":[[-73.990876,40.756016],[-73.990728,40.755949]]},"properties":{"kind":"minor","name":"West 40th Street","bridge":false}},{"type":"Feature","geometry":{"type":"LineString","coordinates":[[-73.994678,40.770805],[-73.994785,40.770033]]},"properties":{"kind":"highway","name":"12th Avenue","tunnel":"no","bridge":false}},{"type":"Feature","geometry":{"type":"LineString","coordinates":[[-73.994612,40.771154],[-73.994678,40.770805]]},"properties":{"kind":"highway","name":"West Side Highway","tunnel":"no","bridge":false}},{"type":"Feature","geometry":{"type":"LineString","coordinates":[[-73.994421,40.770703],[-73.994379,40.771014],[-73.994345,40.771175],[-73.994293,40.77134],[-73.994214,40.771533]]},"properties":{"kind":"highway","name":"12th Avenue","tunnel":"no","bridge":false}},{"type":"Feature","geometry":{"type":"LineString","coordinates":[[-73.994214,40.771533],[-73.994053,40.77183],[-73.993846,40.772122]]},"properties":{"kind":"highway","name":"West Side Highway","tunnel":"no","bridge":false}},{"type":"Feature","geometry":{"type":"LineString","coordinates":[[-73.994545,40.771368],[-73.994612,40.771154]]},"properties":{"kind":"highway","name":"West Side Highway","tunnel":"no","bridge":false}},{"type":"Feature","geometry":{"type":"LineString","coordinates":[[-73.944034,40.842431],[-73.944,40.842697],[-73.943967,40.8437]]},"properties":{"kind":"major","name":"Riverside Drive","bridge":false}},{"type":"Feature","geometry":{"type":"LineString","coordinates":[[-74.023191,40.770419],[-74.023037,40.770618]]},"properties":{"kind":"major","name":"Park Avenue","bridge":false}},{"type":"Feature","geometry":{"type":"LineString","coordinates":[[-73.938641,40.829754],[-73.939396,40.830073]]},"properties":{"kind":"minor","name":"West 155th Street (surface)","bridge":false}},{"type":"Feature","geometry":{"type":"LineString","coordinates":[[-73.945903,40.823626],[-73.945854,40.823612]]},"properties":{"kind":"minor","name":"West 144th Street","bridge":false}},{"type":"Feature","geometry":{"type":"LineString","coordinates":[[-73.945854,40.823612],[-73.946762,40.823998]]},"properties":{"kind":"minor","name":"West 144th Street","bridge":false}},{"type":"Feature","geometry":{"type":"LineString","coordinates":[[-73.950866,40.81839],[-73.950831,40.818418]]},"properties":{"kind":"major","name":"Convent Avenue","bridge":false}},{"type":"Feature","geometry":{"type":"LineString","coordinates":[[-73.948601,40.821411],[-73.948539,40.821491]]},"properties":{"kind":"major","name":"Convent Avenue","bridge":false}},{"type":"Feature","geometry":{"type":"LineString","coordinates":[[-73.949225,40.820547],[-73.948601,40.821411]]},"properties":{"kind":"major","name":"Convent Avenue","bridge":false}},{"type":"Feature","geometry":{"type":"LineString","coordinates":[[-73.982038,40.765468],[-73.982235,40.764833],[-73.982364,40.764479]]},"properties":{"kind":"major","name":"Broadway","bridge":false}},{"type":"Feature","geometry":{"type":"LineString","coordinates":[[-73.982038,40.765468],[-73.981951,40.765436]]},"properties":{"kind":"minor","name":"West 56th Street","bridge":false}},{"type":"Feature","geometry":{"type":"LineString","coordinates":[[-73.981951,40.765436],[-73.980646,40.764884],[-73.979428,40.764382],[-73.974472,40.76229]]},"properties":{"kind":"minor","name":"West 56th Street","bridge":false}},{"type":"Feature","geometry":{"type":"LineString","coordinates":[[-73.982,40.765684],[-73.982038,40.765468]]},"properties":{"kind":"major","name":"Broadway","bridge":false}},{"type":"Feature","geometry":{"type":"LineString","coordinates":[[-73.941568,40.843422],[-73.941634,40.843451]]},"properties":{"kind":"minor","name":"West 170th Street","bridge":false}},{"type":"Feature","geometry":{"type":"LineString","coordinates":[[-73.939254,40.842447],[-73.939351,40.842488]]},"properties":{"kind":"minor","name":"West 170th Street","bridge":false}},{"type":"Feature","geometry":{"type":"LineString","coordinates":[[-73.943052,40.840236],[-73.943068,40.840194]]},"properties":{"kind":"major","name":"Fort Washington Avenue","bridge":false}},{"type":"Feature","geometry":{"type":"LineString","coordinates":[[-73.942285,40.842154],[-73.942301,40.842117]]},"properties":{"kind":"major","name":"Fort Washington Avenue","bridge":false}},{"type":"Feature","geometry":{"type":"LineString","coordinates":[[-73.944361,40.837104],[-73.946617,40.838053]]},"properties":{"kind":"minor","name":"West 161st Street","bridge":false}},{"type":"Feature","geometry":{"type":"LineString","coordinates":[[-73.946617,40.838053],[-73.946648,40.838072]]},"properties":{"kind":"minor","name":"West 161st Street","bridge":false}},{"type":"Feature","geometry":{"type":"LineString","coordinates":[[-73.94385,40.823655],[-73.943886,40.82367]]},"properties":{"kind":"major","name":"West 145th Street","bridge":false}},{"type":"Feature","geometry":{"type":"LineString","coordinates":[[-73.951922,40.827053],[-73.951967,40.827069]]},"properties":{"kind":"major","name":"West 145th Street","bridge":false}},{"type":"Feature","geometry":{"type":"LineString","coordinates":[[-73.95036,40.826403],[-73.950392,40.826417]]},"properties":{"kind":"major","name":"West 145th Street","bridge":false}},{"type":"Feature","geometry":{"type":"LineString","coordinates":[[-73.942266,40.828753],[-73.942224,40.828736]]},"properties":{"kind":"minor","name":"West 152nd Street","bridge":false}},{"type":"Feature","geometry":{"type":"LineString","coordinates":[[-73.944374,40.82964],[-73.944341,40.829626]]},"properties":{"kind":"minor","name":"West 152nd Street","bridge":false}},{"type":"Feature","geometry":{"type":"LineString","coordinates":[[-73.947131,40.830803],[-73.947093,40.830787]]},"properties":{"kind":"minor","name":"West 152nd Street","bridge":false}},{"type":"Feature","geometry":{"type":"LineString","coordinates":[[-73.944423,40.829661],[-73.944374,40.82964]]},"properties":{"kind":"minor","name":"West 152nd Street","bridge":false}},{"type":"Feature","geometry":{"type":"LineString","coordinates":[[-73.954707,40.811498],[-73.954412,40.811138],[-73.954276,40.811009]]},"properties":{"kind":"minor","name":"West 125th Street","bridge":false}},{"type":"Feature","geometry":{"type":"LineString","coordinates":[[-73.930905,40.83195],[-73.930934,40.831914],[-73.931524,40.830891],[-73.931536,40.830852]]},"properties":{"kind":"minor","name":"Summit Avenue","bridge":false}},{"type":"Feature","geometry":{"type":"LineString","coordinates":[[-73.930715,40.830576],[-73.929385,40.832918]]},"properties":{"kind":"major","name":"Ogden Avenue","bridge":false}},{"type":"Feature","geometry":{"type":"LineString","coordinates":[[-73.972552,40.828446],[-73.972531,40.82848]]},"properties":{"kind":"major","name":"River Road","bridge":false}},{"type":"Feature","geometry":{"type":"LineString","coordinates":[[-73.972531,40.82848],[-73.972488,40.828541]]},"properties":{"kind":"major","name":"River Road","bridge":false}},{"type":"Feature","geometry":{"type":"LineString","coordinates":[[-73.941943,40.829445],[-73.941931,40.829478]]},"properties":{"kind":"major","name":"Saint Nicholas Avenue","bridge":false}},{"type":"Feature","geometry":{"type":"LineString","coordinates":[[-73.940048,40.834492],[-73.940042,40.834491]]},"properties":{"kind":"minor","name":"West 160th Street","bridge":false}},{"type":"Feature","geometry":{"type":"LineString","coordinates":[[-73.939584,40.838701],[-73.939618,40.838708]]},"properties":{"kind":"major","name":"West 165th Street","bridge":false}},{"type":"Feature","geometry":{"type":"LineString","coordinates":[[-73.939865,40.841122],[-73.941076,40.841643],[-73.942194,40.842107],[-73.942285,40.842154]]},"properties":{"kind":"major","name":"West 168th Street","bridge":false}},{"type":"Feature","geometry":{"type":"LineString","coordinates":[[-73.942013,40.842819],[-73.942018,40.842822]]},"properties":{"kind":"minor","name":"West 169th Street","bridge":false}},{"type":"Feature","geometry":{"type":"LineString","coordinates":[[-73.939239,40.839296],[-73.939883,40.83957]]},"properties":{"kind":"minor","name":"West 166th Street","bridge":false}},{"type":"Feature","geometry":{"type":"LineString","coordinates":[[-73.940879,40.832375],[-73.942007,40.832881]]},"properties":{"kind":"minor","name":"West 157th Street","bridge":false}},{"type":"Feature","geometry":{"type":"LineString","coordinates":[[-73.939155,40.833278],[-73.943873,40.835274]]},"properties":{"kind":"minor","name":"West 159th Street","bridge":false}},{"type":"Feature","geometry":{"type":"LineString","coordinates":[[-73.939883,40.835822],[-73.939578,40.83567]]},"properties":{"kind":"minor","name":"West 162nd Street","bridge":false}},{"type":"Feature","geometry":{"type":"LineString","coordinates":[[-73.935673,40.841315],[-73.935676,40.841384],[-73.935653,40.841583]]},"properties":{"kind":"minor","name":"Edgecombe Avenue","bridge":false}},{"type":"Feature","geometry":{"type":"LineString","coordinates":[[-73.93547,40.840805],[-73.935471,40.840811]]},"properties":{"kind":"minor","name":"Edgecombe Avenue","bridge":false}},{"type":"Feature","geometry":{"type":"LineString","coordinates":[[-73.935315,40.840476],[-73.935305,40.840454]]},"properties":{"kind":"minor","name":"Edgecombe Avenue","bridge":false}},{"type":"Feature","geometry":{"type":"LineString","coordinates":[[-73.936234,40.838115],[-73.936246,40.838101]]},"properties":{"kind":"minor","name":"Edgecombe Avenue","bridge":false}},{"type":"Feature","geometry":{"type":"LineString","coordinates":[[-73.93669,40.837193],[-73.936654,40.837273]]},"properties":{"kind":"major","name":"Edgecombe Avenue","bridge":false}},{"type":"Feature","geometry":{"type":"LineString","coordinates":[[-73.940347,40.830457],[-73.940348,40.830483]]},"properties":{"kind":"major","name":"Edgecombe Avenue","bridge":false}},{"type":"Feature","geometry":{"type":"LineString","coordinates":[[-73.936258,40.838084],[-73.936246,40.838101]]},"properties":{"kind":"major","name":"Edgecombe Avenue","bridge":false}},{"type":"Feature","geometry":{"type":"LineString","coordinates":[[-73.936694,40.837184],[-73.93669,40.837193]]},"properties":{"kind":"major","name":"Edgecombe Avenue","bridge":false}},{"type":"Feature","geometry":{"type":"LineString","coordinates":[[-73.941514,40.826851],[-73.94385,40.823655]]},"properties":{"kind":"major","name":"Edgecombe Avenue","bridge":false}},{"type":"Feature","geometry":{"type":"LineString","coordinates":[[-73.941489,40.826884],[-73.941514,40.826851]]},"properties":{"kind":"major","name":"Edgecombe Avenue","bridge":false}},{"type":"Feature","geometry":{"type":"LineString","coordinates":[[-73.940206,40.830277],[-73.94017,40.830245]]},"properties":{"kind":"major","name":"Edgecombe Avenue","bridge":false}},{"type":"Feature","geometry":{"type":"LineString","coordinates":[[-73.938785,40.842481],[-73.938838,40.842419],[-73.938888,40.842378]]},"properties":{"kind":"major","name":"Saint Nicholas Avenue","bridge":false}},{"type":"Feature","geometry":{"type":"LineString","coordinates":[[-73.949172,40.834373],[-73.949163,40.834394]]},"properties":{"kind":"major","name":"Riverside Drive","bridge":true}},{"type":"Feature","geometry":{"type":"LineString","coordinates":[[-73.948511,40.836403],[-73.948403,40.836742],[-73.948274,40.837042],[-73.948059,40.83735],[-73.947877,40.837553]]},"properties":{"kind":"major","name":"Riverside Drive West","bridge":true}},{"type":"Feature","geometry":{"type":"LineString","coordinates":[[-73.948535,40.83633],[-73.948511,40.836403]]},"properties":{"kind":"major","name":"Riverside Drive West","bridge":true}},{"type":"Feature","geometry":{"type":"LineString","coordinates":[[-73.942952,40.843206],[-73.942955,40.843184]]},"properties":{"kind":"minor","name":"Haven Avenue","bridge":false}},{"type":"Feature","geometry":{"type":"LineString","coordinates":[[-73.943031,40.842692],[-73.943042,40.842734]]},"properties":{"kind":"minor","name":"Haven Avenue","bridge":false}},{"type":"Feature","geometry":{"type":"LineString","coordinates":[[-73.937349,40.83928],[-73.937338,40.839295]]},"properties":{"kind":"major","name":"Amsterdam Avenue","bridge":false}},{"type":"Feature","geometry":{"type":"LineString","coordinates":[[-73.937769,40.838682],[-73.93775,40.838711]]},"properties":{"kind":"major","name":"Amsterdam Avenue","bridge":false}},{"type":"Feature","geometry":{"type":"LineString","coordinates":[[-73.939262,40.842095],[-73.939263,40.842077]]},"properties":{"kind":"major","name":"Broadway","bridge":false}},{"type":"Feature","geometry":{"type":"LineString","coordinates":[[-73.939245,40.842045],[-73.939263,40.842077]]},"properties":{"kind":"major","name":"Broadway","bridge":false}},{"type":"Feature","geometry":{"type":"LineString","coordinates":[[-73.939303,40.841673],[-73.9393,40.841679]]},"properties":{"kind":"major","name":"Broadway","bridge":false}},{"type":"Feature","geometry":{"type":"LineString","coordinates":[[-73.939695,40.84103],[-73.939684,40.841045]]},"properties":{"kind":"major","name":"Broadway","bridge":false}},{"type":"Feature","geometry":{"type":"LineString","coordinates":[[-73.939913,40.840769],[-73.939695,40.84103]]},"properties":{"kind":"major","name":"Broadway","bridge":false}},{"type":"Feature","geometry":{"type":"LineString","coordinates":[[-73.940586,40.839847],[-73.940579,40.839858]]},"properties":{"kind":"major","name":"Broadway","bridge":false}},{"type":"Feature","geometry":{"type":"LineString","coordinates":[[-73.940594,40.839837],[-73.940586,40.839847]]},"properties":{"kind":"major","name":"Broadway","bridge":false}},{"type":"Feature","geometry":{"type":"LineString","coordinates":[[-73.94093,40.839377],[-73.940919,40.839392]]},"properties":{"kind":"major","name":"Broadway","bridge":false}},{"type":"Feature","geometry":{"type":"LineString","coordinates":[[-73.941089,40.83916],[-73.941079,40.839174]]},"properties":{"kind":"major","name":"Broadway","bridge":false}},{"type":"Feature","geometry":{"type":"LineString","coordinates":[[-73.9411,40.839145],[-73.941089,40.83916]]},"properties":{"kind":"major","name":"Broadway","bridge":false}},{"type":"Feature","geometry":{"type":"LineString","coordinates":[[-73.941653,40.838385],[-73.94159,40.838472]]},"properties":{"kind":"major","name":"Broadway","bridge":false}},{"type":"Feature","geometry":{"type":"LineString","coordinates":[[-73.93567,40.8413],[-73.935673,40.841315]]},"properties":{"kind":"minor","name":"Edgecombe Avenue","bridge":false}},{"type":"Feature","geometry":{"type":"LineString","coordinates":[[-73.940347,40.830457],[-73.940404,40.83048]]},"properties":{"kind":"major","name":"West 155th Street","bridge":false}},{"type":"Feature","geometry":{"type":"LineString","coordinates":[[-73.940137,40.830372],[-73.940178,40.830389]]},"properties":{"kind":"major","name":"West 155th Street","bridge":false}},{"type":"Feature","geometry":{"type":"LineString","coordinates":[[-73.940005,40.830317],[-73.94007,40.830344]]},"properties":{"kind":"major","name":"West 155th Street","bridge":false}},{"type":"Feature","geometry":{"type":"LineString","coordinates":[[-73.93742,40.829241],[-73.938641,40.829754]]},"properties":{"kind":"major","name":"West 155th Street (surface)","bridge":false}},{"type":"Feature","geometry":{"type":"LineString","coordinates":[[-73.934978,40.828187],[-73.935088,40.828238]]},"properties":{"kind":"major","name":"West 155th Street","bridge":true}},{"type":"Feature","geometry":{"type":"LineString","coordinates":[[-73.939461,40.830093],[-73.939609,40.830156]]},"properties":{"kind":"major","name":"West 155th Street","bridge":false}},{"type":"Feature","geometry":{"type":"LineString","coordinates":[[-73.935088,40.828238],[-73.935137,40.828258]]},"properties":{"kind":"major","name":"West 155th Street","bridge":true}},{"type":"Feature","geometry":{"type":"LineString","coordinates":[[-73.937128,40.829115],[-73.93742,40.829241]]},"properties":{"kind":"major","name":"West 155th Street (surface)","bridge":false}},{"type":"Feature","geometry":{"type":"LineString","coordinates":[[-73.94589,40.835292],[-73.945688,40.835211],[-73.945552,40.835144]]},"properties":{"kind":"major","name":"West 158th Street","bridge":false}},{"type":"Feature","geometry":{"type":"LineString","coordinates":[[-73.945346,40.835057],[-73.945552,40.835144]]},"properties":{"kind":"major","name":"West 158th Street","bridge":false}},{"type":"Feature","geometry":{"type":"LineString","coordinates":[[-73.946749,40.834945],[-73.946783,40.835025]]},"properties":{"kind":"major","name":"West 157th Street","bridge":false}},{"type":"Feature","geometry":{"type":"LineString","coordinates":[[-73.946749,40.834945],[-73.945777,40.835098],[-73.945552,40.835144]]},"properties":{"kind":"major","name":"Riverside Drive","bridge":false}},{"type":"Feature","geometry":{"type":"LineString","coordinates":[[-73.952101,40.811442],[-73.951701,40.81182]]},"properties":{"kind":"major","name":"Saint Nicholas Avenue","bridge":false}},{"type":"Feature","geometry":{"type":"LineString","coordinates":[[-73.951701,40.81182],[-73.951501,40.812015]]},"properties":{"kind":"major","name":"Saint Nicholas Avenue","bridge":false}},{"type":"Feature","geometry":{"type":"LineString","coordinates":[[-73.950216,40.811478],[-73.951501,40.812015]]},"properties":{"kind":"minor","name":"West 127th Street","bridge":false}},{"type":"Feature","geometry":{"type":"LineString","coordinates":[[-73.932081,40.831028],[-73.932052,40.831334],[-73.932012,40.83155],[-73.931928,40.8319],[-73.931786,40.832395]]},"properties":{"kind":"highway","name":"Major Deegan Expressway","tunnel":"no","bridge":false}},{"type":"Feature","geometry":{"type":"LineString","coordinates":[[-73.931941,40.831043],[-73.931896,40.831189],[-73.93186,40.831468],[-73.931803,40.831696]]},"properties":{"kind":"major","name":"Sedgwick Avenue","bridge":false}},{"type":"Feature","geometry":{"type":"LineString","coordinates":[[-73.931941,40.831043],[-73.931951,40.831193],[-73.931933,40.831398]]},"properties":{"kind":"highway","name":"","tunnel":"no","bridge":false}},{"type":"Feature","geometry":{"type":"LineString","coordinates":[[-73.930304,40.837491],[-73.930167,40.837913],[-73.930081,40.838133],[-73.929794,40.838763],[-73.929585,40.839167],[-73.928998,40.840177]]},"properties":{"kind":"highway","name":"Major Deegan Expressway","tunnel":"no","bridge":false}},{"type":"Feature","geometry":{"type":"LineString","coordinates":[[-73.931803,40.831696],[-73.931653,40.832213]]},"properties":{"kind":"major","name":"Sedgwick Avenue","bridge":false}},{"type":"Feature","geometry":{"type":"LineString","coordinates":[[-73.931653,40.832213],[-73.931548,40.832635],[-73.930956,40.834694]]},"properties":{"kind":"major","name":"Sedgwick Avenue","bridge":false}},{"type":"Feature","geometry":{"type":"LineString","coordinates":[[-73.928516,40.839548],[-73.928651,40.83981]]},"properties":{"kind":"major","name":"West 167th Street","bridge":false}},{"type":"Feature","geometry":{"type":"LineString","coordinates":[[-73.935457,40.831786],[-73.935387,40.831758]]},"properties":{"kind":"major","name":"","bridge":false}},{"type":"Feature","geometry":{"type":"LineString","coordinates":[[-73.93749,40.833825],[-73.937842,40.833554]]},"properties":{"kind":"major","name":"Harlem River Driveway","bridge":false}},{"type":"Feature","geometry":{"type":"LineString","coordinates":[[-73.935777,40.827588],[-73.935576,40.82767],[-73.935475,40.827685],[-73.935418,40.827671],[-73.93537,40.827647],[-73.935321,40.827584]]},"properties":{"kind":"major","name":"Macombs Place","bridge":false}},{"type":"Feature","geometry":{"type":"LineString","coordinates":[[-73.938416,40.82632],[-73.938307,40.826361]]},"properties":{"kind":"major","name":"Macombs Place","bridge":false}},{"type":"Feature","geometry":{"type":"LineString","coordinates":[[-73.937639,40.826795],[-73.938519,40.826363]]},"properties":{"kind":"major","name":"Macombs Place","bridge":false}},{"type":"Feature","geometry":{"type":"LineString","coordinates":[[-73.93514,40.827667],[-73.935056,40.827791]]},"properties":{"kind":"major","name":"Adam Clayton Powell Jr. Boulevard","bridge":false}},{"type":"Feature","geometry":{"type":"LineString","coordinates":[[-73.93492,40.827965],[-73.934861,40.828039]]},"properties":{"kind":"major","name":"","bridge":true}},{"type":"Feature","geometry":{"type":"LineString","coordinates":[[-73.99703,40.795021],[-73.99692,40.795412]]},"properties":{"kind":"major","name":"River Road","bridge":false}},{"type":"Feature","geometry":{"type":"LineString","coordinates":[[-73.950024,40.82958],[-73.950108,40.829612]]},"properties":{"kind":"minor","name":"West 149th Street","bridge":false}},{"type":"Feature","geometry":{"type":"LineString","coordinates":[[-73.950011,40.829644],[-73.949978,40.829793],[-73.950003,40.829927]]},"properties":{"kind":"major","name":"Riverside Drive","bridge":false}},{"type":"Feature","geometry":{"type":"LineString","coordinates":[[-73.950011,40.829644],[-73.94993,40.8297],[-73.949886,40.82975],[-73.949819,40.829872],[-73.949785,40.829961],[-73.949462,40.830962],[-73.949256,40.831695]]},"properties":{"kind":"minor","name":"Riverside Drive","bridge":false}},{"type":"Feature","geometry":{"type":"LineString","coordinates":[[-73.930809,40.8208],[-73.930779,40.820582],[-73.930747,40.820472]]},"properties":{"kind":"major","name":"Exterior Street","bridge":false}},{"type":"Feature","geometry":{"type":"LineString","coordinates":[[-73.996451,40.794513],[-73.996183,40.794534],[-73.9957,40.794447]]},"properties":{"kind":"minor","name":"River Road","bridge":false}},{"type":"Feature","geometry":{"type":"LineString","coordinates":[[-73.998716,40.763954],[-73.998503,40.764243]]},"properties":{"kind":"highway","name":"12th Avenue","tunnel":"no","bridge":false}},{"type":"Feature","geometry":{"type":"LineString","coordinates":[[-73.99491,40.769173],[-73.99485,40.769259]]},"properties":{"kind":"highway","name":"12th Avenue","tunnel":"no","bridge":false}},{"type":"Feature","geometry":{"type":"LineString","coordinates":[[-73.967994,40.771147],[-73.967058,40.770755]]},"properties":{"kind":"minor","name":"East 70th Street","bridge":false}},{"type":"Feature","geometry":{"type":"LineString","coordinates":[[-73.983252,40.771316],[-73.983698,40.770701]]},"properties":{"kind":"major","name":"Columbus Avenue","bridge":false}},{"type":"Feature","geometry":{"type":"LineString","coordinates":[[-73.992242,40.764057],[-73.992369,40.764113]]},"properties":{"kind":"major","name":"West 49th Street","bridge":false}},{"type":"Feature","geometry":{"type":"LineString","coordinates":[[-73.989402,40.762862],[-73.989543,40.762921]]},"properties":{"kind":"major","name":"West 49th Street","bridge":false}},{"type":"Feature","geometry":{"type":"LineString","coordinates":[[-73.989543,40.762921],[-73.992242,40.764057]]},"properties":{"kind":"major","name":"West 49th Street","bridge":false}},{"type":"Feature","geometry":{"type":"LineString","coordinates":[[-73.992652,40.763493],[-73.992242,40.764057]]},"properties":{"kind":"major","name":"10th Avenue","bridge":false}},{"type":"Feature","geometry":{"type":"LineString","coordinates":[[-73.971652,40.766145],[-73.970713,40.765749]]},"properties":{"kind":"minor","name":"East 62nd Street","bridge":false}},{"type":"Feature","geometry":{"type":"LineString","coordinates":[[-73.962893,40.816828],[-73.963231,40.816479],[-73.963555,40.816121],[-73.963862,40.815754],[-73.964155,40.81538]]},"properties":{"kind":"highway","name":"Henry Hudson Parkway","tunnel":"no","bridge":false}},{"type":"Feature","geometry":{"type":"LineString","coordinates":[[-73.988322,40.778896],[-73.988402,40.778703],[-73.98858,40.778196]]},"properties":{"kind":"minor","name":"Riverside Boulevard","bridge":false}},{"type":"Feature","geometry":{"type":"LineString","coordinates":[[-73.951082,40.830677],[-73.951287,40.830273],[-73.951403,40.830072],[-73.951655,40.829674]]},"properties":{"kind":"highway","name":"Henry Hudson Parkway","tunnel":"no","bridge":false}},{"type":"Feature","geometry":{"type":"LineString","coordinates":[[-73.968854,40.785974],[-73.971699,40.787174]]},"properties":{"kind":"minor","name":"West 87th Street","bridge":false}},{"type":"Feature","geometry":{"type":"LineString","coordinates":[[-73.971699,40.787174],[-73.971949,40.786828]]},"properties":{"kind":"major","name":"Columbus Avenue","bridge":false}},{"type":"Feature","geometry":{"type":"LineString","coordinates":[[-73.939903,40.83819],[-73.93993,40.838049]]},"properties":{"kind":"major","name":"Saint Nicholas Avenue","bridge":false}},{"type":"Feature","geometry":{"type":"LineString","coordinates":[[-73.963681,40.853771],[-73.96338,40.853712]]},"properties":{"kind":"highway","name":"George Washington Bridge Upper Level","tunnel":"no","bridge":true}},{"type":"Feature","geometry":{"type":"LineString","coordinates":[[-73.96338,40.853712],[-73.962492,40.853538]]},"properties":{"kind":"highway","name":"","tunnel":"no","bridge":false}},{"type":"Feature","geometry":{"type":"LineString","coordinates":[[-73.963526,40.853853],[-73.963599,40.853883]]},"properties":{"kind":"highway","name":"","tunnel":"no","bridge":true}},{"type":"Feature","geometry":{"type":"LineString","coordinates":[[-73.965195,40.801108],[-73.965004,40.801372]]},"properties":{"kind":"major","name":"Amsterdam Avenue","bridge":false}},{"type":"Feature","geometry":{"type":"LineString","coordinates":[[-73.964736,40.801739],[-73.964511,40.80205]]},"properties":{"kind":"major","name":"Amsterdam Avenue","bridge":false}},{"type":"Feature","geometry":{"type":"LineString","coordinates":[[-73.963496,40.802813],[-73.962896,40.802568]]},"properties":{"kind":"major","name":"West 110th Street","bridge":false}},{"type":"Feature","geometry":{"type":"LineString","coordinates":[[-73.962008,40.805526],[-73.961815,40.805792]]},"properties":{"kind":"major","name":"Amsterdam Avenue","bridge":false}},{"type":"Feature","geometry":{"type":"LineString","coordinates":[[-73.961551,40.806153],[-73.961282,40.806522]]},"properties":{"kind":"major","name":"Amsterdam Avenue","bridge":false}},{"type":"Feature","geometry":{"type":"LineString","coordinates":[[-73.943448,40.845801],[-73.943475,40.845687],[-73.943538,40.84559],[-73.943605,40.84552],[-73.943787,40.845381]]},"properties":{"kind":"highway","name":"","tunnel":"no","bridge":true}},{"type":"Feature","geometry":{"type":"LineString","coordinates":[[-73.943619,40.845431],[-73.943787,40.845381]]},"properties":{"kind":"highway","name":"","tunnel":"no","bridge":true}},{"type":"Feature","geometry":{"type":"LineString","coordinates":[[-73.944838,40.846856],[-73.944756,40.846726]]},"properties":{"kind":"highway","name":"","tunnel":"no","bridge":false}},{"type":"Feature","geometry":{"type":"LineString","coordinates":[[-73.962863,40.804353],[-73.962765,40.804488]]},"properties":{"kind":"major","name":"Amsterdam Avenue","bridge":false}},{"type":"Feature","geometry":{"type":"LineString","coordinates":[[-73.962765,40.804488],[-73.962702,40.804575]]},"properties":{"kind":"major","name":"Amsterdam Avenue","bridge":false}},{"type":"Feature","geometry":{"type":"LineString","coordinates":[[-73.963142,40.803972],[-73.962931,40.80426]]},"properties":{"kind":"major","name":"Amsterdam Avenue","bridge":false}},{"type":"Feature","geometry":{"type":"LineString","coordinates":[[-73.962931,40.80426],[-73.962863,40.804353]]},"properties":{"kind":"major","name":"Amsterdam Avenue","bridge":false}},{"type":"Feature","geometry":{"type":"LineString","coordinates":[[-73.964078,40.802631],[-73.96398,40.802762]]},"properties":{"kind":"major","name":"Amsterdam Avenue","bridge":false}},{"type":"Feature","geometry":{"type":"LineString","coordinates":[[-73.964511,40.80205],[-73.96439,40.802217]]},"properties":{"kind":"major","name":"Amsterdam Avenue","bridge":false}},{"type":"Feature","geometry":{"type":"LineString","coordinates":[[-73.965004,40.801372],[-73.964934,40.80147]]},"properties":{"kind":"major","name":"Amsterdam Avenue","bridge":false}},{"type":"Feature","geometry":{"type":"LineString","coordinates":[[-73.964934,40.80147],[-73.964878,40.801546]]},"properties":{"kind":"major","name":"Amsterdam Avenue","bridge":false}},{"type":"Feature","geometry":{"type":"LineString","coordinates":[[-73.965426,40.800795],[-73.965312,40.800953]]},"properties":{"kind":"major","name":"Amsterdam Avenue","bridge":false}},{"type":"Feature","geometry":{"type":"LineString","coordinates":[[-73.966521,40.799315],[-73.966461,40.799395]]},"properties":{"kind":"major","name":"Amsterdam Avenue","bridge":false}},{"type":"Feature","geometry":{"type":"LineString","coordinates":[[-73.966461,40.799395],[-73.966394,40.799486]]},"properties":{"kind":"major","name":"Amsterdam Avenue","bridge":false}},{"type":"Feature","geometry":{"type":"LineString","coordinates":[[-73.967127,40.798508],[-73.966985,40.798696]]},"properties":{"kind":"major","name":"Amsterdam Avenue","bridge":false}},{"type":"Feature","geometry":{"type":"LineString","coordinates":[[-73.966985,40.798696],[-73.966915,40.798789]]},"properties":{"kind":"major","name":"Amsterdam Avenue","bridge":false}},{"type":"Feature","geometry":{"type":"LineString","coordinates":[[-73.967378,40.798139],[-73.967316,40.798228]]},"properties":{"kind":"major","name":"Amsterdam Avenue","bridge":false}},{"type":"Feature","geometry":{"type":"LineString","coordinates":[[-73.967316,40.798228],[-73.967226,40.79836]]},"properties":{"kind":"major","name":"Amsterdam Avenue","bridge":false}},{"type":"Feature","geometry":{"type":"LineString","coordinates":[[-73.967881,40.797432],[-73.967815,40.797524]]},"properties":{"kind":"major","name":"Amsterdam Avenue","bridge":false}},{"type":"Feature","geometry":{"type":"LineString","coordinates":[[-73.967815,40.797524],[-73.967562,40.797871]]},"properties":{"kind":"major","name":"Amsterdam Avenue","bridge":false}},{"type":"Feature","geometry":{"type":"LineString","coordinates":[[-73.96247,40.804893],[-73.962158,40.805321]]},"properties":{"kind":"major","name":"Amsterdam Avenue","bridge":false}},{"type":"Feature","geometry":{"type":"LineString","coordinates":[[-73.962158,40.805321],[-73.962008,40.805526]]},"properties":{"kind":"major","name":"Amsterdam Avenue","bridge":false}},{"type":"Feature","geometry":{"type":"LineString","coordinates":[[-73.961815,40.805792],[-73.961551,40.806153]]},"properties":{"kind":"major","name":"Amsterdam Avenue","bridge":false}},{"type":"Feature","geometry":{"type":"LineString","coordinates":[[-73.961282,40.806522],[-73.961056,40.806832]]},"properties":{"kind":"major","name":"Amsterdam Avenue","bridge":false}},{"type":"Feature","geometry":{"type":"LineString","coordinates":[[-73.960533,40.807542],[-73.960319,40.807838]]},"properties":{"kind":"major","name":"Amsterdam Avenue","bridge":false}},{"type":"Feature","geometry":{"type":"LineString","coordinates":[[-73.960319,40.807838],[-73.960109,40.808127]]},"properties":{"kind":"major","name":"Amsterdam Avenue","bridge":false}},{"type":"Feature","geometry":{"type":"LineString","coordinates":[[-73.960109,40.808127],[-73.95986,40.80847]]},"properties":{"kind":"major","name":"Amsterdam Avenue","bridge":false}},{"type":"Feature","geometry":{"type":"LineString","coordinates":[[-73.966962,40.807599],[-73.966217,40.807278],[-73.964944,40.806751]]},"properties":{"kind":"minor","name":"West 114th Street","bridge":false}},{"type":"Feature","geometry":{"type":"LineString","coordinates":[[-73.962702,40.804575],[-73.962663,40.804629]]},"properties":{"kind":"major","name":"Amsterdam Avenue","bridge":false}},{"type":"Feature","geometry":{"type":"LineString","coordinates":[[-73.962663,40.804629],[-73.96247,40.804893]]},"properties":{"kind":"major","name":"Amsterdam Avenue","bridge":false}},{"type":"Feature","geometry":{"type":"LineString","coordinates":[[-73.9662,40.803961],[-73.966601,40.804133]]},"properties":{"kind":"major","name":"West 110th Street","bridge":false}},{"type":"Feature","geometry":{"type":"LineString","coordinates":[[-73.966048,40.803897],[-73.9662,40.803961]]},"properties":{"kind":"major","name":"West 110th Street","bridge":false}},{"type":"Feature","geometry":{"type":"LineString","coordinates":[[-73.963849,40.802962],[-73.963765,40.803111]]},"properties":{"kind":"major","name":"Amsterdam Avenue","bridge":false}},{"type":"Feature","geometry":{"type":"LineString","coordinates":[[-73.962896,40.802568],[-73.961498,40.801977]]},"properties":{"kind":"major","name":"West 110th Street","bridge":false}},{"type":"Feature","geometry":{"type":"LineString","coordinates":[[-73.961156,40.801601],[-73.961219,40.801516]]},"properties":{"kind":"major","name":"Columbus Avenue","bridge":false}},{"type":"Feature","geometry":{"type":"LineString","coordinates":[[-73.961219,40.801516],[-73.961463,40.80118]]},"properties":{"kind":"major","name":"Columbus Avenue","bridge":false}},{"type":"Feature","geometry":{"type":"LineString","coordinates":[[-73.96176,40.800777],[-73.96193,40.800547]]},"properties":{"kind":"major","name":"Columbus Avenue","bridge":false}},{"type":"Feature","geometry":{"type":"LineString","coordinates":[[-73.962245,40.800112],[-73.96231,40.800023]]},"properties":{"kind":"major","name":"Columbus Avenue","bridge":false}},{"type":"Feature","geometry":{"type":"LineString","coordinates":[[-73.96231,40.800023],[-73.962383,40.799922]]},"properties":{"kind":"major","name":"Columbus Avenue","bridge":false}},{"type":"Feature","geometry":{"type":"LineString","coordinates":[[-73.963601,40.79825],[-73.963708,40.798103]]},"properties":{"kind":"major","name":"Columbus Avenue","bridge":false}},{"type":"Feature","geometry":{"type":"LineString","coordinates":[[-73.962133,40.798933],[-73.962487,40.799079]]},"properties":{"kind":"major","name":"West 106th Street","bridge":false}},{"type":"Feature","geometry":{"type":"LineString","coordinates":[[-73.960069,40.8014],[-73.96017,40.801445],[-73.960434,40.801505]]},"properties":{"kind":"major","name":"West 110th Street","bridge":false}},{"type":"Feature","geometry":{"type":"LineString","coordinates":[[-73.952905,40.807551],[-73.952918,40.807775]]},"properties":{"kind":"major","name":"Saint Nicholas Avenue","bridge":false}},{"type":"Feature","geometry":{"type":"LineString","coordinates":[[-73.958191,40.805614],[-73.958131,40.805718],[-73.957958,40.805957]]},"properties":{"kind":"minor","name":"Morningside Avenue","bridge":false}},{"type":"Feature","geometry":{"type":"LineString","coordinates":[[-73.957958,40.805957],[-73.957259,40.806922]]},"properties":{"kind":"minor","name":"Morningside Avenue","bridge":false}},{"type":"Feature","geometry":{"type":"LineString","coordinates":[[-73.957259,40.806922],[-73.957033,40.807232]]},"properties":{"kind":"minor","name":"Morningside Avenue","bridge":false}},{"type":"Feature","geometry":{"type":"LineString","coordinates":[[-73.957033,40.807232],[-73.956342,40.808178]]},"properties":{"kind":"minor","name":"Morningside Avenue","bridge":false}},{"type":"Feature","geometry":{"type":"LineString","coordinates":[[-73.956342,40.808178],[-73.956118,40.808485]]},"properties":{"kind":"minor","name":"Morningside Avenue","bridge":false}},{"type":"Feature","geometry":{"type":"LineString","coordinates":[[-73.95519,40.809758],[-73.954969,40.810061]]},"properties":{"kind":"minor","name":"Morningside Avenue","bridge":false}},{"type":"Feature","geometry":{"type":"LineString","coordinates":[[-73.955422,40.809438],[-73.95519,40.809758]]},"properties":{"kind":"minor","name":"Morningside Avenue","bridge":false}},{"type":"Feature","geometry":{"type":"LineString","coordinates":[[-73.933449,40.838738],[-73.933751,40.838126]]},"properties":{"kind":"highway","name":"Harlem River Drive","tunnel":"no","bridge":false}},{"type":"Feature","geometry":{"type":"LineString","coordinates":[[-73.945469,40.841602],[-73.945407,40.841814]]},"properties":{"kind":"highway","name":"Henry Hudson Parkway","tunnel":"no","bridge":false}},{"type":"Feature","geometry":{"type":"LineString","coordinates":[[-73.959521,40.808927],[-73.959211,40.809344]]},"properties":{"kind":"major","name":"Amsterdam Avenue","bridge":false}},{"type":"Feature","geometry":{"type":"LineString","coordinates":[[-73.958463,40.810368],[-73.958269,40.810633]]},"properties":{"kind":"major","name":"Amsterdam Avenue","bridge":false}},{"type":"Feature","geometry":{"type":"LineString","coordinates":[[-73.959966,40.798153],[-73.959832,40.798325]]},"properties":{"kind":"major","name":"Central Park West","bridge":false}},{"type":"Feature","geometry":{"type":"LineString","coordinates":[[-73.961964,40.810499],[-73.961487,40.811173]]},"properties":{"kind":"major","name":"Broadway","bridge":false}},{"type":"Feature","geometry":{"type":"LineString","coordinates":[[-73.961487,40.811173],[-73.961277,40.811437]]},"properties":{"kind":"major","name":"Broadway","bridge":false}},{"type":"Feature","geometry":{"type":"LineString","coordinates":[[-73.969972,40.799705],[-73.970184,40.799796]]},"properties":{"kind":"minor","name":"West 103rd Street","bridge":false}},{"type":"Feature","geometry":{"type":"LineString","coordinates":[[-73.995941,40.758984],[-73.995829,40.759135]]},"properties":{"kind":"major","name":"10th Avenue","bridge":false}},{"type":"Feature","geometry":{"type":"LineString","coordinates":[[-73.995473,40.759626],[-73.994756,40.760609]]},"properties":{"kind":"major","name":"10th Avenue","bridge":false}},{"type":"Feature","geometry":{"type":"LineString","coordinates":[[-73.994756,40.760609],[-73.994526,40.760925]]},"properties":{"kind":"major","name":"10th Avenue","bridge":false}},{"type":"Feature","geometry":{"type":"LineString","coordinates":[[-73.976063,40.796924],[-73.976144,40.79677]]},"properties":{"kind":"highway","name":"Henry Hudson Parkway","tunnel":"no","bridge":false}},{"type":"Feature","geometry":{"type":"LineString","coordinates":[[-73.976552,40.796206],[-73.976885,40.795882]]},"properties":{"kind":"highway","name":"Henry Hudson Parkway","tunnel":"no","bridge":false}},{"type":"Feature","geometry":{"type":"LineString","coordinates":[[-73.982759,40.788003],[-73.982514,40.7886],[-73.982277,40.789117]]},"properties":{"kind":"highway","name":"Henry Hudson Parkway","tunnel":"no","bridge":false}},{"type":"Feature","geometry":{"type":"LineString","coordinates":[[-73.983268,40.786678],[-73.98311,40.787053],[-73.982759,40.788003]]},"properties":{"kind":"highway","name":"Henry Hudson Parkway","tunnel":"no","bridge":false}},{"type":"Feature","geometry":{"type":"LineString","coordinates":[[-73.983882,40.785604],[-73.983694,40.785878],[-73.983602,40.78603],[-73.983426,40.786347],[-73.983268,40.786678]]},"properties":{"kind":"highway","name":"Henry Hudson Parkway","tunnel":"no","bridge":false}},{"type":"Feature","geometry":{"type":"LineString","coordinates":[[-73.982918,40.787172],[-73.982832,40.787539],[-73.982759,40.788003]]},"properties":{"kind":"highway","name":"","tunnel":"no","bridge":false}},{"type":"Feature","geometry":{"type":"LineString","coordinates":[[-73.929114,40.840226],[-73.929397,40.839741]]},"properties":{"kind":"highway","name":"Major Deegan Expressway","tunnel":"no","bridge":false}},{"type":"Feature","geometry":{"type":"LineString","coordinates":[[-73.956095,40.813617],[-73.955789,40.814024]]},"properties":{"kind":"major","name":"Amsterdam Avenue","bridge":false}},{"type":"Feature","geometry":{"type":"LineString","coordinates":[[-73.934865,40.828286],[-73.93473,40.82723]]},"properties":{"kind":"highway","name":"Harlem River Drive","tunnel":"no","bridge":false}},{"type":"Feature","geometry":{"type":"LineString","coordinates":[[-73.975094,40.824392],[-73.974932,40.824599]]},"properties":{"kind":"major","name":"River Road","bridge":false}},{"type":"Feature","geometry":{"type":"LineString","coordinates":[[-73.967514,40.77013],[-73.968451,40.770525]]},"properties":{"kind":"minor","name":"East 69th Street","bridge":false}},{"type":"Feature","geometry":{"type":"LineString","coordinates":[[-73.982217,40.777143],[-73.982226,40.77626],[-73.982297,40.774721],[-73.982319,40.773923]]},"properties":{"kind":"major","name":"Broadway","bridge":false}},{"type":"Feature","geometry":{"type":"LineString","coordinates":[[-73.957023,40.823298],[-73.956142,40.824436],[-73.955672,40.824989],[-73.952272,40.828652]]},"properties":{"kind":"highway","name":"Henry Hudson Parkway","tunnel":"no","bridge":true}},{"type":"Feature","geometry":{"type":"LineString","coordinates":[[-73.969416,40.795367],[-73.969041,40.795842]]},"properties":{"kind":"major","name":"Amsterdam Avenue","bridge":false}},{"type":"Feature","geometry":{"type":"LineString","coordinates":[[-73.989098,40.769345],[-73.99078,40.770056]]},"properties":{"kind":"major","name":"West 57th Street","bridge":false}},{"type":"Feature","geometry":{"type":"LineString","coordinates":[[-73.97113,40.840764],[-73.971332,40.840458],[-73.971411,40.840307],[-73.971608,40.839803],[-73.972376,40.837731]]},"properties":{"kind":"minor","name":"Undercliff Avenue","bridge":false}},{"type":"Feature","geometry":{"type":"LineString","coordinates":[[-73.996686,40.757962],[-73.996405,40.758346]]},"properties":{"kind":"major","name":"10th Avenue","bridge":false}},{"type":"Feature","geometry":{"type":"LineString","coordinates":[[-74.015891,40.772473],[-74.015269,40.77388],[-74.015172,40.774031],[-74.014808,40.774465],[-74.014618,40.774706],[-74.014509,40.774882],[-74.014422,40.775119],[-74.01438,40.775373],[-74.01433,40.775746],[-74.014318,40.776115],[-74.014249,40.776318],[-74.013997,40.77671],[-74.013895,40.776942],[-74.013825,40.77718]]},"properties":{"kind":"major","name":"Boulevard East","bridge":false}},{"type":"Feature","geometry":{"type":"LineString","coordinates":[[-73.940816,40.806685],[-73.94177,40.807089]]},"properties":{"kind":"minor","name":"East 126th Street","bridge":false}},{"type":"Feature","geometry":{"type":"LineString","coordinates":[[-73.967033,40.772455],[-73.967529,40.771784]]},"properties":{"kind":"major","name":"5th Avenue","bridge":false}},{"type":"Feature","geometry":{"type":"LineString","coordinates":[[-74.00234,40.760778],[-74.002428,40.760655]]},"properties":{"kind":"highway","name":"12th Avenue","tunnel":"no","bridge":false}},{"type":"Feature","geometry":{"type":"LineString","coordinates":[[-73.967529,40.771784],[-73.967994,40.771147]]},"properties":{"kind":"major","name":"5th Avenue","bridge":false}},{"type":"Feature","geometry":{"type":"LineString","coordinates":[[-73.960909,40.78085],[-73.961833,40.779582]]},"properties":{"kind":"major","name":"5th Avenue","bridge":false}},{"type":"Feature","geometry":{"type":"LineString","coordinates":[[-73.964755,40.783621],[-73.965267,40.783767]]},"properties":{"kind":"major","name":"86th Street Transverse","bridge":false}},{"type":"Feature","geometry":{"type":"LineString","coordinates":[[-73.965267,40.783767],[-73.965537,40.783844]]},"properties":{"kind":"major","name":"86th Street Transverse","bridge":false}},{"type":"Feature","geometry":{"type":"LineString","coordinates":[[-73.965537,40.783844],[-73.966452,40.784115],[-73.966778,40.784244],[-73.967027,40.784369]]},"properties":{"kind":"major","name":"86th Street Transverse","bridge":false}},{"type":"Feature","geometry":{"type":"LineString","coordinates":[[-73.985527,40.763086],[-73.985466,40.763173]]},"properties":{"kind":"major","name":"8th Avenue","bridge":false}},{"type":"Feature","geometry":{"type":"LineString","coordinates":[[-73.968904,40.769901],[-73.969362,40.769276]]},"properties":{"kind":"major","name":"5th Avenue","bridge":false}},{"type":"Feature","geometry":{"type":"LineString","coordinates":[[-73.968451,40.770525],[-73.968904,40.769901]]},"properties":{"kind":"major","name":"5th Avenue","bridge":false}},{"type":"Feature","geometry":{"type":"LineString","coordinates":[[-73.999158,40.761193],[-73.998903,40.761086]]},"properties":{"kind":"major","name":"West 42nd Street","bridge":false}},{"type":"Feature","geometry":{"type":"LineString","coordinates":[[-73.976106,40.781132],[-73.976156,40.781064]]},"properties":{"kind":"major","name":"Columbus Avenue","bridge":false}},{"type":"Feature","geometry":{"type":"LineString","coordinates":[[-73.982951,40.77173],[-73.983252,40.771316]]},"properties":{"kind":"major","name":"Columbus Avenue","bridge":false}},{"type":"Feature","geometry":{"type":"LineString","coordinates":[[-73.990414,40.766564],[-73.993238,40.767752]]},"properties":{"kind":"major","name":"West 53rd Street","bridge":false}},{"type":"Feature","geometry":{"type":"LineString","coordinates":[[-73.994526,40.760925],[-73.994069,40.761552]]},"properties":{"kind":"major","name":"10th Avenue","bridge":false}},{"type":"Feature","geometry":{"type":"LineString","coordinates":[[-73.994169,40.762422],[-73.993607,40.762185]]},"properties":{"kind":"major","name":"West 46th Street","bridge":false}},{"type":"Feature","geometry":{"type":"LineString","coordinates":[[-73.971652,40.766145],[-73.972117,40.765526]]},"properties":{"kind":"major","name":"5th Avenue","bridge":false}},{"type":"Feature","geometry":{"type":"LineString","coordinates":[[-73.995066,40.76525],[-73.995224,40.765317]]},"properties":{"kind":"major","name":"West 49th Street","bridge":false}},{"type":"Feature","geometry":{"type":"LineString","coordinates":[[-73.992369,40.764113],[-73.995066,40.76525]]},"properties":{"kind":"major","name":"West 49th Street","bridge":false}},{"type":"Feature","geometry":{"type":"LineString","coordinates":[[-73.970728,40.767394],[-73.971189,40.766767]]},"properties":{"kind":"major","name":"5th Avenue","bridge":false}},{"type":"Feature","geometry":{"type":"LineString","coordinates":[[-73.971189,40.766767],[-73.971652,40.766145]]},"properties":{"kind":"major","name":"5th Avenue","bridge":false}},{"type":"Feature","geometry":{"type":"LineString","coordinates":[[-73.94415,40.841992],[-73.944131,40.842057]]},"properties":{"kind":"major","name":"Riverside Drive","bridge":false}},{"type":"Feature","geometry":{"type":"LineString","coordinates":[[-73.944131,40.842057],[-73.944121,40.842088]]},"properties":{"kind":"major","name":"Riverside Drive","bridge":false}},{"type":"Feature","geometry":{"type":"LineString","coordinates":[[-73.94415,40.841992],[-73.944092,40.842044]]},"properties":{"kind":"highway","name":"","tunnel":"no","bridge":false}},{"type":"Feature","geometry":{"type":"LineString","coordinates":[[-73.944092,40.842044],[-73.944066,40.84207]]},"properties":{"kind":"highway","name":"","tunnel":"no","bridge":false}},{"type":"Feature","geometry":{"type":"LineString","coordinates":[[-73.970279,40.768028],[-73.970728,40.767394]]},"properties":{"kind":"major","name":"5th Avenue","bridge":false}},{"type":"Feature","geometry":{"type":"LineString","coordinates":[[-73.995269,40.764968],[-73.995522,40.764618]]},"properties":{"kind":"major","name":"11th Avenue","bridge":false}},{"type":"Feature","geometry":{"type":"LineString","coordinates":[[-73.995066,40.76525],[-73.995269,40.764968]]},"properties":{"kind":"major","name":"11th Avenue","bridge":false}},{"type":"Feature","geometry":{"type":"LineString","coordinates":[[-73.980659,40.779921],[-73.97785,40.778745]]},"properties":{"kind":"minor","name":"West 74th Street","bridge":false}},{"type":"Feature","geometry":{"type":"LineString","coordinates":[[-73.980659,40.779921],[-73.98032,40.780405]]},"properties":{"kind":"major","name":"Amsterdam Avenue","bridge":false}},{"type":"Feature","geometry":{"type":"LineString","coordinates":[[-73.968458,40.796641],[-73.968128,40.797092]]},"properties":{"kind":"major","name":"Amsterdam Avenue","bridge":false}},{"type":"Feature","geometry":{"type":"LineString","coordinates":[[-73.968458,40.796641],[-73.968328,40.79663]]},"properties":{"kind":"minor","name":"West 100th Street","bridge":false}},{"type":"Feature","geometry":{"type":"LineString","coordinates":[[-73.968882,40.768257],[-73.969822,40.76865]]},"properties":{"kind":"major","name":"East 66th Street","bridge":false}},{"type":"Feature","geometry":{"type":"LineString","coordinates":[[-73.972639,40.793316],[-73.971321,40.792763]]},"properties":{"kind":"minor","name":"West 94th Street","bridge":false}},{"type":"Feature","geometry":{"type":"LineString","coordinates":[[-73.971321,40.792763],[-73.971197,40.792711]]},"properties":{"kind":"minor","name":"West 94th Street","bridge":false}},{"type":"Feature","geometry":{"type":"LineString","coordinates":[[-73.970868,40.793385],[-73.970659,40.793668]]},"properties":{"kind":"major","name":"Amsterdam Avenue","bridge":false}},{"type":"Feature","geometry":{"type":"LineString","coordinates":[[-73.971777,40.792131],[-73.971321,40.792763]]},"properties":{"kind":"major","name":"Amsterdam Avenue","bridge":false}},{"type":"Feature","geometry":{"type":"LineString","coordinates":[[-73.994069,40.761552],[-73.994646,40.761801]]},"properties":{"kind":"major","name":"West 45th Street","bridge":false}},{"type":"Feature","geometry":{"type":"LineString","coordinates":[[-73.994069,40.761552],[-73.993607,40.762185]]},"properties":{"kind":"major","name":"10th Avenue","bridge":false}},{"type":"Feature","geometry":{"type":"LineString","coordinates":[[-73.97478,40.790929],[-73.974494,40.790808]]},"properties":{"kind":"minor","name":"West 90th Street","bridge":false}},{"type":"Feature","geometry":{"type":"LineString","coordinates":[[-73.973143,40.790242],[-73.972796,40.790718]]},"properties":{"kind":"major","name":"Amsterdam Avenue","bridge":false}},{"type":"Feature","geometry":{"type":"LineString","coordinates":[[-73.994606,40.765878],[-73.993842,40.765563],[-73.991785,40.764686]]},"properties":{"kind":"major","name":"West 50th Street","bridge":false}},{"type":"Feature","geometry":{"type":"LineString","coordinates":[[-73.992082,40.764275],[-73.991785,40.764686]]},"properties":{"kind":"major","name":"10th Avenue","bridge":false}},{"type":"Feature","geometry":{"type":"LineString","coordinates":[[-73.993687,40.767131],[-73.990855,40.765945]]},"properties":{"kind":"minor","name":"West 52nd Street","bridge":false}},{"type":"Feature","geometry":{"type":"LineString","coordinates":[[-73.976894,40.785103],[-73.974073,40.783917]]},"properties":{"kind":"minor","name":"West 82nd Street","bridge":false}},{"type":"Feature","geometry":{"type":"LineString","coordinates":[[-73.976894,40.785103],[-73.97656,40.785563]]},"properties":{"kind":"major","name":"Amsterdam Avenue","bridge":false}},{"type":"Feature","geometry":{"type":"LineString","coordinates":[[-73.978821,40.782464],[-73.978626,40.782737]]},"properties":{"kind":"major","name":"Amsterdam Avenue","bridge":false}},{"type":"Feature","geometry":{"type":"LineString","coordinates":[[-73.980392,40.783128],[-73.978821,40.782464]]},"properties":{"kind":"minor","name":"West 78th Street","bridge":false}},{"type":"Feature","geometry":{"type":"LineString","coordinates":[[-73.978821,40.782464],[-73.975998,40.78128]]},"properties":{"kind":"minor","name":"West 78th Street","bridge":false}},{"type":"Feature","geometry":{"type":"LineString","coordinates":[[-73.990912,40.770987],[-73.988056,40.769786]]},"properties":{"kind":"major","name":"West 58th Street","bridge":false}},{"type":"Feature","geometry":{"type":"LineString","coordinates":[[-73.977825,40.783828],[-73.975007,40.782638]]},"properties":{"kind":"minor","name":"West 80th Street","bridge":false}},{"type":"Feature","geometry":{"type":"LineString","coordinates":[[-73.977825,40.783828],[-73.977474,40.78431]]},"properties":{"kind":"major","name":"Amsterdam Avenue","bridge":false}},{"type":"Feature","geometry":{"type":"LineString","coordinates":[[-73.973613,40.784545],[-73.973957,40.784069]]},"properties":{"kind":"major","name":"Columbus Avenue","bridge":false}},{"type":"Feature","geometry":{"type":"LineString","coordinates":[[-74.001705,40.761251],[-74.001648,40.761331]]},"properties":{"kind":"highway","name":"12th Avenue","tunnel":"no","bridge":false}},{"type":"Feature","geometry":{"type":"LineString","coordinates":[[-73.972768,40.835858],[-73.972865,40.835449],[-73.973052,40.83484],[-73.973165,40.834416]]},"properties":{"kind":"minor","name":"Undercliff Avenue","bridge":false}},{"type":"Feature","geometry":{"type":"LineString","coordinates":[[-73.970257,40.766375],[-73.971189,40.766767]]},"properties":{"kind":"minor","name":"East 63rd Street","bridge":false}},{"type":"Feature","geometry":{"type":"LineString","coordinates":[[-73.991563,40.803783],[-73.991583,40.803756],[-73.991591,40.803718],[-73.991582,40.803681],[-73.991557,40.803648],[-73.991518,40.803623],[-73.991449,40.803609],[-73.991399,40.803615],[-73.991355,40.803633],[-73.991321,40.803662],[-73.991301,40.803711],[-73.991306,40.803749],[-73.991328,40.803783],[-73.991364,40.80381],[-73.991431,40.803828],[-73.991481,40.803826],[-73.991527,40.80381],[-73.991563,40.803783]]},"properties":{"kind":"minor","name":"","bridge":false}},{"type":"Feature","geometry":{"type":"LineString","coordinates":[[-73.991321,40.803662],[-73.990967,40.803508]]},"properties":{"kind":"minor","name":"Main Street","bridge":false}}]}